reviewid,reviewtext,sentiment
1,三月底的北京就已经开始进入美景如画的时候了，很多人都会选择出来踏青，印象中小时候我们最后唱的让我们荡起双桨，就是讲的北京的北海公园，越长大越觉得在北海划船，微风轻轻的打在脸上，是一种享受，北海公园的门票不贵，成人票5元，如果有特殊证件可以享受半价优惠，不过这个5元是大门票，里面有一些景点，比如团城之类的是需要单独收费的，虽然票价不高，但是建议第一次来的游客还是买一个套票，大概15元，特殊人也是有半价优惠的，然后进去都参观一遍，这样比单独购买门票会便宜一些。北海的游玩时间在3-4个小时，北海里故宫后门以及景山都很近，所以如果安排一日游的话可以把这几个安排在一天，门口58路、101路都可以到达，相比于公交车地铁和自驾都不是很方便，地铁下车需要走很远，自驾的话除了正门其他门口的路比较窄，开车不方便，如果赶上高峰期，有可能还会堵车已经遇到没地方停车的问题，所以个人感觉有些不方便。北海公园的路还是属于比较平坦的，虽然有的地方需要爬爬小山，走走台阶，但是这些都是可以避开的，所以不仅适合年轻人来，老人也也童谣适合，春暖花开时划船是来北海的必玩项目，真的如歌曲中所唱的那样，小船儿轻轻，飘荡在水中，迎面吹来了凉爽的风。北海景区内会有一些特色的小吃，建议不要在里面吃饭，价格都比较贵，有的味道还一般，所以建议还是游玩完出景区在吃饭，来游玩时注意要带足了水，天热需要补充水分。,2
2,"北京最适合泛舟湖上的、景色最优美的公园！”海面倒映着美丽的白塔,四周环绕着绿树红墙“这首广为熟知的儿歌”让我们荡起双桨“说的就是北海公园。北海公园距离北京著名景点故宫博物馆、景山公园、什刹海、天安门广场等都非常近，建议安排在同一天从南向北依次游玩。这里的交通也非常便利，乘坐公家101路; 103路; 109路; 124路; 685路等线路在北海-公交车站下车即刻到达北海的南门。也可以乘坐地铁6号线到北海北地铁站，然后从北海的北门进入。因为当时我是刚刚参观完景山公园，所以我就是从景山公园步行到北海的南门进入参观。北海的门票相比故宫的门票要容易买，基本不用怎么排队就能购买到门票了，而且相对安检也比较简单一些。由于我这个人比较直接，所以安排的路线是以中心线路为准去游览的：古籁堂——堆云——钟楼——普安殿——善因殿——琼岛春阴碑——长廊——仿膳码头（坐船到对岸）——快雪堂书法博物馆。这样的游览路线相对会轻松、省时，而且也能把公园的精髓基本看过，如果不是特别喜欢拍照片，按照这个路线基本2个小时能把北海游览完了。很多人来北海可能比较享受在湖上泛舟呃感觉，特别有的小朋友会喜欢小黄鸭的小船。不过我个人到时更喜欢给我们美丽的白塔拍照，在湖天山色、绿树如茵的映衬地下，白塔的美丽完全的展示在人的眼球。",2
3,"北海公园是皇城脚下的公园，是我国现存最悠久、保存最完整的皇家园林之一，公园非常的大，空气也非常的好，环境优美，风景秀丽，站在最高处的观景台看下面的湖面，美景尽收眼底，大早上大多都是周围附近来锻炼的人们，很悠闲的在公园里健身，散步，遛弯。,关于北海公园门票：门票价格很实惠，是10元/人，北海公园是在北京市西城区地安门西大街141号，也是位于北京的市中心的一个公园，在故宫的西北面，刚好与中海、南海分称三海而得名。来这里的话可以地铁6号线北海北站下，B东北口出，步行15分钟就到了，也可以乘坐13、42、107、111、118、609、701、623路公共汽车在北海公园站下车。,关于公园里面的游玩项目：公园面积很大，有一个很大的湖，可以乘坐游艇游览，有各种各样的船只，随自己选择。",2
4,"北海公园是北京的著名景点之一，门票信息上边都提到了，这里就不再赘述，个人感觉只买门票就够了，至于联票... 时间充裕的话就去看看联票包含的景点，不做特别推荐。北海公园被整个湖区分为东西两条线路，除非坐游船，否则中间是不相通的，大家可以把公园游览线路想象成一个倒U型，南边有两个门，但公园内不连通，所以要想把北海公园完整转一圈，只能从一个南门进，走到北门转回来，另一个南门出。如果南门进北门出，或者北门进南门出，必然只能转到一半的公园区域。简单介绍一下，公园西侧线路主要包含了九龙壁，小西天和五龙亭等景点，且集中在公园北侧，南侧基本没有景点分布，只是一条长长的沿湖道路，湖区东侧的景点相对较多，逛起来相对要花的工夫也多一些，主要分布在琼华岛上。北海公园里最有名的除了白塔，九龙壁，还有游船，“让我们荡起双桨”的原型貌似就是北海公园，划船的价格因船型的不同，每小时从60元到120元不等，而且要交3,4百块钱押金，很推荐春天去划船。另外北海公园内有一个仿膳餐厅，宫廷菜，价格自然不低。如果要把整个北海公园转遍，至少需要半天时间，地铁前往可以6号线北海北下车，到达的是北海北门，南门的公交站就叫“北海”也有很多路公交可以到达。",2
5,"Day3乔港美食街&北海银滩,依然是睡到自然醒，依然是10点多的样子~老公在楼下买了一些吃的上来，因为公寓有厨房有餐桌，所以在公寓里吃完东西才出门的~如果我们能勤快一点起早一点其实是可以去海鲜市场直接买回来自己做了吃的~因为厨房里锅碗调料都有~有机会下次在淡季的时候再去住一住，比如9-11月海鲜便宜的时候，哈哈~吃完东西稍微休息了下（公寓是朝着海的，而且阳台还有休闲区，所以聊聊天看看海也挺舒服的），避开正午的太阳，2点多出门，在附近的小商店租了辆电动摩托车（8元/小时春节价，平时应该是60元/天），骑着车去乔港吃24栋糖水啦~排队的人真的不要太多（后来晚上经过的时候发现下午真的不算多），绝对的良心商家，价格亲民味道好~又感慨了下头天被坑的海鲜排档。吃完糖水就去银滩啦~电动车在北海真的好方便，开车会被堵死来~而且停车还非常难~九九第一次看见大海真的是激动坏了，原本没计划他会下水，所以都没准备泳裤，也没想到春节期间，天气居然那么好，温度也够高，九九直接穿着衣服在水里打滚了~所以临时买了泳裤给他换上，真是低估了大海对孩子的诱惑力~在水里玩了很长时间，实在是怕他感冒给拽回海滩边玩沙子，只要给他几个沙滩工具，感觉他可以玩几个小时，我和九爸就用公寓里准备的沙滩垫铺在旁边，晒晒太阳等待夕阳，这样的时光真是美好无比~",2
6,"北海公园是典型的皇家御园，这个公园是在故宫的西北面，因与中海、南海分称三海而得名，北海公园里面有一个很大的湖，湖面平静，湖水清澈见底，为了感受""让我们荡起双桨""的意境，还特地去体验了一把在湖中划桨，在北海公园的东侧就是景山公园，公园里面的九龙壁雕刻非常清晰，历史非常悠久，毕竟是皇家园林，所以公园里面树木苍郁，错落有致，大小景点很多，里面的帝王宫苑富丽堂皇。【1】交通：前往北海公园交通十分便利，地铁6号线直达北海北门，北海和景山、恭王府都在一起，距离不远，建议一同游览。【2】适合游玩的季节：个人觉得夏天来最合适，可以感受“映日荷花别样红”的美景，现在7月荷花开满园，景色更为秀丽。【3】门票：在网上预订花了9元，窗口票价10元，这个只是参观的门票，不包含景区中娱乐项目费用。【4】提示：来北海公园也可以在窗口购买联票，可以登白塔及白塔周围的琼华岛景区的。",2
7,"📍详细地址：,🚗交通攻略：,⏰最佳时间：,💰门票价格：,庆云县渤海路,🌟亮点特色：,敞开式大型户外水景公园,📌实用tips：,24小时可玩。白天可摩天轮🎡，旱冰场🏂，旋转木马🎠,游北海公园，住四星⭐⭐⭐⭐乔治莫兰迪酒店🏨",1
8,"古都风华再现：北海公园，体验皇家园林的独特风情 🇨🇳,你是否曾被古都的繁华所吸引，是否曾向往那皇家园林的独特风情？今天，就让我们一同走进北京的北海公园，感受那份历史的厚重与文化的瑰丽。,🌳 北海公园，一个充满故事的地方。这里曾是皇家园林，每一寸土地都沉淀着历史的印记。从琼华岛上的白塔，到九龙壁的传奇，每一个景点都有着自己独特的故事。,🕰️ 游览北海公园，最关键的就是时间的合理安排。景点众多，为了避免错过任何一个精彩瞬间，建议游客提前规划好行程。,👑 在这里，你不仅能欣赏到美丽的自然风光，更能深入了解景点的历史背景和文化内涵。想象一下，当你走在古老的御道上，耳边是历史的回响，心中是对皇家生活的无限遐想。,👟 当然，舒适的鞋子也是必不可少的。这里的景点分布广泛，你需要走的路可不少。一双好鞋，可以让你在游玩的过程中更加自在。,🎒 至于干粮和水，建议游客自备。园内的商业网点虽然不少，但价格可能会让你有些“心疼”。所以，带上一些零食和水，既省钱又方便。,🌲 最后，安全问题也不能忽视。在游览过程中，切记不要攀爬树木、触摸文物等危险行为。同时，保护环境，人人有责。我们都要做到不乱丢垃圾、不破坏公共设施。,北京的北海公园，一个充满故事的地方。希望每一位游客都能在这里留下美好的回忆。🌟",2
9,"北京｜避开人群，冬日的北海公园看冰上夕阳,很多人去北京都去的是故宫，但殊不知还有北海公园这个小众景点！冬天因为冷，整个公园你可以承包所有的美景！,北海公园(Beihai Park)，位于故宫的西北面，与中海、 南海合称三海。属于中国古代皇家园林。这里原是辽、金、元建离宫，明、清辟为帝王御苑，是 中国 现存最古老、最完整、最具综合性和代表性的皇家园林之一也是 保留下来的最悠久最完整的皇家园林。,一进去有一种风景如画的感觉。,据说那首歌“让我们荡起双桨”🎵就是在这的～ 我们是冬天来的。湖面结冰就没有办法荡起双桨啦。但是夕阳的余晖映照在冰面别样的美！！但是还是看到了著名的白塔。,⚠️tips：虽然我也很想玩这个滑冰车，但是来的时候已经很晚的。几乎处于 北海 公园快要关门的状态。所以这个就不开放啦。,但是看着冰湖的夕阳西下🌞。有种别样的感觉。,特别特别喜欢古代建筑的诸如此类的各种门楼的造型。最后还是去看了 九龙 壁。这个门走进去以后有一个特别特别长的长廊。那里的风景很好。,💓不成熟的小建议💓,1⃣️带现金，不管你是要划船还是要买门票，都需要现金。不一定能微信。,2⃣️船只，如果情侣去其实我还挺推荐人力划的船的。有穿越回古代，公子和小姐游湖的感觉！！但～～小姐妹的话，奉劝你还是选个电动😂因为真的累。,3⃣️季节选择，其实一年四季都还不错，春赏花，夏望荷，秋观落叶，冬看雪。,⏰开放时间：,北海 公园6:00-22:00,琼华岛景区8:30-18:00,大船码头9:00-18:00。,💰门票：,旺季（4月1日-10月31日）,门票：20元/人 联票：20元/人,淡季（11月1日-3月31日）,门票：5元/人 联票：15元/人,琼岛门票：10元/人；团城门票：1元/人",2
10,"#点评召集令#提到北海 ，最先想到的一定是“让我们荡起双桨……”以 北海 的北塔为原型，水波荡漾，垂柳摇曳，想必这是每一个人根深蒂固的童年记忆了，泛舟湖中央，是来 北海 必须要体验的项目之一。赏荷摇橹船，每船最多坐10个人，40元半小时一人，主要在荷花集中的内湖范围内，60元则1个小时。,北海 分为东南 西北 四个门，如果时间充裕，想要逛一圈 北海 ，可以从北门进，顺时针沿着湖水步行，如果时间比较紧张，可以选择从南门进 北海 ，进门就能看到标志性的白塔景观，直行可以登白塔，俯瞰白塔，右边有荷花塘，6月到10月是每年的荷花节，今年6月底开始，第二十二届荷花节如期开放，听摇橹的船家说，这里的荷花是2013年从 白洋淀 移栽过来的。,沿着湖边而行，可以近距离的亲近这些鲜艳夺目盛开的荷花，粉中透着白，在荷叶的衬托下，更加凸显出它的美丽。登白塔，单独收门票，绕着白塔环顾，单独把白塔的正面围起来了，虽然不能近距离，但找到一个角落，能勉强近距离看到白塔的真容。,下了大船，穿过五龙亭，还隐藏着一座小西天，掩映在茂密树丛中的琉璃牌楼太霸气了，一派皇家的大气磅礴之感。来 北海 一定要进静心斋参观，而且还是免费的，因为限制了入园的人数，所以要在门口排队，入园的人都会人手一个参观卡，出来时候归还。,走进静心斋，让你恍若来到了 江南 园林，假山、亭台楼宇、长廊院落，院中有园，园中有院，夏日的气息将整个院落装点得盎然生机，墙头上的爬山虎一直蔓延到假山上，枝繁叶茂的参天古树像个巨大的绿伞，遮阳避雨，庇护着这座古老的宅院，池塘里的莲花含苞待放，但叶子已经布满了整个湖面，透过缝隙，依稀可见倒影婆娑，荷塘里的鱼儿",2
11,"中午在故宫附近随便吃了个饭以后就下午去附近的北海公园看看。北海公园就在故宫神武门出来的不远处。可以走路走着走着就过去了。,不懂怎么走的朋友可以开一个导航,开放时间：北海公园6:00-22:00,琼华岛景区8:30-18:00,大船码头9:00-18:00。,门票：,旺季（4月1日-10月31日）,门票：20元/人 联票：20元/人,淡季（11月1日-3月31日）,门票：5元/人 联票：15元/人,琼岛门票：10元/人；团城门票：1元/人,百科一下：,北海公园(Beihai Park)，位于北京市中心区，城内景山西侧，在故宫的西北面，与中海、南海合称三海。属于中国古代皇家园林。全园以北海为中心，面积约71公顷，水面占583市亩，陆地占480市亩。这里原是辽、金、元建离宫，明、清辟为帝王御苑，是中国现存最古老、最完整、最具综合性和代表性的皇家园林之一，1925年开放为公园。是中国保留下来的最悠久最完整的皇家园林,一进去是不是有一种风景如画的感觉。,据说那首歌“让我们荡起双桨”就是在这的～ 可惜我们是冬天来的。湖面结冰就没有办法荡起双桨啦。但是还是看到了著名的白塔。",2
12,"北海公园，位于故宫的西北面，靠近景山公园，有多个出入口，如果要到南门、西南门可以乘坐5、101、103、109、124、685路公交车到北海公园站下，到公园东门可以坐5、609路公交到西坂桥站下车，还可以乘坐13、42、107、111、118、609、70等线路到北海北站下车，这一站就是靠近北海公园的北门了。进入参观需要门票，旺季（4月1日-10月31日）：门票10元/人 联票20元/人，其余时间为淡季，门票2元/人 联票 15元/人，学生票还有优惠，如果是旺季来就建议旁晚进园，因为旁晚时游人渐渐散去，就没有了拥挤的感觉了，加上夜景也是很美的，值得一看，而且开放时间是淡季6：30-20:00，旺季6:30-21:00，所以即使17:00进门还是有3-4小时游览，很充足的，建议和故宫一起游览，一早去故宫，结束之后就到北海公园来，一天安排也很充实。,北海很大，主要有分为四大景区，分别是北岸、东岸、琼岛、团城景区，,有著名的景点有白玉佛、团城、承光殿、尽态亭等等，另外还有很多古迹，就算是一块不起眼的石头，背后都有一段故事，所以有条件的建议请一个导游，不过导游都需要提前一天预约的。还时间充裕的可以泛舟湖中，很惬意，",2
13,"永安寺是北海公园里面琼华岛的主要景点，进寺庙不另外收费。永安寺的最高点就是白塔，整个景点组成了北海公园的招牌。,永安寺前面那座桥叫永安桥，这座长长的桥连接了琼华岛两岸。,永安寺蛮大的，有好几个殿，殿堂里有很多参天古树，虽然是冬天，但仍然枝繁叶茂，贡献一份阴凉，走路走得好累，我们还在这里休息了一下。,永安寺原来是皇帝游玩之余上香的地方，所以整个寺庙做得金碧辉煌，很气派，气氛跟其他寺庙还是有明显区别的，门前的铜乌龟已经别具一格，感觉自己也当了一回皇家中人一样。,虽然我们去游玩的时候是淡季，但是仍然有不少香客上香祈福，世人对现状总是有诸多不满。。。。。我们当时就是一队穷学生，就没有凑这个热闹了，参观了寺庙，爬上了白塔，任务完成，走人了，呵呵",2
14,"北海公园位于北京市中心，交通非常便利，地铁6号线到北海北站下车就是公园北门，公交车也有很多可到达的。北海公园原来是皇家游玩的地方，自是一番风景优美，现在开放做了公园，我们大家都有机会当一回皇家中人，最关键的是，公园门票非常便宜，旺季联票都才30块钱，相对于其他城市动辄上百的景点门票，简直是业界良心啊！,北海公园既然做为皇家园林修建的，里面的亭台楼阁，小桥流水，水榭屋檐，一处一景，处处都是充满了情趣。如果是春天来的话，琼岛春荫是最美的景致。如果是夏天的话，这里举办荷花节，湖面上盛开了一大片荷花，跟白塔相映成趣，那就更美了！遗憾的是，我们不巧去的时候是冬天，整个景致被扣分不少。但是仍然能欣赏到整个公园布局建设，还是很心满意足的。,北海公园最著名的景点就是琼华岛白塔了。当然，尤其不能错过的是湖面的游船，那首脍炙人口的歌谣《让我们荡起双桨》描述的就是这里的游船活动。,北海公园里处处显示出皇家园林的典范，跟南方的园林还是不同的。回廊建设曲曲折折，临水而建，远看像一幅画，近看回廊上的雕花精致典雅，也是非常有北方园林特色的。,总,体来说，北海公园是北京景点里性价比特别高的一个景点，值得一游！推荐春夏季节出行。建议穿一双舒适的鞋子，因为整个公园特别大，悠闲地逛可以逛一天，我们当时就玩了一整天，特别累，但是特别值得。以后有机会，还想春夏季节再去一次。",2
15,北海公园位于景山公园和什刹海之间，是历史悠久的一座园林景观公园。春夏秋冬四季风景变幻万千，秋日的北海并没有因为萧瑟的秋风显得萧条，相反这秋日的风光让北海更添韵味。地铁6号线北海北站下车步行可到北海北门，入园门票5元，价格从未有变。学生证半价可用。如果有时间可以选择中午之前到此，闲逛半日。感受老北京醉人的风情，或租上一条脚踏船泛舟湖上，让我们一起荡起双桨。双人船价位约60元，比较合理。园内有很多可爱的猫咪小主们，非常亲人。带上相机和心爱的人一起来此，静静享受属于你们的美好时光。北海是个u型的公园，可以选择从北至东游玩，大概需要2个小时，北门至西门时间较长，景观比较多。还有古刹寺庙，满满的银杏撒下金黄的光辉，让我们忍不住驻足停留。,2
16,去北海公园的交通还是蛮便利的有101、685、13、107、等很多公交车，几乎覆盖大半个北京了。我跟朋友一去的时候正好是旺季，门票20，对于北京来说已经算是很便宜的咯。其实整个北海公园还是蛮大的，其中的白塔寺还是值得一爬的，上去之后在看北海公园有事不一样的感觉，有一种一览众山小的壮观感吧。其中的小西天、铁影壁、九龙壁、静心斋等还是很有历史价值的。小主我本是正宗的“猫奴”，所以最后离开之前遇到了“惊喜”。很多“猫侍卫”出现了，随处可见，真的太可爱太想让人“蹂躏”了！！！并且相当的不怕人，所以爱猫人士们去之前做好买点猫粮猫罐头或者火腿肠什么的，一定会满足你。逛完公园出来坐车顺便欣赏一下北京的夜晚也是很迷人的啦~,2
17,仿膳饭庄在北海公园内，现在地铁六号线通了，直接就能到北海公园。听名字就觉得这家店不能便宜，仿膳，那就是让你尝尝皇帝吃的东西是什么味道啊。事实证明也确实如此，三个人吃掉600大洋。来的早的话可以看看二楼有没有靠窗的座位，可以观赏湖景。他家的各种小吃真的做的是非常精致，个人比较喜欢豌豆黄、和芸豆卷，不过量真的是小的可以。此外还推荐乌鱼蛋汤，酸酸的，很好喝，佛跳墙一般，没什么惊艳之处。大堂正中间有一个龙椅，哈哈不知道是否让人坐。,2
18,个人觉得北海公园是性价比比较高的一个公园了，联票的话20（包含永安寺），仅门票10元，现在说实话真不算贵。北海公园比起故宫这些大景点人不算多，春天、夏天去最为合适，去的话最好的活动首推划船，北海公园的湖面很大，周围都种了柳树，那首著名的“让我们荡起双脚”就是说的北海公园，在湖里飘着看看白塔，吹吹小风那真是十分惬意。景点的话白塔河九龙壁是不能错过的，要不就算白来了。北海公园的位置位于北京城中心区域，东临景山、故宫，从北海公园出去走路二十分钟就能到；北靠后海、鼓楼，安排行程都很方便。,2
19,真的好开心，有心爱的人陪着。有垂柳，有山有水有名胜。,2
20,进园很快，风景很漂亮，荷花很香！,2
21,北海仿膳从原来的南岸搬到了北岸快雪堂附近。正门不起眼儿，里边儿别有洞天。向里边看了一下菜谱，为即将到来的年夜饭打好前站,1
22,风景很美。游人如织毛衣，北海靠近故宫,1
23,"晚上来的时候没有几桌，大厅的服务员站成一排，但是最让人佩服的是，没有一个人在聊天!,圆梦烧饼这个烧饼有点肉沫烧饼的意思，肉馅是甜口的，烧饼外面酥脆里面类似面包一样，一层一层，稍微有点凉,核桃酥外面的核桃酥好多都是软的核桃包,但这个是硬硬的酥皮，和真的核桃一样,脆皮鲈鱼脆皮鲈鱼就这鱼鳞，炸的非常酥脆，鱼还保持摆尾的形态,葱扒驼掌有点像牛蹄筋，软软的，结缔组织...味道有一点点膻，但是总的来说很好吃，适合尝鲜,红烧**和之前在丰泽园吃的不一样，这个比较扎实，有点像牛腱子，但是...真的吃完了，货特别大园",2
24,北海美丽 门票便宜 跟值得游玩,2
25,很适合休闲，水面宽广，休息椅很多。,2
26,风景不错，环境优美，价格便宜、实惠,2
27,导游小鱼人很热心也很细心，全程无劝购等，酒店也住的舒心，两天行程安排的虽然紧凑但不辛苦，下次来北京还找小鱼。,2
28,藏匿在北海九龙壁旁边儿的餐厅，一直以为是园林里特供，没想到这次吃还有新的体验，里面的菜还是很不错的，量比想象中打多不少，推荐糖醋里脊和燕尾桃花虾给的真不少园里面有不少可以尝鲜的老北京小吃，芸豆卷，豌豆黄很小巧精致，量还是控制的挺好的，这里面人均大约200，环境也设计的很有老皇城的感觉，非常适合宴请宾客，感觉是一次很棒的用餐体验园,2
29,挺便宜，但只是进门票，里面白塔什么的还要收费的。,1
30,取票方便，风景悠美，看到白塔就想起儿时快乐时光。,2
31,"名气也很大。问了一下服务员，要想上这里来吃饭,还得买北海公园的门票才能进来命服务态度很好,在这里的湖光山色当中吃顿饭也相当有派头吧。",2
32,服务很好，性价比高，总体超赞，来北京非常省心的一天旅行，特别满意包车服务，！师傅特别负责，提前一天就和我们联系了一下，帮我们安排好了行程，去八达岭长城，师傅早就来到我们住的酒店等着，车子非常干净，师傅开车 技术好特别稳，细心 的告诉怎么玩长城不走冤枉路，哪里的风景漂亮。陪我们进景点讲解，司机师傅讲解的细致认真，行程安排的非常满意，没让我们多花钱，，玩的挺开心的。特别感谢师傅的热心服，，,2
33,好多地方都要另买门票，划船60/4人/h。划了一小时船，有好多老头老太太在表演，心态很好。,1
34,晚上来的时候没有几桌，大厅的服务员站成排，但是最让人佩服的是，没有一个人在聊天!,2
35,坐车到了北海公园南门处，在公园门口现预定的门票，几分钟后就收到了确认信息，凭收到的信息在售票窗口兑换入园凭证，非常方便快捷就可以进入公园了。公园中心是琼岛，往上走白塔耸立，可上行游览一番。四面环水，景色清秀，适合轻松游玩。,2
36,仿膳饭庄应该算是餐饮界里做宫廷菜的楷模了，现时咱们花小钱，也可以来享慈禧挚爱佳肴。,2
37,小船轻轻飘荡在水中～好漂亮,2
38,同学安排仿膳非常有特色、代表老北京特色菜、美中不足的是客人得买门票进来!,2
39,从小就是唱着《让我们荡起双桨》这首歌长大的，对“海面倒映着美丽的白塔，四周环绕着绿树红墙”这句描述的情境更是相当的憧憬。北海公园是当年影片的拍摄取景地，坐在游船上观赏全景，风光确实相当优美，还有著名的九龙壁和大白塔，都让我们大饱眼福。,2
40,北海公园的白塔是名扬天下，不禁让我想起了一首歌:让我们荡起双桨，……,2
41,真的很不错，方便，快捷，玩的很愉快，北海很大划船很舒服。如果有需要还会,2
42,"圆梦烧饼这个烧饼有点肉沫烧饼的意思，肉馅是甜口的，烧饼外面酥脆里面类似面包一样，一层一层，稍微有点凉,核桃酥外面的核桃酥好多都是软的核桃包，但这个是硬硬的酥皮，和真的核桃—样",1
43,如果天气晴好就好了，肯定更好玩,2
44,10元的门票价，在里面逛了一下午，太值了，建议最好是看着门票上面的地图走，要不然有的景点会被漏掉，在标志性建筑白塔处留影纪念一下，下午阳光正好，坐在亭子里晒晒太阳吹吹湖风，休息一下，一个人也可以享受惬意时光。,2
45,取票很方便，人不太多，适合散步,2
46,很便宜，超高的价格比！只用了3.7（原价10元）,2
47,不错不错，适合休闲放松，小时候不是有首歌是“让我们荡起双浆，小船儿推开波浪”么，冲着这个去的，天冷，没划船，著名的白塔和风景还是很赞的，适合溜达放松，情侣游玩，门票也不贵，在故宫后面，很近，与景山公园相联，很容易找到的,2
48,特别好 风景美美的  一直想来这看看的,2
49,"元旦节，带着我家孙女，带上亲家来仿膳，享受一下皇家御膳房，不愧是大馆子，气派，有档次，环境优雅,",2
50,"我住长江头，君住长江尾，君住长江尾。日日思君不见君。,北海公园也叫李之仪公园。大型水景主题公园。遛娃跑步🏃🏻,游北海公园，住【乔治莫兰迪酒店】🏨",2
51,"北海公园里的仿膳饭庄，年初受疫情影响还开了外卖，买过几次，烧鸭，酱肉味道很赞,最近旅游升温，逛北海公园的人还挺多的，所以生意回暖，去晚了还得拿号等位,我单位就在北海公园旁边，所以几乎天天去北海溜达，长辈来公园的时候，一家子聚聚就安排在仿膳，特别适合老年的口味",2
52,好风景！岛上的要另外收门票10元；北门的九龙壁非常好,2
53,第二次来到北京，订的是7月17日的行程，感谢王*导游一路详细的解说，王*导游不紧不慢的语调让人一路非常舒服，所以，尽管这是一条纯走路的行程，走了有10.26公里，但还是非常开心，以后来北京但愿有缘还能跟着王*导游游玩。这条纯走的路线全程不用汽车纯走198元不包中饭真的太贵，希望以后能便宜点，但是能跟到王*这样的导游也值了哦！谢谢?,2
54,环境保护好，景色优美。,2
55,"公园里玩一玩，中午就到仿膳吃一顿。,仿膳餐厅作为北京的老字号品牌，名气大大的。小时候就跟着爸妈来这里吃有名的小吃,不过现在，可能是疫情影响，没有很多种类的小吃了，只有小窝头。这可以说是绝对的特色菜肴，套在指头上打卡留念，充满风趣。,左宗棠鸡或者燕尾桃花虾，都是甜口的，人数不多的话点一道就好，乌贼蛋花汤也不错，肉末儿烧饼值得推荐～",2
56,跟家人一起去的，老人免票，但是售票人员的态度极差，票的零钱直接甩给你，问多一句用眼睛横着你看，什么都叫你自己看，敢情我第一次来问一下都不行了，我懂了还能问你，不过里面景色还是可以的，联票挺坑，景区分的不明确，而且基本不用联票也能看清楚所有景点了（敢情也没啥景点）我实在是想来吐槽那两个售票员才来评论的，因为我真的很想投诉她们，但是投诉无门，所以来这里黑一下（其实就是吐槽了好吧）而且门票很贵，40一张成...,0
57,游览完故宫可以附带地游览下北海公园，步行10几分钟即达，那首脍炙人口的儿歌“让我们荡起双桨”唱诵的就是这里，另外北海公园的白塔也是北京地标之一。整个公园还是很大的，毕竟以前也是皇家园林，我没有全部走完，因为下一目的地订的是恭王府，所以从北门就出去了。,2
58,中华著名老字号——“全聚德”，创建于1864年（清朝同治三年），历经几代全聚德人的创业拼搏获得了长足发展。“不到万里长城非好汉，不吃全聚德烤鸭真遗憾！”,2
59,在北京完了几天就是这一个景点，卖票非常不正规，根本就不说联票和门票，买了联票都不知道，结果去时，要求买票进入，结果白白浪费,0
60,北海的湖水清澈，远眺高楼，近观白塔，精致的五龙亭，将工匠们的精工手艺显得淋漓尽致。白塔目前上不了，但岛绕一圈也是不错的。,2
61,我是从北门进入公园的，上午九点多钟，湖边无数中老年同志们，唱歌的、跳舞的，录音机和麦克风传出的声音热闹非凡。想想进门处“园内禁止使用喇叭和扩音器”的提示牌，觉得真不可思议。  不过，推荐仿膳门口出售的小点心，味道的确不错，如果园外也能买到就好了。,2
62,"网上预约购买门票哦  💰10,上白塔近围需要另买票的 10💰,北海公园白塔是一座藏传喇嘛塔，高35.9米，上圆下方，富有变化，为须弥山座式，塔顶设有宝盖、宝顶，并装饰有日、月及火焰花纹，塔身正面有一盾形小龛，内塑红底黄字的藏文图案，含""吉祥如意""之意。,白塔门票也含这个的费用,戏台～",1
63,北海公园是北京不可错过的景点，国家4A级景区中国最早的皇家园林之一。对北海公园的最初印象还是那首“长亭外，古道边，芳草碧连天。”,2
64,10月23日北海公园赏菊，公园门票10元此次赏菊的标本菊大部分都开的正好，许多小菊都没怎么开呢,2
65,在前门坐5路车就能到，很方便,2
66,秋天，雨后，北海，天高云淡，白塔，北京最美的风景，都集中在这个镜头里，如果没有一份闲适的心情，怎能欣赏到这么美丽的风景呢。,2
67,北海公园 全国重点文物保护单位，是以琼岛为中心四周湖泊环绕的皇家园林，主要景观建筑除了琼岛上的白塔之外，还有九龙壁和五龙亭等。,1
68,让我们荡起双桨，小船儿推开波浪，水面倒映着美丽的白塔，四周环绕着绿树红墙，小船儿轻轻，飘荡在水中，迎面吹来了凉爽的风。北海，我来了！,2
69,风景很不错，离恭王府也近，逛的地方比较多,2
70,"每年6至8月， 北京 ——只要有水域的公园基本都要种荷花。 前天还看见一张外国人拍摄的，百年前的护城河，那也是满满的荷花。  虽然同为皇家御苑， 北海 公园相对圆明园而言，种植面积要小的多，但这里的游人没那么多，似乎更像本地人——老 北京 ，消暑纳凉的“街心公园”。    身处京城中心，却独有一份清静。    “让我们荡起双桨，小船儿推开波浪，海面倒映着美丽的白塔，四周围绕着绿树红墙......”""这首优美的动听的歌曲这个...",2
71,北海公园里的小麻雀！ 一提起北海，耳边便响起《让我们荡起双桨》的优美旋律，对听着这歌长大、第一次来北京的人来说，怎能不去北海。北海公园是中国现存最古老、最完整、最具综合性和代表性的皇家园林之一。它历经了辽、金、元、明、清五个朝代，根据我国古代神话故事幻想中的仙界建造，而且还把我国寺庙园林、江南文人园林和风景名胜的艺术成就融合的整个宫苑之内，其规模之大，历史传统之长，艺术成就之高，是中国遗存公园中的...,2
72,早起赏荷~ 🏃 人生的奔跑，不在于谁先起跑，而取决于途中的坚持，中途放弃了，你前面所有的努力都是白费，只有努力的坚持，才能得到自己想要的结果。早安！,1
73,北海公园现在的荷花开得正好，北海公园只能从南门或北门进，需要提前一天在网站上预约，凭借着公园年票可以直接报，需要出示健康宝啊，在荷花嗯白塔下面开的比较广泛，映衬着白塔照的很漂亮。,2
74,北海公园位于北京城的中心，是中国现存历史上 建园最早、保存最完整、文化沉积最深厚的古典皇家园林。  ·公园以北海为中心，分为“北岸景区”“东岸景区”“琼岛景区”和“团城景区”四大区域。,1
75,每隔一段时间在北海公园内走一走，转一转，每次都有不同的感受，园内景色优美，碧波荡漾，北海白塔，琼岛春阴，皇家园林，古迹景点众多，历史悠久，名不虚传。,2
76,八达岭长城雄伟壮丽，建筑宏大，索道快速方便，远景优美，城墙上烽火台威武。十三陵庄严肃穆，餐食富有特色，丰盛可口，尤其是十三陵水库鲟鱼鲜美可口。大宫门和鸟巢充分体现建筑美学导游与司机服务热情周到，景点介绍细致，服务体验好。,2
77,北海公园是老北京城内最值得去的景点。琼岛是北海公园的标志。提起北海，就想起了《让我们荡起双桨》的优美旋律。北海公园是最值得去的。,2
78,北海公园最著名的就是白塔了。 白塔位于琼华岛的中心，建于清顺治八年年)，是北海公园最显著的建筑。它是藏式喇嘛塔，高米，由塔基、塔身、宝顶三部分组成，里面藏有舍利子，在蓝天的映衬下，高耸入云的白塔显得格外端庄秀美，是北海公园的象征。 今天特别要说的，是北海公园的大鲤鱼，真的很肥很大，吸引好多游人观赏。,2
79,北海公园是北京最皇家范儿的公园之一了，公园内的景点太多了，最著名的景点就是白塔，九龙壁等等，其实，北海公园近年来，又开放了不少景点，如果完整的游览北海公园，一天时间都有些紧张，要安排四点前把内部景点游完，因为四点有些园子就闭馆了。然后再游外围景点，北海公园的夜景也不错哦。,2
80,疫情期间，北海公园是一直开放的。到了五一前，因为人逐渐增加，开始了预约制。一开门，就从景山公园那个门冲进来，就能拍到图一的美景。,2
81,北海公园是北京非常有名的地方，里面有大面积的湖泊，还有很多花草，空气非常好，很多当地百姓都会去里面散步，还挺不错的，推荐一下。,2
82,北海公园在童年时期给我留下美好的印象，一群天真烂漫的孩子，荡舟在北海的湖上，在碧波荡漾的湖上，飘荡着孩子们的歌声，令人无限向往。,2
83,北海的永安寺是全国仅有的修在皇城内的大型寺庙，在北海公园的琼岛上，虽然相对高度并不高，但是建造者巧妙地建造了超长大坡度台阶，营造了一种仰望的情景。可以看见景山。,2
84,北海公园是北京最漂亮的公园，琼岛是北海最漂亮的景点，由于位于皇城内，琼岛上的永安寺是全国为数不多的用黄色琉璃瓦拼图方式修建的屋顶。,2
85,三伏天，天气燥热，昨日刚下完雨，想着趁休息日去 北海 公园看荷花。从 北海 公园南门入园，即能看见白塔前盛开的满湖荷花。我一路走来一路拍。,2
86,我对北海公园的记忆仅限于白塔、九龙壁五龙亭团城等，北海公园是中国现存最古老、最完整、最具综合性和代表性的皇家园林之一。参观琼岛上的永安寺和登白塔远眺京城全景。,2
87,北海公园是非京籍人士成长中的梦想，让我们荡起双桨勾起几代人对北京的向往，以及无穷的奋斗目标，到了北京才发现北京更漂亮，那种优越感与生俱有。,2
88,北海公园位于北京城市的中心区域，是明清以来皇城中的重要组成部分，这里开阔的水面，众多的亭台楼阁，是皇家在炎炎夏日里享受到清凉。,2
89,北海公园位于北京市中心区，城内景山西侧，在故宫的西北面，与中海、南海合称三海，属于中国古代皇家园林。北海是中国历史园林的艺术杰作。全园以北海为中心，水面占583市亩，面积约71公顷，陆地占480市亩。北海因‘让我们荡起双桨‘’’闻名全国。,1
90,北海古城太液池，从辽金时期就辟为皇家专用，经过辽金元明清的发展，这里水面开阔，垂柳护岸，亭台楼阁一应俱全，现在是公园，人们可以自由游玩。,2
91,北海公园，由北海，团城和琼岛组成。琼岛上有一个永安寺，在琼岛顶部建有一个永安塔，也就是人们常见的白塔，她也是北海公园的重要标志之一。,1
92,北海公园是皇家园林公园，是北京最具代表性的景点。公园风景秀丽，景点众多，一年四季都适合旅游观光。游览时间，满满一天都紧张，所以，一定合理安排时间。南门琼岛是最靓景点，西北部景点多多。夜景也不错哦。,2
93,天气☁️是那么的给力，这样的天气不出门游玩，简直是太浪费了，为了不辜负这美好的春光，穿戴整齐旅游去，欣赏一下这大好的景色。,2
94,这个公园是北京的代表性景点之一，如果是第1次到北京游来，建议去看一下。公园的面积当然并不是特别大，但是特别有代表性。很有典型的北京风格。,2
95,冬天来北京游玩其实很不错～人不多～拍照起来各种顺！各个公园看起来像极了抽象的山水油画～ 有幸安排上时间来逛逛冬日结冰的北海公园，很美很美～公园面积很大，绕一圈再去永安寺拜拜，爬梯看顶上的白塔～登高望远～萧条的季节也有它一番独特的魅力,2
96,去北海公园一定要划一次鸭子船呀！太好玩儿啦！北海公园门票很便宜，性价比超高，公园很大，景色宜人，很多历史文化在里面都能体现出来！,2
97,景山旁的一家大型的皇家园林，可能大家只知道<(｀^´)>，北海公园有一座白塔，却不知道还有什么，最简单的一个，藏有仅存的三座九龙壁其中的一座，而且是双面的。,1
98,让我们荡起双桨，小船儿推开波浪，这是小时候常常唱的一首歌，名字叫《让我们荡起双桨》，荡起双桨的地方，就是北京的北海公园了，北海的湖面还是很开阔的。,2
99,北海公园有著名的北燕京八景琼岛春阴，有广阔的湖泊，是一处保存完好的古老的皇家园林，小西天，九龙壁，五龙亭，静心斋，都是非常美的红墙琉璃瓦的皇家建筑。,2
100,发生疫情的一月内，第三次去北海公园了，从起初的空无一人，到今天的停车场排队，说明大家都有点憋不住啦。楚江水暖鸭先知！,1
101,北海公园是北京市十大公园之一，在清王朝的皇城内，是著名的皇家园林，在北海公园中央是琼华岛，在南面和东面有桥梁与外部相连。琼华岛上有著名的白塔。,1
102,2019年的国庆是我国建国七十周年的大庆，各公园张灯结彩，北海公园也在公园一进门，搭建了龙腾盛世的大型花坛，庆祝我们伟大的中国诞辰七十周年。,2
103,北海公园从辽金时期，就属于皇家园林，在辽，金和元代，因皇宫不在附近，这里是皇家的离宫。从明代起，在北海南面重新规划建设了皇宫-紫禁城。从此这里就划在皇城内里。并从太液池改为北海。,1
104,北海公园古称太液池，在金元时期，这里是皇家离苑，在明清则是皇家园林，经过六百多年的建设，这里亭台楼阁一应俱全，非常漂亮，是京城旅游必到处。,2
105,北海公园是中国历史园林的艺术杰作。全园占地69公顷（其中水面39公顷），主要由琼华岛、东岸、北岸景区组成。琼华岛上树木苍郁，殿宇栉比，亭台楼阁，错落有致，白塔耸立山巅。,2
106,北京今天又下雪了，是疫情之后的第二场雪！以前下雪，我们都是去北海拍白塔，去景山拍故宫。现在去不了了，就看看春天北海公园的美景吧。,1
107,北京市内的公园就是北海公园最有名，因为这个公园是皇家公园，除了山水还有很多亭台楼阁，数不胜数，每当来到这里就会恋恋不舍。,2
108,北海公园是北京五代皇家园林，主景是琼岛白塔，如果要近距离看白塔，就从南门进，游完琼岛，就加紧步伐，在公园西北部有许多景点，下午四点就闭馆了。想着所有景点游玩，就得一天时间。,1
109,"北海同南海，中海，称为三海，联票20元，可以看白塔，从景山过去几分钟就到了，到这个景点最主要当然是白塔啦，当然还有其他的景点，由于时间关系，我只走白塔，不然走完要3个小时，着实累人，如果大家有时间可以走九龙壁，琼岛春阴，等景点。,在去北海的路上，我们经过护城河，这是外面看故宫的一角，不错吧,来到北海，收个10块钱门票，不贵。,里边的摆设有点像城市中心的公园，一般般远处便是白塔,这些应该都是后期建造的,看看北海的一景,此处收费，这是永安寺的入口,抬头一看，简直天梯啊。走不动,又是一处太湖石,站在亭中一处，遥望远方的风景,这只不知道是乌鸦还是什么，站在此处，被我抓拍，显的非常伤感,配上落日,上白塔还要爬楼梯，由于保护文物，所以在两边架设了钢架走廊。,看的我眼花,白塔其实是藏式的一种文化，塔前那座小殿，叫“善因殿”。殿内墙面用455块塑有佛像的琉璃砖镶砌而成,大家会发现前面有几个炮。这是礼炮，塔身有306个洞，是为了通风，和防止里边的木头腐烂，,远方的北京一景,下山时的一处景点,我们不走其他景点，只是静静的坐在一边欣赏落日的到来。,途中发现的一只流浪小猫，又不知道是哪个妃子留下来的。,大家可以按照这个地图游玩。,对南方人而言，山水已经看的太多，所以对这里的风景不会太做留念",1
110,北海公园位于北京城的中心，是文化沉积深厚的古典皇家园林，广阔的水域在北京极为少见，宛若天成的山水画卷，傍晚是划船游园的最好时候，可以观赏皇朝建筑。,2
111,"宾馆放好东西就去北海公园了，看别人发朋友圈有滑冰的，珠市口坐地铁到北海北4块钱，出地铁右方马路对面就是北海北，公园门票五块钱，滑冰在南门，北门到南门走路要二十多分钟,天气很好，水面上有很多野鸭，很惬意,这些大树如果秋天一定很漂亮人,滑冰场冰有些化了，天气不冷，冰面厚度写在入场口。票价是80一个人，不限时，我带儿子一百六，闭馆时间是五点半。所以玩了一个小时，建议喜欢玩的早点去。我觉得没啥意思，累的我胳膊酸,出了滑冰场从南门出，出来就后悔了，没有地铁站，建议还是从北门出。我走了几百米做了公交车5路，到天安门西，坐地铁到王府井3块钱",1
112,这是一座有着八百五十多年历史的古典皇家园林，是元大都的中心。四季景色分明。除了标志建筑北海白塔之外，园中还有很多值得欣赏的景观。,2
113,景山与北海是北京赏雪必到之处。登上景山的万春亭，俯瞰中轴线的雪景，别有一番风情。雪融进北海的波光里，仿佛天空与湖水融为一体。,2
114,“让我们荡起双桨，小船儿推开波浪。海面倒映着美丽的白塔，四周环绕着绿树红墙。小船儿轻轻飘荡在水中，迎面吹来了凉爽的风…… 北海位于故宫西北，是我国最古老、最完整、最具综合性与代表性的皇家园林之一，赢得了”人间仙山琼阁“之美誉。,2
115,北海公园位于北京市中心区，在故宫的西北面。全园以北海为中心，面积约71公顷，是全国重点文物保护单位。8月份去的时候，荷花开的很是漂亮！,2
116,古城北京的北海公园历史上是皇家园林，进入北海公园，可以看到经典的白塔，湖泊！一切是那么祥和，夕阳西下，杨柳倒印湖中，感受北海公园的美！,2
117,北海公园，门票特别便宜，附近有地铁和公交，平时有很多老年人来锻炼，风景很美。这里可以划船游览，体会让我们荡起双桨的快乐！还可以坐在湖边静静的欣赏风景！,2
118,北海公园里有很多独立的小景点。比如这里留存下来的一件元代文物“铁影壁”。虽然名叫“铁影壁”，可并不是铁质的。另外，关于这件文物，还有一段曲折的历史。其中有趣的故事还是要亲临此处来发现了。,1
119,北海公园是清朝时期的皇家园林！进入北海公园，植被茂盛，环境优美，有湖泊，有亭台楼阁，有著名的白塔，漫步公园，感受大自然的魅力，很是惬意！,2
120,价格便宜，景色优美，还能看到鸳鸯在水中漫游，值得一去,2
121,冬日的北海公园很少有什么游客，尤其到了下午，几乎是空空如也，北海的湖面快到夕阳西下时显得很清静，白塔倒映在还未完全封冻的水面上。,1
122,夕阳西下的北海公园又是一番景色，从公园北门沿东沿向南直行，原来的少年水电站已恢复成皇家邮局，白塔在冰水中的倒影隐约隐现，寒冷中的公园游人渐少显得格外清静。,1
123,随着北京空气质量的提高，入冬后北海公园的湖面上有不少野鸭子和鸳鸯。不少游客带来玉米豆，大米，花生豆等食物喂这些可爱的小生灵。,2
124,北海公园古称太液池，中间的小岛名为琼岛，让人想起神话中的琼浆玉液。昔日这里是皇家园林，普通百姓无法入内，今日这里是人民大众休闲娱乐的地方夏日海中荡舟，冬海上滑冰，乐在其中，北海公园的雪景是北京最美的雪景之一。,2
125,北京的北海公园是一个皇家公园，位于北京市中心，由于有一座白塔高高矗立在北京的市中心。环湖有很多古代建筑，是世界瞩目的古代建筑遗址以及诸如此类的建筑，是北京不可多得的故园。,2
126,北海公园最著名的就是白塔了，一年四季，任何一天来看，白塔都是那么巍峨。从白塔旁边的小门拾阶而下，就到了湖边。湖边很凉爽安静，边赏景边休息，很惬意。,2
127,北海公园，距离故宫特别的近，这个是它的优势，是市中心的地理位置，所以游客特别多，这边门票五块钱，还是比较物有所值的，公园里面很大很美。,2
128,在故宫附近，在景山公园的西面有一个皇家公园，这就是北海公园，所谓的海，就是北方人称呼比较大面积的水面就叫做海。从海边来的人不要笑话，北方水少，这种海的感觉是可以理解的。著名的《祖国的花朵》电影就是这样唱的：让我们荡起双桨，小船儿推开波浪，海面倒映着美丽的白塔，四周环绕着绿树红墙，小船儿轻轻飘荡，水中迎面吹来了凉爽的风。,2
129,"影响着几代人的童歌，歌词所描述的地方，美的太不真实了。,还记得小时候最常听到的童歌吗？与此同时它也是唱的最多的童歌。这首歌曲创作于1955年，所以50后、60后、70后、80后、90后甚至00后的人们都知道这首歌，这就是我们很熟悉的《让我们荡起双桨》这首老歌曲了。,这首歌被几代人传唱的老童歌的词，不知道大家有没有印象了。里面所提到的地方就是我们眼前所见的地方了，而且还是一处很美的地方，我估计可能很多人都知道这个地方。,这个地方就是北京市的北海公园了，同时北海公园也因《让我们荡起双桨》这首歌曲而成为北京市乃至全国少儿活动基地，每个周末都会有儿童们来北海公园度周末或体验课外生活。,北海公园地处北京故宫的东侧，属于国家级重点风景区。作为历史古都的北京，随处可见到都是皇家的休憩园林，北海公园就是众多公园里的其中一个。,风光美的如梦如幻，简直不像是在现实生活中的风景，很多初次来北京北海公园的时候都会认为这样的景色是不真实的，更为这样看似不真实的美景所震撼。,北海公园是一处非营利性公园，象征性的收费5元钱，其实收费5元钱是为了防止游客过多而造成这处名胜区客流过载，从而破坏了北海公园的生态平衡，这样的举措是很科学的。北海公园的风光美的让我无法使用语言来表达了。,虽然最近北京天气的通透性不是很好，但是还是无法掩盖这般美景。看到这样的风光，我不禁的感叹道：“此景只有天上有，人间能有几处多？”，这样的描述我想是再合适不过的了。",2
130,来北京的第一站就是来看大白塔，夜景拍出了不一样的美,2
131,"北海公园内又开放了一个景点画舫斋。画舫斋 是清代行宫建筑，在北海东岸。称水殿。这是一座以方形水池为中心，回廊四匝的幽静庭院。主体建筑坐北朝南，东西为""镜香""、""观妙""二室。",1
132,皇家园林，处处透着贵气，夏天泛舟，冬天滑冰，一年四季都值得来游玩。白塔，九龙壁都是这里的地标，早上很多人在这里晨练。,2
133,在阳光明媚的深秋时节，约上好友重游还是儿时记忆中的北海公园，仿佛又回到了让我们荡起双桨的年代，光阴似箭，岁月如梭，恐怕只有我们这代人才会在北海公园有回忆不尽的童年和青春,2
134,北海公园的文化底蕴深厚，游玩区域划分明确，划船，赏花，喂鱼还是挺自由自在的，白塔比较特别，建筑可是金碧辉煌，有小西天之称，里面供奉着两百多尊罗汉，还真是看花了眼，九龙璧非常壮观，形态各异，而且还是祥瑞的代表，引得游客都纷纷拍照留念，公园摆设了很多花朵，造型，品种都非常多，园区环境好，是一个不错的选择。,2
135,取票很方便 游玩的很开心,2
136,北海公园有更多园中园画舫斋和静心斋以及濠濮间，还有九龙壁，五龙亭和白塔，以及很多景观，这么小的公园有如此多的景观这是很难得的。,2
137,北海公园是北京最漂亮的公园之一，为了迎接建国七十周年，北海公园做了精心的准备，张灯结彩，充满了节日的气氛。人们喜气洋洋，欢度节日。,2
138,北海公园古称太液池，从辽代起这里就是一个漂亮的池塘，并被辟为皇家园林，经过辽，金，元，明，清五个朝代的建设，尤其是清朝大规模建设，这里一步一景，美极了。,2
139,十月的北京非常漂亮，北海公园也有不少看点。比如：坐在五龙亭遥望白塔，去小西天看看乾隆爷给他母亲铸造的“极乐世界”。还有喵，都很有气质。,2
140,北海公园是镶嵌在北京市中心的一颗明珠，她由太液池，琼岛和团城组成。是北京最著名的几个公园，来北京是一定要游览，绝对不能错过。,2
141,八十年代初常去北海公园，脑海里一直映刻着白塔绿树红墙，小船儿轻荡的画面。快40年了，再次走进北海公园发现比原来大了，也更漂亮了，特别是许多陆续开放的区域让人对公园有了新的认知。,2
142,海面倒映着美丽的白塔，四周环绕着绿树红墙，儿时的歌曲让北海公园成为一代人心中的神往。再次踏入北海公园，却发现北海公园早已不仅仅是白塔绿树红墙那么简单了，三大园中园美的让人赞叹！,2
143,北海公园是北京最著名的几个公园之一，白塔是北海公园的标志性建筑，要说道北海公园，一般都要搭配有白塔的图像，今年北海公园新搭建了龙腾盛世的大型花坛，成为新的标志。,2
144,北海公园：风景秀丽，景色迷人，一年四季都适合游览。性价比超高的！,2
145,"北海公园内的画舫斋 是清代行宫建筑，在公园东岸。称水殿。这是一座以方形水池为中心，回廊四匝的幽静庭院。主体建筑坐北朝南，东西为""镜香""、""观妙""二室。已对外开放。",1
146,在国庆节期间，北海公园修建了一个巨型花坛-龙腾盛世。还张灯结彩悬挂大红的灯笼，营造了浓郁的节日气氛，在蓝天白云的映衬下白塔格外漂亮。,2
147,北海公园有几个园中园，其中画舫斋想进去就是进不去，多少年都没有开放，国庆节前终于开放了，这次看看确实很美丽动人很雅静，是个好地方。,2
148,北海公园园林建设的很不错，很有皇家风范，这个时候的菊花展览好好看，鲜花映衬的公园格外漂亮，门票也不贵，平时来休闲也很适合。,2
149,北海公园古称太液池，很好听的名字，配上琼岛，使人想起神话传说里的琼浆玉液，仿佛这里就是神话中的天堂。今天人民大众当家做主，在这里荡起双桨。,2
150,北海位于北京的市中心，白塔是北海公园的标志。北海从辽代起一直就是皇家公园，留下许多古迹，不仅有白塔，还有清朝的看不到头的石桥，寓意江山永存。,1
151,国庆10月4日去的。门票10元，联票15包括永安寺。只有帝都的门票才如此便宜。天空下着阴雨，坐船游览被关闭了，登上白塔，遥望湖面，心中默默唱起“让我们荡起双桨”。,2
152,让我们荡起双桨，小船儿推开波浪，海面倒映着美丽的白塔，四周环绕着绿树红墙。随着这歌曲把我们带回了童年，北海公园最早被我们熟知是因为这首歌。殊不知其实这个公园是清朝的皇家园林，这里的每一处景点都凝聚了古代工匠的智慧结晶。,2
153,北海公园是北京有名的六大公园之一，再景山的西侧。里面的太液秋波、琼岛春阴是著名的的北京十二景中的两个。北海白塔长期以来是北京的标志景观之一。,1
154,北海秋天真好看，游人比较多，尤其是旅游团的游客，湖面游船穿梭，荡漾在水中，白塔矗立在琼岛之巅，秋风吹佛着湖边垂柳，真是幅中国山水画。,2
155,北海公园从辽代起一直就是皇家公园，经历了辽、金、元、明、清五个朝代，今天这里是人民的公园，人民群众在这里休闲健身，并创作了“让我们荡起双桨”这个脍炙人口的歌曲。,2
156,北海公园是北京市内最漂亮的公园之一，她是全国AAAAA级的旅游景点，是来北京旅游必看的景点，十一期间，公园专门搭建了巨龙飞腾的花坛。,2
157,北海公园距离皇宫很近，北海公园里有一座大白塔，是藏式密宗佛塔，这也是北海公园的标志建筑，北海还有一座九龙壁，很高大威猛的。,2
158,即将迎来祖国70周年华诞，北海公园布置的非常漂亮，花坛、灯笼等等，五龙亭、白塔都格外妖娆。蓝天白云碧水，空气纯净，让人流连忘返,2
159,来这里就是为了看让我们荡起双桨描述的画面，海面倒映着美丽的白塔，四周环绕着绿树红墙的北海公园，有北京老大爷在湖边练字，有大妈们唱歌跳舞，极富人文气息，这种感觉很难在这么著名的公园里看到，值得回味。,2
160,北海公园，门票10元，包含大白塔的联票20元，这个价格对于普遍票价不高的北京景区来说算是不便宜的，毕竟只是一个公园。我买的20元联票，花了大半天时间漫步参观，先绕着湖面走了一圈，一路有不少小园子可以入内参观，九龙壁也在公园内，然后上湖心岛登上大白塔，小山顶的平台可以鸟瞰湖面。北海公园毕竟也是皇家园林，也是可以到此一游的，游客不多，适合慢慢逛。,2
161,北海公园是小时候常去的地方，那首著名的歌曲《让我们荡起双桨》就描述的是美丽的北海公园。现在的北海公园对外开放的地方比原来多了，将这座美丽的皇家园林归还了老百姓，所以每天早上都有很多附近的大爷大妈来锻炼。,2
162,北海从辽起就是皇家公园，历经了辽、金、元、明和清五个朝代，最早的名子叫太液池。北海的琼岛上有一个永安寺，岛上的白塔名为永安塔。,1
163,从景山公园的西门出来，进入胡同不多远就是北海公园的东门，一入园即可看到白塔，可以登上山顶环看，然后沿着北海向北走，从北门出去是荷花市场，也就是著名的后海酒吧街，一直走到银锭桥，就是美食街烟袋斜街。 北海公园门票20元。,1
164,八月十五云遮月，路过北海公园，心血来潮想逛逛，进公园南门天色还不太黑，过桥往西走奔长廊，公园的水面上莲花船不少，有些船上的游人还唱着京剧，或哼着歌。快八点的时候月亮露了一脸，不一会儿就被云遮盖住了，时隐时现。,1
165,兴致勃勃的带宝宝去，看到了小学课本中“让我们荡起双桨”背景图中的景色，北门进门沿右侧湖边可以看九龙壁和极乐世界殿，沿左侧湖边可以到白塔寺。湖中很多小船，原想带宝宝坐坐船，没想到竟然只收现金，押金也要四百，谁没事带五六百现金在身上，除非预先知道，看了前面的评论竟然一个提醒的也没有，希望这条评论能让更多人看到，能有个准备。,1
166,来北京旅行，北海公园是必去景点。附上北海公园打卡攻略。  景点名：北海公园 地址：北京市西城区文津街1号 交通：地铁6号线到北海北站B东北口出，公交到北海站或北海北门站下 门票：4月-10月(旺季)10元，联票20元；11月-次年3月(淡季)5元，联票15元；琼华岛10元，团城1元 开放时间：4月-10月(旺季)06:30-21:00(20:30停止售票)，11月-次年3月(淡季)06:30-20:00(19:30停止售票)  推荐理由： 北海公园是白塔和湖水相依的古典园林，是...,2
167,北海公园地方很大，到没有什么特别的景色。如果是到北京“快游”那就不必选择此地。这里就是“让我们荡起双桨”的歌词地。,1
168,北京北海公园：是至今保存完好的皇家园林之一。景色宜人，四季皆适宜游览。进北海北门往西走：依次有仿膳饭庄、九龙璧、五龙亭、小西天等著名景点。中午游览累了可以去公园内的仿膳饭庄就餐。进北海南门，首先映入眼帘的是北海白塔。特别值得一提的是团城：位于北海南门外，想去参观，需单独购票。北海公园性价比非常高：淡季门票5元，旺季门票10元。不含园内其它单独售票景点。,2
169,这是我们旅行的最后一天，下午我们来到了北海公园。 高高的北塔，映衬着湖水。绿树白塔非常秀丽。 这个塔屡建屡修。不愧是皇家园林。,2
170,北京市区中心的公园有好几家，虽然面积都不算很大，但是风光独好、各具特色。中山公园适合散步赏花，景色公园适合登高望远，北海公园适合游船赏荷。,2
171,我们是从北海北门进入的，先在湖边喂了鱼和鸭子。途径濠濮间，去了燕京八景之一的“琼岛春阴”，然后登上白塔。这一路，景色宜人，值得推荐。,2
172,很喜欢北海公园，它是我最喜欢的市区公园。最喜欢像歌中唱得那样，我们荡起双桨，乘坐游船，体验和感受这座历史悠久的皇家园林，两岸的美景风光旖旎，令人无限陶醉。,2
173,北海公园位于北京市中心，是保存极好、设施极完整的皇家园林，北海比邻中海、南海、西海、前海和后海，是附近除中南海外唯一收取门票的城市公园。风景秀美，十分推荐。,2
174,北京人的北海公园，永远辣么美。我爱你如果你曾远行，归来想去那里，红墙白塔绿柳，还有儿时春游的记忆，带的义力还是稻香村点心呢,2
175,"这里是辽、金、元、明、清五个封建王朝的皇家""禁苑""，已有上千年历史。白塔，渎山大玉海，双面九龙壁，琼岛春阴碑……历史在这里延伸",1
176,北海公园，名头太响风景也棒，虽然我是外地人，但每次来帝都会去看看。比如，这次出差，由于白天要跑客户，所以基本就扫街一两张照片，倒是晚上饭局结束后一个人可以悠闲地骑车逛逛街。深夜的北京，确实别有一番风味，它静寂无声灯光昏暗庄严肃穆警戒森严……好吧，我还是很小心地没有乱逛乱拍。,2
177,北海公园，今天阳光灿烂 ，拍照的效果特别好，大门售票处人不多，买票很方便，但园内人很多，没买联票，白塔就在下面看看 九龙壁不需额外门票，还是很值得看的。出了公园，门口都是大巴和人，好混乱。,2
178,北海公园位于故宫西北位置。 皇家园林，标志性的白塔。 让我们荡起双桨，小船儿推开波浪…… 风景绮丽。,2
179,北海公园应该是北京必去的地方。上白塔居然需要另外买门票。如果不是特别喜欢，就不要上去了。站在白塔下面一样可以俯瞰公园全景。要拍北海全景，一个是在进园大门，其次是长廊那里，再其次，如果你选择坐船，在海面回头看白塔，别有意境。公园中心的白塔，远观甚于近看。怀旧的朋友，去之前看一遍1955年电影《祖国的花朵》，里面的主题曲《让我们荡起双桨》就是在北海上。,2
180,北海公园永远和“让我们荡起双桨”连在了一起。只要提起北海公园，想到的就是炎炎夏日来这里划船，那时候的船基本上都是摇桨的，不像现在有这么多各式各样的游船。天寒地冻时拎上冰鞋来这里滑冰，也是北京的一景儿。,2
181,白塔下泛舟，林荫间漫步，美景美照！,2
182,很值得去，立秋之后的北海公园特别凉爽，划船也特别有意思，就是有点害怕，害怕水。船票不得不说对于我来说的确有点贵。综合来说还是不错的。,2
183,"北海公园里有我们童年的歌声,白塔恍如在梦中,让我们荡起双桨的歌声依然萦绕在耳边,绿树、白塔、游船、荷叶，北方的园林里多了几分江南的气息,盛开的荷花,小鸟站在栏杆上，是赏景还是听歌？,中午的北海公园，暑气炎炎，找个僻静的亭阁，小憩片刻，岂不快哉。,戏水的鲤鱼和鸭子，和谐平静",2
184,在京十余年感觉都没进过北海公园，记忆中的北海还是中学的时候，春游北海坐船白塔小船，冬天则是溜冰泡妞好去处，北海公园再进去已经人到中年 【景色】,1
185,忙里难得的休假，吃完了北京烤鸭来北海公园转转，赶上了这边的荷花节，不冷不热，很舒服。,2
186,景色很好，看见了白塔，小时候唱的《让我们荡起双桨》里的白塔，让我们荡起双桨小船儿推开波浪，海面倒映着美丽的白塔…风景很美丽，公园里边的古遗迹也很多！ 【景色】 【趣味】 【性价比】,2
187,总体感觉还是不错的。景色也还是很好的。白塔往下望视还是能看到。很不错的风景，建议晴天区北海公园。别忘了。还有个瓮城别忘去看有呦。 【景色】,2
188,北海公园距离景山公园、故宫、什刹海都不远，漫步园中，水面上碧波荡漾，湖中有著名的琼岛，白塔掩映在绿荫之间，皇家园林，景色名不虚传。,2
189,公园不算很大，还是挺不错的，游人也很多，交通挺方便的，公园绿化养护的很不错，绿意盎然，生机勃勃的，周末带孩子来晒晒太阳挺好的。,2
190,北海公园是北京最早的皇家园林，最著名的是白塔，还有九龙壁了。有一首歌《让我们荡起双桨》就是在这里创作的。北海公园的风景优美，非常适合旅游。,2
191,太累了 故宫出来 又来北海公园 脚痛 呵呵  【景色】不错 【性价比】20元,2
192,里面有让我们荡起双桨的白塔，还有九龙壁，双面都有九龙,1
193,北海公园景色优美，皇家园林景观。五龙亭、回音壁、白塔、长廊等无一不惊奇斗艳。围湖游览真的惬意。,2
194,北海公园不仅是儿时的回忆，而且里面的景点，建筑都是很棒的，这里曾经也是皇家园林。 北海公园很大，许多摄影爱好人士傍晚会在湖边抓拍鸳鸯。交通便利，与景山公园相隔几百米，站在景山公园能望到白塔。,2
195,北海公园不仅是儿时的回忆，而且里面的景点，建筑都是很棒的，这里曾经也是皇家园林。&#x0A;北海公园很大，许多摄影爱好人士傍晚会在湖边抓拍鸳鸯。交通便利，与景山公园相隔几百米，站在景山公园能望到白塔。,2
196,让我们荡起双桨，小船儿推开波浪，海面倒映着美丽的白塔…听到这首歌，总会想起这里，阳光明媚，荷花飘香，风景如画，人在画中游。,2
197,可以划船，可以喂鱼，也很凉爽，适合散步，能在园中体会老北京的生活。,2
198,适合慢悠悠地游玩，划船是必须的,2
199,不错，门票便宜，里面空气清新，环境优美，里面看的也比较多，只可惜今天风大船停开了，要不然可以感受一下。,2
200,让我们荡起双桨。记录了北海的白塔、红墙、游船……，既是北京人遛弯儿锻炼的地方，也是外地人打卡之处，更是长枪短炮的大叔阿姨们拍日落夜景的地方。,2
201,北海公园的四季景色都很美，门票也不贵，是周末休闲游的好去处。,2
202,这次是夏季造访这，看着北海湖边的绿树成荫，感觉蛮有意思的，就是天朦朦胧胧的，不然应该是会很漂亮的。居然还有人在游泳...,2
203,真心觉得很好，能够感受到老北京人的生活，那种安详静穆的生活就是不一样，让人觉得我现在在外面，羡慕。看到几位老大爷，在海里游泳，啥事羡慕，我是真的不知道怎么说。,2
204,这首儿歌旋律一响起就会想起北海公园，入园的时候快要天黑，已经不能乘船上岛。各式各样的游船也已停止售票，有些小遗憾  不过游人散去，这时的北海公园回归到公园的身份，很多住在附近的人在里面散步聊天，好不惬意！  罢了，坐在湖边的长椅上发发呆，看天色变得昏暗朦胧，灯光也更温柔了，把影子拉长，时间变慢吧～,2
205,"让我们荡起双桨,美丽的白塔",2
206,北京必打卡的景点，非常值得一去,2
207,这几天又去了北海公园玩，发现不一样的美，特别是白塔边上有一家饮品点店，有现磨咖啡，各种奶茶水果茶，买上一杯往观景平台一坐，真是太惬意了，分享几张坐在观景台的不同照片，太美了,2
208,这其实就是清朝的皇家后花园，白塔依湖而建，非常有特色。在清澈彻底的湖水映衬下，白塔是显得那么的秀美。人们在湖面上悠闲的划船，静静地享受午后的悠闲时光。,2
209,北海公园是白塔湖水相依的园林，也是北京保存最完整、规模最大的皇家园林。 这里以白塔为核心，有东南西北门四个走向，其中南门是正门正对南海。 沿着湖水道路行走一圈下来大概能走三个小时，白塔不高爬上去用时大概也就十分钟。 这里除了是北京著名的皇家园林之一，让我们熟知的还有那首我们儿时就耳熟能详的歌谣“小船儿轻轻飘荡在水中，迎面吹来了凉爽的风……”指的就是整个公园。 整个公园景区风景优美，空气宜人，环境绿化也...,2
210,北海公园，建筑很有特色，白塔依湖而建的皇家园林公园，湖水面积很大，湖水清澈。鸳鸯在里面无忧无虑的游玩、戏水。景色是那么的自然、清新。,2
211,距离圆明园和颐和园都不算太远，在北京的近城郊。天气好的时候人非常多，如果再赶上花卉节更是摩肩接踵。还有好多大爷在练书法呢。,2
212,白塔依湖而建的皇家园林公园，还是现代人幸福，这要是在古代，根本没有机会参观。园内的景色很美，晴朗的日子，吹着暖风在岸边，超级惬意。,2
213,在北京北海公园的北岸隐藏着一处仿江南苏州园林——静心斋，园内遍布假山及太湖石，亭台轩榭设计精致，布局巧妙，景色优雅宁静，徜徉其中步步见景，突出一个雅字，形成了一种建筑别致，风格独特的园中之园，乃皇家园林的后花园。,2
214,景色优美，风和日丽；山清水秀，值得溜得！一进门，就看到湖里有好多鲤鱼，在哪里游玩，有红的，黑的，热闹非凡！,2
215,很漂亮&#x20;很好看&#x20;买票方便....,2
216,挺好的，不过如果能生成二维码直接扫进去就好了，现在还得去窗口换票，等于还得排一次队。不过我看有的人就直接扫码就去，不知道是不是我操作有问题。,1
217,北海在清朝时大规模改造，把桥都建成一眼看不到另一端桥头，寓意永不到头。琼岛虽然不高，但台阶建得很独特，有一种高不可攀的感觉，令人叫绝。,2
218,北海公园通常让我们想起的是“”让我们荡起双桨“”这首歌。其实她的内涵远远超过这首歌。从南门进入，跨过一眼望不到头的永安桥。从琼岛南坡拾阶而上，一个漂亮的永安寺映入眼帘，她那棱形拼块屋顶举世无双。,2
219,北海公园古称太液池，从辽代起这里就是皇家园林。明清时对北海公园进行了大规模改造，在琼岛的南坡建了一个皇家寺庙-永安寺，并匠心独具地使用了花式黄色屋顶。,1
220,北海公园门真不用做太大，大而空，公园门口，小小的，但绝对出色，还没进门就开始吸引人，在公园里走一走 或者划个小船 都是很不错的选择 也让我想起了儿时的一首歌《让我们荡起双桨》海面倒映着美丽的白塔 描绘的大概就是这里的景色吧,2
221,北海公园是皇家园林，但她还有其它皇家园林没有的特色。其它皇家园林都用满铺黄瓦显示皇家威严，她都独具匠心地采用满铺加构图的方式，营造屋顶。,2
222,北海公园的中心是琼华岛，琼华岛上有一个永安寺，从琼岛南部进入永安寺，一步步登高，最高处是一座白塔，这座白塔是琼岛和北海公园的标志性建筑。,1
223,秋天的北海公园一定不要错过，园林师们精心设计培育的各种菊花，依次绽放，美不胜收啊。姿态万千，颜色好看，每年都有新品种。进公园北门往右手走，边走边看，惊喜连连,2
224,小时候经常来北海公园，长大后很少来，树很多，夏天来也很凉快，可以在长廊等拍拍照，脚踏船最便宜的是4人鸭子船，一个小时一百块,2
225,上周北京出差，傍晚去了天安门和北海公园，很安静感觉是调心。最近很忙，年纪大了想法欲望想要的东西越来越多，放下，才是最好的。,1
226,北京的北海公园坐落在城中心的位置，右临景山公园和故宫博物院，是至今为止保存最完整的皇家园林。园中宽阔的水域在京城极少见到，园中画舫斋，团城，琼岛春蔭等景点设计精致，堪称完美。,2
227,太液一池连三山   蓬莱御苑聚瀛洲   每当哼起：海面倒映着美丽的白塔，四周环绕着绿树红墙……脑海里就会浮现出北海公园的白塔、碧波、小船、红墙。北海公园，风景四季皆宜：春日游园，小船荡漾；夏日游园，荷舞莲香；秋日游园，菊妍华彩；冬日游园，冰雪成趣。  北海一带的水域，原为古代永定河故道，河流迁移后留下原野和池塘。发源于紫竹院湖的高梁河水，流经“后三海”灌注其中。辽太宗耶律德光在会同元年（938年）建都燕京后...,2
228,北海公园的琼岛是一个用众多太湖石砌成的全世界最大的假山，从远处看琼岛就象的天空的浮动云彩，所以琼岛下有“”堆云“”的牌坊。春天来了，这里鲜花盛开，大树吐出绿蕊。,2
229,北海，是故宫西北角的一处由皇家园林改建的名胜古迹。历史比故宫还要悠久，曾是辽金明清的皇家宫殿和主要园林。毗邻中海和前海。,1
230,在北海公园琼岛西侧，乾隆皇帝命人修建了阅古楼，把古代的著名书法转刻在石碑上，以便永久保存，目前在阅古楼保存了几百块精美书法的石碑。,2
231,北海公园古称太液池，从辽代起就是皇家园林，历经金朝、元朝、明朝和清朝五个朝代的建设，这里越来越漂亮，清朝时这里被称为“琼岛春荫''”，是燕京八景之一。,2
232,北海公园琼岛南坡有一个永安寺，她是北京最漂亮的寺庙，以花式黄瓦铺顶而闻名京城，屋顶上的菱形图案造形别致，独具匠心，巧夺天工。,2
233,北海公园的风景真的不错啊，夏天去的，荷叶碧绿杨柳依依心情舒畅，可以乘车游游湖，在水面上发发呆放松一下旅游的心情，很安逸。,2
234,在北海公园琼岛的南山坡有一个寺庙-永安寺，她在清朝初期进行过大修，屋顶都改成花式铺装的黄屋顶。从南坡登永安塔，要走过一段很陡的台阶。,1
235,进入公园的白塔才需要购票的，在湖边什么逛是免费的，这有点像是市民城市公园，很多老北京在这娱乐。可以免费登上白塔旁拍照...,1
236,北海公园是北京城里水面最大的公园，北海古称太液池，从辽代就有，已有上千年历史，一直是皇家园林，百姓无缘进入。解放后这里才变成人民的公园。,2
237,北海公园由北海、琼岛和团城组成，琼岛由太湖石砌成，象一朵朵云彩，故有堆云的牌楼。琼岛上有一个白塔-永安塔。这个白塔是北海公园的标志。,1
238,在北京市的中心，在故宫附近，在景山公园的西面有一个皇家公园，这就是北海公园，说是北海就是故宫北边的海，所谓的海，就是北方人称呼比较大面积的水面就叫做海。  从海边来的人不要笑话，北方水少，这种海的感觉是可以理解的。著名的《祖国的花朵》电影就是这样唱的：让我们荡起双桨，小船儿推开波浪，海面倒映着美丽的白塔，四周环绕着绿树红墙，小船儿轻轻飘荡，水中迎面吹来了凉爽的风红领巾迎着太阳阳光洒在海面上水中鱼儿望...,2
239,北海在古代称太液池，从辽代起这里就已经是皇家园林了，在琼岛上有一个永安寺，并建有白色永安塔。 北海的团城最早是太液池中的一个小岛。清朝对北海进行了大规模改造，团城变成一个与陆地相接的城。,1
240,还可以吧，门票便宜，景区挺大的，白色的塔很好看，因为行程紧，加上天气比较热，所以不决的走了一圈，有假山等等，环境比较优美，远离喧嚣，就是没时间慢慢玩。,2
241,北海公园是世界文化遗产，有悠久的历史，从辽代起这里就是皇家园林，古时这个称太液池，在元朝时，成吉思汗曾在北海的团城上放有一个直径一米的玉石大酒缸，犒赏三军将士。,1
242,很多绿树，里面可以划船，夏天还有很多荷花。,2
243,北海公园古称太液池，从辽代起就一直是皇家公园，这个太液池中还有一个琼岛，让人想起琼浆玉液，西游记中对天宫的描述。天宫是人们对现实都城升华的描写。,1
244,我们从小听的让我们荡起双桨，描写的美景就是北京的北海公园，风景特别的优美，白色的塔特别的高雅，多少年过去了？风景依然是那么的美，只是人不同了，但是心底的那份美好，依然保留着！,2
245,北海公园从辽代起，就是皇家园林，那时的名字为太液池，配上美丽的琼岛，让人想到琼浆玉液，元朝时成吉思汗制作了直径一米大酒瓮，赏三军将士。,2
246,；北海风景区对全市人民的健康所起的作用是无法衡量的。 林徽因对北海的描写是几十年前的事情，可是，如今我们看见这些文字的时候，仿佛就是我们此时此刻最真切的想法。我总是这样想，住在北海公园附近的北京市民真是上辈子修下的福分，多么惬意的居住地啊！ 比起颐和园，北海公园是小了一些，但是，千万不要忘记，北海公园是在北京市市中心，这就看出这个公园在北京的分量，所以林徽因才会这样说：其是在布局谨严，街道引直，建筑...,2
247,出景山西门直奔北海东门入园。入园即是白塔，登上白塔观景，俯瞰湖面，微风吹过，小船飘荡，不由得令人不自主的哼唱起《让我们荡起双桨》。蓝天白云下，脑海中不断浮现出，学生时代的美好时光。现在北海已经可以划船了，不过看了很久，几乎全是脚踏船或电瓶船了，划桨小船虽然累，也晒，但承载的回忆与青春，估计是现在许多年轻人理解不了的,2
248,北京北海公园是北京的著名皇家园林，著名的林徽因在她的《我们的首都》中是这样描述北海公园的：在二百多万人口的城市中，尤其是在布局谨严，街道引直，建筑物主要都左右对称的北京城市，会有像北海这样一处水阔天空，风景如画的环境，据在城市的心脏地带，实在令人料想不到，使人惊喜。,2
249,北海公园的湖泊古称太液池，意为琼浆玉液，因此太液池中的小岛也称为琼岛，在清朝燕京八景中，琼岛春阴占据一位，可见琼岛在清朝乾隆皇帝眼中的地位。,1
250,背靠北海公园的白塔，面对北海南门的牌楼是北海公园的最主要的牌楼，这个牌楼非常辉煌、大气，一般都是来客频频按动自己相机的拍照对象，我保留了一张1962年我在北京二十四中学的初中团支部的相片，背后的牌楼清晰可见。,2
251,北海公园，古称太液池，从辽代起就是皇家公园，在辽、金、元、明、清，这里都是皇家禁地，别说老百姓，就是王公大臣也是不能随便进入，现在是人民公园，想来就来，票价很便宜。,2
252,北海公园是在市中心，坐车很方便，离什刹海很近，离景山公园也不远，跟故宫也是邻居，所以来北海时，也可以将以上景点一起玩了。北海有著名的白塔，有五龙亭和九龙壁，也可以在湖中游船，很是享受。,2
253,性价比很高，因为我是用年票，所以去许多公园都不用买票，如果您是自由行且在北京停留时间较长，买年票比较合适的，外地人应该可以用年票，200元一张卡，好多公园都可以代办公园年票。听到北海公园这名字很亲切，因为我的中学校就在它旁边，学校和公园只隔一堵墙，一些同学经常偷偷溜进公园，后来我和我老公搞对象时也经常去那里，再后来有了儿子带儿子去北海公园，今天来北京公园满满的回忆，景色依然这么美，五龙亭和九龙壁依然...,2
254,在北京的市中心有一个北海公园。北海公园在辽代称为太液池，被誉为天上的瑶池，尤其是建在琼岛上的白塔，与整个北海的湖泊交相辉映，形成一幅美丽的画卷。,2
255,北海公园是全国城市中最大的湖泊公园，其水域面积达39万平米，整个公园占地65万平米，其标志性的白塔举世闻名。这里从辽代起，一直是皇家园林。,2
256,北海公园的“小西天”始建于清乾隆三十三年，中国最大的方亭式建筑，上书的“极乐世界”为乾隆御笔，四面环水，有桥可通，整体建筑雄伟壮观。,2
257,北海公园占地面积达65万平方米，水面面积有39万平方米，北海公园位于北京城的中心区域，最早建于辽代，在辽、金、元、明、清，一直是皇家御用花园。,1
258,北海公园是我们小时候所听过的那首《让我们荡起双桨》的歌曲所描绘的公园，现在公园里到处放着这首背景音乐。海棠正在怒放，有粉红色的，有白色的，有深红色的，引人驻足，拍照留念。还有粉色的榆叶梅，仿佛像一条条彩色的大辫子伸到你面前。还有像米粒一样形状的紫荆，挺拔的往高处生长。还有黄色的连翘，花朵就像星星一般在眨眼睛。还有淡紫色的丁香散发出一阵阵的清香，让人想起戴望舒所写的“像丁香一样的姑娘”的诗句，这样的...,2
259,北海公园景色不错，很大，里面有好多景点。去的时候是冬天，湖面一层冰雪，黄昏夕照，别有一番趣味。 去北海公园方便，地铁附近，与景山公园距离500米左右。,2
260,北京转机有点时间，去北海公园逛了一圈，整体感觉很美，很干净，花开季节，花香扑鼻，遗憾的是这次的是时间有点短，下次有机会再去好好感受一下,2
261,北海公园位于故宫西北侧，与“中海”“南海”合称三海。公园曾是皇家园林，园内亭台错落掩映，湖畔林木郁郁葱葱，风光极美。它又是皇城根儿下最具老北京韵味的公园。,2
262,北海公园最大的特点是60周岁以上的老人免费游览，真是个老年人休闲、养性的好地方。,2
263,北海公园很有名了，票价良心，才5元，本来想去划船的，可是去晚了，傍晚才进去，游船关了，里面的景点也都关了，只能游园了，不过真的没什么人，特别安静，看了落日中的白塔，很美。园子里有很多猫，有的不怕人，可以摸。湖面上有鸳鸯游，感觉非常祥和。,2
264,北海公园我认为是北京性价比乃至全国性价比第一名的公园，皇家园林，几百年的真材实料，淡季五元门票，旺季十元门票，诚意满满，这要是在南方一些城市，要你一百元不算过分。,2
265,看着窗外蓝天白云，坐车来到北海公园，过去皇上休闲娱乐的皇家园林，如今百姓闲逛到此；今日北京的大风，让北海岸边的嫩柳翩翩起舞，水中只有鸳鸯嬉戏，各式小船则排排坐，那些有着想在北海“让我们荡起双桨，.....”的情怀搁浅。,2
266,#北海公园游船正式开航# 北海公园游船正式对广大游客开航。荷花船、手划船、电瓶船... ...460多条船只满足了大家的不同需求。为了方便游客就近租用船只，公园游船开放的码头有南岸码头、东岸码头、西岸码头、北岸码头、琳光殿码头等七个码头，开放时间为9:00至17:00。  大家可以选个春暖花开的日子，划着船听辫儿哥哥的歌声～,2
267,北海公园是北京城里的唯一皇家公园，靠近故宫与景山公园，距离什刹海也很近，所以在这里可以领略四季如春的魅力无穷无尽的风光，可以让人流连忘返。,2
268,北海是一个带给我们无限回忆的公园，随着《让我们荡起双桨》的美妙歌声，伴随着小学课本的动人描写，北海飞进了一代代全国儿童的心中，我已去过无数次，每次都有新感悟。,2
269,北海公园离故宫和景山公园都很近，有时间一定要去看看。亭子那里很像御花园。,2
270,公园淡季票价每人五元，但最好带着现金支付。园内可以看看静心斋、九龙壁、快雪堂、阐福寺、五龙亭，琼华岛，白塔等著名的景点。,1
271,原来到北海公园只是划船游玩，没想到北海公园内很有很多值得一看的景致，小西天就是一个。小西天是乾隆皇帝为其母祝寿祈福而建。,2
272,“北海公园”，位于北京市中心，在故宫的西北面，与中海、南海合称三海，是我国屹今保留下来的历史最悠久、最完整的皇家园林，是由辽、金、元、明、清五个朝代逐渐修建而成，距今已有近千年的历史……，,1
273,由公园北门进入，是游船码头，游船暂时还没有开放。沿路参观，可以看到静心斋，著名的仿膳饭庄，快雪堂，大西天，小西天，阐福寺，西天梵境，九龙壁等景点。,1
274,是北京的皇家公园，位于北京市中心，距离故宫很近，是过去皇家游览的公园，也是皇帝家的私人空间，到了这里可以领略皇家的享受生活。,2
275,中国古代皇家园林，中国现存最古老，保存最完整，最具代表性的皇家园林之一。著名的景点有北海白塔，琼华岛，永安寺，九龙壁等。,2
276,北海公园的白塔，塔高35.9 米，上圆下方，富有变化，为须弥山座式，塔顶设有宝盖、宝顶，并装饰有日、月及火焰花纹，以表示“佛法”象日、月那样光芒四射，永照大地。,1
277,北海的故事真的太多了，有着深厚的文化。相传北京城有两条龙脉，其中一条水脉便是在北海。正值冬天，水面都结着厚厚的冰，虽然不能让我们荡起双桨，但公园的风光依旧不减。,2
278,"有人说，南山不见山，北海不是海。,没有去过北海，又怎么能算来过北京呢？北京的生活从来不过时，也许百十年后，人们依旧习惯清晨去北海散散步，饭后去北海聊聊天，没有原因或道理可循，只是骨子里的一种习惯和传承吧。冬天的北海，半冻半醒，显得更加自由。",2
279,美丽的北海公园 北海公园是中国现存最古老、最完整、最具综合性和代表性的皇家园林之一，位于景山西侧，故宫西北面，与中海、南海合称三海。我们运气太好了，去北海公园时正好是阳光灿烂、蓝天白云的大晴天，沿左手边绕岛行走，欣赏湖上美景、岛上建筑、绿树、红墙、白塔、蓝天、白云，耳边回放起《让我们荡起双桨》……,2
280,北海公园随手一拍，风景优美，湖水粼粼，波光潋滟，白塔如想象中般在风中伫立。冬天去的，让我们荡起双桨未能体验。夕阳余晖，真是美极了！,2
281,孩子在冰面上玩的多不想走，白塔让我想起了一首歌！“让我们荡起双桨”,2
282,从故宫出来。没有去景山公园，而是去了北海公园，路上从这个角度看故宫角楼，非常好看，因为淡季，北海公园门票5块吧，我买的联票15，看自己需求吧，进里面才能看到这个白塔，因为逛了故宫，逛到这里基本没力气了，附近也没啥吃的，有两家店，全是人，也没地方坐，更没办法在外面湖边吃了，北京的冬天还是比较冷的，一进门，就能看到这样的溜冰地方，只要是有水的地方，你都能看到，我们从南门进去的，北门出来，马路对面就能看到...,2
283,“让我们荡起双桨，小船儿推开波浪  海面倒映着白塔，四周环绕着绿树红墙  小船儿轻轻飘荡在水中  迎面吹来了凉爽的风  红领巾迎着太阳，阳光洒在海面上  水中鱼儿望着我们  悄悄听我们愉快歌唱  小船儿轻轻飘荡在水中  迎面吹来了凉爽的风 ” 歌曲中描绘的就是北海公园啦～,2
284,下了5路车，远远的看到了白塔，小学时音乐课本里的记忆瞬间浮现出来。冬日的北海已经结冰，但依稀可见浅冰与岸边水域中嬉戏的鸭子。如果有时间，还是夏天来，绿柳蓝天下映衬的白塔“水面倒映着白塔，四周环绕着绿树红墙”。,2
285,北海公园，位于北京市中心区，城内景山西侧，在故宫的西北面，与中海、南海合称三海，属于中国古代皇家园林，景色一年四季都很有特色。,2
286,冬日里的北海公园，寒风瑟瑟，一颗颗树木掉光叶子，孤零零地立在地面上，让人感觉是多么乏味。&#x0A;公园北门的湖面，因为活水而未结冰，这里聚集着大量野鸭和鸳鸯，活泼可爱特显灵性，成为公园内一抹靓丽，湖边聚集着众多游人，观赏、投喂、拍照，人气因动而旺，但要是和公园南门玩冰的人气相比，小巫见大巫了。&#x0A;在公园南门湖面上，开辟有滑冰场、溜冰场，玩冰的人真多，人声鼎沸，成为园内最具人气之处。在白塔、团城旁，红墙绿瓦下，暖阳照射着冰面，幸福的人们享受着这属于冬日里的欢快。,2
287,冬日里的北海公园，寒风瑟瑟，一颗颗树木掉光叶子，孤零零地立在地面上，让人感觉是多么乏味。 公园北门的湖面，因为活水而未结冰，这里聚集着大量野鸭和鸳鸯，活泼可爱特显灵性，成为公园内一抹靓丽，湖边聚集着众多游人，观赏、投喂、拍照，人气因动而旺，但要是和公园南门玩冰的人气相比，小巫见大巫了。 在公园南门湖面上，开辟有滑冰场、溜冰场，玩冰的人真多，人声鼎沸，成为园内最具人气之处。在白塔、团城旁，红墙绿瓦下，...,2
288,1.出票快，凭短信码在售票处兑换。&#x0A;2.北海公园很大，现在湖面大部分结冰，不过有鸳鸯戏水，里面景点不错，毕竟是皇家园林，例如，白塔、九龙壁，静心斋等。&#x0A;3.其他季节可以湖上泛舟，就能体会《让我们荡起双桨》的童年回忆。&#x0A;4.北海公园南门与景山公园南门同侧，距离四五百米。,1
289,这个周六天气不错，去了一趟北海。拍了些不错的照片，我的大北京好漂亮。湖面上开始结冰了已经，今年感觉又是个暖冬，不知道冰场能不能开了。,2
290,北海公园也是北京城内著名的皇家园林之一，来到北海公园，可以看一看九龙壁、五龙亭。夏天还可以租一条船，荡漾在湖上。有一定年龄的人应该都看过电影《让我们荡起双桨》，就是在这里拍摄的，那时候还是用浆划船，现在都是电瓶或脚蹬的了。,2
291,位置中心，景色很美，修建地很好的一个公园。公园里有很多老北京做一些健身活动，挺有生活气的。在阳光明媚的日子里非常适合拍照。个人觉得白塔远观好看，买票近距离观看就不太好看了，不过票也不贵。,2
292,1995年北京之行的美好记忆，20年来长久地留在我心里。特意再点评北海公园，是因为昨晚电视剧里播了那首《让我们荡起双桨》，让我想起1995年那个美好的夏天，那么美好的回忆。,2
293,"海面倒映着美丽的白塔🎤四周环绕着绿树红墙🎼北海公园🌊让我们荡起双浆🚣🏻,北海公园在城内景山西侧，在故宫的西北面，与中海、南海合称三海。属于中国古代皇家园林。全园以北海为中心，面积约71公顷，水面占583市亩，陆地占480市亩。这里原是辽、金、元建离宫，明、清辟为帝王御苑，是中国现存最古老、最完整、最具综合性和代表性的皇家园林之一，是中国保留下来的最悠久最完整的皇家园林。,北海公园九龙壁面阔25．86米，高6．65米，厚1．42米；体魄巨大精美，壁上嵌有山石、海水、流云、日出和明月图案，底座为青白玉石台基，上有绿琉璃须弥座，座上的壁面，前后各有9条形态各异、奔腾在云雾波涛中的蚊龙浮雕。体态矫健，龙爪雄劲，形象生动，柯栩如生。壁东面为江崖海x、旭日东升流云纹饰，西面为江崖海水、明月当空流云图像。壁顶为琉璃筒瓦大脊庞殿顶，大脊上饰黄琉璃流云飞龙纹。影壁用424块预制的七色琉璃砖砌筑而成，色彩绚丽，古朴大方，是清代琉璃结构建筑中的杰作。,现存九龙壁三座。大同那座最古老，是明代的，也是最粗狂有力量的。另两座都在北京：北海的是唯一一座双面的；故宫的在珍宝馆内、宁寿宫皇极门外，龙的造型最为苗条。,白塔位于北京北海公园琼华岛上，建于清初顺治八年(1651)，是一座藏式喇嘛塔。据建塔石碑记载，当时“有西域喇嘛者，欲以佛教阴赞皇猷，请立塔寺，寿国佑民”，得到皇帝的恩准，于是便修建了永安寺和白塔。塔高35.9 米，上圆下方，富有变化，为须弥山座式，塔顶设有宝盖、宝顶，并装饰有日、月及火焰花纹，以表示“佛法”象日、月那样光芒四射，永照大地。塔身正面有一盾形小龛，内塑红底黄字的藏文图案，含“吉祥如意”之意。此龛俗称“眼光门”，又叫“时轮金刚门”。1679年该塔被地震所毁，第二年进行重建。1976年唐山地震波及北京，塔顶被损。在修复时，发现塔内主心木中藏有一个二寸见方的金漆盒子，盒盖绘有太极图，盒内藏有两“舍利”，证明此塔是一座舍利塔。,该塔矗立于琼华岛的顶峰，象征着神权的建筑物白塔和永安寺，设置于琼岛的重要位置上，具有主宰全园的气势，用以体现“君权神授”的封建思想，是帝王宫苑的一大特色。,琼华岛的东北坡古木参天，这里便是“燕京八景”之一的“琼岛春阴”。琼岛春阴在北海公园白塔山东、倚晴楼南。清乾隆十六年（1751年）立。碑首盘顶，四方形。碑身四框刻缠枝纹饰，碑阳刻乾隆御笔""琼岛春阴""四字，碑阴为乾隆帝御制诗：""良岳移来石发峨，千秋遗迹感怀多。倚岩松翠龙鳞蔚，入牖篁新凤尾娑。乐志记因逢胜赏，悦心端为得嘉禾。当春最是耕犁急，每较阴暗发浩歌。""碑座四周有雕刻精致的石护栏。碑旁有迂回曲折的小路直达见春亭、看画廊。,2011,北海九龙壁@珍宝馆九龙壁",2
294,北海公园的门票只需要5元，算是比较便宜的景点了，里面能玩的东西其实不多，主要是一个大湖和一个白塔，里面还有一些科普性的资料告诉游客当年这里是皇家园林。,1
295,比故宫多了200年的历史，永安寺白塔，让我们荡起双桨就是从这里传出去的，赶上菊花展,2
296,北海公园，位于什刹海前海的对面，这里是《让我们荡起双桨》所描绘的地方。公园门票不贵，除了开阔的湖面外，还有几处著名的保护建筑，包括原先的书院和寺庙等，历史氛围十分浓厚。这个景点也很适合老年人，比较惬意悠闲。,2
297,"看时间还早，就顺便去了北海公园，公交车好挤，还是第一次坐这么挤得公交车。,传说中让我们荡起双桨的白塔和小朋友在前门买的变形车",1
298,这里原是辽、金、元建离宫，明、清辟为帝王御苑，是中国现存最古老、最完整、最具综合性和&#x0A;代表性的皇家园林之一，,1
299,北海公园是我国迄今保留下来的历史最悠久，保护最完整的皇城宫苑，有独特的造园艺术风格。公园菊花展如期而致，各种各色的菊花惹人喜爱。,2
300,天气晴朗的时候，燕京八景的太液秋风、琼岛春阴都很漂亮，值得一去；门票不贵10元，外地游客逛完故宫之后过来很方便，离得很近。,2
301,北京北海公园建于金代，，，，距今700多年。北海白塔建于康熙年，古树参天，历史久远。景色秀丽，非常安静，是游园的好去处。,2
302,说起北海公园，谁都知道，这是一个皇家公园，既然是个皇家园林就不会徒有虚名，实打实的有干货。 如果你想彻底的没有死角的游遍北海公园，那是不可能的，因为，北海公园还有很多地方没有开放，除了公园工作人员，铁将军把门，谁也进不去啊！ 今天就说说能进的去的地方，濠濮间吧。这个地方是怎样被介绍的呢？濠濮间位于北海公园内东岸小土山北端，是北海的园中之园之一，幽静别致，很有特色。,2
303,说起北海公园，谁都知道，这是一个皇家公园，既然是个皇家园林就不会徒有虚名，实打实的有干货。&#x20;如果你想彻底的没有死角的游遍北海公园，那是不可能的，因为，北海公园还有很多地方没有开放，除了公园工作人员，铁将军把门，谁也进不去啊！&#x20;今天就说说能进的去的地方，濠濮间吧。这个地方是怎样被介绍的呢？濠濮间位于北海公园内东岸小土山北端，是北海的园中之园之一，幽静别致，很有特色。,2
304,初次走过横亘在北海和中海之间的金鳌玉蝀桥的时候，望见隔水的景物，真像一幅画面，给人的印象尤为深刻。耸立在水心的琼华岛，山巅白塔，林间楼台，受晨光或夕阳的渲染，景象非凡特殊，湖岸石桥上的游人或水面小船，处处也都像在画中。池沼园林是近代城市的肺腑之言，藉以调节气候，美化环境，休息精神；北海风景区对全市人民的健康所起的作用是无法衡量的。 林徽因对北海的描写是几十年前的事情，可是，如今我们看见这些文字的时...,2
305,这里值得去，最大的亮点是公园里婀娜多姿的舞者们。棒棒棒棒棒棒棒棒棒棒棒棒棒棒棒棒棒棒棒棒棒棒棒棒棒棒棒棒棒棒棒棒棒棒棒棒棒棒棒棒棒棒棒棒棒棒棒棒棒棒棒棒棒棒棒棒棒棒棒棒棒棒棒棒棒棒棒棒棒棒棒棒,2
306,"北海东邻故宫、景山，南濒中海、南海，西接兴圣宫、隆福宫，北连什刹海，是北京城中风景最优美的前""三海""之首。北海是我国迄今保留下来的历史最悠久，保护最完整的皇城宫苑，有独特的造园艺术风格，是我国古代园林的精化和最珍贵的人类文化遗产之一。",2
307,走在北海公园里，感受着新鲜的空气，让人心旷神怡。,2
308,北海很好!真的很美!很遗憾，没去看九龙璧。。下次补上,2
309,原来的皇家公园，故宫的神武门出来西边500米左右。门票10元，去白塔的话另加10元，比我想的有意思多，主要是里边人文古迹非常多，逛一圈的话需要4-6个小时，人很多。,2
310,"沿着这条路往前走，就到了北海公园，就是小时候我们听的《让我们荡起双桨》的地方。,白塔，荷花池,一进公园大门右手边就是荷花池坐船的地方，船票好像一个人60吧，不便宜，是8个人坐一船，由船夫摇浆，大概全程20分钟观赏荷花，如果故宫逛得很累，可以坐一下。不过我感觉不是很好玩，不是很推荐，可以沿着“北海”走一走，也能尽览荷花的美景。,沿着“海”走，会到另一乘船点，这里的船是可以自己开的，有发动机，不要脚踩，一艘船有4人、6人，价格不一。4人船是100元一小时，自己要把握好时间，超时就按一小时计算咯！,一边泛舟，一边听着“让我们荡起双桨”，别有一番风味,泛舟海上所拍摄的美景,歌里唱的“白塔”,从北海泛舟出来，大约走10分钟就出了北海公园，周边有地铁站，我们就回酒店了。在酒店的地铁口有一家涮肉火锅，看样子很不错，我们就排队吃了，结果还真的很不错！相当好吃的涮羊肉，这家店在北京也有好几家分店，可以就近选择，名字叫做“鸦儿李记”。,矿泉水锅底,一份肉大约30元，比厦门的便宜多了,量足！好吃！,北京的天，也挺美的，不见雾霾，只见霞光",2
311,因一首歌曲而闻名全国的公园，不过真正去了也就这么回事。四个方向都可以进，不过来北海的游客大多是先去了故宫和景山才来的，所以南门和东门应该是首选。风景不错，不用特意买20元的联票，琼华岛上的小景点基本也能看到。,1
312,很美的地方，说实话，已经有几年没有来过北海玩了，还是那个样子，周边改变的很厉害，可是北海公园依然是白塔绿水青山，想起了让我们荡起双桨，想起了很多,2
313,晚上正好路过北海公园，旺季门票10块钱，学生五块钱。夜景也还不错，人当然也不少。灯光比较暗，可以沿着湖转一圈也是不错的选择,1
314,景色不错，利用休息时间过来，觉得还不错，值得游玩,2
315,北海公园青山绿水，让我们荡起双浆，小船儿推开波浪，海面倒映着美丽的白塔，伴着歌曲畅游北海，让人留恋忘返。当然还有九龙壁，快雪堂，静心斋，如在画中游。,2
316,"北海的夜景，虽然已经大不如前，但是只要静心欣赏，依然能从中嗅到仅属于夜色的独特气味。,图片来自网络,图片来自网络,图片来自网络",1
317,"#2018.02 帝都N次游#,北海公园或许有人不熟悉，但那首—让我们荡起双桨，应该很多人都听过。（好像又暴露年龄了。。。）歌曲就是以北海公园为背景的。,北海公园占地面积广，10块钱门票绝对超值。,一定要去看看九龙壁。,冬天“北海”上游满了鸳鸯。鸳鸳相抱何时了～,如果来北京玩耍，不妨来北海公园看看。",2
318,北海公园，也就是过去京杭大运河的故址，水特别清澈。游鱼欢快。绕着白塔划船，一小时，100一艘四人电动船，买回好心情，物有所值。,2
319,物超所值呀，很不错很美的公园。,2
320,北海公园是一个旅游途中非常惬意的地方，门票只需10元，进去后主要以游船为主，也可以在岸上转转，当你转累了，租一个4人电瓶船，无需脚踏，只需要掌握方向即可，方便省事，孩子也可以控制！非常好的地方！,2
321,碧波荡漾，游人众多。九龙壁威武宜人，双面锦绣。是皇家的象征。白塔佛香袅袅，耸立高处，是北海公园的符号。荷花傲然独放，清丽淡雅。,2
322,景内白塔要收费，湖内最好乘坐机动船。周边景色宜人，高处可鸟瞰故宫全景。周边景点多，可以网络购票，最好现场购， 几乎不用排队。,2
323,《七律。北海白塔》北京北海浮屠静，翡翠琼岛矗玉瓶。宝塔亭亭十二丈，梵林静静四百春。佛如日月光芒射，塔似明珠耀北平。太液秋风皇家苑，八仙过海蓬莱城。.,2
324,荡起双浆，找回儿歌江忆；舟行北海，定格白塔美景。绿树红墙，清风徐来，观景惬意，避暑清凉！,2
325,♬ ♬ ♬♬  《七言六句。北海公园九龙壁》♬ ♬ ♬ ♬北海公园矗图腾，六百卅五九龙尊。腾龙驾雾祥天地，气势磅礴佑京城。太平盛世群贤济，国泰民安众志成。,2
326,挺好的，由于不会游泳，我对自己划船有种害怕，就步行的。白塔也去了，那个楼梯太抖了,1
327,目前世界上歷史最悠久、延續時代最長的皇家園林，存世有長達九百多年，從遼、金時代前就說皇家園林，團城、瓊華島、九龍壁、濠濮間、靜心齋⋯等，都很值得一遊。,2
328,这就是电影非诚勿扰里面葛优和舒淇路过的北海公园&#x20;公园景色很不错&#x20;水面波光粼粼！由南往北去，林荫道上花香四溢，沁人心脾。随便一拍都是美景，这时正是荷花盛开季，有空的朋友，可以去看看,2
329,这就是电影非诚勿扰里面葛优和舒淇路过的北海公园 公园景色很不错 水面波光粼粼！由南往北去，林荫道上花香四溢，沁人心脾。随便一拍都是美景，这时正是荷花盛开季，有空的朋友，可以去看看,2
330,荡起双浆，绿树红墙，就是雾霾重了些。,1
331,非常好的皇家园林。去的那天下午，我们一行人从景山下来后，也不知从哪个门出的，反正一出来过了马路，往对面直走300米左右，就到了北海公园的一道侧门。门票很便宜，好像是大人10元，学生5元（应该是这个价，同行人挺多的，买了一大叠）。进去就到了桥边，往右是去九龙壁的，往前可以爬山去白塔，也可以去长廊坐船。我们选择的是去长廊坐船。北海公园很大，风景如画，坐了船以后就没多少时间去看九龙壁了。觉得挺遗憾的，下次一定要再去一次。,2
332,非常好的皇家园林。去的那天下午，我们一行人从景山下来后，也不知从哪个门出的，反正一出来过了马路，往对面直走300米左右，就到了北海公园的一道侧门。门票很便宜，好像是大人10元，学生5元（应该是这个价，同行人挺多的，买了一大叠）。进去就到了桥边，往右是去九龙壁的，往前可以爬山去白塔，也可以去长廊坐船。我们选择的是去长廊坐船。北海公园很大，风景如画，坐了船以后就没多少时间去看九龙壁了。觉得挺遗憾的，下次一定...,2
333,"“ 让我们荡起双桨 ，小船儿推开波浪 ，海面倒映着美丽的白塔 ，四周环绕着绿树红墙 ”,这首小时候就耳熟能详的歌就是出自 北海 公园,北海 公园位于 北京 市中心区，城内景 山西 侧，在故宫的 西北 面，与中海、 南海 合称三海。属于 中国 古代皇家园林。,只可惜我们去的时候是冬天，没有看到青山绿水也没看到倒映的白塔，只是白茫茫的一片，也没办法游船因为湖面都结冰了，所以建议春天来 北海 公园哟。",2
334,环境很好，地方也很大，早上晨练享受生活去很好。唯一不满的是地方太大了还不能骑共享单车啊！,2
335,北海公园，在景山西侧，故宫的西北面，与中海、南海合称三海，是中国现存最古老、最完整、最具综合性和代表性的皇家园林之一。这里是我来过次数最多的公园，离家近门票便宜，每个季节都值得一看。尤其是春天，天高气爽，百花盛开，美得醉人！,2
336,正值荷花节，靠南门的湖里密密麻麻全是荷花，很漂亮，衬着白塔。有游船可以坐着赏荷。  走过去北区水面更开阔，主要供游人脚蹬船自由玩耍，码头上都在高歌让我们荡起双桨。  沿湖一圈走下来大概5000步，南门进西门出。,2
337,今天下雨，公园里人不多，环境优美，空气清新,2
338,"早晨开始淅淅沥沥下起小雨，闲散地逛公园也未尝不是一件美事，只是我们预估了 北京 的天气，前一天还是30度，这天突然就降到20度，冷飕飕。北进北出的游览路线，静心斋、 九龙 壁、西天梵境、五龙亭、小西天还有最出名的白塔，都走了一遍，没有坐船。,“让我们荡起双桨，小船儿推开波浪。”这首耳熟能详的儿歌，推开的，就是 北海 公园里的碧波。,中国 现存有三大 九龙 壁，一座在故宫内，一座在 山西 大同 ，第三座就在 北海 公园内。这是我国现存唯一的彩色琉璃砖双面 九龙 壁，据说镶砌了大大小小共计635条龙。,Tips：,1、 北海 公园开放时间：,旺季（4月1日-10月31日）：06:30-21:00，停止入园时间：20:30；,淡季（11月1日-3月31日）：06:30-20:00，停止入园时间：19:30。,2、 北海 公园门票价格：,旺季（4月1日-10月31日）10元/人，联票20元/人；,淡季（11月1日-3月31日）5元/人，联票15元/人。,联票包含团城、琼岛景区。",2
339,早上起早去的，园内人还不算太多，空气很好，也不是很晒，许多老北京晨练，门票价格相对便宜，性价比还行吧，没走完，逛了院子一部分。,2
340,一个人逛北海，天气好热，晒黑了，景色还是挺美的，人不算多，一个人漫步在北海边，听着让我们荡起双桨，看着北海上的游船，水中映着的白塔，美极了，赶到荷花盛开，随便一拍便是美景，这个季节，推荐,2
341,这次去感觉北京市属园林真是精进了、用心了。用年票逛了北路，体会到了以往不曾感受到的东西。静心斋里没什么游客，在桑拿天确实一进去就让人安静下来。快雪堂大力推荐，几乎没有游客，太湖石影壁非常震撼。,2
342,荷花开的正旺，北海的确是个好地方，门票也不贵,2
343,北海公园是我国现存最古、最完整、最具综合性和代表性的皇家园林，之前这里是辽、金、元、明、清的帝王御苑。园内有小西天、五龙亭、铁影壁、九龙壁、静心斋、天王殿、白塔等景。,1
344,"北海 与中海、 南海 合称三海,属于 中国 古代皇家园,原是辽、金、元建离宫，明、清辟为帝王御苑,是 中国 现存最古老、最完整、最具综合性和代表性的皇家园林,北海 白塔建于清初顺治八年(1651年),是一座藏式喇嘛塔,1679年该塔被地震所毁，次年重建,1976年 唐山 地震波及 北京 ，塔顶被损,修复时发现塔内主心木中藏有金漆盒子,盒盖绘有太极图，盒内藏有两""舍利"",证明此塔是一座舍利塔",1
345,不愧为皇家公园，有山有水，植物繁多，景色宜人。平时游客不算很多，沿着湖边散步，抬头遥望白塔，心情很舒畅。坐坐湖中游船，凉爽舒适。,2
346,北海公园&#x20;&#x20;&#x20;让我们荡起双桨，小船儿推开波浪，水面倒影着美丽的白塔，四周环绕着绿树红墙。,2
347,北海公园   让我们荡起双桨，小船儿推开波浪，水面倒影着美丽的白塔，四周环绕着绿树红墙。,2
348,还可以，美哒哒。清风扶杨柳。。第一次游玩，很好的感受,2
349,著名的皇家园林，景色优美，交通便利。,2
350,确实不错，之前只是路过，这次终于抽出空来转转了。不虚此行吧。,2
351,后海建议在傍晚时分去，最好和南钢锣巷一起逛，因为这个时段景色宜人。可以地铁直达南铜锣巷，交通方便。到后海可以在银锭桥附近逛逛，不要绕湖逛一圈太大，然后再走到荷花市场，如果有兴趣可以在荷花市场码头附近酒吧，喝一些啤酒，价格也不算贵。尽兴后走到北海北地铁站回去。,2
352,北海公园是北京最漂亮的景点之一，曾经是皇家园林，最著名的白塔位于琼岛的至高点，是北海公园的标志性建筑，北海湖有电瓶船和脚踏船可租用，湖光塔影，波光粼粼，荷花盛开，景色宜人，让人流连忘返。,2
353,风景很好，值得一去，微风轻轻吹碧波荡漾。,2
354,北京第一个去的景点，登上了白塔，看了九龙壁，不过实在大，还是乘了船～傍晚的时候，风景还是很漂亮的，值得一去～～～～～～～,2
355,第一次去北京，北海公园很漂亮，虽然那天下雨了但是空气很好，很有文化底蕴,2
356,恰逢520之日，缺少阳光，在间断的蒙蒙细雨中在让我们荡起双桨的歌曲声中，漫步于北海公园。,1
357,"景山公园跟北海公园的门并不是正对着的，我们连地图都不用查哈，顺着人潮就来到了入门处。公园的门票是5元/人。关于北海公园，觉得跟昨天的什刹海风格有些相似。但是因为天气不同，看起来感觉大不一样。 环海运动跑步运动的人不少，因为确实走不动了，我们选择绕北海半圈，从南门出公园，用时40分钟。,这是从景山公园出去前往北海公园的路上。一小段胡同，树上高高挂着的红灯笼，还有大爷大妈戴着帽子悠闲地走着，觉得京味十足，所以将图片PO在了标题上。,一进门，远处的白塔格外抢眼。因为来的比较晚，白塔已经关闭无法入内参观。,我们在海边的长凳下坐下来，悠悠地望着西斜阳光下的北海公园，很美好。晚上回酒店的时候突然想起，问问小S这个有白塔、有绿树红墙、有小船推开波浪的场景，像不像《让我们荡起双桨》的歌词，百度一下，还真的是。,准备从南门出来，看到我们在自拍，一对外国夫妇主动要帮我们拍照。我们也很礼尚往来地帮他们拍了几张，嘿嘿，友好也是我们中华民族的传统美德呀。",2
358,很棒，风景很好，湖里坐船更棒！！,2
359,总体来说吧，环境非常好，公园里人非常多，可能是周末的原因吧。,2
360,北海公园是一家皇家园林，在西城区地安门西大街（路北），公园里面有很多清朝的建筑，非常漂亮的一个公园，保证不虚此行。五一长假去，人超级多，尤其爬白塔的时候。通票为20元。,2
361,曾经语文书上的地方，也是让我们荡起双桨那首歌的公园！很漂亮，柳树成荫，碧波荡漾！就在故宫后面，走完故宫就可以来这里！挺不错的！,2
362,非常美丽的一片大湖，划船非常舒服，微风拂面，4G还很足，游船码头也很多，无论走到那里都可以飞快上船，就是有点贵，一个小时要100，人少了就不划算了。,2
363,北海公园还是值得去的公园，可以登上白塔俯瞰北京城，夏天可以划船荡舟，业可以看看花花草草。也可以在公园里面看看鱼，还有跳舞的老年朋友，还有一些历史古迹，比如九龙壁，铁影壁等等。,2
364,当年那首著名的童谣《让我们荡起双桨》就诞生于此，泛舟北海，不禁会低声哼出这首歌，海面倒映着美丽的白塔，四周环绕着绿树红墙……,2
365,摆渡船有点坑到对岸要5块钱一人，个人感觉还是要买联程票划算的来，但是网站上没有联票,0
366,出了景山公园的西门，直接到了北海公园的东门，进去一看，没意思，门票还蛮贵的。照片都懒得拍了，跟我们扬州没得办法比，这时候才体会到了为什么总说烟花三月下扬州了。这句诗什么人写的，有眼光。,0
367,北海公园是我国保护的历史最悠久的公园了。原来是辽代、金代、元代的离宫，也是明、清两代的皇家御苑，历史是不是够悠久了，文化氛围很浓。,2
368,北海公园是著名的皇家园林，是我国现存历史最悠久，保存最完整的皇家园林之一，已有千年历史，在故宫的西北面，与中海南海合称三海。这里最出名的除了白塔，就属九龙壁，中国现存有三大九龙壁，一座在紫金城内，一座在山西大同，而第三座就在这北海公园里，很值得一赏！,2
369,公园不大，晨练的不少。沿着水边走挺放松。还可以喂鱼。是忙里偷闲的好去处。,2
370,这次是带孩子来北京，想着来北海公园划个船，应下“让我们荡起双桨”的景儿，结果从动物园刚回来到这五点了，以为公园九点才关门，划船也可以，谁知道人家船4点30就不卖票了……赶上天也是阴的，景色差了不少……有点小失落，下次来再补吧！大门票10块钱，联票20好像是包括有白塔那个岛的票吧？来晚了不卖联票了只能买10元的。,1
371,白塔建于清顺治八年。&#x20;这座藏式喇嘛塔，高5.9米，塔身呈宝瓶形，上部为两层铜质伞盖，顶上&#x20;设鎏金宝珠塔刹，下筑折角式须弥塔座。塔内藏有喇嘛经文、衣钵和两颗&#x20;舍利。塔前有座小巧精致的善因殿。,1
372,早上去的，公园里有早起跑步的，练嗓子的，很热闹，景色很美，去的时候赶上前一天下雪，那景山相当美。,2
373,"妈妈的记忆回到30年前，她印象中深刻的是一座洁白的白塔，但她不记得塔在何处了。所以离开恭王府后我就带她步行前往附近的北海公园，门票到是非常的便宜，也是此行游客最少的地方，完全称得上人迹罕至。所以..这里是不好玩吗？相反...我觉得挺有趣的。,让我们荡起双桨,小船儿推开波浪,海面倒映着美丽的白塔,四周环绕着绿树红墙,这首耳熟能详的儿歌..虽然我不知道现在的小朋友还会听不？可在我的记忆里，就是年少的时候坐在妈妈自行车后座上会荡起小脚哼唱的歌曲（虽然..结果很痛苦，多次脚被卷入自行车轮子内）。扯远了...其实这首歌就是唱的北海公园。,鸭子船、白塔、四周的绿树红墙，全部可以收入你的镜头呢。不过大阴天就没倒影啦.....“海面”也没有一丝波纹，这里有比恭王府更厚的冰哎！江南人真的是拍不够的冰啊.....,北海公园整体占地面积还是挺大的，我们大概就走了三分之一的样子，脚力不好啊..就绕出去了。其实我看着北海公园还是有点西湖的味道的，当然颐和园实际上才是乾隆爷要仿制西湖的模样，所以..在看了北海公园后也挺满足了，此行也就没颐和园了。",2
374,逛完故宫，天气好，可以步行至北海公园，之间距离很短，千万别被热情过来给你推荐的人骗了。北海公园主要是游船，可以在船上和朋友聊天，欣赏美景。,2
375,让我们荡起双桨，原型就是北海公园，这个公园也挺大的，带它有湖水，十分和谐，这里九龙壁是中国三大九龙壁之一。气势磅礴。不得不感叹。,2
376,这次来到北京市区的“北海公园”，是十分著名的中国古代皇家园林之一。  公园以“北海”为中心，全园分为“北岸”、“东岸”、“琼岛””和“团城”四大景区。  一路下来参观了很多历史文化古迹，其中声名远扬的“九龙壁”和“北海白塔”，真是尤为壮观！  我们还非常有雅致的划了艘小船，有些回忆起“让我们荡起双桨”的歌声来，哈哈哈......,2
377,春节北京4日游，最后1天终于等来了蓝天白云，和之前人山人海的收费景点相比，我们选择了北海公园。游人不多，沿北海慢慢前行，感受了北京这座城市不一样的美！,2
378,"北海公园是中国现存最古老、最完整、最具综合性和代表性的皇家园林之一。公园主要分为北岸景区、东岸景区、琼岛景区和团城景区。主要景点是琼华岛， 进门就能看见标志性的白塔，早晨进公园的话能看到很多人在晨练。这里景色优美、风光甚好、给人带来一天的好心情。,Tips：,1、门票价格：5元起，联票20元/人,2、开放时间：,旺季：4月-10月 6:30-21:00，20:30停止售票,淡季：11月、12月、1月-3月 6:30-20:00，19:30停止售票,3、地址：北京市西城区文津街1号,4、交通： 可乘坐5、101、103、109、124、685、614、619路公共汽车在北海公园站下车,终于爬上了公园最高处，只有登上最高处，才能欣赏到不一样的美。向下眺望、老北京城在眼下，各种开放的花朵映入眼帘，春天的气息，给这里增添了生机。",2
379,"原来这里就是《让我们荡起双桨》描述的地方！,“让我们荡起双桨 小船儿推开波浪,海面倒影着美丽的白塔,四周环绕着绿树红墙,小船儿轻轻 飘荡在水中”,迎面吹来了.....寒冷的风！,“妈！这里就是歌词里面的白塔和绿树红墙！！！”激动得像没见过世面的孩纸一样。,本来以为吃完包子就能起身去下一站了，毕竟对故宫还是怀抱着希望的。结果俩老居然问我们“正餐呢？”WHAT？刚才您不是已经吃了吗？？不，包子只是塞牙缝的，她们要正正经经坐下来吃饭.....好家伙，都已经1点半了.....行，吃吃吃。我找还不行么？网上找到了一家粤式茶餐厅，昨晚吃怕了北京菜的我们决定到那里，走嘛.....大概20分钟的样子.....我的妈....我尊敬的母上大人.....还给我边走边按手机边拍照....一点都不明白我焦急的心情.....她们是老人家，又不能催她们.......,到了餐厅坐下，已经2点了。好吧，我不去景山公园了好吗？咱隔天再去行了伐？赶紧吃个碟头饭就出发了好吗？？不，要点菜吃...........................深呼一口气，好的，你们开心就好。故宫什么的正式拜拜~想想下午能干嘛吧！！这时候俩老开始怪我们不做攻略了，现在临时居然不知道要去那里。脑海里立刻出现朋友们说的那句：“跟处女座出游你要做好攻略哦！要准备好一切哦！”我想说，现在计划乱了还不是因为昨天计划去的恭王府没去成，拖到今天坏了所有计划行程吗？还有你动作那么慢那么悠闲那么爱按手机又对吃的有要求才会浪费很多本不该浪费的时间啊！！(╯°Д°)╯︵┻━┻ 当然后面只是心里OS罢了，哪有种说啊。,人家老大妈在帮忙想行程时，我妈还在那！按！手！机！气得我一下没绷住，摔手机了（摔到桌子上而已）.....顿时反应过来，糟了！会不会吓到老大妈！这是我第一次跟老大妈相处那么久的时间啊！我的完美别人家孩子人设是不是要崩了！（拜托，早在你拉着老大去南京追星的时候就崩了~）,整顿饭我和老大都没有怎么吃，都在想行程。可是北京很多景点到了下午5点左右就关闭了，当时已3点，去哪都来不及了。最后只能就近去南锣鼓巷了 。,去的路上经过卖栗子的网红店，队伍长得吓人......",0
380,不错的地方，环境优美。北京的雪景,2
381,北海公园，中国皇家园林。白塔，大面积湖面，游船，垂柳，让我们荡起双桨的歌声在耳边回荡。中华文化在这里沉淀，让人精神愉悦，神清气爽。洁白的白塔倒影在蓝色的湖面上，分外美丽。,2
382,老北京皇家公园！当天风和日丽，暖暖的阳光特别舒服！感受皇家风采，感叹古人的设计和建筑工程的伟大！真是用真金白银铺垫出来的美！也只有皇室才能体验的绝美！,2
383,北海白塔，小学课文中就可以记载！,2
384,过年去的，没在行程中，误打误撞进去，有滑冰，小朋友玩的很开心。,2
385,有古建筑风格，有山有水，适宜人们玩耍散心之所。,2
386,"天气特别好，到公园就被远处的白塔吸引了。课本上的景象出现到了我们面前。特别的是湖上大部分都结冰了，对我们这种南方人来说值得我们兴奋了半天。,一般来说建议先在白塔对岸绕湖玩耍，注意环湖半圈后要出公园门，再进入北海公园的另外一个门，才能登上白塔。,蓝天下的北海，美不胜收。,湖边有些建筑，红墙绿瓦，气势不凡。,湖边的柳树是不是在等待二月的春风,从另外一个入口进入，攀登白塔,来到了白塔下,一不注意就到了晚上，夕阳西下，远眺白塔，湖上一群野鸭和鸳鸯，宁静而和谐。",2
387,最后一天游览皇帝的后花园，大到离谱，天空很蓝，空气很好，马上就要离开，舍不得,2
388,北海去过二次，前几一次时间关系看了看就走了这次去发现北海很好玩，北京的山水建筑文化历史等等基本上都有了，建议朋友们去玩玩，性价比非常高,2
389,北海白塔，位于北京北海公园琼华岛上 ，建于清初顺治八年(1651)，是一座藏式喇嘛塔，也是北海的标志性景点。塔高35.9 米，上圆下方，富有变化，为须弥山座式，塔顶设有宝盖、宝顶，并装饰有日、月及火焰花纹，以表示“佛法”象日、月那样光芒四射，永照大地。,1
390,环境优美，开游船环湖一游美景尽在眼中，仿佛身在仙境，公园内湖中的荷花就象仙女向你微笑招手，园内路上树林成荫，鲜花尽收眼角，好一个＂桃花岛＂,2
391,是北京知名的一处旅游景点，始建于元朝，当时是京杭大运河的终点，后来改称太液池，逐步变为皇家山水园林，里面有白塔、九龙壁、小西天等知名景观。,1
392,游客建议从北门进，有几个古建筑，推荐静心斋里别有洞天的江南园林，九龙壁，小西天里有石刻博物展，还有全木结构建筑真是厉害！,2
393,淡季票价5元，里面何以滑冰，想学滑冰,2
394,4年半前来北京旅游，那时候还没毕业，不像现在是自由行达人了，所以行程安排得有点紧凑也没玩很好。 从故宫走来，太累了，因为晚上吃东来顺团购，身上现金没带够，所以没法儿付押金划船，有点可惜。 和爸爸坐在石凳上休息片刻，公园的广播循环播放《让我们荡起双桨》和北京奥运时期的歌。 一路走走，觉得公园真是有意境。有机会一定好好逛逛。,2
395,让我们荡起双桨的北海公园 逛完故宫博物馆和景山公园 下午十分悠闲的带妇父母小宝贝去北海公园环湖游玩很是惬意  微风袭来 心情特别的棒,2
396,淡季门票只要5元，从北门进入，就能看到因封冻而局限在人为开出来的小片水域的野鸭和鸳鸯。沿右手走便是北岸景区，可以欣赏到九龙壁、铁影壁、小西天。因为是周一，大西天、快雪堂、静心斋都关门。然后返回，再走东岸，冬季的濠濮涧景色一般，从小桥步入琼岛，一直爬上至白塔，随后下来围着岛转了一圈，在永安桥上回望，从南门出来。,1
397,让我们荡起双桨，可是湖面都是冰啊,1
398,很美有白色的白塔性价比好，值得去瞧瞧，阳光倾落的时候很美,2
399,风景优美，小学课本上让我们荡起双桨一文的配图就是北海公园。最有名的莫过于公园内的白塔，位于永安寺内，历经数百年，依然巍峨耸立。,2
400,北海公园里也有一块九龙壁，在故宫没有来得及看，特地打了车去北海公园看，这个是双面的，非常漂亮，非常值得一看，很多人慕名而来,2
401,北海公园值得一去，景色非常美。,2
402,“让我们荡起双桨，小船儿推开波浪，海面倒映着美丽的白塔，四周环绕着绿树红墙...”说北海公园是北京最最最好看的地方真是毫不过分！水天一色，由深蓝到天蓝的渐变仿佛只能从调色盘里才能见到！务必要早去，七八点钟正合适，我是九点半逛完出来的，入口处人山人海，庆幸晚来一小时肯定拍不到这么美丽的风景了！,2
403,让我们荡起双桨的地点，有个很大的湖，中间有个高高的白塔，和景山公园连在一起。春天赏花的好去处，各种品种，各种颜色，争奇斗艳。,2
404,北海公园位于北京城的中心区，主要由北海湖和琼华岛所组成。面积68公顷，其中水面约39公顷，陆地为29公顷。这里原是辽、金、元、明、清五个封建王朝的皇家&quot;禁苑&quot;，已有上千年历史。琼华岛临水而立，挺拔秀丽，为全园的主体。岛上白塔高耸，殿阁参差；岛下碧波浩淼，游船如织。沿湖岸上，绿柳垂丝，百花织锦，亭台楼榭，掩映其中。整座园林充满一派诗情画意的旖旎风光。,2
405,"昨天票价格10元，今天淡季调价了票价5元。,先来一张海景，野鸭在戏水,园内正遇菊花展,看到心心念念的九龙壁,园内古树比比皆是，不得不羡慕北京人民的自然环境。",2
406,这里面有两条路，但是不相通，除非你原路返回或者做游船，里面还有园中园，需要另买门票，建筑很散，整个公园至少要花整个下午的时间，如果在北京的时间比较紧张，可考虑其他的地方。,1
407,风景不错，湖里面有鸭子，也有鸳鸯，而且有好多只呢～公园里面很大的，可以绕湖周边走一圈。秋天有菊花展，可以看菊花的，来自京津冀的。,2
408,出了故宫，不远就是著名的北海公园，里面不小，荷花漂亮。一路走走，爬爬山，山上的白塔非常有名，也非常壮观，绝对值得一游，喜欢这里。,2
409,北海公园听闻已久，全世界保存最完好的皇家公园，这一次终于在仓促中完成了心愿！秋天的北海公园景色还是很漂亮得，园里的银杏树一片黄色，很是漂亮。今天风大，游船也停了。琼岛上的白塔是北海公园里的标志性建筑物，不过还得买二次门票的，这次由于匆忙琼岛上的很多景点都没有转，下次又机会再去玩，最好是冬天，冬天得北海更美。,2
410,“让我们荡起双桨...”多少人美好的回忆，而北海公园正是荡起浆的地方，它是中国现存最古老、最完整的皇家园林之一，门票价5元，性价比特高,2
411,好地方 买好菜 逛个公园 看看古迹,2
412,北海公园正在举办菊花展览，引来众多摄影爱好者拍照，还有绘画爱好者作画。,2
413,全家一起来到深秋的北海，正值举办菊花节，碧水蓝天白塔，水面上零散的几叶小舟，让人不禁感叹北海有四季，四季皆惬意！菊花展更惊喜，汇聚了北京各大园林单位的优秀作品，话不多说，看照片同分享吧。,2
414,淡季去的，人不多，环境不错。值得去玩一玩。,2
415,北海公园位于北京市西城区，是当初的皇家后花园，北海公园白塔、九龙壁都是特别出名的景点，游船也很不错，门票也很便宜，是去北京游玩不错的选择。,2
416,盛夏去的，荷花飘香，美不胜收。,2
417,一直觉得北海公园是性价比极高的公园。天气好人少的时候，来这里是一种享受。北海外面是北京繁华的街市，而进了公园内，就好像到了另一个世界。安静休闲放松。有山有水，各种景点像是浓缩到一个园子里一样。燕京八景中的两个就在这里，琼岛春荫和太液秋波。这里有著名的白塔、九龙壁，五龙亭，有大家耳熟能详的歌曲让我们荡起双桨，多少代人都能在这里找到共鸣。,2
418,"让我们荡起双桨,,小船儿推开波浪.,海面倒映着美丽的白塔,,四周环绕着绿树红墙.,小船儿轻轻,飘荡在水中,迎面吹来了凉爽的风.,这几句歌词是最好的诠释",2
419,"让我们荡起双桨, 小船儿推开波浪. 海面倒映着美丽的白塔, 四周环绕着绿树红墙. 小船儿轻轻,飘荡在水中 迎面吹来了凉爽的风. 这几句歌词是最好的诠释",2
420,"让我们荡起双桨, 小船儿推开波浪. 海面倒映着美丽的白塔, 四周环绕着绿树红墙......伴随着这首儿歌，我们游北海赏白塔。",2
421,老城区里的大公园，北海公园 是现存最古老、最完整、最具综合性和代表性的皇家园林之一， 是保留下来的最悠久最完整的皇家园林  看到1000年历史的北海公园的第一反应是什么，是那首让我们荡起双桨，于是我来北海公园的目的地就是站在湖边，看着白塔（天气不好，基本上看不到什么倒映）唱起这首小时候经常唱的歌。  因为时间的关系，没有把北海公园逛完，只是逛了一小部分，看到了九龙壁，参观了万佛楼和极乐世界，感叹当年的建筑和...,2
422,"老城区里的大公园，北海公园,是现存最古老、最完整、最具综合性和代表性的皇家园林之一，,是保留下来的最悠久最完整的皇家园林,看到1000年历史的北海公园的第一反应是什么，是那首让我们荡起双桨，于是我来北海公园的目的地就是站在湖边，看着白塔（天气不好，基本上看不到什么倒映）唱起这首小时候经常唱的歌。,因为时间的关系，没有把北海公园逛完，只是逛了一小部分，看到了九龙壁，参观了万佛楼和极乐世界，感叹当年的建筑和雕刻水平应该真的是世界第一吧,北海公园可以在湖面划船，体验湖面小风轻轻拂面，门票1个人十元。,从北海公园出来，沿着老城墙走着，发现了北海公园管理处的大门，大门的里面有一座非常漂亮的琉璃的建筑物，外面还镶嵌着很多佛。非常壮观，我估计很多人都没有见过的。征求了保安的同意我还是拍了一张，",2
423,这个十一去北海公园，人真的很多。我跟你，大家说最好不要在北海公园里购物，因为那样真的是很宰人的。,0
424,位于北京市市中心，故宫西北侧，属于中国古代的皇家园林，琼岛春阴是燕京八景之一，北海是按古代仙山神话传说的意境建筑的，具有很高的艺术价值，是我国重点文物保护单位,2
425,本来只打算去景山公园的，结果发现离的很近所以就一起来了，也想看看歌词里写的景色，因为天气不好所以感觉不出来，但还是非常不错,2
426,夏天景色优美适合情侣来散散步，谈谈心，吹吹风，看看景,2
427,是个公园，虽然园中园还得买门票，但是除了园中园的风景也不错，就是兑去哪儿网购买的票有些麻烦，必须得南门北门，当时我已经到了东门，人家不给兑票，害得我还得走去南门，累死了。,1
428,北海公园是中国古典园林之一。国庆节期间去的北海公园，天气不是很晴朗，有雾。公园里有好多锻炼身体的和跳舞的北京市民。过节期间还算人不是很多，沿着湖边散步，时而听到有人唱歌，时而有人唱戏。一个游玩休闲的场所。这里最有名的就是清朝时期的建筑---白塔，可以玩一玩。还可以划船。,1
429,北海公园很好玩，开心，快乐，门票10元,2
430,让我们荡起双桨，小船儿推开波浪…… 风景很美，人也比较多，比起景区算比较从容了，可以有比较宽松的地方拍照，个人觉得游赏价值比颐和园大，因为颐和园人实在太多了，风景再好，也失去了那一份优美从容。不过作为帝都的公园，可能名气太大了，已经不纯粹了，半景区的感觉，护国寺的小吃不算好吃，很多地方还是要买票参观。如果你不介意名气什么的，个人觉得好好游北海公园更接近本地人生活，不一定非要去颐和园踩点。,1
431,在网上得知，北海公园正在举办菊花展览，于是我们就来到北海公园。到公园一问工作人员，才知道菊花展览在团城内。于是我们又买了门票进了团城。让我感到意外的是，团城的门票每人只有一元钱。在团城上，各种菊花千姿百态，争齐斗艳，充满了一片生机，让观者大饱眼福。在东边的厢房内还有插花艺术展览，一幅幅用鲜花组成的美丽画卷展现在游人面前，你可以欣赏到插花师巧夺天宫的技艺。,2
432,北海公园很美，大爱，喜欢，每个星期去玩一次,2
433,环境不错，非常完美，开着游船心情大增，下次还会再来，美丽的北海公园人山人海来自全国各地的游客及海内外侨胞欢聚一堂享受大自然的美景,2
434,来北京必去十大景点之一，北海公园有自已独特美，而且十月份来，风景更美,2
435,嗯，得很可爱，真的是很好玩，而且还有划船等各项活动，真的很有意思。,2
436,环境优美，性价比高，值得一去！,2
437,北海公园，位于北京市城中心，正对什刹海，游客众多，周末闲着没事过来散步，很多年没过来了，风景依旧。北海公园的门票10元一位，多年不变，也是很良心了，如果有北京年票还能免费进出，更值。,2
438,北海公园，位于北京的市中心与景山公园相毗邻。它原是古代帝王的一所行宫。占地面积大约86公顷。这是目前中国，最完整，最具有代表性，皇家宫苑。,1
439,北海公园位于北京市中心。原是一处皇家园林。是我国保持最完整，最古老的皇家园林，是国家重点保护的文物古迹。是我国4A级旅游景区。,2
440,当年皇家的园林，如今百姓的公园。秋季，柳树飘飘随风舞动。高高的白杨树上，树叶被阳光照射得闪闪发亮。隔着宽阔湖面的白塔，是北海公园的标志。 北海公园里还有一个北海皇家邮驿，光听名字就很怀旧。 公园的面积很大，附近居民散步的绝佳位置。湖边还有不同款式的小船供游人选择，可以泛舟湖上。据导游说，《当我们荡起双桨》这首歌所描述的就是北海的湖面的光景。,2
441,"当年皇家的园林，如今百姓的公园。秋季，柳树飘飘随风舞动。高高的白杨树上，树叶被阳光照射得闪闪发亮。隔着宽阔湖面的白塔，是北海公园的标志。,北海公园里还有一个北海皇家邮驿，光听名字就很怀旧。,公园的面积很大，附近居民散步的绝佳位置。湖边还有不同款式的小船供游人选择，可以泛舟湖上。据导游说，《当我们荡起双桨》这首歌所描述的就是北海的湖面的光景。",2
442,"徒步到不远处的北海公园，门票5块。,走在护城河外,写大字,广场舞到处都是,水面倒映着美丽的白塔，四周环绕着绿树红墙",2
443,只要10元哎，风景美！北海公园以前幼儿园时去过，长大后几次去北京玩都没想过去北海公园，一般都去颐和园景山公园晃。这次从后海随便瞎走路过，临时起意进去了，发现原来小时候印象深刻的白塔和九龙壁都是在北海公园里拍的哎，满满滴童年回忆哦~,2
444,北海公园景色很美，松柏槐亭亭玉立，空气清新，九龙壁是观赏的核心，别具匠心。遥望白塔，沿着湖边散步，赏荷与睡莲，看鸳鸯戏水，很惬意。划船有点贵，4人船一小时160元，没舍得哈哈，我们买了20元联票，网上也能买票，近观白塔，进不到塔里，塔门被封锁了。小西天和许多大大小小的佛殿，传递着历史变迁。北海公园总体而言是很适合约会谈心的，哈哈,2
445,北海公园内景色不错，山上白楼在水面中环绕。,2
446,看我大北京的天，怎么样?蓝天白云的吧，北京人就是要抓紧机会宣传北京。古老的，有历史的，独到特色的，统统都要反复宣传，游北海享蓝天白云，看北京进入秋季。,2
447,去了北京，北海公园是必去的地方！,2
448,风吹的很爽，适合散心，风景不错,2
449,被里面唱歌和跳舞的叔叔阿姨们深深感染，生活可以很自在。,2
450,北海公园临近故宫博物院和景山公园，这里的风景独好，不要小看北海公园，因为它真的不小，要是想徒步绕行一圈，实在太难，所以旅行者一般都是挑著名的看。,2
451,走完故宫和景山公园之后，穿过陟山门街，买一些糕点，然后从北海公园东门进到公园里，过了桥直接就可以登岛上的山，上白塔附近是要花钱的,1
452,这里有著名的白塔、九龙壁，历史古迹不少，但人也多。路面上人多，水里人也多。放眼望去，北海里密密麻麻都是船，都在感受荡起双桨。,2
453,北海公园是收门票的，不是很贵，估计可以划船。再说一次！北海不是海！！是湖！！白天遛弯儿晚上遛弯儿都很合适的一个地方，可以考虑骑车溜达，风景还是可以的，路上还可以看到老人拿着鸟笼遛弯儿，看看北京的风土人情！湖里有鱼，还可以看到有人钓鱼！,2
454,因为孩子四年级语文，学了一篇课文，北海公园。所以在景山和北海公园之间选了北海公园。 公园不算很大，印象最深刻的是偌大的人工湖，里面有各式各样的船，“让我们荡起双桨”。 还有白塔。,2
455,"因为孩子四年级语文，学了一篇课文，北海公园。所以在景山和北海公园之间选了北海公园。,公园不算很大，印象最深刻的是偌大的人工湖，里面有各式各样的船，“让我们荡起双桨”。,还有白塔。",2
456,北海公园很大，如果要玩遍了话，要准备好干粮。,1
457,"我是广东人，没见过湖水结冰的样子，难得冬天来北京，所以一定拍下结冰的一幕，这是在北海公园的湖面结冰的状况。,整个湖面都结冰，还能在上面滑冰，以前我只是在电视上看到，真正看到还是第一次。,在北海公园的餐厅休息的时候，Sunsanna在看她的游玩计划，很专注的眼神。现在中国很多学生都只会看手机了，很少看到看书、做笔记了。",2
458,北海公园门票10元，孩子们的乐园，划船游湖一个小时，押金500，一个小时160.,1
459,让我们荡起双桨，小船儿推开波浪，多么耳熟能详的歌曲，唱的就是这里，北海公园！北海公园位于文津街1号，虽然不是很大，但是景色优美。,2
460,嗯，值得大家去，来北京旅游的童鞋注意了，来北京不来北海公园你就亏了！别回去了朋友一问三不知哦~~~北海公园一定要去！不然你就像没有来过北京一样哒！,2
461,就是为了儿时的那首歌去的。夏天的荷花衬托白塔，真的蛮漂亮的。其他就没什么了，游船也并不好玩。,1
462,北海公园，我觉得除了看呗白塔就是在河边欣赏她的美丽的风景，其实它的风景并不逊色，而且我觉着看着两岸感觉心旷神怡。我觉得北海真的是一个值得去的地方。,2
463,虽然吃了便宜坊的烤鸭，但是还是忍不住到全聚德来试一下久负盛名的全聚德烤鸭。一定要早点来排队，5点开餐，我们4点半到的，已经是第6桌了呢，一会儿功夫，门厅外就全是排队的人了。烤鸭真的是太太太好吃了，服务值得上10%的服务费，吃完还有节目看。,2
464,恭王府出来走几百米即到北海公园西北门,1
465,散散心 划划船 找回小时候的记忆,2
466,北海公园在北京的市中心区，然后他是景山的西侧，然后它是保存最古老的一个皇家园林，而且他一进去正对面就是个白塔。嗯，让我们荡起双桨就是在北海公园。,2
467,"北海公园这里的历史比较悠久，也是遗留下来最古老的皇家建筑之一。来到这里，你一定要划一下船游玩，坐在船上，赏赏荷花，微风徐徐，非常的惬意，不禁想到了我们的童年，那首＜让我们荡起双桨＞。,这里附近也有许多地道的北京小吃美食哦，作为吃货的我也是绝对不会错过的。",2
468,北海公园这里的历史比较悠久，也是遗留下来最古老的皇家建筑之一。来到这里，你一定要划一下船游玩，坐在船上，赏赏荷花，微风徐徐，非常的惬意，不禁想到了我们的童年，那首＜让我们荡起双桨＞。 这里附近也有许多地道的北京小吃美食哦，作为吃货的我也是绝对不会错过的。,2
469,＂让我们荡起双桨，小船儿推开波浪，海面上映着美丽的白塔，四周环绕着绿树红墙＂这首从童年常唱的歌里的面面北京的北海公园。白塔琼岛上有高67米的藏式白塔（建于1651年），还有清乾隆帝所题燕京八景之一的琼岛春阴碑石及假山、邃洞等。东北岸有画舫斋、濠濮涧、镜清斋、天王殿、五龙亭、九龙壁等建筑；其南为屹立水滨的北海团城，城上葱郁的松柏丛中有造型精巧的承光殿。北海公园属于皇上的娱乐地方。其九龙壁最有名。,2
470,让我们荡起双桨，小船儿推开波浪。这首歌唱的就是北海公园美丽的风光。白塔高耸，绿树掩映，小船往来于湖面上，迎着清风，迎着阳光，会一下子感到原来生活如此美好。,2
471,出差去京城只有一天有闲，去了北海公园，只因为小时候玩过的白塔贺卡和九龙壁，公园不大，人相对还好，景色也OK，很有园林的感觉！时间有限只去了琼岛，然后做摆渡船去了北边看了下九龙壁，有机会的话还是可以再去一下消磨时间,2
472,比较不错的可以体验一下老北京曾经的皇家园林，园区不小，目测主要娱乐项目是游船，买的通票，20一张，感觉还是直接买10元门票就行了，景色还算可以，跟各个城市的公园都差不多，精致程度还可以吧，酸奶不错，酸酸的，凉凉的,1
473,我们是6月底去的，在荷花盛开的季节，坐着皇家摇橹船在碧池中慢慢游荡，摇橹船60元一小时，看看岸边排排杨柳，岛上的白塔，美极了,2
474,北海公园一定要夏天荷花节时来，白塔，荷叶，荷花，游船，非常美，拍照片最好一定要秋天来，秋天的黄叶非常美，尤其在天蚕坛附近拍摄银杏黄叶最美。,2
475,"夜晚的北海公园，远离了白天喧闹的旅游团和熙熙攘攘的游客，又恢复了宁静的样子。,游人不多，多半是周围的居民，闲来无事，在园子里溜溜，活动活动筋骨，相互聊聊天、解解闷。也有不少年轻人，在天气好的时候，在园中锻炼，慢走和跑步的为主。还有的经常来这里的大妈，给院子里的猫咪喂食，猫咪们很亲近，看样子是老相识了。,如果愿意，晚上可以到园子西北角的仿膳饭庄，去感受一下皇家膳食，也是不错的体验。",2
476,"看时间还早就去了北海公园，对的，就是那个让我们荡起双桨的地方啦，爬上白塔看看风景，看看湖面上划小船，现在都是电动的了不需要荡起双桨啦。,荷花盛开的时候应该挺美的,爬白塔",2
477,很小的时候 姑妈带着去了 就记得九龙壁 北海公园是古代的皇家园林  环境当然不用说了 听着就派er   里面很大 上白塔观景台是代收费的 价钱好像 10 20 的样子 具体记不清了  景区可以做做船 感受当然那首让我们荡起双桨 ……,2
478,"很小的时候 姑妈带着去了 就记得九龙壁,北海公园是古代的皇家园林  环境当然不用说了 听着就派er,里面很大 上白塔观景台是代收费的 价钱好像 10 20 的样子 具体记不清了,景区可以做做船 感受当然那首让我们荡起双桨 ……",2
479,下雨天去的格外清净，建议买通票，坐的15元一人的大船到白塔下面，一下船新开了一个小的景点，免费观看，里面就是一些小玩意什么的。白塔很低，我穿人字拖登上去的，无压力。池塘那里荷花很多，照相很好看。,2
480,离故宫和景山公园很近  价钱也不算贵  环境倒是很不错 可以休息逛  没事还可以划划船  比较适合把北京全部景点玩完后的休闲逛,2
481,让我们荡起双桨。小时候这首歌是我最喜欢的。红墙绿柳，白塔泛舟。六月份的时候，温度适宜，来北京游玩，北海公园也是不能错过的一个景点。很美很赞！,2
482,属于重游，景色漂亮，去时可能没到旺季，很多地方在整修都不开放，只是再次看了白塔，九龙壁。北京的景点都是有故事有典故的，走马看花看不出什么。因是自助游，手机上下了个解说APP，再蹭蹭导游，游玩得很自在,2
483,北海公园，对的，就是那个让我们荡起双桨的地方啦，爬上白塔看看高处的风景，看看湖面上划小船，现在都是电动的了不需要荡起双桨啦。,2
484,北海公园：令人想起儿时记忆的地方，让我们荡起双桨......那首悦耳动听的歌曲，29号早上，我带着老妈游玩，恰巧碰到了与我相仿的50多岁的男男女女，他们系着红领巾照团队照，引来了众多游客的驻足观看，我情不自禁给他们点赞！北海公园值得一游！,2
485,"出了景山公园门右手边一直走，就到北海公园里，我们都是徒步的多，受不了走路的人建议坐车，毕竟走一天故宫不是那么轻松的，锻炼是非常重要的。,愉快的一天结束拉。",2
486,"北海公园很大，景色也很不错。,让我们荡起双桨",2
487,买了成人联票，去了白塔，团城等。在北海北门进入，游览完右侧景点后，可以购买渡轮十元，单程票去对面的白塔永安寺等，现在琼岛山顶俯瞰整个北海，不一样的视野……,2
488,我们下午逛完的故宫，直接步行去了北海公园，在北京城里有这么大的美景，感觉还是很惬意的，坐了一下游船，回味了一下小船儿荡起双桨的感觉。只不过我们去的时候荷花还没开,2
489,如果时间充足可以买联票，感觉特别好，微风吹得很爽,2
490,从小唱着“让我们荡起双桨，小船儿轻轻飘荡”。长大了知道这个地方在北京，在北海公园。这个历经几代的皇家园林还是那么美，岁月一点都没掩去它的秀美，反而让它的美越来越醇厚。,2
491,天蓝水清，景色宜人，还有新开放的景点，春天踏青，夏天划船，还有老字号可品尝，晨练的人很多，门票价格便宜，建议节假日不要去游人太多。出北门就是景山公园。,2
492,北海公园在炎热的夏季是北京市民休闲避暑的好地方，尽管天气炎热，但是公园内傍水，显得无比凉快，市民在这里休闲娱乐的很多，与前来旅行的毫无冲突。,2
493,北海公园位于北京市中心，故宫的西北面，是辽、金、元、明、清五代的皇家御苑，是中国现存最古老，最完整的皇家园林之一。北海公园主要由北海湖和琼华岛组成，岛上的白塔是北海的标志。园内的九龙壁是中国现存的三座皇家龙壁之一。,1
494,北海公园是一处明清时期的皇家园林，院内的湖泊是元朝时的太液池，是当时京杭大运河的终点。北海公园非常漂亮，白塔是它的标志。,2
495,非常好的公园，门票10元，淡季5元。春夏秋三季景色非常美，可以见到各种植物各种颜色。公园还会举办各种展览，特别是菊花展，很有名。划船是去北海必有的项目，去亲身体会--让我们荡起双桨。冬季可以赏雪景，溜冰车，总之我最爱北海。,2
496,从景山公园西门出来，就是北海公园东门，10元门票就可以，外围的景色就足够了美了，先上白塔然后直接下去就到湖边了，景色很美！,2
497,大美的北海公园，一直播放“让我们荡起双桨”，大家坐在各种各样造型的船游北海，若是时节正好，荷花盛开，又是一番美景,2
498,水清木秀值得一游，园区内还有新开放的景点，绕湖一周健步走看看白塔心旷神怡。有兴致还可以尝尝老字号。建议周末，假日不要去人太多。出北门还可以去景山公园看看。,2
499,景色很美，适合全家出游，建议游船，还是很有乐趣的,2
500,每年都会不定期去北海公园转转，体验让我们荡起双浆的感觉，欣赏着白塔倒映在湖面的美景，看着九龙壁见证的故事，喜欢沿着湖边散步的感觉！,2
501,北海公园的牡丹花开了，现在正是赏花的季节，但是北海的牡丹花不如景山的多，门票也没有因为赏花而有变动。现在季节变得暖和，去北海公园参观的游客比较多。,2
502,又是世界遗产，又是世界唯一一个皇家公园，所以北海公园的九龙壁尤显著名，这也难怪，谁让人家出自一个大家，一个书香门第呢？ 北海公园是皇家公园啊！,2
503,北海公园可是说属于比较亲民的大公园了。在这里景色优美，古迹众多，也可以水上泛舟，全家休闲漫步。公园本身较大，需要些脚力，个人不建议当成景点游玩，比较适合举家度周末。门票5元，联票也不贵。园内古迹维护较好，多是免费供游人参观。总之，交通便利，性价比较高，值得一去。,2
504,作为中国现存的最古老、最完整的皇家园林之一，北海公园不仅经历的历史十分丰富悠长，景致也是非常靓丽夺目。亭台楼榭与山石穿插交接，隐隐约约透露出来的浓厚的幻境色彩让它享誉“仙山琼阁”。,2
505,2017.4.15景山前街-北海公园，两万五千步，昨天的我已然累趴，开心，手机里就这几张照片，其他的四百多张都在单反里了，愿你，我，他，都好好的，好好的，谢谢这么单纯的日子，有你们同行,2
506,"公交线路：,1. 到公园南门、西南门： 可乘坐5、101、103、109、124、685、614、619路公共汽车在北海公园站下车；,2. 到公园东门： 可乘坐5、609路公共汽车在西板桥站下车；,3. 到公园北门： 可乘坐13、42、107、111、118、609、701、623路公共汽车在北海公园站下车。,地址：北京市西城区文津街1号，（景山西侧，在故宫的西北面）,开放时间：,淡季06:30-20:00；,旺季06:00-21:00。,印象中陈运和《北海公园》诗佳句：,“北海， 其实，不是海， 没有浪花喧哗， 没有潮水澎湃，,静静的 ，静静的， 就像一幅珍藏的古字画，,上面有朝廷遥远的记载 ,一度 ,金碧辉煌的中国龙 ,难以从九龙壁中飞出来,而悠久的历史却爱走进铁影壁, 摄下自己不想遗忘的年代”。",2
507,绝对值得一去！最好凑个晴天，个人觉得还是从北海公园正门（南面有两个门，靠东边的是正门）进去比较好，然后过桥上琼华岛。正对着是白塔，我们没有上去，白塔还是远观的,2
508,觉得可以去看下 让我们荡起双桨……坐船是很有感觉的 南门东边是景山 故宫 从北门出来是后海 南锣鼓巷等等 这边景点都很集中 可以多玩几天,2
509,北海公园进入了旺季，每次过去，都会想起《让我们荡起双桨》的歌词，身临其境，挺不错的。参观白塔需要单独购票，还有不少小区，但都是免费的。,2
510,北海公园静心斋座落在北海北岸，修缮后于今年对外开放，有游北海公园的计划的游客千万不要错过。静心斋的原名镜清斋，始建于清乾隆年。园中的小桥流水，亭台楼阁，叠石岩洞，布局巧妙，环境优雅是最美的园中园。,2
511,北海公园的旅客现在越来越多，也先后开放了几个小区，真的很不错，也有控制人流量的方法，非常好，就是辛苦了工作人员，但是有效控制了人流量，不至于人满为患。,2
512,"今天是此次北京之行的最后一天。天气正好，可以用大把的时间去北海公园逛一逛。,北海公园位于北京市中心区，景山西侧，故宫的西北面，与中海、南海合称三海。属于中国古代皇家园林。全园以北海为中心，面积约71公顷，水面占583市亩，陆地占480市亩。这里原是辽、金、元建离宫，明、清辟为帝王御苑，是中国现存最古老、最完整、最具综合性和代表性的皇家园林之一，1925年开放为公园。是中国保留下来的最悠久最完整的皇家园林，为全国重点文物保护单位，是国家AAAA级旅游景区。,全园富有浓厚的幻想意境色彩。有着“仙山琼阁”的之称。布局以琼岛为中心，山顶白塔耸立，南面寺院依山势排列，直达山麓岸边的牌坊，一桥横跨，与团城的承光殿气势连贯，遥相呼应北面山顶至山麓，亭阁楼榭隐现于幽邃的山石之间，穿插交错，富于变化",2
513,让我们荡起双桨的发源地，的确很适合划船游玩。水面倒映着美丽的白塔，四周环绕着绿树红墙。确实如此，真的是亲身印证了这首耳熟能详的里面的所有景致。,2
514,始建于辽代，是北京城古代皇家园林的重要组成部分。清朝顺治年间修建的的永安寺白塔是北海公园的标志景点，白塔是一座喇嘛教佛塔。,1
515,公元1264年，元世祖忽必烈，决定在元大都城的东北，选择新址，营建大都。三次扩建琼华岛重建广寒殿。至元八年，公元1271年。忽必烈将琼华岛改称为，万岁山，以琼华岛为中心，在湖的东西两岸营建宫殿，将北海建成一个颇有气派的皇家御园。,1
516,北海公园也是个市民喜爱的公园，现在旅游的人也颇多，出了故宫之后进景山，穿到北海公园，不费时间，但是比较费体力。自己最好带点吃的。,1
517,北海公园的夕阳很美，听取朋友的建议，傍晚来，果然不错，春天的北海简直堪称浪漫，要是有时间真想好好逛一逛！下次再来！美丽的白塔，四周环绕着绿树红墙！,2
518,春江水暖鸭先知。在垂柳、白塔、湖面上，鸭子已迫不及待地去享受春日暖阳了。小时候经常唱，小船儿轻轻，飘荡在水中，迎面吹来凉爽的风。,2
519,一进门就能看到白塔会有很多老人跳舞也会有家长带着孩子来玩感觉就像个大广场有水有草有树有房子但白塔上没什么好看的都被周围的树挡住了天气好的话可以在这里野餐,2
520,春水微澜，新柳低垂，山桃花簇簇，迎春花明艳。这天虽然天色微阴，轻度雾霾，白塔山上的白塔却越发应了乾隆的诗句：“春日轻阴景色多”。半阴半雾中，彰显着独特的春日魅力。,2
521,现在去北海公园就是想去看看燕京八景之一的＂琼岛春荫＂，果真是乾隆御笔之景，伴随着暖暖的春风到处是垂柳初绿，山桃盛开，步步是景，美不胜收。唯一遗憾是九龙壁在维修没有看到。,2
522,是从故宫穿出去去了景山，再去了北海公园的，都在一起，去完第二天就不必再跑了！非常壮观！白塔还是值得看看的！从前山登塔更畅快,2
523,取票方便，景色漂亮的。,2
524,位于北京市中心，中国保留下来的最悠久最完整的皇家园林。园内景点多，北岸有小西天、铁影壁、九龙壁、静心斋书法博物馆等，东岸有画舫斋、先蚕坛，琼岛景区有永安桥、永安寺、春荫碑、白塔等，还有南面团城、玉瓮、承光殿…走累了可以在湖面划船的。,2
525,联票15元真得很便宜，北海湖很大，现在去风有点大，九龙壁在维修，静心斋里晒晒太阳不错。。。不买联票，白塔和围城另收门票。。近距离能见到鸳鸯戏水～本人更喜江南的亭台楼阁。。。。,2
526,皇家花园，美丽动人，无人能敌，儿时的我，就住附近，几乎每周光临，长大了，到没时间光临了，仿佛成了外乡人旅游景点，现在回味起来，真是太美了,2
527,今天天气好晴朗，处处好风光！中午利用午休的时间散散步，从单位出发，穿护国寺大街，走平安大街，进北海公园北门溜达一圈，往北进荷花市场，银锭桥，回新街口。一大圈下来大约不到8公里，走了一个多小时，出门时还穿着羽绒服，没走多久就拿在手里拎着了。 开春的北海公园可真美，河边的土坡上，迎春花开了，柳树钻芽，杨树毛毛有的都掉落到了地上，游船也蓄势待发，等待着载着游人玩耍。天气好，来这里遛弯，游完的游人也比较多，...,2
528,"今天天气好晴朗，处处好风光！中午利用午休的时间散散步，从单位出发，穿护国寺大街，走平安大街，进北海公园北门溜达一圈，往北进荷花市场，银锭桥，回新街口。一大圈下来大约不到8公里，走了一个多小时，出门时还穿着羽绒服，没走多久就拿在手里拎着了。,开春的北海公园可真美，河边的土坡上，迎春花开了，柳树钻芽，杨树毛毛有的都掉落到了地上，游船也蓄势待发，等待着载着游人玩耍。天气好，来这里遛弯，游完的游人也比较多，跑步的，遛弯的，唱歌的，跳舞的，弹吉他的，好热闹啊！,公园东门出去是个小市场，老头老太太们居多，这里卖些小零食，炸物（排叉之类），还有针头线脑。,门票成人5元，学生票2.5元，貌似就一直没有涨过价，公园年票通用。",2
529,"北海，一曲儿歌，一次回忆,让我们荡起双桨………",2
530,北海，一曲儿歌，一次回忆 让我们荡起双桨………,2
531,"小燕子在窝中相互偎依，充满爱意。,老人在安享晚年的时候，仍然有着一份对小提琴的热爱，难得呀。,恋人（或许是夫妻）之间浓浓的爱意。,相爱的人迎着阳光，远眺白塔。其实做什么并不重要，关键是和谁一起做。,累了，休息一下。前几天在微博上看到这样一段话：“婚姻的纽带，不是孩子，不是金钱，而是关于精神的共同成长，在最无助和软弱时候，有他（她）托起你的下巴，扳直你的脊梁，令你坚强，并陪伴你左右。那时候，你们之间除了爱，还有肝胆相照的义气，不离不弃的默契，以及铭心刻骨的恩情。”,让我们为真爱感动吧。,超有爱的情侣衫,专注的神情，因为要为自己爱的人留下最美的瞬间。,一对恋人的背影。,相互间的交流。,妈妈对孩子的爱。,中国人的爱。,外国友人的爱。,夕阳下，绿荫中，会想起所有的美好。,爸爸摄影，妈妈打光，女儿摆造型，好有爱的一家人。,中国老人对外国友人的关爱。,离开北海，留下的是各种爱带给我的美好和幸福的感觉……",2
532,我觉得蛮好玩的、在水车里自己滑动方向、,2
533,皇家园林，当然值得一去，有九龙壁，北海白塔，湖水清澈透明碧波荡让，园内古树参天，亭台楼阁美不胜收，注意，景区内，有两条路，西边和东边是不连贯的，不要出门，门票5元/人,2
534,"琼华岛漪澜亭长廊是观看湖景的绝佳处,燕京八景之一的琼岛春阴。《八景图》记述说：""山上常有云气浮空，氤氲五彩，郁郁纷纷，变化翕忽，莫测其妙，故曰琼岛春云。""乾隆皇帝改为琼岛春阴。,逆光下的琼华岛，另一种感觉。",2
535,北海是中国历史园林的艺术杰作，主要由琼华岛、东岸、北岸景区组成。行摄旅程就参照这个顺序吧。,1
536,"这是在北海公园拍的,看手指方向的东西，很像是水流瞬间被冻住,依旧是一半冰一半水,北海公园内一个小景点，是不是有苏州园林的感觉？,喜欢这种感觉，只是天太冷，捂太严实了,苏州园林，哈哈哈,我想说，这鸭子不冷吗？,这些“鸭子”真的不冷",2
537,"让我们荡起双桨，小船儿推开波浪，海面倒影着美丽的白塔，四周环绕着绿树红墙~,北海公园人还是挺多的，但是在一些公园的小角落还是能找到很适合拍摄的角度~,海面倒映着美丽的白塔~~嗯嗯？！！结冰了，倒影在哪里？应该是除了冬天都倒映着美丽的白塔~！,北海公园还是挺大的，不过在湖边到处都是这样的靠椅，走累了就停下来歇一会儿。当然，前提是有太阳风小的时候，不然北方的风绝对会把来自南方的小朋友吹成傻x。,一路走走停停，已经来到夕阳西下的时刻，树荫倒映在红墙之上，映衬出北海公园最美的时刻",2
538,著名旅游景点 无可挑剔 基础设施都很好,2
539,说到北海就想起那首脍炙人口的歌曲，让我们荡起双浆。这里一年四季景色不同，但是美丽的白塔总是静静地立在湖心岛。北海公园北门进去不远有一座琉璃瓦制九龙壁，它与故宫的不同，是国内唯一双面九龙壁，感兴趣可以去看。,2
540,对北京人来说，北海公园再熟悉不过。它是著名的皇家园林，也是典型的中国自然山水式园林。大部分人都知道北海公园的团城、琼岛、九龙壁……其实北海公园里还有许多有趣的山水小景，推荐一下下,2
541,让我们荡起双桨的原型地址，冬天去湖面结冰，人流都集中在溜冰场了。趁着春节人少，走一圈，另有一翻风味。,2
542,还不错，价格太便宜了。 早知道里面有那么多吃饭的地儿就不在园外吃那么难吃的小饭馆了，后悔……,0
543,黄墙根下，京城长大的我，自然对北海情有独钟，清秀宜人，像个小情人一样，百看不厌，虽是冬天，其建筑也是醉了，夏天更是可爱了,2
544,北海公园是近邻故宫的皇家园林，前有团城，中有白塔，后有九龙壁，五龙亭，除了这些文物古迹，最漂亮的还是水边的自然风光,2
545,这里故事很多，5元门票性价比高，夏天划船赏荷花，冬天溜冰还有各种唱歌跳舞的小团体，要遛累了，可以坐下休息，听着歌还可以随时加入跳舞，很开心，东门外还有好多小吃卖，排叉儿豆汁小点心，想像都流口水！,2
546,在故宫的西北面，北海，中海和南海合称三海。北海是海吗？        北海是蓝色的，是大海一样的颜色。        冬天的阳光是温暖的，会泛出波光粼粼的样子来吧。可以选择最佳地理位置拍摄。,2
547,"在故宫的西北面，北海，中海和南海合称三海。北海是海吗？,&#160;&#160;&#160;&#160;&#160;&#160;&#160;北海是蓝色的，是大海一样的颜色。,&#160;&#160;&#160;&#160;&#160;&#160;&#160;冬天的阳光是温暖的，会泛出波光粼粼的样子来吧。可以选择最佳地理位置拍摄。",2
548,”让我们荡起双桨”经典的歌声将游人带入北海公园的美妙憧憬，划船的项目让游客植入歌词的意境，倒映的白塔，扶风的杨柳，映日的荷花……北海公园绿树成荫，碧波荡漾，值得游玩。,2
549,冬季来的北海公园，童年里“海面倒映着美丽的白塔”的旋律正是这个公园最好的写照。北海公园曾经也是皇家园林之一，歌中的白塔指的是琼华岛上的白塔寺，是一座皇家建设的喇嘛庙。而北海公园的主要景区就是北海湖，冬天来得时候北海湖几乎已经结冰，只剩靠近后门的一片，为了给鸳鸯和绿头鸭栖息，引入了活水而没有结冰。虽然冬天很冷，但是倒映冰面的美景和夕阳还是让人浏览忘返。相信夏季的北海公园在有荷花的时候一定也有另一番美...,2
550,冬季来的北海公园，童年里“海面倒映着美丽的白塔”的旋律正是这个公园最好的写照。北海公园曾经也是皇家园林之一，歌中的白塔指的是琼华岛上的白塔寺，是一座皇家建设的喇嘛庙。而北海公园的主要景区就是北海湖，冬天来得时候北海湖几乎已经结冰，只剩靠近后门的一片，为了给鸳鸯和绿头鸭栖息，引入了活水而没有结冰。虽然冬天很冷，但是倒映冰面的美景和夕阳还是让人浏览忘返。相信夏季的北海公园在有荷花的时候一定也有另一番美景。,2
551,特别喜欢北海，小而精致，不会像逛完故宫颐和园一样很累很冷，逛完北海，记忆里就是阳光，午后的阳光洒下来，满地都是温暖，四季如此。,2
552,15块钱（包括白宫10元）门票，有些坑，里面的建筑呢，对于看过故宫的人，觉得很没意思。白宫就上去转了一圈，也不能进去，就外边转一圈一圈，看看那水景…要咱10块钱,0
553,北海公园是书本上的知识，当它转化为真正的景色出现在眼前的时候，才觉得课本上的历史知识没那么讨厌了，哈哈，人家都说看景不如听景，其实不然啊！,2
554,很多年没有来过。以前来的时候还是小孩子，模模糊糊有点印象就是白塔和九龙壁，小时候在这里照过像。这次总算又来看看，很高兴初冬的北京景色不如夏天，但也很好的。,2
555,听老妈说北海公园很大，那天着急去看降国旗，就和朋友粗略的逛了一小圈，正好有旅游团讲解，听听还蛮有意思的,2
556,买的二十的门票，下回买便宜点的，景色还可以，这个季节去人还少些，一直想逛北海公园，没有让我失望，下次一定再去，逛完了心情不错……,2
557,让我们荡起双桨，小船儿推开波浪，海面倒影着美丽的白塔，四周环绕着绿树红墙，…这首歌当年就是以北海公园为写的，一首优秀的儿歌！今晚我们玩了一天，也累了，在前门大街犒劳自己，老板送我们月饼，中秋在异地他乡，也要快乐！！！,2
558,沿着“四周环绕的绿树红墙”，我们看到了湖面上的小船，绿水蓝天小黄鸭的船飘荡在美好的时光里，即使静静地看着，也是一种赏心悦目。,2
559,和铁哥们儿一块去的北海公园。门口用手机才下单，就立马收到凭证号，领票进园很方便。北海公园里面的景色可以用如诗如画来形容。天气晴朗的湖面倒映着白塔，远处看起来像画一样。去白塔上面参观的人络绎不绝，湖面上舟星点点。用一句话来形容：人在画中游～超值的一次体验,2
560,不愧是皇家园林，大处大气旁薄，小处独特精致。处处是风景，可惜有几个景点不开放。,2
561,皇家园林，漂亮大气，紧邻什刹海，故宫,2
562,地理位置很好，非常方便，从故宫神武门出来后1站路就可以到达，小时候一起唱的儿歌“让我们荡起双桨”的出处，感觉很好，风景优美，漫步园中，享受那一刻心情愉悦的完美！！！,2
563,满意，小时候来过，这次再来，算是追忆之旅，不错，很大，可以逛好久，景色很美，虽然雾霾重点，上图看,2
564,下了景山从西门出，一直走，前往北海公园。,1
565,北海公园交通方便，环境优美、干净整洁，雅静，有山有水，有划船，值得一去的公园！很大的一个公园，去的那一天正逢天公不作美，下雨了，不过雨中也别有一番风味！,2
566,北海公园风景很好，不过我觉得没必要买联票，我们最后一个景点都没去，因为去划船啦。去北海公园一定要划船，价格属于正常一百块钱一小时，比我们这公园划船都便宜，而且总要体会一下让我们荡起双桨的感觉。最主要划船还蛮好玩的。北海很大，所以人多也没什么关系，风景很好，但我们没玩多久，最主要走不动了，还要去景山。,2
567,挺安静滴，值得去看，有些古建筑很有底蕴。,2
568,散步吹风休闲好去处！风景秀丽迷人！勾起儿时回忆，让我们荡起双桨……回响耳畔！坐在湖边凳子上，全身心的放松一下……放慢节奏,2
569,北海公园门票价格最便宜10元，逛累了可以做游船10元，登上白塔感觉一般进去10元。园内指示牌较少，出北海就是恭王府很方便。,1
570,来这里是想看看小时候那首歌写的地方 水面倒映着美丽的白塔四周环绕着绿树红墙 儿时的歌曲 梦中的地方 特意来北海公园划船 找寻让我们荡起双桨的感觉,2
571,精致的皇家园林，美仑美奂的九龙壁，需二人环抱的柳树在风中飞舞，北海公园的十月风光旖旎。然而，湖中泛舟才是孩子的最爱，忘了周围喧嚣，忘了旅途疲劳，亲情在这一刻定格，心被温柔地包裹、停留！,2
572,"逛完了故宫，午门进，神武门出，然后溜达到角楼，溜达到景山公园，溜达到北海，总之都在那一块。,“让我们荡起双桨，小船儿推开波浪，水面倒映着美丽的白塔……”北海公园，慕歌而去。",2
573,总体一般般，如果来北京玩公园的话，建议去颐和园，北海公园面积不大，著名景点有白塔，九龙壁。“让我们荡起双桨”这首歌唱的就是这里。要是怀旧可以来划一下船，船分几个种类，但是最便宜也得一百一小时，公园对面是什刹海，倒是可以连在一起看看。公交或者地铁都是北海北门站下车，公交下车即是，地铁出站还要走几分钟。公园晚上的灯光不是很亮堂。冬天有滑冰，也好玩。,1
574,风景不错，适合拍照，可以试试木船划桨。,2
575,不由得，儿时里的《白塔》萦绕在耳旁，依旧悦耳动听…,2
576,"走进……我所未知的“快雪堂”。,北海公园是北京著名古迹。快雪堂位于北海北岸，快雪堂为三进院落，分别为澄观堂、浴兰轩、快雪堂。清乾隆四十四年，乾隆皇帝得到元代书法家赵孟頫临摹晋代王羲之《快雪时晴贴》石刻，特建金丝楠木的快雪堂。快雪堂内有一块高约5米的太湖石，曾是宋代艮岳御园的名石。快雪堂四周由彩绘游廊连接，在东西两侧的游廊内嵌有晋代至元代20位书法家的80篇墨迹石刻48方，其中王羲之的《快雪时晴贴》与乾隆皇帝的《快雪堂记》。",1
577,地方很不错里面湖泊挺大对于炎热五一来说是个解暑降温的好地方建议买一下联票里面有些寺庙需要联票才能进进去之后可以买一个福牌总体来说比较可以,2
578,正好遇上八月十五，赏月游玩的人很多，离故宫很近，值得一去,2
579,让我们荡起双桨，你还记得吧。这次来北京市意外之中，我们上午从故宫出来之后直接去了景山，景山上面不高，门票是2块钱。 景山上面可以看到故宫全景色，很美丽，。下上之后去了北海公园，也都是在那一圈里面，比较近，进去之后看到一个很大的湖，水也比较多吧。另外有划船的项目，要收费的，。我们没去，直接走了个全程，感觉好大，真的，之后就走到了什刹海的一条街，那里有很多吃的，。,2
580,"让我们荡起双桨，你还记得吧。这次来北京市意外之中，我们上午从故宫出来之后直接去了景山，景山上面不高，门票是2块钱。,景山上面可以看到故宫全景色，很美丽，。下上之后去了北海公园，也都是在那一圈里面，比较近，进去之后看到一个很大的湖，水也比较多吧。另外有划船的项目，要收费的，。我们没去，直接走了个全程，感觉好大，真的，之后就走到了什刹海的一条街，那里有很多吃的，。",2
581,北海很美，皇家园林的大气，园中园仿江南园林的秀气，秋天舒服的天气陪上蓝天白云，景色真是太棒了！最佳游览路线是南门进，看团城和琼岛，在琼岛长廊坐摆渡船去北岸，看小西天、五龙亭、铁影壁、九龙壁、静心斋，小西天里面的西天极乐世界非常震撼，可惜的是这次静心斋没开放，只在墙外看里面海棠树结了一树的果子，真想进去游览一番啊。龙舟50元每人，绕北海水面一周，20多分钟吧，可能价格高，只有四个人坐，不过景色还是不错的...,2
582,北海很美，皇家园林的大气，园中园仿江南园林的秀气，秋天舒服的天气陪上蓝天白云，景色真是太棒了！最佳游览路线是南门进，看团城和琼岛，在琼岛长廊坐摆渡船去北岸，看小西天、五龙亭、铁影壁、九龙壁、静心斋，小西天里面的西天极乐世界非常震撼，可惜的是这次静心斋没开放，只在墙外看里面海棠树结了一树的果子，真想进去游览一番啊。龙舟50元每人，绕北海水面一周，20多分钟吧，可能价格高，只有四个人坐，不过景色还是不错的。北海是个非常棒的园林，值得一游。,2
583,看看课本里的白玉塔，在北海上泛泛舟，炎热的夏季带来一丝凉爽！公园很大，深度玩得一天！建议带足水和食品！,2
584,"在全聚德吃过午饭，来北海公园划船。乘坐地铁6号线在北海北地铁站下车。,在老北京文化里，串胡同和逛公园都是很有代表性的。前一阵热映的《老炮儿》里，就将公园文化这一属性加以刻画。",2
585,琼岛春荫—北海。这次算是把北海公园的犄角旮旯都走遍了！满园的丁香、海棠，还有梨花，太美啦～唯一不美的是游船！没有手摇船，您也就别荡起双桨了。卡通船不知是不是脚踏的，一小时160元，吓死宝宝了[呲牙],2
586,体验了一回皇上，总要走一走！活动活动！,2
587,品尝了皇上吃的菜！美味！,2
588,相比10元的门票，北海公园是北京必不可少的景点。首先就地理位置而言，西城的位置靠近皇城，诺大的水域面积环境优美，进门就让人有荡起双桨的冲动。北门对面就是后海酒吧一条街，晚上去逛非常合适！,2
589,只能是作为故宫周边游的时候一个休息点，不应该收门票，应该全面开放为好。虽然有白塔和九龙壁，但两个景点的管理、保护和文化宣传跟不上。游客们都是走马观花看一眼，学不到任何知识。,0
590,白塔很有特色，乘船游览比较写意，岛上的建筑也很古香古色，令人惊喜的是湖中还有鸭子，孩子们在船上与鸭子逗趣，其乐无穷！四周垂柳倒映！,2
591,去这就是为了，那首，让我们荡起双桨。,2
592,"暑期旺季带亲戚来逛北海～怕人多顶着炎炎烈日排队买票，于是网购了5张票，每张便宜1.5块～去了之后发现之前担心完全没有必要！哈哈(〜￣▽￣)〜,这天气真是难得！蓝天白塔绿柳、映日荷花～带上吃喝北海泛舟真是惬意之至啊～亲戚们都说太值得一来了，只是很遗憾三希堂关门了没有看到！,北海很美！就是从前门到那里太恐怖了！永远是鱼罐头的5路车没有改善",2
593,一曲让我们荡起双浆把我们带来这里，小孩子特别喜欢，说一定要在这里划一次船，可惜现在都是脚踏的或电动的，北海的水面好像没有想象中的大，不过非常舒服，非常漂亮,2
594,"让我们荡起双浆，小船儿推开波浪，水面倒映着美丽的白塔……,和大观园类似，也成了百姓娱乐之所。,北海公园后面是一群旧宅区。",2
595,"故宫博物院北门,西北侧角楼,西北侧角楼",2
596,风景好，惬意，在湖面上享受微风与美景，走在长廊中像走进了画中，满满的意境,2
597,直接在北门售票点出示短信取得票，很方便。雨后天晴，正适合出来玩。可惜小西天等景点维修不开放，荷花比较集中，还能赶个晚集。,2
598,北京的第一顿就选在了全聚德什刹海店。,1
599,北海公园非常漂亮，夏天有很多荷花，来这里游客很多。这里是全国重点文保，团城就在南门的旁边，也可以顺便参观一下。下雨的时候来北海更有一番风景。推荐！,2
600,景很美，人很美，在这里见识到老北京人特别热情。,2
601,九龙壁很漂亮，荷花很美，小朋友可能做船。,2
602,完全是为了小时候的一首歌去的，里面很休闲，有很多老年艺术家在里面表演，走走听听这的会感受到北京的文化,2
603,“让我们荡起双桨/小船儿推开波浪/海面倒映着美丽的白塔/四周环绕着绿树红墙”这首歌陪伴着我们的童年，歌里的地点就是在北海公园。起了个早，买了张10元的门票，在公园里待了一上午。那天北海公园的蓝天碧波、绿树红墙格外明媚。湖里的荷花开得甚是灿烂，还有许多划船的人，好不热闹。【交通】很多公交都到北海公园，只要坐到“西单路口南站”下就行了；地铁6号线“北海北站”B口出就到了。ps.北海公园旁边就是景山公园，可以把两个公园一起玩了。,2
604,“让我们荡起双桨/小船儿推开波浪/海面倒映着美丽的白塔/四周环绕着绿树红墙”这首歌陪伴着我们的童年，歌里的地点就是在北海公园。起了个早，买了张10元的门票，在公园里待了一上午。那天北海公园的蓝天碧波、绿树红墙格外明媚。湖里的荷花开得甚是灿烂，还有许多划船的人，好不热闹。【交通】很多公交都到北海公园，只要坐到“西单路口南站”下就行了；地铁6号线“北海北站”B口出就到了。ps.北海公园旁边就是景山公园，可以把两...,2
605,大多数人对北海的印象停留在白塔和那首传唱了很久的歌里，但我最喜欢北海的原因是它的荷花，每到七月，荷花绽放，是北海最美的时候，当全家坐上荷花船在湖中悠闲的喂鸭子的时候，加之红墙白塔，最能体会岁月静好的真意！,2
606,北海的荷花太好看了！,2
607,荷花开的刚刚好，虽然天气有点热，但是划船的时候非常凉快！我们划的是60元一个小时的，风景很好！划船的师傅业特别热情！公园里很漂亮，这个季节荷花盛开，适合出行！,2
608,吃完饭就选择去公园玩，北海公园位于北京中心区，是中国现存最古老、最完整、最具综合性和代表性的皇家园林之一。有了学生证打下折，门票价格很低。,2
609,感觉就是一公园，中间一个湖，没有什么特殊的，和其他公园相比没有什么特别的感觉，也就是湖中岛上面的白塔，是北海公园的标志性建筑，除此而已。,1
610,有一个很大的湖，景色特别美，夕阳西下，很有意境！远离城市的喧嚣，来到这个景色优美的地方，让人心旷神怡。距离不远就是后海，周围交通也特别方便。值得一去！,2
611,冬天的北海很惬意，很舒服，天蓝蓝的适合拍照，走走停停，进进咖啡馆，慢慢享受风景，真是不错，比燥热的夏天好多了,2
612,门票¥20，价格还算能接受，里面人很多，这个季节荷花盛开，可以游船河。价格也还好，不贵！湖比较大，公园也比较大，不知道平时人多嚒，逛逛停停，走走，可以玩大半天，还有些酒吧，餐厅～在湖边，景色宜人。,2
613,"琼华岛简称琼岛，因岛上建有白塔，故又俗称“白塔山”。琼华，意指华丽的美玉，以此命名，表示该岛是用美玉建成的仙境宝岛。,琼岛的东北坡古木参天，这里便是“燕京八景”之一的“琼岛春荫”。沿着乾隆帝御题的“琼岛春荫碑”旁的小路前行，可直通迂回曲折的“见春亭”和“看画廊”，眼前的景色犹如一幅天然山水画，美不胜收。,琼华岛上，沿湖岸筑有半圆形的延楼游廊，像是一条彩带将小岛环抱。游廊很长，共 300米，东西两端分别建有倚晴楼和分凉阁。游廊中部建有碧照楼，楼后院内为漪澜堂，据说是乾隆仿镇江金山寺而建，原为帝后来北海泛舟，休息进膳之所，现为著名的仿膳饭庄。",2
614,北海公园很舒服，很多老人在里面健身，空气很好，景色很美，如果在北京就好了，天天来生活太美好啦哈哈,2
615,全聚德烤鸭店什刹海店位于西城区西大街57号荷花市场内，门口招牌门面不大，进去之后到地下一楼就是大厅了，来的时间不是饭点，没什么人，只能随便看看了。,1
616,以前早就去过，这次和儿子来的。一边划船一边欣赏风景，孩子玩的很开心。,2
617,风景还是不错的，跟家人一起去散散步吹吹风，挺惬意的,2
618,"很不错的公园呢,其实我这个人很懒的 然后我给人点评基本上分数都不错但是很少满分（除非在当中我认识了不错的人把她当朋友了）然后就是很不错啊 我在刚进入公园的时候认识了一个老爷爷他说他七十多岁是附近的人 拉着我带我看了好些景点还给我讲历史给我拍照 我也是感动的不要不要的,公园取票很方便 但是按照爷爷所说真的没有很多景点有看头 除了琼岛春阴 九龙壁 五龙堂？噢有点忘了 岛上有一个塔很不错的 不过是除了普通门票十块另外收费的 公园风景还不错啦啦啦然后我往朋友圈发照片时都说假装在桂林哈哈哈 然后各位看客注意别在岛上绕几圈啦记得看地图呦！",2
619,网上订的龙舟绕着湖游览，周边景色宜人，由于时间的原因没有坐摆渡过对岸，下次再去。,2
620,"1145-1230 出了景山公园~不远..就到了北海公园啦~~专门来买出名的排叉~~~,还在护国寺吃了一堆小吃~~~~~",2
621,建议5月初4月底去 看景色的同时可以给亲人祈祷,2
622,美不美大家看图片，就是五一人多没有划船,1
623,特别不错的一个去处 学生票五元 里面很大 老式建筑很多 很有古镇的风格 就是北京空气不太好 整体很赞 值得一去,2
624,这里适合闲暇时候慢慢的转，风景很好,2
625,北海公园，北京人最爱去的公园。在这里冬季滑冰，春季看柳，夏季划船，秋季赏荷，留下了多少我们童年的回忆呀。推荐：一年四季。,2
626,北京老大爷都有才，一个下午听着老大爷们自娱自乐的演奏，感觉生活太美好了，吸引我的北海公园,2
627,"在北海公园亭子里坐着听曲儿，端坐长椅上常有路人过来逗身旁的鸟儿，带着孩子让公园里的街头艺术家画个即兴画儿，饿了在街边拐角的小店铺买个饼儿，日子过得确是有滋有味。,北海公园游玩的最佳时节应当数夏季。当琼华岛边出现“接天莲叶无穷碧，映日荷花别样红”的情景，一定能够满足你对北京绵长盛夏的无尽想象。,来北海公园正值初春，风景稍显逊色，但是也有值得一看的亮点。",2
628,1982年北海公园九龙壁照相留影。长城留影。,1
629,北海公园夏天可以划船，冬天可以滑冰，真是个好地方。这里也是历史上传统的皇家“冰嬉”的重要场所，慈禧太后每年都乐此不疲地观看宫女们在太液池上的“冰嬉”表演。,2
630,"穿过百年老街，来到海边走走。一个渔夫靠岸在看钓鱼，我们走过去拍了几张照片，后来他把船划过来，说带我们去海那边玩玩，只要15块。于是我们上了船，因为海风不大，太阳不猛，我们晃悠晃悠的吹着海风，和船夫有一句没一句的聊着。偶尔经过在海上打捞的人们，我也学着跟他们每一个人打招呼“今天打捞了多少，有几斤”的话，馒头在旁边笑翻了说：你就感觉像回到家一样。打招呼就像那句“你吃饭了吗”一样普通…后来，上了岸，想看看包包有什么可以给他的，找来找去只找到一袋糖果。我跟他说：我去跟岸上的人说，叫他们过来坐你的船。他笑呵呵的回应：好的，一路顺风哈~后来上了岸，馒头说都不认识，不好意思开口额。我听了一下，刚好他们也在讨论出海的机会，我心想：好机会呀。于是就扯开嗓门说：刚才我们两个去游了一圈，船夫人很好，还指着他的方向…后来，再后来，当然好多人一窝蜂的奔了过去～我朝他的方向挥了挥手，别去多珍重哈！,漫步百年老街,品尝美味海鲜逛逛街,有种流年似水,太过匆匆的感觉,一些故事来不及真正开始,就被写成了昨天,远方的故事会怎样？,在船上，我们看到有一对夫妻在打捞海螺，我们就跟渔夫说，我们可以问他们拿几个吗？我们靠过去去，船夫一直介绍说我们从哪里来，想拿几个海螺。船上的女人给我们抱了一堆过来，我捧在手心，心里想着因为他们的善良，大海才会如此的馈赠他们。,我想做海的女儿！,获得船夫同意我拍照后，兴奋的抓不住自拍杆，好开心好开心。哈哈！",2
631,去年夏天和朋友在广州一家青旅认识了刚高考毕业的汤圆，之后我们又成功怂恿她暑假和我们一起去东南亚玩，我们之间又多了一些共同的朋友。这一次，我们也是相约在冬季，闯东北！汤圆在农大读书，下午我们约在北海公园,2
632,1、让我们荡起双桨，这首歌让我对白塔印象尤其深刻 2、湖很大，可惜我是冬天去的，不能泛舟湖面 3、公园内景观错落有致，有在南方的感觉,2
633,去的时候是冬天，人工给冰面化了一块，让鸳鸯可以在里面游水，水上飘着各式各样好多的鸳鸯,2
634,踏青的好去处，风景优美，环境淡雅，宁静清心。,2
635,北海公园。环境清幽。风景秀丽。尤其是春天的时候。南天配绿水。形成了一幅完美的图画。公园内有九龙壁。湖中央的小岛上的白塔是北海公园标志性建筑。但是进白塔得单独买门票，,2
636,好好玩，空气好，环境好，人挺多，值得去！,2
637,只要有时间，我都会在早晨上班前去公园早锻炼，和一帮大姐跳跳舞，聊聊天，看看花红柳绿，春风冬雪。,2
638,吃完冰淇淋，天空也放晴了。继续向北海公园出发。,2
639,"“让我们荡起双桨,小船儿推开波浪,海面倒映着美丽的白塔,四周环绕着绿树红墙,小船儿轻轻 飘荡在水中,迎面吹来了凉爽的风。。。。。。”唱的就是北海公园，北海公园绝对是值得已取得地方，门票也不贵，联票15元，当然我是说天气好的时候真的很美很美",2
640,北海公园很美～景色不错，看了九龙壁～电子票超级方便，验票，入园～速度快,2
641,国庆节去的北海公园，人也不是非常非常多。不得不看的是白塔还有九龙壁，白塔是标志性建筑，九龙壁很壮观。秋天风挺大的。去的时候荷叶还有一大片但是估计已经过了荷花的花期了，再早点去应该就能看到大片荷花。里面有皇家邮局，可以买明信片写明信片再由它帮你寄出去，个人比较喜欢这个。,2
642,北京的景点都很便宜，景色宜人，北海公园划船也不错。,2
643,感觉很有文化气息，无论是本地人还是旅客，这里都是人气聚集所在,2
644,北海公园最出名的就是白塔了，不过白塔远看就好了，它是一个实心的建筑，进不去的；北门进去的水面上有很多水鸭、鸳鸯，可以带点面包、馒头去喂食，挺有趣的。南门那边有个滑冰场，有冰鞋的，也有冰车的，冬天时很是热闹！,2
645,为欣赏九龙壁慕名而来，北海公园是相对清静的公园，没有喧嚣的旅行团，多的是老北京风情。地铁北海北站出来就到。,2
646,"让我们荡起双浆，唱的就是这。,景山公园下来，往右手边一直走，就可以走到北海公园。,淡季门票5元，联票15元，我们只买了门票。,公园里面环境不错，整个公园都可以听到美妙的歌声，每走一段就会有人在唱歌。,唱得都是一些耳熟能详的歌，我们都忍不住一起唱。",2
647,"北海公园位于北京市中心区，在故宫的西北面，与中海、南海合称三海。北海公园作为京城的名景之一，还是非常值得推荐的。北海公园属于一年四季皆可游览的公园，四季风景各有特色，春观垂柳、夏赏荷花、秋天的蓝天白云、冬日皑皑白雪都非常上镜，不过个人还是非常喜欢夏初时节的北海公园，荷花盛开，驾船在荷叶间穿行，艳丽的荷花近在咫尺，淡淡的花香似有似无，很是让人陶醉。,游览建议：如果您是第一次去的话，个人感觉还是购通票的好，可以去团城转转比较有特色、去琼华岛上近距离赏白塔。之后再去小西天和九龙壁看看（免费）。,游玩路线：南门进—团城—琼华岛（普安殿-悦心殿-白塔）—游船—五龙亭—小西天—九龙壁—静心斋—北门出，可步行去后海。,游玩时间：4小时。,交通：非常便利，有多路公交车可达，南门附近有停车场。",2
648,阳坊的大都涮肉在北京市的昌平区。阳坊的涮肉是出名的，而大都涮肉更是出类拔萃的。办公室一行人经过游玩凤凰岭的又累又饿后，驾车来到预订好的阳坊大都涮肉馆，那真是饱餐一顿，赞不绝口呀。,2
649,北海位于故宫西北侧，与“中海”“南海”合称三海。公园曾是皇家园林，园内亭台错落掩映，湖畔林木郁郁葱葱，风光极美。,2
650,秋冬去的，那时风吹过叶子纷纷往下掉，超有感觉的，带上女朋友去走走很浪漫，累了边上有咖啡店可以坐着看外面的风景,2
651,没事儿去划划船挺好的，毕竟北海挺大的，就是腥味儿重，湖里总有一群鸭子嘎嘎的叫，玩累了可以去北新桥吃点好吃的，公园里的大柳树挺好看，经常有晨练的人。,2
652,很冷 景色挺好 园里人也不少  有很多鸳鸯很好玩 唯一不好的是公园里居然有人在用弹弓打鸟！！！希望园方能关注此事 那几个人貌似是本地人 白塔 没别人说的那么好 没什么必要买票进去,2
653,总体不错!小时候的“让我们荡起双桨”这歌就是采景这里的。,2
654,是一個值得去散心，溜達的好地方!門票也才5元。,2
655,北海公园山上的白塔需要另外购票，不看也罢。不过公园北部和北海西北地区还有很多值得去的地方一定不要错过。,2
656,傍晚去的，由于是冬天，人不多。有一些老年人在散步夜晚+雾霾+北海 别有一番风味～,1
657,也有皇宮景，門票便宜。很多熱趣，吃的地方少。,1
658,让我们荡起双桨的地方，书本的地方飞到了我的面前,2
659,公園很大，非常票亮，門票很便宜，值得一來,2
660,很美丽，果然是皇家园林！！！！,2
661,很不错，公园很大，很多文艺活动,2
662,风景超漂亮，赶上了夕阳,2
663,虽然不如颐和园壮阔，但更加秀美！来北京必游之地。,2
664,帝都最美的公园，也是我们来北京最好天气的一天，蓝天白云下的人们如此幸福，在公园享受惬意休闲时光，真想时间过的再慢些……一切都很美，唯一取票点的工作人员不太敬业的素质拉低了北海公园的印象。冷冬里，工作人员如果能给予游客一个亲切的微笑，也许能让游客对此行更添完美。,2
665,北海公园里有出名的白塔，可惜去的那天有雾霾看不清楚，但遍地的银杏树叶衬着红墙绿瓦还是分外好看。去的时间有点晚，没去湖对岸，走了一段路还是非常美的，门票只要五元，秋天溜达一圈很不错。,2
666,很美的北海公园～“水中倒影着美丽的白塔，四周环绕着绿树红墙”…,2
667,冲着让我们荡起双桨这首歌去的北海公园、进门就看到经典的白塔和北海中的倒影、等着第一辆游船出的海，整艘船只有我们两个人，花了俩人的钱享受了包船的待遇，但是因为十一当天风大，没有去外海，略显遗憾。不过当天只出了两艘船，后来的因为风越来越大全部都没出海。,2
668,老北京就是不一样，京韵京味在北海体现的淋漓尽致,2
669,北海位于北京市中心，故宫的西北侧，与“中海”“南海”合称三海。公园内亭台错落掩映，湖畔林木郁郁葱葱，是中国现存最古老、最完整、最具综合性和代表性的皇家园林之一，白塔、九龙壁、玉佛等无不精美绝伦；美丽北海——水波荡漾，乳白白塔——银光闪闪，风光优美的北海公园。北京地铁6号线北海北站可到达。,2
670,北海公园是著名的皇家园林。五龙亭，九龙壁，永安桥，琼华岛是必到之地，琼华岛上有著名景点白塔和仿膳。旅游线路可从南门进北门出。,1
671,皇宫的后花园，天气好，风景更好。五龙亭，，九龙壁，琼华岛，永安桥，可以从北门进，南门出。,2
672,门票便宜，不用买联票。有个小道可以爬上去看到白塔的。南门进直接到琼华岛，不用坐船。,2
673,"时间不赶，所以就没起大早。早就惦记着【姚记炒肝】，错开高峰期，享受京味早点。点了一份炒肝、卤煮、一碗豆汁（吃不惯味道太令人难忘）。,赶上了又一个蓝天，觉得北京这几天待我不算太难堪，暴雨在前蓝天在后。北海公园好多老人在亭子里举办小Party或唱或跳或朗读，一口京片子让我对这个城市的好感度飙升。",2
674,北海公园是游览故宫后必去的一个景点，园内景色优美，特别是九龙壁和白塔，更是标志性建筑，此外北海皇家邮驿也很有历史韵味。,2
675,从故宫北门出来坐一站公交就到北海公园（喜欢步行的也可以）。里面很漂亮，果然皇家公园就是不一样，里面有一家护国寺小吃挺不错的，走了半天的故宫在这里歇息一下挺不错的，护国寺小吃对面还有一家庆丰包子铺。公园里面做运动、散步、跳舞的市民也不少。,2
676,"北海公园(Beihai Park)，位于北京市中心区，城内景山西侧，在故宫的西北面，与中海、南海合称三海。属于中国古代皇家园林。全园以北海为中心，面积约71公顷，水面占583市亩，陆地占480市亩。这里原是辽、金、元建离宫，明、清辟为帝王御苑，是中国现存最古老、最完整、最具综合性和代表性的皇家园林之一，北海景点众多，一般分为：北岸景区、东岸景区、琼岛景区、团城景区四大区块。燕京八景的琼岛春阴就位于北海，还有著名的九龙壁，白塔等。,从恭王府出来，不知道怎么转悠的，就看到了北海公园其中一个门口，那怎么也得去看看了。",2
677,北海公园是中国现存最古老、最完整、最具综合性和代表性的皇家园林之一，1925年开放为公园。是中国保留下来的最悠久最完整的皇家园林。园内景色十分优美，非常值得一去的公园！,2
678,"因为1点才到旅店，考虑到第一天应该去轻松的地方，所以就规划了各个公园。,北海公园的门票是10元，好像有什么联票，不过建议在所有的行程里除了天坛可以买联票，其他的地方门票就够了。,公园里可以做游船，15元往返，从门口到白塔那座山，随时回来都可以。,北海公园当然风景是好的，而且人不多。都是些老大爷老太太在锻炼。,白塔没必要上去看，10块钱，围着走一圈就可以了。",2
679,九龙壁。威武霸气！虽然是晚上，效果还是那么活灵活现！,2
680,南门是正门，我是后海荷花市场那出来过地下通道到了北门，门票20，很便宜。一进门走不远就看到白塔了。之后我就哼了一路小船轻轻飘在水中迎面吹来了凉爽的风......湖里飘了各种小船，可以根据需要坐船，我们时间有限又有点累 做了大船，单程10元。公园慢慢游玩还是很不错了,2
681,作为公园，景致还是非常不错的，有山有水。本地人茶余饭后休闲散步的好地方！,2
682,北海公园，因为去的时候天色已晚，照片效果并不太好。不过也玩的很开心。主要是门票很便宜，学生票还半价。我和伙伴们绕了北海公园一大圈，从北门走一圈回到北门。遗憾的是没有看到荷花。不过游客也很多，不算太堵。很希望下次的北京之旅还可以来这里。,0
683,北海公园很大，景色很美，那天去晚了，天也冷，没有划船，有点遗憾。,1
684,皇城的后花园~这个十一去的时候人超级多啊！,1
685,十一去的，人不少，但景色还是不错的，加上天气很好，是一个不错的去处。公园环境很好。,2
686,因为国庆这几天会有台风，所以这次遗憾没有去成涠洲岛。到北海的第二天一早吃过早餐出去北海公园，离我们住的地方不远，开车20多分钟就到了。只是到时已经只能是人看人了。沙滩已经很难找到位置了。,0
687,北海公园是个休闲散步的好去处，有很多老人在里面遛弯，湖里养着些各色的锦鲤，可以带些馒头去喂食，一年四季景色各有特色，我比较喜欢春夏去，各种花草生长正旺，景色怡人！,2
688,让我们荡起双桨，小船儿……北海的白塔是它的经典画面。,2
689,北海公园风景漂亮 进去就能看见美丽的白塔 坐着游船慢慢靠近 揭开了神秘的面纱 在故宫错过的九龙壁在北海公园看见了,2
690,经常去，皇家园林中最经典的，小而全，荷花很好看,2
691,赶上天气好，阳光普照下景色更美，还遇到一对基情…^_^,2
692,买的通票，把北海和团城逛了个遍，这里的每个物品都有自己独特的意义及历史寓意，玩的特别开心，强烈建议大家去玩,2
693,"这里是昔日皇家园林，景色秀丽，湖水倒映着白塔，泛舟湖中，领略周围景致，再唱响""让我们荡起双桨......""那真是回到童年时的美妙绝伦的感觉。",2
694,北海公园景色还不错，主要是看白塔，国庆节去水面都是游船，不过建议可以租个船玩一下，可以看到大半北海公园的风景。,2
695,去的时候天气不是很好，白塔看起来不是很清晰，很可惜！绿树环绕，红墙白塔，菊花正浓，景色还是很不错的！在网上购买的龙舟套票，必须从北门进！让我们这从故宫出来的人很是不方便！从南门到北门绕了一大圈！公交车根本走不动！从地安门还走了一公里多到北门！而且门票很不正规，就是一张手写纸条，希望能改进。,2
696,北海公园。花花草草，小河小舟，凉亭楼阁，闲情逸致，庆丰包子，虾仁馅儿，贵的不值，图个人气。 晚饭！！本来打的跟师傅说去王府井的东来顺吃火锅，车费30，刚开车，师傅说推荐去福满楼吃火锅，老北京人都不去东来顺，于是，我们决定去福满楼，就一丢丢路啊，师傅也收30啊，这是顾问费么。==  烟囱火锅，每人一小锅，喜欢这种火锅样子。特有感觉。个人觉得。还是鼻祖火锅更带劲。 价格的话跟鼻祖火锅差不多。,1
697,古老的园林，优美的环境，非常的赏心悦目。,2
698,是放松心情的好地方，坐在游船上看远处的白塔很惬意～,2
699,国庆去的，人比较多，不过很热闹，有不同的国家的人跳舞，景色也很美，湖很大，说也很蓝，划船很好玩，去的人多的话，划船还是挺划算的,2
700,1''地方很好找，出了地铁往前走五分钟就到了。 2，不明白为什么不能自助验票，结果还是排队。虽然人不多。 3''进去以后随意转，就是北海～就顺着人流看看白塔拍拍照。散散步挺好的。而且人比较多。逛白塔需要另外收费的。就没去。人少的时候应该是个约会好去处吧～,2
701,白塔、平静安逸的湖面，安静又不失威严的建筑,2
702,电子票方便快捷，秋天北海公园适合划船。,2
703,北京的很多景点门票分淡季和旺季价的，是在四月底的周末去的，正好赶上淡季票，园内景色不错，远远地看水里印着白塔、微风吹着边上的柳树，大人小孩休闲地玩着。白塔是要另外收费的，没有去。,2
704,北海好大了，先登得白塔，然后下山走了一圈，空气很好，有助于放松心情，印象最深的是双面九龙壁，栩栩如生！,2
705,因为快要中秋了，计划着在后海看日落看月亮，所以在后海走走停停，转了一大圈。旁边都是酒吧，会有很多歌手在唱歌，喜欢又不想去酒吧，可以在柳树下坐着听听。,2
706,北海公园 真心不错 还可以划船 风景更不用说 值得一去的好地方 摄影旅游各方面都真心不错呢,2
707,生活在这附近的人真是太幸福了，环境很好，特别适合休闲,2
708,"观展笔记4⃣️6⃣️｜故宫午门新展寻茶记,李嵩《骷髅幻戏图》，是我知道有这幅画后，就一直想看看真迹的一件，太与众不同的画风。,午门的“茶·世界——茶文化特展”，喜欢茶的朋友一定要来看看。以实物梳理一遍古今茶史。,1⃣️南宋 李嵩绘 骷髅幻戏图。,2⃣️唐 法门寺的茶具系列，这是茶史中不可或缺的部分，精美雅致大方。,3⃣️日本 银鸢尾花纹茶具套装。第三展厅讲的就是茶与世界的故事。,4⃣️北宋 铜渣斗与茶叶遗存。来自于陕西吕氏家族墓葬。嗯，中国考古学鼻祖吕大临的家族墓。还有首次展出的山西长治唐墓白釉茶具，白居易旧居文物等等。,5⃣️战国 原始青瓷碗及茶叶遗存。该碗中的茶叶残渣，是目前考古发现年代最早的饮茶实物证据。而这件原始青瓷碗，也是目前可证最早的茶器。很容易被忽略的一件文物，在新疆阿斯塔那托盏仕女壁画旁边。,6⃣️人工种植茶树根，浙江余姚河姆渡文化田螺山遗址的遗存，绿茶茶树的根须。这件文物，把中国人工栽培茶树的时间上推至距今6000年前后。,7⃣️清 普洱茶。普洱茶膏和故宫的传说是个茶号就会八卦一番。这次可以亲眼看看清宫收藏的普洱茶，数量还不少。其他还有龙井、碧螺春、珠兰茶、安化茶、人参膏茶等等。,8⃣️清 灌县细茶。《僮约》里记载西汉四川人就风靡饮茶。展厅里展出了七八种川茶名品贡茶。这件黄签上的灌县就是今天的都江堰，光绪三十四年四川总督赵尔巽进。查了一下赵尔丰和他啥关系，原来他们兄弟都当过四川总督啊。,9⃣️清 哥德堡号沉船茶样。瑞典东印度公司的沉船，除了大量瓷器，船上载有370吨茶叶。这数量真够惊人的。,🌟“茶·世界——茶文化特展”,📌故宫博物院午门展厅,🎫 特展🆓，需要购买故宫博物院门票和预约,🕒：2023年9月2日-11月30日,汇集国内外30家考古文博机构的555件（组）藏品。,❗️李嵩骷髅幻戏图页、铜渣斗、石铫、螺钿竹雀纹笼地茶箱、宋元人书蔡襄茶录卷、宋人春宴图卷展出至10月8日，10月10日起将替换为弘历临蔡襄北苑十咏册、蔡襄自书诗札册、张择端清明上河图卷（现代摹本）、明人清明上河图卷",2
709,28岁之前，你必须拥有的九场旅行,2
710,故宫又名紫禁城，世界上现存规模最大的宫殿建筑群，到北京必去的景点，没有之一。当时冬季下着雪去的，故宫黄色琉璃瓦配上红色的墙体在白雪皑皑下十分亮眼，俨然给人一种很庄严，磅礴的感觉。故宫开放的时间是早上8：30，强烈建议早点到达，争取赶在第一批游客进入，因为太迟的话只能去看人山人海了。门票淡季是40元，旺季是60元，建议网上订票，排队很麻烦。故宫里有地图，可以走中轴线一条直接走到底（金水桥-太和门-太和殿-中和殿-保和殿-乾清门-乾清宫-交泰殿-坤宁宫-御花园-神武门），这也是典型的旅游团走马观花线路，永远的人挤人。中间的是皇帝上朝办公和书房的地方，当然也可以两边逛，两边是嫔妃，太后住的宫殿，但是很多都未对外开放，走到最后是御花园，再走就出宫门了，时间和体力允许的话也可以每个线路都走一遍。在故宫里参观一定要备点水和食物，一趟走下来至少也要半天时间，景区里的东西你懂得。故宫后面是景山公园，强烈推荐要去，爬到山顶能俯瞰整个故宫全貌，老北京城尽收眼底非常壮观，之前门票2元一人，现在好像上调到10元了。另外1、珍宝馆和钟表馆可以去看看，都需另付10元门票，但人不多，而且有很多不错的藏品。2、导游机，自行前往的朋友可以在入院处租一个导游机(20元租金，无需押金)，每到一处景点，它就自动开始介绍，这样参观下来更能明白这些建筑的典故，不至于感觉在逛一个空荡荡的皇城，当然故宫内到处是旅行团，也可以去蹭个导游听听。故宫的历史底蕴赋予了它独特的魅力和历史厚重感，去北京一定要去走走。,2
711,"【说在前面的话】由于晚上已经提前来踩过点了，所以白天的时候就直接过来了，很方便，由于住的地方就是在这附近，乘坐地铁1号线到天安门西站这边下的，然后步行大约20分钟到的天安门广场，盛夏的北京天气很好，没有雾霾，穿过人群来到广场前，走到故宫里面。,【关于故宫】故宫是来北京旅游必到的一个景点，北京的历史文化非常深厚，来故宫就可以感受的到，故宫很大，建筑很宏伟，故宫也是明清两代的皇宫，所以来这里参观旅游人超级的多。,【门票】故宫的门票是60元/人，由于故宫每天有限制人数参观的，所以提前在官网买了票的，到了这里直接刷身份证入内的，很方便。提示：故宫有分上午和下午两场的哦，所以建议来参观的人早一点来，人数达到了就会拉起警戒线不可以进去的。,在官网买的门票只是大门票，在里面参观还有珍宝馆，这要单独收费的，10元/人。,由于是自由参观的，加上故宫太大了，所以来这里租了一个电子讲解器，20元/次，操作简单方便，有好几种语言。参观完直接还给门口那个归还处就可以了，而且租这个不需要押金的，感觉很人性化。,在故宫里面参观，里面的设施很齐全，有休息区域，但是里面的小店不多，如果是要打算参观一上午的话，建议自己可以带一些食品哦，里面虽然有一个小店，但是食品不是很多，而且价格很贵。",2
712,"从午门开始沿着南北中轴线一直到神武门，中轴线两侧的宫殿庭院围成一座紫禁城，琉璃瓦在阳光的照射下熠熠闪光，绮丽的角楼耸立在高高的城墙之上，墙外环绕着静静流淌的护城河。五百年了，它以不变的姿态伫立在这里，那些生活在其中的帝王妃子们也许不会想到，几百年后，他们曾经居住的场所会让无数的游人趋之若鹜。,清晨的午门早已聚集了许多等待参观故宫的人们，不知道当年皇帝在立春赐春饼的时候，下面百姓是不是也这样等待着。只有午门，才能真正地叩开故宫，叩开两个王朝近五百年的是是非非，浮浮沉沉。,泱泱五百年，故宫历经了明、清两个朝代二十四位皇帝。宫中的9999.5间房间里不知道暗藏着多少勾心斗角和悲欢离合，也不知道每一位至高无上的皇帝是否踏足过每一个房间。他们或在其中勾勒自己心中天下的宏伟蓝图，或是寻欢作乐，或是为百姓疾苦而担忧。褪去帝王的光环，他们或许也希望像一个普通人一样生活，收获简单的快乐。,物是人非，昔日的金碧辉煌演变成今日墙上的斑驳纹路，廊上的彩绘已变得黯淡，错落有致的亭台楼阁被施工的脚手架挡着，并罩着一层纱网。故宫老了，它经历了太多的风霜雨雪，需要修复和治疗。可即便是这样，飞檐翘角上的角兽、精致的白玉石雕、大殿内的陈列摆设仍旧透着一种无与伦比的气势。",2
713,"【历史】故宫始建于明永乐也即朱棣时期，与元大都位置并不完全相同，落成于1420年，但当年即遭火灾，太和殿焚毁。其实紫禁城还是蛮坎坷的，多次遭受火灾，现存大部分建筑都是在清代重新修建的。,【建筑】紫禁城实在是中国建筑的瑰宝，座落在北京城的中轴线上。以北为子，以南为午，从午门进入，经过金水桥和太和门，自南向北排列着太和殿、中和殿、保和殿、乾清宫、交泰殿、坤宁宫、御花园、神武门。其中太和殿是最宏伟的建筑，也是世界上现存的最大的木质建筑。太和殿长宽比为9：5，意为九五之尊，无论是体积最大的琉璃构件之王龙吻，还是中国建筑史上唯一的一例走兽行什，都体现了太和殿至高无上的地位。关于紫禁城的建筑能说的太多，如果有兴趣了解的话推荐一本单仕元先生的《故宫营造》，可以对故宫的建筑有更深的了解。,【门票】故宫旺季门票60，淡季40，学生票20。天安门城楼需要另外买门票15元，并且不能带包上城楼，需要另外付费存包。故宫里面是可以带包的，故宫内的珍宝馆和钟表馆也都需要另外买10元的门票。,【游览】故宫早上8：30对外开放，下午16:30禁止入内，17:00停止对外开放。故宫的中轴线是一定要游览的部分，粗略下来也要2到3小时时间。西线主要是太后和妃子的寝宫，东线主要是乾隆太上皇时期修建的宁寿宫和珍宝馆、钟表管，时间有限的话可以选自己感兴趣的部分游览。,另外，故宫今年新开放了一部分城墙，从午门上，可以走一段城墙，领略不一样的故宫。可能知道的人较少，城墙这条线路上的游客还很少，很值得一去。,故宫内部的物价相对较贵，如果想要深度游览的话可以考虑自备一些食物和水。",2
714,故宫博物馆交通很方便，有地铁直达，还有多班公车直达，北京的交通费用很便宜。故宫作为明清皇朝的皇城，怎能不去逛一逛呢。几百年前，明清总共有24个皇帝，就是住在这里，一切显得神秘而庄严。这次来北京，长城和故宫是必游之地，我本身是一个很喜欢中国历史的人，而故宫这种活化石可以给我很多关于明清时代的历史。,2
715,"故宫旧称紫禁城,以三大殿为中心,占地面积72万平方,米,建筑面积约15万平方米,有大小宫殿七十多座,收,藏有105万件珍贵文物,规模较大、保存较为完整,是,中国古代宫廷建筑之精华。所以在很短的时间里,很难将故宫全部参观完毕,一天也只够参观到其一部分,不得不感叹中国建筑之博大精深。,作为中国人,一生中必去的地方。,【门票】,淡季：40元/人（不包括珍宝馆、钟表馆）；,旺季：60元/人（不包括珍宝馆、钟表馆）；,珍宝馆/钟表馆门票分别为：10元/人。,身高1.2米以下儿童可以随监护人免票参观。,【开放时间】,旺季 8:30-17:30，淡季 8:30-17:00；,故宫博物院全年开放，开放时间按照淡、旺季会有所改变，遇到法定假期也会延长或缩短开放时间。,故宫博物院门票需提前预定，身份证实名认证，并且周一不对外开放。,建议穿舒适的鞋子，因为走路较多，建议租解说器，如果不能了解这里的历史，来游故宫也就是走马观花而已，了解了历史才能读懂紫禁城里的故事。在午门与神武门内，设有语音导游租赁服务处。汉语版、粤语版语音导览器租金20元/台，其他语种版40元/台。参观完毕后，在出院前将语音讲解器交至讲解服务处即可。,推荐比较常规的几条路线，可供参考：,路线一：午门-太和殿-中和殿-保和殿-乾清宫-交泰殿-坤宁宫-御花园-神武门,路线二：中轴线 东线承乾宫-永和宫-景仁宫-延禧宫-外东路钟表馆-珍宝馆-御花园,路线三：中轴线 军机处-慈宁宫-寿康宫-太极殿-翊坤宫-储秀宫-御花园,（三条路线均会通过故宫前的三座大殿）,路线四：午门雁翅楼",2
716,"第一次到紫禁城的游玩，一个字“累”，走断脚的一天，累并快乐着。皇宫大院太大了，看完“三宫六院”时脚都快废了。不得不说，紫禁城的建筑群气势雄伟，体量宏大！游玩紫禁城，不是说走马观花就可以走完，即使你匆匆游览一遍都得花上大半天时间。游玩紫禁城不可忽略的三个点：一是故宫游玩的路线，二是故宫建筑群的细节， 比如 屋顶上的脊兽，三是故宫珍贵文物。紫禁城大，大到可以让你迷失方向，但你可以观察自己当下的一砖一瓦、你也会惊讶它们也是很美的。,【游玩路线】如果说，想避开人群，慢慢感受整个紫禁城的韵味，想在红墙拍美照可以先从东西六院玩起，也就是从太和 门进去，到太和 殿时，两侧都门口到东西六院。如果是第一次游玩紫禁城，还是建议先从中轴线再到东西六院，先看看中轴线的金碧辉煌的宫殿。,中轴线：午门— 太和 门— 太和 殿—中和殿—保和殿—乾清门—乾清宫—交泰殿—坤宁宫,【游玩前准备】门票、身份证、干粮和防晒用品。故宫的门票60元，得提前购买，故宫的门票有分上午场和下午场的，购票时需要看清楚，我们是在蚂蜂窝上提前两天才买到，买的全天场的，价格都是一样的，每人60元，而且是实名制的，用身份证刷卡才能进去。,对了，记得最好防晒措施，防晒霜、大帽子或者是雨伞，整个紫禁城树木稀少，中轴线光秃秃的没有树荫遮挡最容易晒伤，阳光辐射很大，我们回来都黑了一大圈。而且还要备好面包、水，特别是水，逛紫禁城很需要能量补充，在东西六院有一些地方卖水，一瓶矿泉水都需要10元，一个面包也是10元，有点贵。还是自己带上比较好。,天安门城楼,乾清宫,太和门也是紫禁城内最大的一对雌雄狮子 。,太和殿，是真的被眼前的雄伟建筑震撼到了，汉白玉石桥，黄色琉璃瓦。貌似大家都赶着上朝去， 太和殿的游客是最多的，这比在电视剧上看文武百官上朝还壮观。,不能错过的紫禁城脊兽，太和殿上可以全部看到完整的十只脊兽。 中国古建筑上的跑兽最多有十个，分布在房屋两端的垂脊上，由下至上的顺序依次是：龙、凤、 狮子 、天马、海马、狻猊、狎鱼、獬豸 、斗牛、行什。,每天都限流，只容纳8万人，我们是8点半左右到故宫里面，已经显示没票。再说了，我们也是提前两天才能买到，更何况现场买。提醒一下，记得提前两天网络上购票，可以在蚂蜂窝、去哪儿网、携程等等。,午门检票口出来就看到故宫讲解服务，可以选择讲解员和自动讲解器，当然是自动讲解器便宜点，20元次。讲解器是有必要买的，可以方便自己所在的位置和具体的说明。对了，讲解器只能一个人使用，只有一个耳机，小伙伴买了一个，而我全程听讲解员的。因为每到一个地方，可能会碰到一到三个讲解员，甚至不止三个以上。发现他们每个人都讲得很好，很生动，声音都很好听。,过了安检，就看到广场上人山人海，果然，故宫没有淡季的时候，啥时候游客都一样的，哪怕是狂风暴雨也不例外。记得要带身份证。",2
717,"北京故宫是中国最有名的皇家宫殿，紫禁城是我心中最爱的宫殿，也是游览北京必去的景点。我通常都会带些吃食，在这里待上一天，去了多次也不觉得腻，我相信故宫有自己独一无二的魅力，才能吸引着中外众多游客。,初入故宫大门，第一感觉便是十分震撼，多少宫殿烟雨中，金碧辉煌看不尽，我每年都会去一次故宫，每次都会让我流连忘返，春天看宫边柳梢初长嫩芽，夏天看凌霄花攀岩走壁，秋天看落叶萧瑟纷落，冬天看飘雪拂过红墙黄瓦，十分美丽。每次游逛都没有什么固定的最佳路线，因为不赶时间，走到哪便是哪，不必走马观花。所以算下来，过了几年，才把故宫逛过大半，,感觉故宫大极了，几百年沉淀出的故事必定也复杂极了，喜欢找个游人很少的坐椅，抬头看着在故宫蓝天上的飞鸟发呆，喜欢带本书，在某个僻静的宫殿角落团起来翻几页书，喜欢看大殿上的小兽，喜欢看横梁上绘的花纹。这些都让我感到有趣，有时会觉得故宫的时光凝固了，人来人往，它依旧不为所动。它只是静静伫立在北京城的中心。,游玩这样的地方，最适合沉静下来，跟它一同呼吸，在一呼一吸间感受它的美丽和纯粹，喧闹和赞叹都有些多余了。大家会更多的赞叹它的外在，我更执着于探究它的内在之美。,游玩故宫成为我一种习惯，一种情怀。,【温馨小贴士】,1、门票：60元旺季/40元淡季，学生票半价，可以提前在网上购票刷身份证进。,2、交通：地铁1号线天安门东站或天安门西站下。,3、讲解：可租语音导游租赁，每台20元。参观完毕，请在出院前将语音讲解器交至午门与神武门讲解服务处。,4、游览时间：周一闭馆。",2
718,"故宫仿佛已经成为北京或者中国的第一打卡点了。今天想要分享一下，同样都是去故宫怎么拍点不一样的素材呢？,推荐场所：📍,1.珍宝馆,🔷推荐理由：珍宝馆因为是单独付费的，所以经常都会被人们忽略。觉得十块钱可能也看不到什么东西？或是因为走正常线路就错过了珍宝馆？但其实这十块钱真的太值了！答应我一定要去。,除了有之前宫里的摆件玉石还有后宫娘娘们曾经戴过的头饰等等。女孩纸在这里真的一点都挪不动步！超级美！每一件都会让人觉得很惊叹。,除了以上珍宝馆还有几处开放的宫殿可以进去里面！！！走主路的都知道，不说进殿了，看一眼都隔得特别远，但是珍宝馆的几处宫殿是可以直接进去。非常直观的感受到曾经历史的气息觉得太棒！还有几处宫殿拍照也很不同，毕竟这里人要少很多！,2.来故宫拍御猫📍,故宫的猫现在都很网红了，传说中紫禁城里的御猫有200来之，但大多数都在没有开放的区域活动。这次运气很好的碰到了四小只，拍到了2只。,总结一下喵星人比较爱出没的地方：🔷,*景仁宫附近和钟粹宫过道,*珍宝馆（我是在这儿拍到的）,*颐和轩,希望大家运气爆炸好的都能遇到它们哦~,最后想说，一直在等紫禁城下雪，来了2次都没有这个缘分，希望有一天能够刚刚好的看见故宫雪落下的声音",2
719,周六去的故宫，每年11月到3月属于淡季，门票就只要60，如果是其余时间的话就是80元的门票；学生证买票可以半价，别的一些证件也有可以半价的；tips：推荐百度故宫博物院在网上买电子票，在去的前一天的14点之前买，这样进去的时候就可以直接刷身份证进去不用排队取票什么的特别方便，而且你可以在网上退票或者更改日期如果临时有事去不了的话，非常方便；做地铁是在北京游玩最实惠最方便的一种方式，去故宫的话就坐地铁1号线在天安门北下就好，穿过天安门就是故宫啦，5路公交车坐到北海站下步行几米也就到了，很方便；故宫游览，最重要的是看细节，很多东西如果没有行家或者导游给你讲解，你是无法领略到其中的奥妙的，建议请导游，有时候请导游都不用买票因为他们会直接有票卖给你带着你进去；里面的几个展览馆，因为时间有限我就去青铜器馆和钟表馆，非常非常推荐大家去故宫的时候进去这些展览馆看一下里面的藏品，钟表馆每天上午11点和下午两点会有钟表表演，这是最精彩的地方，你可以直观地感受到那些几百年前的钟表是何等的精妙！,2
720,"无论何时去北京，故宫都是我最心仪最想去的地方。故宫博物院建立于1925年，是在明朝、清朝两代皇宫及其收藏的基础上建立起来的中国综合性博物馆，是中国最大的古代文化艺术博物馆，世界上现存规模最大的宫殿建筑群，国内最早列入世界遗产名录的景区之一。,无论淡旺季都是上午8点半开门，下午5点前清场。一定避开节假日去，平日游客都多，且只有一半多面积开放，热门建筑如三大殿都不能进，隔栏观赏拥挤不堪，现在必须网上订票，去时在取票机刷身份证取票，因为已经取消现场购票了，赶在开门时最早进入。珍宝馆、钟表馆是各自单独收费10元的景点，建议去珍宝馆。,如果时间不多想快速游故宫的推荐一条中路游览线路：自午门进→金水桥→太和殿→太和殿露台上象征江山永固的陈设→太和门→中和殿→保和殿→乾清门→乾清宫→交泰殿→坤宁宫→御花园→神武门。现在的故宫不只可上城墙参观角楼，还新开放了很多区域，不要跟团走，跟团只走中轴线，一般2-3小时就走完了，错过很多精华，花20元租个语音讲解器慢慢走慢慢看，一定不虚此行。,太和门三大殿是主体建筑，重要看点，包含故宫太和殿、中和殿和保和殿，是故宫的外朝部分，也是我们从午门进故宫后最先到达的那片区域，整个故宫里最吸引人的建筑，是以前皇帝行使权力或者举行盛典时用的宫殿。,此外乾清宫也比较推荐，故宫古建之精华，明清两代皇帝在紫禁城中处理日常政事的地方。小时候看故宫最多的图片就是乾清宫的正大光明殿，威严并重，非常向往。乾清宫建筑规模为内廷之首，曾为明代皇帝的寝宫，清代也是作为皇帝召见廷臣、批阅奏章、处理日常政务、接见外藩属国陪臣和岁时受贺、举行宴筵的重要场所。雍正帝之后，密建皇储的建储匣都是存放乾清宫“正大光明”匾后。现为宫廷生活原状陈列，不能入内，只能隔窗观望。",2
721,"我和闺蜜提前3天在网上订票，避开了开宫门时鱼贯而入的汹涌人潮，相约周末晌午带着身份证开启深宫之旅。令人惊喜的是，午后的紫禁城比想象中要安静许多，三三两两的游客并不会影响与宫廷建筑合影。,路线：午门→太和门→太和殿→中和殿→保和殿→乾清宫→交泰殿→坤宁宫→西六宫区→东六宫区→御花园→神武门,走在后宫宫墙内，时常看到姑娘们匆忙寻找东西六宫的打卡目的地，听到小声讨论眼前的宫殿是在哪一出剧情中出现过的地方。,储秀宫，位于西六宫，居住过的后妃中以慈禧太后最为著名，而在《延禧攻略》中则是高贵妃的居所，距离富察皇后的长春宫很近，因此储秀宫地位颇高。,翊坤宫，位于西六宫，《延禧攻略》中继后娴妃的居所，也是《甄嬛传》中“贱人就是矫情！”经典语录制造者华妃的寝宫，地位自然不低。,然而，想要打卡全部娘娘居所，尤其是想要探秘《延禧攻略》中富察皇后和纯妃居所的吃瓜少女们，恐怕要失望了，长春宫、钟粹宫等宫殿仍处于关闭状态。但是好在顺着人流方向就能到达“网红宫殿”延禧宫。,延禧宫，位于东六宫，和所有的后宫宫殿长得都不一样，简直像是个“欧式烂尾楼”，连个牌子都没有！谁能想到《延禧攻略》中最受宠的令妃娘娘所住的寝宫竟然在现实中长成这样，到底发生了什么呢？,延禧宫本不是受宠嫔妃的宫殿，甚至差点被焚毁、炸毁，只是因清宫剧热播才迎来了春天，吸引了大量游客排队与之合影。吃瓜少女们兴冲冲地赶来打卡，却愣在门前难以相信，惊得瓜都要掉了。目前，延禧宫内正在展出瓷器，共有两层。,御花园在宫廷剧中常常是皇家女人们最爱搞事情的地方，动不动就“戏精”附体，上演一出宫斗大戏。可以简单归类为技术性“碰瓷”。,不少少女心的妹子在商店闭店前都抢购了纸胶带，准备回家粘口红和香水瓶。,TIPS ：,1. 故宫线上购票要趁早，不要等到当天再买，有时提前一天买也可能会售罄；,2. 门票仅限一次进出使用，再次入园需再次购票；,3. 附近停车、打车都不容易，公共交通很方便，不如环保出行；,4. 故宫需要从南到北参观，午门是唯一的入口，出口是东华门和神武门；,5. 虽然天气逐渐凉爽起来，但还是要采取防晒措施，毕竟在室外的时间会很长；,6. 在有玻璃的宫殿外想要看清室内陈设，那就把手机贴在玻璃上打开拍照功能，通过屏幕再看就不会有反光啦~,7. 最后再嘱咐一遍，记得带身份证！",2
722,【故宫、恢宏的皇家建筑】故宫，旧称紫禁城，是中国规模最大、保存最完好的皇家建筑。本人去过故宫两次，均是从南往北，沿中轴线游览。故宫的建筑从整体上感受气势恢宏，从细节之处体会又不乏精美。故宫的建筑群讲究对称，从南向北主要有午门、太和门、太和殿、中和殿、保和殿、乾清宫、交泰殿、坤宁宫、御花园、神武门。故宫旺季门票60元，学生票20元，淡季40元，不包括珍宝馆（10元）和钟表馆（10元）。故宫早上8：30对外开放，下午16:30禁止入内，17:00停止对外开放。故宫除了美丽的建筑之外，还有很多价值连城的文物，当时参观了书画展和陶瓷展，这里的文物毫不逊色于国际博物馆，非常值得参观。故宫是摄影爱好者的天堂，每个摄影者都能从自己的角度出发，拍出富有创意的相片。个人觉得阳光明媚的天气，亦或是雪花飘落的季节是游览故宫的最佳时节。温馨提示：①故宫全年实行周一下午闭馆。②参观故宫的时候最好租个讲解器，方便了解历史，以免走马观花。③神武门北面紧邻景山公园，是俯瞰故宫最佳位置。④故宫实行实名制购票，记得随身带身份证。⑤故宫较大，物价较高，学生族和穷游族最好备足水源和实物。,2
723,"北京城1406年开始盖，盖了16年，1420年完工，朱棣他老人家是1421年正月搬过来的，所以我们会说故宫600岁啦。毕竟是明朝开始使用的紫禁城，所以lilith坚持穿了明制的汉服来，比起清宫服装，也是凉快了不少呢。,📷故宫如何拍？,如今故宫放开到了8000人。但也几乎等于没人。我是约的下午场，13点到的，刚好是大顶光。于是在大家都不喜欢大顶光的时候，我就在三大殿拍上了，这时候道具扇子就可以派上用场，挡挡阳光啥的，还是可以的～,然后这时候其实游客还是蛮多的，我们就去了慈宁宫花园，没在御花园待过久的原因是现在旅行团进来了，但慈宁宫花园却没什么团，这里树也多也比较凉爽。,拍完慈宁宫花园我们从后门去到慈宁宫隔壁的寿康宫，比起慈宁宫，这里人会少一些。,然后从这边经坤宁宫穿到东六宫，老公没看过延禧宫的烂尾楼带他去看了看。这里游客还是多也没啥好拍的。到了这边不要错过最东边有M型拱的红墙（我没放图，不够地方了）另外东六宫南边的几株月季花也很好看，很难见到和我一样高的月季呢。,拍完这边我们又去了三大殿，这时候大概16点。游客基本都集中在御花园了，三大殿可以轻松get无人景，不过就是要p掉殿门口守卫的保安。,另外通往冰窖的过门殿的窗户在这时候的阳光下也非常好看，我刚拍完就被云彩遮完了。这个时候大概16:30，广播开始让大家准备出宫了。,御花园的网红亭子在我没去的时候基本上就是排队拍照的状态，我不想那个时候和大家挤，浪费时间没意义。但开始请大家出门的时候就是拍这里最好的时候，没人啦～,出宫后也不要错过和角楼合影哦。这里虽然很多老法师，但总会客气的让你一下，只不过也不要介意被他们拍一下。,📷道具带什么？,首先夏天了，防晒是一定要的，但切记不要喷雾！！我新买的防晒喷雾就这么留给了午门的安检人员。,然后因为挺热的又需要在里面跑，很容易吃妆，定妆是一定要喷的，随身也要带补妆的粉饼，压一压鼻子上的油。,伞必备，又好凹造型又遮阳。扇子我选了两把，折扇和团扇，感觉明制用哪把都行，清宫服可能捏着个帕子更好看点。,最最最重要，很多的饮用水，故宫里虽然有两个售卖点，但备货量不大，卖完就收摊，所以起步4瓶。别中暑是王道。,💰人均消费：门票60元,妆造398元 十步汉颺（鼓楼店）,⏰营业时间：8:30-17:00",2
724,"在众多5A景区中，故宫绝对是最良心的一个。故宫也是一个来过多少次都不会腻的地方。,故宫，原名紫禁城，曾是的皇室重地，一堵高墙分隔了两个世界。有的人进了皇宫一辈子就再无法踏出一步，有的人一辈子都无法目睹高墙里的世界。来到北京，一定要亲眼目睹曾经的皇城。,故宫，每年，都有数千万中外游客来到故宫参观游览。,想要在人山人海的故宫中排出空无一人的感觉，有几个要点,🔊1.故宫早上一开门就准时进门,🔊2.避开中轴线，找偏殿,🔊3.晚出故宫，毕竟旅行团离开都不会很晚,🔊4.相机加ND减光镜，通过慢门拍摄，让时光把人群都变消失，都拍几张后期合成。,故宫的中轴线往往是人最多的地方，几乎任何时候人流量都不会少，所以如果想要拍摄无人的故宫，那么就尽量避免中轴线，往两旁的偏殿走。故宫那么大，大多数人都集中在中轴线上的主殿，多往偏殿跑跑，肯定会有无人的地方。,(闹钟)营业时间：,4.1-10.31：08:20-17:00；,11.1-3.31：08:30-16:30；,(注意)(注意)每周一闭馆,💰💰门票：60元旺季/40元淡季,💰💰学生票：20元,💰💰钟表馆，珍宝馆门票：各10元,门票网上预定，可提前10天进行预定，售完为止。,(玩法推荐)玩法推荐：,早上一早进故宫，进门以后直接往偏殿走，这时候偏殿人少，适合拍照。等拍照差不多以后，回中轴线，毕竟来了有的地方人虽然多，但还是需要看看。如果有能力可以考虑请一个导游，或者租借电子讲解器。毕竟到这种历史古迹，结合当时的历史，更能有代入感。,出故宫以后，可以爬上后面的景山公园拍摄故宫全景。,💰💰门票：2元,(闹钟)营业时间：,夏季6:30-21:00，,冬季6:30-20:00，满员后停止售票,‼️‼️防坑指南：,听说北京有的出租车司机听说你要去故宫，会告诉你故宫由于什么什么原因没开放，推荐你到哪里哪里景区去。千万不要相信，那都是忽悠你去其他景区，司机为了赚钱。一定要亲眼到故宫看一眼才放心。",2
725,"#北京旅游#,故宫博物院,地址：北京市东城区景山前街4号,开放时间：8:00～17:00（周一闭馆）,门票价格：旺季60.00元 淡季40.00元,著名景点：午门,东华门,太和门三大殿,建议游玩时长：3-4小时,适宜季节：9月-10月,自打小有意识的时候就知道，来北京必来的地方就是故宫博物院。,红墙黄瓦映入眼帘，以严肃、庄严、壮丽、雄伟的形象出现在我眼前，这些都是当时以象征皇帝的至高无上的权力的方式。,故宫是一个巨大的建筑艺术瑰宝。,故宫总体分为南部的前朝和北部的后寝两部分。南部以太和殿、中和殿、保和殿三大殿为中心，两侧辅以文华、武英两殿，是皇帝上朝接受朝贺、接见群臣和举行大型典礼的地方。,空间变化丰富，体量雄伟，外观壮丽，有主有从，显示出庄严肃穆、唯帝王独尊的宏大气势。,黄色琉璃瓦顶金碧辉煌、朱红色的柱子与门窗、檐下处于阴影部位的青绿色略点金的建筑彩画，色彩别具一格，富丽堂皇。,作为旅游人群，建议大家尽量躲避开人多的时间，毕竟人多拍哪哪都不好看，每次拍照想没有人必须倾斜角度来拍，要不都拍不出稍微好看点的照片。建议在冬天下大雪的时候去最好，既能拍雪景又能拍故宫，可谓一举两得，而且出来的照片都是大片！",2
726,"同学来北京玩，故宫自然就是第一打卡地方。,写在前面几点小TIPS,1：不需要买讲解器，百度地图自带讲解方便。,2：我们下地铁，走一段路。到一个宫殿门口，会有摆渡车10元到门口，不建议坐，走过去很近就1公里，人多时候似乎2元2元可以坐。,3：各个旅行网站买票即可，建议买下午场，直接刷身份证进去即可，最后出来，没有人，随随便便拍照都是大片。,4:一定要拿身份证，我就是第一次忘了拿身份证，哈哈哈。,5：里面很多纪念品，故宫元素，不贵，很值得送家人朋友，水里面也不贵，才4元。,交通：地铁 天安门东站B出口，然后走路15分钟即可。,门票：各大旅行网站，60元一位。,我们中午起来，吃了中午，然后地铁到天安门东，走路过去，刷身份证进故宫，我们的路线都是按照从大门进，慢慢走听着百度地图的讲解。第一反应故宫真大，真宏伟壮观，突然觉得自己文化不高，哈哈哈，就会觉得这个特别，这个好看，人家就洋洋洒洒几千文字，我就两字，好看，再加两字，值得。各个宫殿其实大同小异，但是很多细节都好看，比如屋顶等等，没有来过还是会被我们中国王朝文化震撼，哎，都是命，想想自己，想想皇帝，不过每个人都有自己的烦恼吧，享受当下，我和我同学一致认为特别适合学生来看，我们这样毕业几年的就是刘姥姥逛大观园，哈哈哈哈 到处瞎看，人多的想死，我们都拍照不了，太阳晒得人都累了好在最后关门，我们最后走，然后拍了几张，特别好看，推荐一来",2
727,故宫博物院是中国最具代表性最出名的景点，从每天的客流量和外国游客的数量就看得出来。要说故宫可是有太多说的了，我已经去了两次，明年还打算去第三次，因为里边真的很大，有的宫殿还限时开放，一次根本看不全。交通坐地铁一号线天安门东、天安门西下都行，公交车四通八达的，查查手机地图好了。故宫的唯一入口是午门，就是在天安门进去，出口是神武门和东华门。每年4月1日到10月31日是旺季，票价是60元，其他时间淡季门票40元，里边有两个展览，珍宝馆和钟表馆门票各10元，语音讲解器是每台租金20元，位置在午门和神武门，故宫每周一全天闭馆。故宫现在开放的面积只有大约50%，虽然这样，还是很大，仔细逛完的话需要一天的时间，走马观花一圈走下来也要两个小时。里边有大量原状陈列和常设专馆，另外，皇极殿作为乾隆皇帝当太上皇时期的宫殿，现已恢复原状陈列，但是每年限时开放，只有国家法定假日和暑假期间开放，机会真的很难把握，我去了两次都没赶上，下次我是专门要去看皇极殿的。故宫里边的纪念品商店卖的东西是挺有创意的，也很可爱，像手机壳、手机座、摆件什么的淘宝上也能买到，但是淘宝上价格竟然比故宫里还贵！！最后提醒大家注意，故宫里有很多年轻人穿的像模像样的给游客发传单，北京一日游。大家千万千万不要上当，尤其是上长城的，都是黑一日游，晕死，里边到处都是这种骗子，故宫也不管一管。总之，故宫是必须值得去的地方，而且要细细参观。,2
728,"对故宫有着谜一般的热情，自从来北京读书现在一年半多去故宫的次数没有十次也得有九次。不知道去哪就去故宫，天气好去故宫，下雪去故宫，朋友来京带朋友去故宫，有特展去故宫，总之总是有理由去溜达一圈，可能因为取得多了现在也并不觉得它面积大了。但说实话我对于故宫历史的了解可能还不如甄嬛传的剧迷，那个皇上哪个妃子，干什么的地方基本上都还是模棱两可，这点我很惭愧，因为实在对历史没啥兴趣，故宫吸引我的就是建筑本身而已。也多亏了它良心票价，用学生证之后就更便宜了。,故宫对于我还是个练习摄影技术的好地方，因为拍的人多，所以如何拍出好看的吸引人的照片需要很多思考，当然我现在也做的不好。每次在微博上看到故宫官微的图片就不得不自愧不如。怎么把没有新意的地方拍出花样拍出自己的特色才是一件有挑战性的任务啊,故宫的地理位置其实可以和国家博物馆连起来参观，去完博物馆去故宫然后旁晚在爬上景山看落日，晚上可以做公交车去前门吃个涮肉，就是完美的一天了。,故宫内经常举办很多展览，有常设也有限时的，可以去故宫的官网查询然后把地点记清楚避免遗忘。故宫内还有两个单独收费的展馆，珍宝馆和钟表馆，看自己的兴趣选择参观。,千万不要只沿着中轴线走，从左右的侧门进去才是故宫的正确打开方式（看过中轴线后），找到没人的角落然后美美的拍照吧。",2
729,"故宫新晋网红，人气替代故宫咖啡的故宫雪糕来啦。10元一支的故宫冰棍故宫雪糕，在故宫里冰窖餐厅（临近慈宁宫）和故宫餐厅（临近钟表馆）可以买到。,目前见过的颜色味道大概是奶油巧克力抹茶芒果味，味道还不错，淡淡的奶油味。,色彩斑斓拍照好看，打卡的话推荐大家买绿色或黄色的拍照，搭配红墙背景很醒目，拿着手机拍就很可爱，瑞兽造型酷似缩小版的石狮子，古风古韵，很有文化特色。,去故宫玩可以买一个故宫雪糕尝尝哦，冬天也有卖，雪里吃冰棍也是很难忘的体验哈。小贴士，北京冬天可是很冷的，还有风，游玩一定要多穿点衣服呢。",2
730,"故宫，旧称紫禁城，是中国明清两代皇家宫殿，更是中国古代宫廷建筑的精华～更是重要的世界文化遗产～,如今北京故宫博物院如今已经成了新晋网红，现在教你尽量避开人人人人人人人人的情况，让你快速进故宫！,🔜‼️如何快速进入故宫‼️,🚇地铁1号线坐到天安门西，从B出口出来：避开拥挤的天安门，从长安街进入南长街，然后再从中山公园西门入口进入（💰门票：3元）公园里空气超好哦～,按照导航从公园的东门出，从右走就能看见安检扫描电子票进入故宫啦！,从明朝初期到现在，经历了数百年见证朝代更迭，时代变迁，无论是冲着恢弘气势的建筑，还是探寻历史的踪迹，都值得来北京的时候逛一逛故宫。,人流量最大的地方集中在中轴线上，两侧的宫殿人会稍微少些。在中轴线偏北侧的保和殿两侧有餐饮提供，另外在养心殿和坤宁门处有茶饮提供，在故宫中用餐也是别有一番滋味的不错体验哦！,另外故宫唯一的入口是故宫南门（午门），千万不要搞错哦，第一次来很容易傻傻分不清。如果从神武门下车就麻烦了回到入口这边又会耽误很多时间。,实用tips：一定要随时拿好身份证，这一路可能让你查到你怀疑人生，另外由于祖国过生日9.21-10.1闭馆，所以大家注意避开这段时间哦",2
731,珍宝馆于1958年开馆，是故宫博物院重要的常年开馆的陈列馆之一。各色宝石汇聚于此，金银玉器，珍珠翡翠等各类珍宝举世无双。,2
732,"#十月出游指南 国庆旅游可以去的 8大热门景点,去天安门广场看升旗,去婺源，看篁岭晒秋,去武功山，看云海翻滚,去额济纳，看胡杨林,去乌镇，看江南水乡,去新疆，感受喀纳斯秋天的美,去稻城看金秋美景。,去北海涠洲岛，感受浪漫与休闲,国庆节你最想去哪？到评论区里一起分享吧。",2
733,"2020.11.19今日天气晴好，再次来到故宫寻找深秋残留的秋色。由于天气好游人很多，需要注意的来时一定要在网上预约门票。游览时也要早些来，因为疫情需要激活门票，一定要有北京健康码。,我显然是来晚了，但深秋的景色依然美。",2
734,"问题1⃣️：为了避开人流，我想反向从景山那个门进入可以吗？,答案：不可以哦！观众一律从只能从午门进入故宫； 神武门，东华门，只作为参观出口。,问题2⃣️🌟：如何拍到无人的故宫？,答案：务必呆到闭馆前半小时！南片区人会很少。或者早起党进去之后快速杀到东西六宫。（转自若谷小姐姐）有些人多的地方，等一等也会出现一阵子突然没人的情况。,问题3⃣️：行李可以寄存吗？,答案：可以。而且故宫可以从入口处寄存，",2
735,"宝藏迷踪：故宫珍宝馆里的秘密与传说 🕵️‍♀️,在宁寿宫的深处，隐藏着一段不为人知的历史。那些璀璨的珍宝，每一件都有一个传奇的故事。🌟,想象一下，那些金银玉器、古瓷名画，它们不仅仅是历史的见证，更是无数匠人智慧的结晶。每一个细节，都仿佛在诉说着那个时代的风云变幻。🏺🎨,而关于这些珍宝，民间更是流传着各种神秘的传说。有的说，某个珍宝中隐藏着一个重大的秘密；有的说，这里曾是某个王朝的宝藏之所在。究竟真相如何？恐怕只有那些真正了解故宫历史的人才能揭晓。🗝️✨,而今，故宫珍宝馆向公众开放，邀请大家一同探寻这些宝藏背后的故事。走进宁寿宫，仿佛穿越到了那个辉煌的时代，与那些历史人物面对面。🏯✨,你是否也对这些珍宝充满好奇？是否想一探究竟？赶紧来故宫，开启你的宝藏之旅吧！🎒👣,每一次探索，都是与历史的对话。在这里，每一个珍宝都有生命，它们诉说着过去的故事，也照亮了我们的现在与未来。🌟🌈,#故宫珍宝馆 #宝藏迷踪 #宁寿宫之谜 #历史与现代的交汇",2
736,"终于见到了故宫的雪❄️经典不踩雷旅游攻略,太幸运了，恰好在北京！,北京难得有的大雪，被我赶上了！,🏨住宿：,我选择的是一家经济型酒店——xx快捷酒店。酒店位置便利，靠近地铁站和景点，价格实惠，而且设施齐全，就非常适合预算有限的旅行者。,想要优惠的朋友可以评论区dd～,🚶‍♂️三天行程安排：,第丨天：,早上到达北京，入住酒店后前往故宫博物院。,故宫的雪景非常美，尤其是太,下午可以去天安门广场逛逛，感受北京的繁华。,第二天：,早上前往颐和园，欣赏湖面的雪景。,下午可以去南锣鼓巷逛逛，品尝当地的小吃。,第三天：,早上前往长城，感受长城的雄伟壮观。,下午可以去798艺术区，看看现代艺术作品。,这么冷的天气，来到室内，整一顿铜锅涮肉！太香了！🥘,📷拍照技巧：,在雪景中拍照，可以选择一些鲜艳的颜色作为背景，比如红色、黄色等，这样可以让照片更加生动。,同时，可以利用雪景中的元素，比如树枝、雪花等，来增加照片的层次感。,👗穿衣建议：,在雪景中行走，需要穿厚实的衣服来保暖。,可以选择羽绒服、毛衣等保暖的衣物。,同时，需要穿防水防滑的鞋子，以免摔倒。,毕竟最近下雪还挺滑的～,🚗交通出行：,在北京市内出行，可以选择地铁、公交等公共交通工具。,如果需要打车，可以使用打车软件。,✨小贴士：,在旅行前需要查看天气预报，如果预报有雪，需要及时准备防寒保暖的衣物和雨具。,同时需要注意安全，不要在冰面上行走或玩耍。",2
737,"故宫，旧称紫禁城，是在明清两代皇宫及其收藏的基础上建立起来的中国综合性博物馆，也是中国最大的古代文化艺术博物馆。一重宫门，两重世界，红墙金瓦，映照这历史尘埃，听不完千年物语，说不完皇城浮沉……,吃烤鸭，爬长城，秀才带您游北京！推荐一下我们秀才说讲解品牌。秀才说专注北京历史古迹深度讲解，并且有多位历史专业为背景的学者型讲解员，年服务游客达35万余人，好评率高达99%，秀才说·网红团队是传播中国历史文化，让更多的人了解北京，了解历史。,🔝🔝小伙伴们可以通过微信搜索公众号讯程国旅了解更多资讯。,✅ 导游讲解,甄选十年以上经验导游，费用透明，快速入园。少走冤枉路，让旅游不再是走马观花。全程配备无线耳麦，50-100米内无扰听讲解，让您与导游共同探讨明清历史！,✅团队服务,随团助理随时为您服务，让您轻松畅游紫禁城。7*24小时在线客服，保证您的出游安心，放心。,✅私人讲解服务,时间随心，想去就去。告别拼团的喧嚣。全程4小时一对一讲解服务，让您与导游零距离接触。还有私人导游助理随时为您服务。让您的旅途更舒心。,✅解密各种古迹疑问,故宫开门前大喊三声竟然是为了…？后宫佳丽三千人住的下吗…？让我们怀着对故宫的种种好奇，来和秀才说一起探索吧！",2
738,"揭秘珍宝馆：走进故宫宁寿宫，探寻珍稀宝物的迷人世界！✨,故宫宁寿宫，一个充满神秘色彩的地方，珍藏着无数珍稀宝物。这里的每一件宝物都有着独特的故事和魅力，让人不禁为之倾倒。😍,走进宁寿宫，首先映入眼帘的是一座巨大的翡翠玉雕，晶莹剔透，栩栩如生。相传这是乾隆皇帝亲自督造的宝物，耗费了大量人力物力，成为了中国工艺史上的瑰宝。🗿,继续前行，你会看到一串串精美的珍珠项链，颗颗珍珠浑圆饱满，光泽熠熠生辉。这些珍珠来自不同海域，经过精心挑选和加工，成为了女性们争相追捧的珠宝首饰。💎,除此之外，还有许多珍稀的文物和艺术品，如乾隆御笔的《富春山居图》、明代瓷器、稀有的玉器等。这些宝物不仅代表了当时最高的工艺水平，更是中华文化的重要载体。🖼️,在珍宝馆中漫步，仿佛穿越到了古代，感受到了那个时代的繁华与辉煌。这里不仅是一座宝物收藏馆，更是一座历史博物馆，让人领略到了中华文明的博大精深。🏛️,如果你想亲身体验这个珍稀宝物的迷人世界，不妨来故宫宁寿宫走一遭。在这里，你将感受到无尽的惊喜和惊叹，领略到中华文化的独特魅力。🌟,最后提醒大家，珍宝馆是故宫博物院的重要部分，参观时请遵守规定，不要触摸壁画和文物哦！😉 #故宫宁寿宫# #珍宝馆#",2
739,"答应我一定去看故宫秋色（附路线,|||故宫秋景上线，加载进度70%,图片拍摄于11.12日，最近天气甚好，秋景主要为银杏以及高大的柿子树，配上红墙，十分出片。,也是参考网上大神们的攻略，如果是赏秋拍摄可以按照这个线路来，图片顺序也是按照游览顺序放的：,东华门-东南角楼-午门-延禧宫-寿康宫-慈宁花园-冰窖-十八槐-东华门,具体赏秋分布：,1⃣️东南角楼：有一些银杏分布，60%黄,2⃣️延禧宫：两颗银杏，一颗100%黄，最好拍；另一颗害病了，已经枯了，后侧有柿子树，但是比较高大，不太好拍要用长焦,3⃣️寿康宫：门前长椅上分布一排柿子树，从外侧可以拍到柿子树探出宫墙之感,4⃣️慈宁花园：银杏黄叶60%,5⃣️冰窖：去往十八槐的路上一排排高大的柿子树，还有喜鹊在上面飞来飞去，最好有长焦,6⃣️十八槐：大片银杏林，80%黄，配上红墙很好拍,趁着天气转暖没刮风，大家抓紧时间冲鸭！,ps提了很多次，银杏和柿子树着实高大，有长焦最好带着,又ps故宫现在预约比之前更严格了，上午约就必须上午到，上午的入园截止时间是十二点，周末午门排队大概要花费15min，大家合理预估好时间",2
740,"身份证取票。乌泱泱的人潮啊。中间路线上，很难得拍到一张人少一点的。,不知道哪里，但是觉得很适合练剑。,这里，老妈看着十几米高的围墙感慨：甄嬛当时就是在这里拍的吧。我说：她们在横店拍的。。。,故宫其实比我想象的要小很多，东西12宫有4个当时在维护，1座宫内没几间寝室，可能之前电视剧拍得太好了，错觉严重。,忘了这是哪里，总之故宫内很多地方是不能参观的。,故宫内的钟表馆绝对值得一去（另加10元门票）。这么说：我不推荐你去故宫，但是为了看钟表馆藏的奇钟异表，即便你多搭上1张故宫门票也是值得。,在故宫里，很多房间内的家具据说都是“仿品”，即便如此，也要将游客拒之房外，只能透过窗户向内看。照片里是戏台对面供看戏的厢房，难得这里的家具是可以较近距离欣赏的。,出来看到的护城河，我们在猜想以前这里的沉尸，会打捞上来么？,大约2小时就能走完故宫全部了。可能现在定义的故宫比较小，且禁忌多游客多，逛得确实不过瘾。下一回去横店影视城走走吧。",2
741,"【故宫简介^_^】故宫又叫紫禁城，中国保存最完整，规模最大的木质结构古建筑群，是世界五大宫之首。故宫分为“外朝”和“内庭”。外朝以太和殿，中和殿，保和殿为中心。是帝皇行使权利，举行庆典的地方。内庭以乾清宫，交泰殿，坤宁宫为中心，以及东西两侧的东六宫和西六宫，也就是俗称的“三宫六院”。距今已经有六百多年的历史了。故宫内的珍贵文物约占全国文物总数的六分之一。【关于交通^_^】故宫位于北京的正中心，所以可以通过公交，地铁等方式到达(ps:不推荐驾车，因为故宫不设有停车场，附近的停车场比较远。)【门票问题^_^】门票 淡季为40元/人（不包括珍宝馆、钟表馆）,旺季为60元/人（不包括珍宝馆、钟表馆）,珍宝馆（宁寿宫区、戏曲馆、石鼓馆）：10元/人；,钟表馆（奉先殿区）：10元/人。门票优惠政策：（所有优惠政策均不含珍宝馆、钟表馆）,学生证购买学生票，每张20元/人，老年人凭有效证件，门票半价优惠，离休干部凭离休证免费参观，残疾人凭残疾人证件免费参观。(推荐淡季前往，门票价格低，人比旺季少好多，由于故宫每天有人数限制，在网上买票的直接刷身份证就可以进入)。【关键来啦^_^】1:故宫太大，推荐租一个电子讲解器，20元每次，不需要押金。不租的话可以下载一个故宫APP，每个景点都有详细的介绍。2:故宫没有卖小吃的地方，来之前带好充足的食品和水。3:游览故宫一般一上午的时间就够了，不想看太多的人的话请避开人流高峰。(推荐上午去，比较凉爽)。4:从故宫出去可以直接去景山公园，两块钱的门票，登上顶去俯瞰整个故宫，感受故宫的雄伟。5:买票的时候会有人发各种旅游的小广告，不用理会。         故宫，每个人都值得去过一次的地方，没有之一。北京，从你的全世界路过。故宫，从你的全北京路过。",2
742,"故宫就是以前的紫禁城，明清时期，就算住在北京城里的人，也不见得有机会可以踏进紫禁城的大门，还好现在，我们只要买了门票就可以来到这里参观。,带儿子去北京，故宫是第一站。,交通：北京的地铁网四通八达，我们乘坐火车到北京西站，然后，买上地铁票乘坐9号地铁，在军事博物馆站转乘1号地铁，到天安门东下车。用时不到半个小时，真是快呀。回去的时候乘坐的公交车，从故宫北门到北京西站，整整走了一个多小时呢。,门票：成人票价60元，儿子票价30元，半价嘛，11岁的他没有学生证，售票人员也没有为难。,故宫旅游：最好租个讲解器，这样可以更详细地游览故宫，我们没买，只得跟着别的旅游团蹭导游。我们是从端门进入故宫，游览午门，太和殿，后宫和御花园等，走马观花一般，主要是我们去的时候是周末，人真是太多了，好多外国人，还有我国少数民族的朋友们，都来这里参观。,吃：故宫里面有卖饭的，只是价格太贵了，价格和机场的餐厅可以媲美。所以我们就没在里面吃。,纪念品：故宫内有卖纪念品的，做工很是精美，价格当然也是蛮高的。,卫生间：故宫里面有卫生间，非常干净，而且还有供游客休息的椅子。,特色：这里可以穿上宫装拍照，男女老幼都有，好像是30元一次，人很多，衣服都是穿了放那，下次人去了再穿，觉得卫生条件一般般。",2
743,"清明节去的北京，一直想配长辈去首都，这个城市毕竟和别的城市不同，他沉甸甸的历史感，像静静的守护者中华民族，一早我们就赶到故宫，小长假人挺多，但是国民素质还是很好的，排队，行走的非常流畅，我和家人一起端详着这个地方，我去之前了解了一下。,故宫对中国人来说已经成为一个符号，这座曾经居住过明清两代共24位皇帝的紫禁城在国人心中不仅是皇权的象征，也是祖国辉煌艺术的代表。这里曾经珍藏上百万件珍贵的文物，涉及绘画、陶瓷、青铜器、明清工艺品、铭刻、玩具、文房四宝等多个领域，每一件拿出来都是国人的骄傲，要是说到故宫最大的艺术成就，莫过于建筑，这片无与伦比的古代建筑杰作是世界现存最大、最完整的木质结构的古建筑群。全木结构、黄琉璃瓦、红色宫墙、青白石底座，以及金碧辉煌的彩画，无不让人目眩神驰，叹为观止。若加上世界五大宫之一（北京故宫、法国凡尔赛宫、英国白金汉宫、美国白宫、俄罗斯克里姆林宫）的名誉，那就更显得高大上了。,小贴士：去故宫可以在去哪儿上买张电子票，非常方便，刷身份证就可以进去了，不用排队买票，再租一个讲解器，20元，这样也能更好的了解这座宫殿，了解历史，也是了解自己，去的时候带点干粮，故宫要花上大半天的时间，慢慢的欣赏，我很喜欢这，有机会还回去的。",2
744,"角楼，顾名思义，就是盖在紫禁城四个角的楼，确实如此，故宫有4个角楼，但我们一般看到的两个是东北角，西北角，这也两个，也就神武门出来后往左或往右走，两边各有一个的。,不同于其它紫禁城里的建筑，这些角楼，依然是明代的建筑，只是偶尔小修葺一下，所以依然是当年的风采,角楼是紫禁城城池的一部分，它与城垣、城门楼及护城河同属于皇宫的防卫设施，在城墙这上，有观察敌情的作用。,角楼被很多游客认为是紫禁城里最美的建筑，因为它不仅造型繁复而精美，还是一座九梁十八柱七十二条脊的角楼，建筑艺术之高，堪称中国古代建筑的经典，每天都有大批发烧友在这里守候着，当角楼影子映在护城河里，顿时感觉到这皇宫的威严与大气，而且第一种天气有不同的感觉，难怪发烧友这么爱它了。",2
745,紫禁城最美的一角！这个角楼可能很多游客都找不到，其实位置还是挺好找的，当你参观完故宫，从神武门出来后，过了桥，再往左边走大约400米就到达了，但其实当你向左走大约200米就能看到了。也可以直接乘坐公交101路; 103路; 109路; 124路; 685路等线路在故宫公交站下车后，往西边走大约300米就到达了。别看这是一个小小的角楼，但其实在北京也是相当出名的，特别是一些摄影爱好者，特别喜欢到这里设置位置拍照。也因此吸引了很多游客慕名而来一看这个角楼的究竟。我觉得拍摄这个角楼最美丽的角度就是正对着角楼边上的角，然后将两边的树木，蓝天白云和护城河融为一体，整个画面真的很美，很可惜当时只带了手机拍摄，下次一定要拿一个专业摄像机，再选一个晴朗的天气给这个美丽的角楼拍摄一套更美的写真。,2
746,"故宫是中国的象征性旅游景点，也是国内外游客向往的旅游景点。每当节假日都会报道故宫的游客数量，所以去故宫旅游，一定要错开游览的高峰，故宫的门票费用分淡季和旺季，淡季价格为40元，旺季的价格为60元，淡季的时间为11月1日到第二年的3月31日，其余时间都是旺季。不过这个门票里面不包含珍宝馆和钟表馆的景点费，珍宝馆和钟表馆的景点费为10元，当然，珍宝馆和钟表馆可以选择去或者不去的。故宫的雄伟难以用言语来表达，正因为雄伟，壮观，所以需要花时间去游览的，我个人觉得在这里可以游览大半天，因为故宫内有很多地方值得参观，首先还是要制定游览线路，我选择的线路是从午门到太和门，再到乾清宫，慈宁宫，养心殿，御花园，很多宫或者门一下子也说不齐了，最后去故宫东面的珍宝馆，因为故宫里面有很多值得欣赏的景点。如果不是事先做好线路计划的游客，可以选择导游讲解服务。,其余还有大大小小的宫殿，有很多宫殿我都是从“还珠格格”里面闻得，例如慈宁宫（老佛爷住的地方）、坤宁宫（皇后住的地方)等等，游客可以一个个参观，总之在故宫花上1天时间来参观也不为过。",2
747,"去故宫坐地铁到天安门东，步行到故宫10几分钟的样子。,一直认为北京的景点门票是全国最低价。故宫旺季60，淡季40。,春节的最后一天假期，故宫的游人乌泱泱的到处都是。,想拍张没人的照片都要各种找角度。,阔别7年的故宫，已经开始变老的自己。,一路走走停停，碧蓝的天映衬着巍峨又神秘的红墙黄瓦，在漫长历史里有多少人是在这座宫城里留下了传说。,故宫的文创很值得买，适合做手信。,故宫内也有零食和饮料卖，价格合理，不需要外面背来。,另，故宫早餐的东西又贵又难吃。,慈宁宫、乾清宫、坤宁宫、一个个宫殿逛下去也是很耗费体力的。如果每个宫殿都逛遍，绝对需要一整天的时间。,在7年前的同一个位置，拍一张照片。有物是人非的淡淡感慨。",2
748,"现在的故宫都是实名制购票了，网上可以提前购票很方便，现场也可以买。来的时候是淡季的清晨，人不多，午门外也不用排队就检票入场了。最近看了故宫博物院的纪录片，对这里有了重新的认识。,如果不看介绍还真不知道最早的建造者是明成祖朱棣,想不想站在这里号令三军。,现在很多的地方还是禁止游客进入的，整个故宫真正开放的面积也有限，很多地方还是禁行。,站在太和殿门前发呆遥想几百年前穿越的场景也是不错的。,这些石头应该都是汉白玉的。,屋脊上神兽，数量8~10个每个都有讲。,故宫的排水系统非常出色，当年北京大雨，这里缺一点没有影响，感叹古人的智慧。,被游人摸的发亮的铜兽。,慈溪太后的后花园，外面不管多么喧闹，里面依然安静悠闲。,故宫的角楼估计很多人都来拍过，清晨和傍晚最出效果。否则太逆光了，当然也要赶上北京蓝。,景山公园可以俯瞰整个故宫",2
749,故宫 中国明清两代的皇宫 24位皇帝在此生活过 又有数不清的妙龄女子 进入到这个深宫 9999.5个房间 凡事不讲究太满的那个朝代 又有多少人在这些房间生活过 近些年清宫剧的热播 也激发更多人去看看这座紫禁城 这座留给世人的故宫博物院 九零后长大的孩子 每年夏天最爱看的肯定就是<还珠格格> 这部剧每年都会在暑期档播出 宫廷建筑 清宫历史 孩子们还开着玩笑 都演到紫薇被针扎了 咱们还不放假 故宫只有一个入口从午门进去 南北走向的浏览宫殿 故宫的历史感足够深厚 也是家长带着孩子增长知识的好教材 东六宫 西六宫 是太后和妃子们的寝宫  越来越多的人络绎不绝的参观故宫 这导致 很多宫殿不再对在开放 一样的红墙建筑 长时间参观也会有疲劳感 御花园没有觉得很大 也不知道是自己参观的不透彻  租个20元的讲解器 随着自己的步伐 每到一处给你讲解 不用走马观花 很好的了解这座紫禁城 网上订票可以省去很多时间 刷身份证进入 一路从南向北的路线 最后从神武门出来 我看到了清宫戏里的储秀宫  错过了皇上一怒之下把妃子打入冷宫的宫殿 没有看到是不是很像还珠格格的漱芳斋的建筑 总会对参观留有遗憾 没有遗憾 怎么会有下次的见面,2
750,"一、出发前准备：提前联系好旅游团，带好自拍杆，穿运动鞋，出门前查好天气，带好衣服，因为就是九月，早上晚上可能会凉一些。,二、旅行路线：一定要问清，旅行团的在北京的旅游路线，自己做好准备，把每一天的形成都要弄清楚，旅游签可以查一查，景点的相关介绍。以免盲目的游玩。,三、故宫景点介绍：故宫，旧称紫禁城，是中国规模最大、保存最完好的皇家建筑。这是我第一次去，导游会带着你从南往北，沿着中轴线游览。故宫虽然看上去，稍稍的旧了一些，但是总体上还是很恢弘大气的，它主要是以对称性分布的，从南向北主要有午门、太和门、太和殿、中和殿、保和殿、乾清宫、交泰殿、坤宁宫、御花园、神武门。,四、门票价格：旺季门票60元，,学生票20元，,淡季40元，,珍宝馆（10元）和钟表馆（10元）另收费,五、开放时间：早上8：30，16:30停止售票，,六、特色价值：在故宫里，可以更好的体会，明清文化，这里所展出的每一个馆，每一件瓦片都具有极高的历史价值，是古代人留给我们无价的宝藏，我们再次走到这里的时候，可以好好的拼读，古代人在设计他的独特意义。个人觉得阳光明媚的天气，亦或是雪花飘落的季节是游览故宫的最佳时节。,七、小建议：1、故宫全年实行周一下午闭馆。,2、最好跟团走，因为他们可以讲解的更详细一些。,3、参观的时候尽量不要大声的喧哗，打闹，净量保持安静。,4、故宫是实名制购票的，所以大家要带好身份证，还有带够钱啊。",2
751,虽然故宫的大名几乎无人不知，但是当我亲自来的时候，内心还是有点小紧张的，怀着忐忑的心情来到了售票处，虽然很多窗口，但是每个窗口的人都非常多，买票需要出示身份证，60元。检票处也是人山人海的，好不容易进去了，看到的还是人山人海。故宫沿着中轴线建筑的，主体建筑也就是三大殿（太和殿，中和殿，保和殿），非常的雄伟壮观，想想古时候的帝王所创造出来的这一切，是多么的不容易，东六宫和西六宫在左右两侧。现在故宫还是有很多的地方没有对外开放，东六宫基本都开放了，而西六宫有几个地方做了珍宝馆和钟表馆，需要单独收费，都是10元。里面展览了故宫里面的奇珍异宝，建议大家进去参观一下，可以见识一下文物。故宫里没有买吃的地方，但是有售卖纪念品的店铺，价钱偏高，其实故宫外面也有买的，便宜的多。故宫最后是御花园，以前看电视剧里面感觉御花园好大，但是来到了故宫才发现，原来真正的御花园是不大的，但是里面景色很美，就是人太多了，想拍无人的照片那是难上加难。故宫参观是不走回头路的，午门进神武门出，神武门出来之后对面就是景山公园，几块钱门票。故宫很贴心的一点，如果你带着行李箱来参观很不方便，又不是同一个门进出，寄存不了，所以可以在午门托运行李，之后在神武门取，这个很赞。出了神武门有一些饭店可以吃饭的，价钱有些小贵。住的地方还是很多的，去南锣鼓巷也不是很远。建议游玩时间在4小时左右。,2
752,这家店就在故宫景区内，属于典型的景点餐厅。我去故宫玩的时候吃过一次，感觉味道还是不错的。主要经营的是盖饭，我要的是土豆牛肉盖饭，牛肉块还是有的，炖的也算是比较烂。而且整体味道还不错，牛肉汤很鲜美。我妈妈点了份牛肉面，觉得一般，面条不是很入味。由于是在景区内，所以价格自然不便宜，一份都得30元。但个人还是这比吃些面包好得多！,2
753,"来故宫的路上还是有些赶的，早上从中山公园（3元）穿过，因为是预约的门票（联票80元），在再入口处租一份讲解器，一幅手绘地图，那么8小时的故宫之旅便开始了。,故宫，作为当时的重点中的重点工程，施工动用全国之力造就这番盛世的景象。,这里在进入故宫的朋友们有很多都是严格按照中轴线前往的，这样既省时又能看到精华部分，如果不是赶路人，我想说的事大可可以从旁边的文华殿或武英殿开始，从两侧到中间，尤其是在下午4点左右返场回来，你将“拥有”一座故宫，这时候的人们都陆续退场。,有两处两点需要提及，一处便是钟表馆和珍品馆，这绝对是值得你花钱排队观赏的，其中的展品绝非一般省博能够见到，尽显皇家气派。另一点便是东西十二宫，这里以御花园为中心，可以由西到东，也可以反过来，在这里要提及的是其中的殿㡰并不是很大，除去慈宁宫与宁寿宫，其他可以根据时令的展馆安排来规划时间。,今天的故宫里没了皇上坐龙廷。没了太监满院走，那种吓人的威慑力也就小多了。但是，站在一座座巍峨的宫殿前，环顾光秃秃的院子，你还是可以想见到当年明清时期皇家的气派，离开故宫时，我最多感叹的便是皇家毫不吝惜成本，无论是正式的殿堂，还是小到拐角处的过道，其房顶小兽都严格按照等级来雕饰，以及那一件件珍品，简直很难能够让人想象到当时富丽堂皇的景象。",2
754,"观赏角楼，拍摄的最好时间是在清晨日出时和傍晚日落时，尤其是在冬季，日出和日落的时间非常不错，可提前到地方占位置，不过很多人冬季会去景山公园拍日出和日落，可以自行选择；如果时间充裕，建议还是不要错过角楼的日出和日落！不过想要拍日出的话，最好是住宿在周边，尤其是夏季，日出时间基本在5:00之后，住得远了非常不方便，冬季会稍微好点，日出差不多基本在7:00之后，但住外环的朋友还是会比较赶，因为拍摄的人会比较多，需要提前到角楼占机位！,故宫角楼是紫禁城标志性建筑之一，拍摄地位于景山前街、五四大街、北池子大街交叉口，这侧位于紫禁城东北角，还有西北角也是一处很好的拍摄地点；东北角的相对来说，位置更佳，人会更多，尤其是傍晚日落期间，基本都会在东北角这一侧，有些老摄影也会在拍完东北角后，去西北角碰碰运气，运气好也能拍到好片子！看当天的天气决定！,基本每天到傍晚这两处就会聚集着当地的摄影爱好者和部分旅行者，喜欢摄影的小伙伴一定不要错过这个点，除了拍照，还可以跟当地的爱好者聊天，唠嗑，听很多有趣的故事，也可以请教摄影问题，尤其是那些几乎每天在拍摄的大爷，一定会不吝指导；拍摄结束后，还可以顺道拍摄景山的夜景。,拍摄道具的话，如果没带单反之类，其实无所谓，直接手机拍摄就可以，调节好曝光度，照样可以出好片；手机拍摄的话，还可以尝试延迟摄影，效果也非常不错，但需要有固定道具！,如果有带单反建议带三脚架或者小型能随身携带的架子，这样出片的效果会更好，直接手持拍摄效果还是略有不足；然后如果冬季拍摄，记得做好保暖工作，北京的昼夜温差还是很大的，一定要多穿点衣服，不然温度下来后很难熬。最后注意下，冬季拍摄的话，有时候护城河是结冰状态或还没完全解冻，无法拍摄角楼水中完整的倒影，如果在意的，可以自行关注下天气，夏天就不需要有这样的担忧！,除了喜欢拍照的，喜欢人文的，也可以来这边，这里玩摄影的老爷子，几乎在北京生活了一辈子，老北京的历史都是了然于心，各种有关京城、有关故宫的趣事，未公开的小道消息，实在是太丰富，觉得比你搜百度，看攻略来的有趣多了，也有很多守了很多年的老摄影，有很多精彩的照片可以在他们的手机、相机里面找到，然后分享给你看，真的很神奇！,最后讲两点个人的心得：一是如果拍夜景，最好是能在月圆的时候去拍，这样圆月、角楼相映成辉，会非常漂亮，还有就是碰上故宫亮灯的时候，不过这种机会可遇不可求，大家可提前关注相关信息，我这次去，反正是一样都没碰上！二是拍日出、日落，云彩很关键，云彩的多少直接影响照片的效果，云彩多的时候才有更大机会出好片，这是当地拍了十来年的摄影爱好者得出的一点心得，我这次运气一般，天气虽然还可以，但云彩只有一点点，晚霞的效果就一般般！",2
755,"去故宫前一天，我们在官网上预订了电子门票，这样可以大大免去在景区排队买门票的时间。,原本打算要早点起来逛故宫，但还是睡过了头，从红都实佳宾馆（东城区朝内南小街史家胡同9号（朝阳门南小街与史家胡同交叉口））出发，乘坐地铁5号线转1号线到达天安门广场，现在进入故宫一律从午门进，神武门出，这样也挺好，在进故宫前顺便把天安门广场兜了，出神武门后可以直接去景山公园。11点钟下地铁，这时候天安门广场的游人已经很多了，到达故宫后在门口租了电子导游器开始游玩。我觉得去故宫前最好了解一下故宫的历史资料，可以先看纪录片《故宫100》，否则你会感到每个宫都大同小异，而实则在故宫内有着太多的门道太多的典故太多的历史。到故宫游玩时可以边蹭团边听电子导游讲解，特别是前庭，导游讲述的比较多，而电子导游器讲解的少，后宫后花园听电子导游讲解就差不多了。由于进故宫的时间晚，而且兜的比较慢，出故宫的时候已经17点左右，天气不好，灰蒙蒙，再加上前面两天的行程分别是长城和颐和园，腿已经很累，没有体力到景山公园看故宫的全景。景山公园看故宫全景推荐是在夕阳西下时候去看，阳光打在城楼上金灿灿，很漂亮。到北京玩需要很好的体力，长城、故宫、颐和园都很大，可以搓开安排，而我们把这三个大的景点放在一块，所以爬完长城后，故宫和颐和园都感到很疲惫。出故宫后直接坐车到南锣鼓巷去逛逛并且吃晚饭。在南锣鼓巷里买了点小东西，2个人看到好吃的就买来吃，一般都买1人份，分着吃。",2
756,"故宫博物院，又称紫禁城，紫禁城总体上可分为南边的前朝（外朝）和北边的后寝（内廷）两大部分，,是封建王朝的历史遗物，不仅地理位置重要，处在国都的中轴线上，历史位置也不容小觑，是明清两代的帝皇的居住所，新中国成立后就成为了展示中国历史文化的博物院了，现在主要展示的宫殿区有：城池区、前三殿区、后三宫区、文华殿区、武英殿区、养心殿区、斋宫区、奉先殿区、东六宫区、西六宫区、御花园区和宁寿宫区，展品数量众多且多为国宝级的文物，适合用一天去游览。在中国人心中，个生当中北京是一定要来一次的，到了北京一定要去故宫一趟了，不仅在中国，在国际上，故宫也是中国的一张名片，所以这里每天都是游客如织的景象。为了有更好的体验，最好错峰出行，尽早到，最好租个讲解器，,附【故宫开放时间表】：,每年4月1日至10月31日采用旺季开放时间（旺季门票60，学生20）,开始售票、开放进馆时间：　　　8:30,止票时间（含钟表馆、珍宝馆）：16:00,停止入馆时间：　　　　　　　　16:10,清场时间：　　　　　　　　　　17:00,每年11月1日至来年3月31日采用淡季开放时间（淡季门票40，学生20）,开始售票、开放进馆时间：　　　8:30,止票时间（含钟表馆、珍宝馆）：15:30,停止入馆时间：　　　　　　　　15:40,清场时间：　　　　　　　　　　16:30,PS：珍宝馆、钟表馆需另购票：每张10元/人,【交通】故宫交通非常便利，最好到达以下两个站,天安门东,停靠的车辆： 1、120、2、52、59、82、99、夜1、夜2、夜17路、观光1线、观光2线公共汽车和1号地铁线,天安门西,停靠的车辆： 1、5、52、99、夜1路、观光1线、观光2线公共汽车和1号地铁线",2
757,神武门，作为故宫博物院的后门，旧称玄武门，因为从旧说里的方位来说，左青龙，右白虎，前朱雀，后玄武，所以称玄武，但是后来避讳康熙“玄烨”的玄而改名了神武门，在故宫的北方，穿过御花园就到了，游览故宫博物院时，一般是午门进，神武门出，在皇宫里，规矩礼法甚多，所以这后门的神武门不及午门宏伟，但也不失庄严与皇家气派，使用也是大有讲究的，据说是内宫妃子进出皇宫的地方，而这里也是妃子门第一次进入皇宫所过的门，选的秀女们就是从这个神武门列队进入皇宫的，很多人一进，基本就是一生都在这里度过了。,2
758,"整个北京城以故宫为中心点，以环状辐射开来。是初到北京，必游景点之一。坐地铁到天安门东站或西站均可。,门票60元，周一闭馆。平日开放至下午4点多。每天游客都很多。建议提早出行。,售票处有导游器可以租用，仅需20元，到相应位置就会有感应，自动播放。有多个版本可供选择。个人比较喜欢“王刚版本”。,根据地图，游客必须从午门进，有三条线路可以游览-东，中，西，最后必须在神武门出来。,个人经验，虽然很多宫殿没有开放，但要仔细游完所有地方，一天也不够。所以建议参观自己比较感兴趣的。,故宫建于永乐年间（朱棣任皇帝时期），自朱棣迁都到北京后，一直作为皇家居住用地。成为紫禁城，成为很多人曾经魂断的地方。1925年才更名为故宫。,整个建筑群，秉承了皇家黄瓦红墙的装修风格。庄严而大气。很多房子屋顶有10只琉璃釉面小兽，它们分别是龙、凤、狮子、天马、海马、狻猊、押鱼、獬豸、斗牛、行什。龙凤代表了祥瑞，以及当时最高的皇权。也只有紫禁城能有。,除了皇帝住的乾清宫和办公的太和殿等地方，其他地方都大同小异。只是根据管理方的安排，每个宫殿可能有不同的展览，譬如皇家人使用的器具，把玩的古玩，珍藏的画籍等。所以这里全名为“故宫博物馆”。,御花园并没有电视上演的那么大，还没有和珅的恭王府的花园大。,天冷的时候，走累了可以在里面的游客中心休息，有吃有喝有暖气。消费稍微高一点，但可以接受。",2
759,"故宫在北京最中心的位置，是明清两代皇帝的宫邸，第一次去是2009年，那时候走马观花，借了个导读机，但是没有留下什么深刻的印象。今年十月长假以后再去，年龄渐长，感受也比以往深了。,我们提前一天的晚上在网上订好票，【旺季】60元一个人【淡季】40元一人，进故宫刷身份证就可以进去了。进去以后，在午门处可以借导读机或者找导游，导读机的价格是20块钱一只。导游的话，带你走中轴线走到御花园处，要150块钱一个导游。我们最后找了一个，还价还到100。感觉这个价格还有水分，不过我们找的是个年纪比较大的，看他也不容易，所以也没高兴再继续。跟着导游走，从午门沿中轴线走到御花园大概需要2个小时。这个时候导游就撤了，如果有时间，可以再慢慢逛两边的宫邸。我们还去了珍宝馆和钟表馆，需要额外买票10元一人，最晚进入时间是4点，我们去的太晚了，所以只能走马观花的一看。,相比较其他地方的景点而言，故宫60块钱门票绝对收的是良心价。而且在午门处可以存放包裹，下午五点可以在神武门提自己的包，还是非常人性化的，不用再走回头路了。,我们慢慢的步行在故宫中，对历史故事会有更深刻的感受，再看着以前的建筑，很多都已经翻新过了，门框上有些裸露在外面的金属，因为被游客摸得褪了色，有的木窗也是因为游客的不文明行为，变得残破不堪，希望大家能文明旅游，把这么精美的故宫流传下去。,当年李莲英居住的地方已经变成了一家饼店，45块钱一盒，是我们找的那个导游带我们进去的，买了两盒，回头一吃，真不好吃。,故宫还有很多纪念品店，都是做的很精致的，而且外面没得卖，比如一些皇帝主题的手机壳之类的，而且价格也不贵，值得一买。,故宫非常值得一来，而且一次都体会不了故宫的美和精妙。从故宫神武门出来以后，还可以去对面的景山，登高，俯瞰故宫的全貌。",2
760,"带着孩子去北京，故宫还是一定要去一下的，去看看古老的皇城。,去故宫的话，最好的交通还是地铁，做地铁到天安门东站下，出站后右转，就可以看到去故宫的在排队了，因为去的人真的很多，哪怕我们去的那天是下雨天，人也还是不少。排队的地方，进去之前是需要安检的，然后还要看一下身份证。过了后，还是要走很多路的，要走过天安门，一直往前走才是故宫。,进入故宫要买门票，门票价格倒很合理，60元一个人，小孩身高没有到1.2米，是不需要买票的。我们是在网上提前买好门票，所以进去就更方便了，直接刷身份证就可以了。如果到了再买门票的话，因为人多，还要排队，不是太方便。建议大家还是先买好比较好，把节省下来的时间用在里面观赏。,故宫里面很大，至少也得玩上半天左右的时间，所以大家去故宫游玩的话，要把握好时间哦。如果你要好好欣赏的话，好几天也看不完哦。,另外，有一个需要注意一下，因为故宫每周一是闭关的，所以大家周一就不要去了，去了也参观不了。此外，我们去的那天正好是下雨天，如果你是带着孩子去的话，最好找一个天气好点的日子去，因为下雨天去实在是不方便，故宫大部分地方，下雨天都是要打伞的，不像南方，很多地方不打伞也可以走。,整个故宫给人感觉很大气，非常值得来参观一下。",2
761,"【前往北京故宫前的遭遇】来过北京2次，一次是匆匆出差，当天来回，另一回特地来北京旅游，却让我记忆太深刻，来北京前一天，包包被人偷了，还好火车票什么的都还没取，还是顺利去了北京，但是去北京的火车却整整晚点了十几个小时，原来13个小时的北京之旅变成了27个小时，在火车上痛不欲生，主要是前一天火包包被偷，一时没什么现金，在火车上饥饿难挨啊！来到北京第一个景点是故宫，故宫是世界上现存最大最完整的古代宫殿建筑群，以前在电视中经常看到，终于看到真实的建筑，非常惊喜，但是人实在太多了，排队的买票和进去的人真的是人山人海，进去后，看到这些建筑上华丽的琉璃瓦、朱红墙依旧，森严的高墙，非常有气势，很是震撼，整个故宫很大，有一些宫殿是没有对外开放是，但是全程参观下来也得3-4个小时，还是非常吃力的，比较耗体力。【建议】由于故宫历史文化深厚，景点比较多，如果是自由行的话建议借个导览机按顺序一个一个点走，如果自己一个人走马光花的话就太没意思了。【位置】故宫是在北京的中心地段，就在天安门广场对面的位置，来这里要通过走地下通道的，具体位置是在东城区景山前街4号。【交通】这里的交通很便利，可以乘坐北京的地铁1号线在天安门东/天安门西站下车。故宫博物院午门（南门）是入口，故宫博物院神武门（北门）是出口。租电子讲解仪是20元/次。【关于故宫】故宫是明清两代皇帝所在的宫殿，所以每天来参观的人都很多，旺季的时候这里会限制进去的人数，也是为了保护这里的文化，由于这个景点面积很大，建议可以分为三条线路来参观比较合理一些。【东路】：从午门→太和门三大殿→乾清门→东六宫→宁寿宫→珍妃井，【西路】：从午门→太和门三大殿→乾清门→西六宫→慈宁宫→养心殿→漱芳斋 ，【中轴线】：从午门→太和门三大殿→乾清门→乾清宫→交泰殿→坤宁宫→御花园→神武门（从神武门可以进入景山公园）。,来北京不来故宫等于没来，虽然来这里很遭罪，但是不来又让自己充满遗憾。",2
762,北京故宫，简直可以用人山人海形容，不用排队就进门，真是超开心的，强烈推荐买电子票去故宫，不然排队要热死的，进去也没兴致玩了！给孩子买的儿童票，但是我们没带户口本，检票的时候本想说孩子的身份证号码验证，工作人员直接让孩子进去了。北京对剛超120的小孩门票把关不严。不用排队直接可以进去。到那里感觉就是走马观花了，传说龙椅什么的，皇家东西气运极大，普通老百姓承受不起。有时间有精力的朋友，建议租个自动讲解器，比什么都不懂的观看要好得多呢。不需要押金，20块钱一个人，入口借出来，出口可以还。讲解器自带GPRS。紫禁城宫殿的金色琉璃瓦顶高低错落，好似京城中央的一片宫殿之海。黄色的瓦，红色的墙，里面有很多例如仙鹤、神龟这些代表长寿的仙物。但是慈宁宫啊，淑芳斋都是不对外开放的！不过呢故宫很多外墙都被重修的很明显。,2
763,"【概述】故宫据说有9999间房寓意长长久久，故宫建造比例9:5寓意皇帝都是九五之尊，凡此种种都有讲究，所以游故宫最好请个讲解。故宫的整体格局非常对称，午门进入后，中轴线上依次是太和殿、中和殿、保和殿，然后从乾清门进入乾清宫、交泰殿、坤宁宫，最后坤宁门出去就是御花园了。中轴线两侧还有许多妃嫔的宫殿，老佛爷的慈宁宫，太子的承乾宫，秀女的储秀宫等等。看到一宫殿，脑子里就会跑出一群人。,【门票】旺季60元，淡季40元，旺季是4月初到10月底，有半价票，符合优惠条件即可购买。,【位置交通】故宫位于北京市东城区景山前街4号，故宫有四个门，但是午门是唯一的入口处，神武门和东华门都是出口，所以一定要记住了。乘坐公交，天安门东站、天安门西站下车都可以，公交线路特别多，专1、专2和地铁1号线都到。,PS:2015年杨澜访谈录有一期《故宫Style》采访的是故宫博物院的现任单院长，真心感觉维护保养故宫的不易防火防窃防损坏，所以，大家一起爱惜吧！同时也感叹故宫工作人员的伟大，把阳春白雪般、遥不可及的高大上故宫展品研发出品各种APP、游戏和文创产品亲民化，点赞！",2
764,故宫是来北京必游玩的景点之一，当故宫映入眼帘，雄伟，壮阔，辉煌，都无法形容它！下面我就来给大家说说吧！首先位置：很好找的，地铁1号线，天安门东下就可以！门票：我去的时候是旺季，一个人是60，淡季会便宜一点！吃喝：里面水和吃的都很贵，建议大家还是自己准备比较好！游玩：里面有讲解器，大家可以组一个，一个好像是20，它会系统自动定位，随时帮你讲解，里面真的很大，分主线和分线，走完的话可能一天都结束不了，大家一定要算好时间，不然人多，排队买票都需要很久！还有就是，亲身体验，一定要穿运动鞋啊，我就是不信邪，导致走了一会就累不行了，都没有心情看了，浪费门票钱啊，出门：出门和进门不是一个口，出去的话，要回去就要做5路车到王府井下了，之后就地铁公交自己选择啦！总之大家来看看体验一下古代宫殿的历史感，是个不错的选择,2
765,"北京行之故宫,从午门进入故宫后，一直朝北笔直前进，走过内金水桥，就可以看得到每天大臣早朝必经的协和门（右）、熙和门（左），这两个门外是文华殿和武英殿，看名字就明白文武官要归位哦。穿过太和门，正对着你的是太和殿，紧接着的是中和殿、保和殿。在到达太和殿的途中会看的右边的体仁阁与左边的弘义阁。看到乾清门也就意味着将要进入内宫了。乾清宫、交泰殿、坤宁宫、御花园依次排列。从御花园西南角的琼苑西门出来便进入西六宫。西六宫是清代后宫妃嫔的住处，慈禧大半生居住在西六宫。那里曾经发生过多少诡异的故事，有着多少屈死的冤魂，都已无从考证。边欣赏边想象之前看过的各种清朝后宫争斗剧，多情的人也许会有穿越的感觉，是你吗？爱好书法的朋友不可错过养心殿西暖阁的三希堂。,公交：,1、2、4、5、8、10、20、52、22、120、728、802天安门西或天安门东下车,地铁（天安门东站、天安门西站）：,9、17、22、44、48、59、66、110、126、301、646、673、692、729、803、808、901、特4、特7、BRT1前门下车或101、103、109、685、814、846路故宫下车,门票：,每年4月1日－10月31日为旺季，每张门票为人民币60元（不包括珍宝馆、钟表馆）,每年11月1日－来年3月31日为淡季，每张门票为人民币40元（不包括珍宝馆、钟表馆）,珍宝馆（即进入宁寿宫区，还包括戏曲馆、石鼓馆）参观门票：每张门票为人民币10元,钟表馆（即进入奉先殿区）参观门票：每张门票为人民币10元,感受：,在故宫，你得一路前行，不然，很多的景物你就观赏不到。因为，故宫太宽太大了，要想看得仔细，没有几天的时间，是根本不行的。,由于我们时间短，只能走马观花似的浏览一下，有很多的地方，根本就没有走到，根本就没有观赏到那里的美丽景色。,面对耀眼的建筑与白玉栏杆，人就眼花缭乱。这些美丽的景色，会使人情不自禁的留影纪念。,我们还来到了皇帝的御花圆，在这里，我们欣赏了曾经是皇帝消遣过的风景，御花圆好大好宽，里面有亭子，有各种树木，有假山有石洞，这里风景秀丽优美，让人流连忘返。",2
766,"{提前网上订票节省时间}~去之前抱着很大的期待，非常喜欢有历史感的古老建筑，因为知道去故宫的人一定很多，所以早早就起来，不到八点达到售票处，就已经很多人在排队了，故宫里面宫殿很多，对于我这种方向感不好的人来说很容易迷路，可以租用讲解器，背面有小小的地图。但是我自己在网上下载了APP,除了带有讲解也可以用作导航，这样子基本想去的宫殿都比较方便找到了，进入故宫后大部分人会先游览中线，最大也是人最多的地方，两面偏殿的人就比较少，很多地方有供休息的椅子很人性化的。当天去的时候天气不好，阴沉沉的，所以没有什么金碧辉煌的感觉，大气磅礴还是有的，宫殿内部一般是没有办法进入参观的，只能通过玻璃窗看一下，时间久远了，和心中所想像的还是有些差距的，而且很多宫殿是没有开放的，只有部分可以参观。其中珍宝馆和钟表馆是需要单独购票的，门票里面不包含的，因为时间原因只选择了去钟表馆，作为八音盒爱好者实在很喜欢这里，有很多当年国外进贡的古董八音盒，比之前去上海八音盒展馆看到的更漂亮更精致，还有一个很大的可以写中文的八音盒，只是不能听到它们的声音了有些可惜。",2
767,北京故宫门票60元 旺季:4月1日—10月31日 每张60元/人 淡季:11月1日—次年3月31日 每张40元/人 珍宝馆:每张10元/人 钟表馆:每张10元/人。故宫算是北京必去的景点了。去了好多回，寒暑假的时候，人都挺多的。其实故宫很大的，只是很多区域都没有对游人开放所以大概3个钟头就可以走完了。再深度点的五个小时也差不多了。故宫很多不主要的小宫殿都用来做展品的展示了，对文物有兴趣的朋友会有很多收获的。建议在寒暑假的时候早点去，最好现在网上买好电子票，然后开门的时候刷身份证就可以进去了，这样能赶在大部队涌入故宫前照到一些好照片。冬天的雪景也很美，对于游客来说这个要靠运气。淡季的门票很诱人。还有角楼，是摄友的最爱了。,2
768,"故宫，绝对是去北京不得不去的地方。从小就对故宫有一种特别的感情，有可能各种剧看多了哈哈。进入故宫，就会有一种庄严威严的感觉。喜欢故宫那种建筑，也必须的是找一个导游讲讲他的历史。汉白玉，红墙，大殿，每一个都寻访他的来源。在北京，学生证真的超管用，其实票也不算贵，学生票故宫只要20元，讲解器也是20元。自带定位功能，走到任何一个景点都会自动讲解。但是个人觉得没有导游好，因为导游会讲一些野史之类的，我比较感兴趣，也觉得很好玩儿。九龙壁值得一看，全国仅存三个，有一个在故宫，但要另买票，10元。,故宫游玩结束，景区会有电瓶车，2元一人，介个绝对是深坑啊，硕士到王府井，地铁站还有个什么来着，就兴冲冲坐上了，结果只是做到一个岔口，目测一公里的样子。然后说，直走王府井，右拐什么什么的，去王府井至少走了公交车三站。晕倒。",2
769,"冬天去的北京，不是节日，也不是周末，但人依然很多，去之前没有做过攻略，只是觉得作为一个中国人，北京一定要去，去了北京，故宫一定要去。因为去故宫前没有提前准备，所以并不了解闭馆时间。去到那的时候已经中午，用学生证购票20（即使是40也超值了好吧！）节约的20租了电子导游（太有必要了！！）。是王刚老师解说的，听着就像在看《走近科学》。,故宫给我的第一感觉并没有印象中那么雄伟，但走进去里面的细枝末节值得品味上百次，上千次。闭馆后时间尚早，又去了后面的景山公园，这里除了是拍摄故宫的绝佳位子，还是北京的正中心。夕阳，宫墙，红砖，青瓦。魂牵梦绕的地方。",2
770,去北京必须要去的，故宫算是北京最有名的了.小的时候去开发的宫殿要多很多，现在开放的宫越来越少。现在虽然开设给游客观光的宫殿不多，但是也能看出些古代中国建筑的特点了。故宫里面的建筑造的都很规矩，而且宫殿都特别高，还有很精美的雕刻什么的。皇上的御花园也真的很美，一年四季都开不同的花，做皇帝虽然辛苦也是很享受的。故宫里面最好玩的就是，在故宫里面游玩可以租借讲解器，或者注意注意别的导游们讲的故事噢。故宫每周一下午闭馆，所以建议大家不要在周一来参观。故宫很大，如果每一个角落都走下来还要听点讲解拍照的话，大概要5个小时左右，既然来都来呢建议大家把全程都走完，所以一定要穿舒服的鞋子。北京故宫享誉中外，所以根本不分淡季旺季，因为天天都是旺季，参观故宫的有一半都是外国人，可见故宫有多么受欢迎。,2
771,虽然已来过故宫多次，但既然带儿来京，这里肯定还是必游之地。故宫是中国，甚至可以说是世界上保存最完整，规模最大的木质结构古建筑群，被誉为世界五大宫之首。它的大气磅礴，它的历史底蕴，它的结构精巧都是可以说成书滴。虽然在暑假旺季，这里确定是游人如织。但还是不虚此行，故宫有两大看点：一、建筑艺术；二、珍贵文物。建筑方面我们留意的比较多，看电影电视节目中展现的也比较多，但其实这里珍藏着大量的珍贵文物，据统计有上百万件，占全国文物总数的六分之一。这里的展馆种类相当多，历史艺术馆、绘画馆、陶瓷馆、青铜器馆、明清工艺美术馆等等，当然有时有的展馆不开放。但即便如此，半天或一天走下来，还是有点走马观花。,2
772,"北京故宫博物院建立于1925年10月10日，位于北京故宫紫禁城内。是在明朝、清朝两代皇宫及其收藏的基础上建立起来的中国综合性博物馆，也是中国最大的古代文化艺术博物馆.,故宫是很值得一去的地方，里边有很多古代的珍奇异宝（书画、玉器、古文物等）、还有很多历史知识的展示，在里边可以了解很多过去的历史，走在每一个角落、踏入每一个房间、看着每一个宝物、感受着他被文化包围的浓厚气息，在这里轻轻的呼吸，感慨我们祖国的文明历史吧！",2
773,"1、	中国最有名的地方之一，也是最值得来的地方之一，位于北京市中心，长安街，坐地铁一号线到天安门广场东下就到，2、建筑非常的雄伟，以建筑为主，整体逛下来要半天左右，主要是欣赏中国的王者之气，但是真的是人多人多人多啊，门票60元，里面很大的，3、对面是天安门广场、旁边是中山公园。基本这里就可以玩一天了，吃饭的地方还真没有，建议去王府井或者西单，直接一号线往两个不同的方向，很快就到了，4、中山公园时候来的对的话还有郁金香可以欣赏，5、想看升旗的话要很早很早，而且不管来多早都是人，6、所以建议最好冬天来，人稍微少点。",2
774,"故宫是中国性价比最高的旅游景点，相信这么说应该没什么小伙伴会反对吧！,在北京待了三年的岁月，但去故宫也只去了一次，主要是陪麻麻去逛逛。现在有点遗憾，应该多去几次，春夏秋冬均去采采风的，主要原因也可能是游客实在是太多了。,一般的路线是从天安门进入，午门买票进故宫沿着中轴线逛，到了御花园可以开始逛东西六宫，珍宝馆是不容错过的，回御花园，之后出神武门。登景山，回眺故宫。,沿线印象深刻的莫过于午门的坚固如铁，金水桥的秀丽，三殿的雄伟正气，三宫的修身养性，东西六宫的综横交错，御花园的锦绣瑰丽，九龙壁的多姿多彩，珍妃井的袖珍井口，钟表馆的各种工艺品，养心殿的真容，军机处的低调，神武门的英姿，及景山上远眺故宫全景的震撼之感，金光粼粼，大势磅礴。当然还有游人的人山人海，汹涌澎湃！,小伙伴们，如果你来北京只逛一个景点，那就是故宫，北京的精髓！",2
775,去北京一定要去故宫旅游！看过故宫之后，我才真正感受到什么是一个古代帝王朝的气势。。纵然只剩下个空壳子，但那些亭台楼阁，高大城墙，无一不显示了故宫曾有的辉煌，古代皇帝果然有钱，看过之后我很震撼！故宫非常大，走起路来有些辛苦，要花大半天的时间，老人家走下来一圈非常辛苦。。节假日时人特别多，要排队买票，老人有半价优惠，故宫里面有餐馆，价格还可以接受，40多一碗面。建议非节假日去，人少些。,2
776,故宫旧称紫禁城，是中国明清两代24位皇帝的皇宫，也是世界现存最大、最完整的木质结构的古建筑群。故宫门票淡季40旺季60元，故宫每周一下午闭馆，所以建议大家不要在周一来参观。故宫很大，如果每一个角落都走下来还要听点讲解拍照的话，大概要5个小时左右，既然来都来呢建议大家把全程都走完，所以一定要穿舒服的鞋子。北京故宫享誉中外，所以根本不分淡季旺季，因为天天都是旺季，参观故宫的有一半都是外国人，可见故宫有多么受欢迎，建议早早来参观，这样还能避免高峰期，每天参观故宫光是旅行团就不计其数，如果是自己独立参观那么建议听听其他导游的讲解，很多东西都是有故事有渊源的。,2
777,很好哦，刷身份证直接进的,2
778,趁着年轻 趁着放假 可以出去尽情的玩耍了。外面的美景就是好。去爬了长城 天安门 还去了好多地方。天气好 心情都很美。,2
779,很方便，刷身份证就能进去了。,2
780,很方便，没五分钟就预定成功了。故宫真的人很多，预定省了好多时间，第一次用这种方式买门票，决定以后就这么干了。,2
781,很开心的一次跟团游，真的是没有购物，很满意，车辆到达时间也很准，导游服务态度很好！,2
782,好评。。。。。不错的旅行,2
783,一直都在用去哪了网，火车票，门票，酒店，真是感谢阿，,2
784,这次去故宫用的去哪儿订的票，去了之后直接刷身份证，很方便，节约了时间。用了去哪儿的十元红包，价格便宜，有优势。故宫真的太大了，在里面转了五个小时，还没有看完，以后有时间，还要去北京玩一玩，确实是大气磅礴！,2
785,靠谱，带着孩子不用排队，超方便。,2
786,电子门票十分方便，不用在哪里排队买票，非常顺利进入故宫，享受历史的熏陶~,2
787,故宫博物院真的是值得去了又去的地方，本以为疫情期间又是工作日人会少一些，但是并没有哦，不过秩序还是很好的，预见很多窗口，不需要排队，导游每个人分发一个听讲解的耳机，下午场一个团大概不到10人，讲解的很详细，就是闭馆时间有些早，有点儿意犹未尽逛的感觉,2
788,买好票，带着身份证就可以进去了，很值得一去的地方，由于带着小孩好多地方都没去，下次有时间再来吧,2
789,京城中心，精华所在，宏伟建筑让人体验皇家气派与威严，自午门入，沿中轴线四殿再入东北角及珍宝馆珍妃井，再由北门入西北角细细品味大殿两侧故宫院落景观典故，感叹昔日辉煌与落末。。。。,2
790,经过小陈导游的讲解，故宫游起来有意思多了，就是小孩多，太闹腾，陈导游很会带小孩，给个10086个赞,2
791,"一“展”看尽紫禁城风云600年✨,今年为紫禁城建成六百周年，🈶️幸来故宫看一生仅一次的故宫大展‼️,💛展览时间：2020年9月10日-11月15日。,🤎展览🎫：免费，但是需要提前1⃣️0⃣️天去买故宫的门票，价格为40💰（不含钟表馆和珍宝馆）。,💛展览分为3⃣️单元：宫城一体➡️🈶️容乃大➡️生生不息。",2
792,带孩子来见识一下中国古代王朝壮观的场景,2
793,挺好，价格比到地方买便宜一半，方便,2
794,行程安排得很合理，避开了高峰期，游玩得非常开心。,2
795,值得去！暑假人很多，建筑很壮观。,2
796,推荐，不用排队凭身份证直接就可以进去了，方便！,2
797,自由散客，游玩了将近三个小时，还可以的，人不多，就是天气不怎么好，很多外宾,1
798,记得最好从左游起，珍宝馆不错，只要10元，现场可买，……,2
799,感受中国历史文化，值得一去,2
800,刷身份证很方便，故宫确实是值得一看，很棒！,2
801,很不错，玩的开心，重点是一路都很充实，而且不累，时间安排很好，觉得特好。,2
802,最喜欢的故宫，从小的梦想。,2
803,非常棒的体验，和家人一起逛故宫，好开心,2
804,非常好，喜欢古建筑。宏伟只是不能进殿看看,2
805,何导人美心善，服务周到，有机会还是想参加她的团哦。,2
806,网上订票很方便，免去了排队的麻烦，虽然是淡季，人还是挺多的，在里面待了一天，有些馆开放时间是有限制的，建议先去，再有就是要提前规划好路线，免得走回头路，不然太大了，逛着太累。有些馆在维修，一趟估计是看不完的。,2
807,服务态度超级超级超级好，东北的一个小帅哥  超级热情。到位耐心，超级超级棒。,2
808,不错，给了很好的建议！,2
809,这个季节去特别棒，有足够的时间驻足观看，体会历史建筑！大气磅礴，青砖绿瓦，年代感特足！喜欢至极！,2
810,抖音小红书总是刷到亲子汉服照，就临时决定说拍就拍。安排的郭庆老师拍的效果特别好，拍出我想要的感觉。特别会带动孩子互动。感谢帮我们留下美好的亲子照！,2
811,故宫还是需要边听讲解边游览的，大福晋导游很厉害，讲解的特别棒👍👍,2
812,这次是带着家人来看北京，圆了她们的北京梦！故宫的雄伟壮丽让人不由的叹为观止，虽然前年来观摩过，但再次来此却有不一样的感触，此时的风景更怡人！现在改为电子门票更为方便快捷，节省人力物力资源，就是周末人超级多，坐在故宫的石阶上吹着阴凉的风，偶尔和来往的人闲聊两句，,2
813,感叹故宫的雄伟壮观。,2
814,挺好的，进去直接刷身份证很方便！不用去换票进去,2
815,对故宫的印象不如以前了。不过去哪儿网确实很方便的。以后还会来去哪儿网站买票的，特别是客服妹妹真的很热心。一次次的询问我的情况。很感动。希望去哪儿网越办越好，越办越红火。,2
816,故宫真的太大了，走了2万多步还没走透，真的可怜古代宫中女人了。,1
817,说实话没有想象中的好，定位讲解不算精确，不过也基本符合，对于第一次区故宫的人的说，海友有讲解器比较好，不至于进去之后随便看看什么都不懂都出来了，还是挺好的~,2
818,玩的很好，很方便，不需要去窗口排队网上预订超级方便，直接刷身份证入园，第一次去北京游玩，一定要去皇城故宫的呀，第一天就选择去故宫，虽然很累，有休息嗯地方，但基本不休息，在一直看景区，巍峨宏伟，被深深震撼，在电视机里面和现场真不一样，以后要带父母来的。,2
819,一天的时间都不够，慢慢看慢慢品味体会帝王的礼节、规矩,2
820,故宫博物院还是不错的，就是十一人太多，来北京必看的景点,2
821,值得拥有的一次说走就走的旅行……,2
822,故宫一定要网上预定，不然根本进不去。去哪儿网买票后，不用换票，直接拿身份证验证就可进去,1
823,第一次在网上购票 很方便 不用排长队了 刷身份证就可以 方便,2
824,故宫 必须 妥妥的五颗星好评！就是逛一天下来腿都感觉不是自己的啦…故宫里卖的东西还挺好玩 挺有趣 比如照片里的,2
825,很好玩hengzgdigdvzjdiurbh,2
826,非常好还便宜，太好了，大赞！,2
827,提前买票还是挺方便的，出入刷身份证就好了！,2
828,导游小梅，非常的敬业，热忱。服务很周到，讲解很细致，回来车上还热心得介绍可玩的景点、正宗美食小吃和交通路线，真是不虚此行！,2
829,今天上午10点参加了田田导游讲解的故宫博物院游，导游非常专业讲解清晰，组织安排有序为导游田田点赞👍,2
830,大气磅礴，滴滴只是单纯知道的d,2
831,故宫之行值得去～～取票方便～直接刷身份证～挺好的～去哪儿网值得信赖,2
832,赞赞赞，网上自助买票很方便，而且还很便宜，直接身份证进故宫，不需要再去换票，很方便！,2
833,安导老师非常专业，故宫知识储备丰富、👍,2
834,服务周到体贴，讲解细致耐心，风景震撼！,2
835,很满意，摄影师拍的很好，对故宫很熟悉，抓拍的角度都很好，照片都是我喜欢的风格，嘻嘻,2
836,在去哪儿买的票，不用取票很方便，刷身份证就可以进去啦，故宫真的很美，所以带着相机拍拍拍。,2
837,气势磅礴不愧是故宫博物院，皇家的东西，,2
838,去故宫正是暑假，人太多了，故宫里很大，我们第一次来，就一直走的边上，没有中间，有点可惜了，出门前才看到有电子导游，早知道租一个了，孩子不用带身份证和户口本，知道身份证号码就可以，很方便。,1
839,去了才知道它的宏伟啊，值得一去的地方！,2
840,故宫排队人很多，幸好提前买了电子票，刷下身份证就进去了，很方便！,2
841,建议买上午的票，这样可以逛一天了。很宏伟,2
842,太方便了  拿身份证就能直接进故宫 不用排队买票,2
843,电子票方便，直接就进去了。,2
844,皇家园林，还是值得一去的。,2
845,相当不错，很细致，很专业，很认真，一个蒙古姑娘给一群汉人讲满人的历史，真的说明全国民族一家亲啊！,2
846,"偌大的皇宫，,我只微尘一束，,被遗弃的爱恨欢愉，,深锁在最边冷的位置…,——我在紫禁城探访冷宫👻,*直接刷身份证就能进入，不用取票特方便！",1
847,不错的一次体验，身份证取票，省去了排队的烦恼。,2
848,不用排队买票，直接拿身份证进入，真方便,2
849,"故宫里的盛夏晴天,故宫是个无论我去多少次，都不会感觉到倦怠的地方，每次踏进宫里的一刹那，精神都为之振奋了许多，我向往的夏天便是在故宫里。今年夏天，我已经四进宫了😏,🤔为什么一直去？,疫情爆发，导致故宫5月才开门营业，当时限流5000人，而后疫情慢慢好转了，限流人数增加至8000，北京疫情再次出现以后，故宫限流2000人了。空旷而无人的故宫，是我做梦都想去的地方😘，而故宫作为中华民族的瑰宝，一定值得拥有。,😁造型来自哪？,明制的头发造型可以自己做，但清代的旗头自己做起来太过于复杂😂，根据朋友们的推荐，选择了【九花亭】，398一套造型包括了头发妆容和衣服鞋子，一个免费的配饰，用的化妆品还不错😊不是什么杂牌子,😉故宫的夏天,“四季皆变化”，春看梨花，夏享绿荫，秋观落叶🍂，冬赏白雪，故宫的夏天虽然树少，但设计合理错落有致的宫殿仍然会带来清凉，每一次去都观察到了小惊喜，头图的背景是以前从没见过的,😫关于门票,目前从【故宫】官网上买票，一般提前10天左右才能买到想去的那一天😄，到了现场需要出示健康码+身份证，假如去的次数勤了，上面会有高频的显示，工作人员小姐姐会问你完整的身份证🆔",2
850,今天的向导是小陈导游，非常好，讲解很细致，整个行程都没有休息，嗓子都哑了，真的很敬业，这次的深度游体验真的很棒，旅行社的安排管理都非常规范，下次还要体验别的行程,2
851,小李导游讲解的很好，清晰易懂。带着妈妈一起来的本来担心会累，规划的很合理没有浪费时间,2
852,团队10个人左右，比那种大团安逸，导游讲解也还是可以，天气不是很好，太冷了！见识了故宫的博大精深，很是震撼！,2
853,超赞！！！！！！！！！！！！！,2
854,真的不错！长这么大第一次来故宫！,2
855,挺好的 取票方便 也便宜但是我去的时间太晚了没来得及逛完整个故宫,2
856,旅游最后一天，人还不算多，不过在去哪儿网订票去故宫简直太方便了,2
857,董导特别有耐心，找不到地方耐心沟通。游玩过程中解说很多，旅途很有趣。推荐给大家！,2
858,终于来到了北京故宫。网上订票非常方便。入口处只要出示身份证即可。,2
859,特别满意，终于来到了梦寐以求的北京网上订票非常方便，故宫非常宏伟壮观，让人心生敬畏。,2
860,解说很给力，知识丰富有趣……,2
861,很好，玩的很开心就是有点热,2
862,挺不错的，直接刷身份证,2
863,人很多拉，到处都是关门状态,0
864,就是看人，不是看景，还是需要控制人流量，还有就是景区内餐食价格太高！,0
865,非常好玩！有导游最好了！听介绍就像听平书一样，什么无事，整个故宫也非常的大，好多地方我们都没去😊😊,2
866,故宫确实是一派皇家气象！只是赶上清明节假期太多人了…… 不过入园很顺利 刷身份证就好…… 唯一不满的就是养心殿维修不让参观也不在入口做个标示 非得等都走到门口才告知…,2
867,不用排队，直接检票口刷身份证，很方便。,2
868,确认速度很快，不用取票，刷身份证直接进入，很方便，故宫也很值得去看。赞！,2
869,中华瑰宝 民族骄傲 堂堂天国,2
870,服务超级好，因为个人原因不小心把日期选错了，本以为没办法了，抱着试试的态度打了电话，没想到很快就给改好了。暑假人特别多，刷身份证就能入园，真是太方便了，排队买票的人纷纷投来羡慕的眼光。哈哈～故宫雄伟壮观，不愧是皇帝的地盘！不虚此行:-D,2
871,老李讲的特别多，感觉很好，就是故宫太大了希望以后可以出一天团的,2
872,首先，非常感谢刘洋刘导给我们做故宫的导游讲解，讲得非常的细，而且服务特别好，特别耐心认真。,2
873,曹敏188导游很专业且很负责任，他对故宫每个景点都很了解，他讲解既详细又风趣幽默，让你听起来不会枯燥无味，建议去故宫参观找曹敏188导游！,2
874,拍的很好，感谢摄影师大鹏，感谢玩法实验室，故宫很大，值得几刷，服装的样式建议可以再多一点，感觉还是有点少，强烈建议，5🌟好评,2
875,小康导游人很好，有组织有纪律，古北水镇吃的很多，逛的地方也很多，要去是长城，推荐2天游,2
876,比自己去买票要优惠点，关键是记得带一个耳机，人多声音杂，听不清楚。不过效果挺好的,2
877,故宫很宏伟，买了钟表馆和珍宝馆的票，去了珍宝馆，里面的珍宝很震撼，遗憾的是错过了钟表馆的开放时间，钟表馆四点多就闭馆了，而且买的联票还退不了，除了这个不足，其他的都可以。,2
878,很耐心的讲解，非常开心,2
879,非常幸运能约上摄影老师给我们拍照！出片率太高了，50多张照片，基本不用修，直接可用。经验丰富，故宫的景都很熟悉，抓拍能力一流，还教我们摆pose，很自然。老师强烈推荐！！！,2
880,非常愉快的一次体验    666,2
881,使用极其方便，不用排队买票，直接刷身份证就可。满意，以后优先考虑去哪儿旅行！,2
882,孙导还是很专业的，还纠错一些展览的不严谨。不仅免费带我参观丹宸永固的紫禁城600年展，看看故宫宫城一体结构，而且从午门-三大殿-到东西六宫-御花园-神武门，整整逛了半天。非常开心一次游览。,2
883,昨天在旅行社预定了夜游，晚上玩了几个景点，还看的杂技表演，大家觉得很满意。演出很精彩，这让我们感觉不虚此行。司机师傅很幽默，一路上还给我们介绍北京的景点人文等等，谢谢了。,2
884,故地重游&#x20;就是人多多多&#x20;要给文创纪念品店和餐厅点赞&#x20;给人的体验度很好,2
885,上一次差不多10年前到过故宫，这次发现人还是那么多，票价还是那么样。能游览的宫殿比以前多了。现在取票也方便，刷身份证就进去了。挺好,2
886,这个馆还挺值得去 很多钟表 国外 国内都有 挺漂亮的,2
887,直接把故宫所有需要买票的地方的票都买了，不用取票，直接刷身份证就可以进，很方便，这次去的时间可能不凑巧，最中央的几个大殿都不让进，只有钟表馆，珍宝馆还有其他的陈列文物的地方是允许进的，不过我对钟表馆里的各种钟表是欣赏不来的，珍宝馆里的玉石雕刻的确是很精巧，故宫一趟转下来腿都要断了。。真的是很大，光看没有什么感觉，只有转的时候才能真正体会到故宫的宏伟。,1
888,什么都好，门票也不贵！洗手间也有空调，比较干净！就是故宫的工作人员居然踢猫咪！不能忍！！听北京的本地人说很多故宫的猫被“处理”了，难得看到猫咪很多人正在帮它拍照，店里面的人走出来赶走了猫咪，说它脏，然后踢了猫咪两下！,0
889,不需要取票，非常方便，直接刷身份证就可以进去了。故宫确实很漂亮，还看了一场免费的珠宝展，挺好。,2
890,订完后直接刷身份证进入故宫，还挺方便的。淡季40一位。来北京，故宫是一定要去的。,2
891,不错，景色好美，去的亲们还是要个导游吧，不然有点浪费门票，自己根本找不到方向,2
892,皇帝的房子就是宏伟！,2
893,介绍的很详细，下次来继续,2
894,讲解很好，生动细致。杨导值得推荐，四个小时，一直在讲，辛苦了！,2
895,故宫真的很美 去了好几次还是忍不住再来 现在这个季节人少 适合拍照 拍到的景色很美,2
896,去故宫玩一定要选一双好走的运动鞋。皇城太大，很容易就累了,1
897,到故宫游玩 网上订票后 不需要去取票 直接刷身份证就可以 租个讲解器 20元一个 走到哪自动讲解哪 给女儿租了一个 让她当导游 这主意真不错 给她增长了知识还不吵闹 讲的还有模有样 而且还自由,2
898,一辈子必须要去一次的地方,2
899,"去过很多次故宫，都是走马观花,这次请了导游，太值啦,陈导很细心，提前一天会电话确认,讲解的幽默风趣，知道了很多成语谚语的由来。对待我们游客全程都很有耐心。有朋友来，肯定首选他们家，首选陈导",2
900,方便 打开故宫红 人很多 阴天也好看,2
901,来北京玩一定要去故宫啊！&#x0A;很壮观，古代人就是聪明，但是我想建了这么高的墙，还会有很多刺客？里面很大，足够兜一天的了，不要周末去人会很多的,2
902,不用取票，去到故宫博物院刷身份证进去，方便,2
903,挺好的，很方便直接刷身份证就可以，人很多，就是我爸爸说太累了，天太热里面不通风，这季节去太受罪,2
904,我们一家9人 好些豪哥的陪同 谢谢豪哥 下次来北京还找你,2
905,第一次来不知道，看这个还不错就订了。司机师傅很好，一路上还给我们解说,2
906,在故宫里逛了六个小时，没逛够。,2
907,宫美猫好，感谢天气感谢缘分，201806,2
908,很宏伟，很壮观，天气也不错。,2
909,就是故宫内服务有待提高，由其是在歺饮方面，服务还可以在人性化一些。订票软件很好方便，赞一下。,0
910,靠谱，方便，就是安检的时候很花时间。,1
911,很好，省去排队买票的很多时间,2
912,王利国老师讲解非常好 绝对不虚此行,2
913,这次故宫之旅很开心，导游的讲解很是涨知识，非常的风趣幽默，这么冷的天全程陪同。从网上下订单很方便，价格也实惠,2
914,国庆节人山人海，下次再来一次吧，好好转,2
915,人多，超多，网上这样一次一张订票太麻烦，要改进。,0
916,我一家人2大3小，下了3个单。给我分成两个团，导游说是我下单太晚，只能分成两个团，但我个人认为这种情况应该给调一下是不是？导游服务很好，讲解热情礼貌，去景点还会提示一些注意事项！个人觉得包团还是很值，不浪费时间和精力。,2
917,非常方便，直接刷身份证就可以进去。人很多，主要看建筑。,2
918,昨晚，教授与农民在火车上相对而坐。无聊之际，教授说：我出一道题，你若不知，给我5元；你出一道题，我若不知，给你500元，如何？农民同意。教授：月亮距地球多远？农民一言不发，递给教授5元钱。农民问：上山三条腿，下山四条腿，是什么动物？教授苦思无解，无奈给农民500。农民接过钱准备睡觉。教授追问：是什么动物？农民递给教授5元钱，然后睡觉了！！[呲牙][呲牙][呲牙],2
919,来北京的第二天就去了故宫博物馆了，原本是打算第一天去的，结果碰巧星期一故宫闭馆维修，只好等到第二天才去，感受就是很震撼，我们买了个自动讲解器，还是挺好的，沿途自己听就可以，不用蹭旅游团的导游，听导游讲解,2
920,王导服务非常周到，组织有力，讲解清晰，,2
921,导游姚军，还不错，没有购物，之前看到有些评价说一日游很扯，导游随便我们，告诉我们做缆车和自行爬的大概时间，让我们有个选择，没有强迫，再来北京还是选择你。,2
922,嗯性价比很低，总共就去了故宫和八达岭。爬长城非要你坐缆车，不坐缆车就是玩的时间不够怎么样逼逼叨。性价比真的低埃,0
923,行程安排紧凑，虽然散客团，导游在钱财上丝毫没有嫌弃，八达岭还是要坐缆车的，不然好累，赞一个,2
924,一日游玩得不错，只是早上迟到了搞得紧张。,2
925,第一次自己一个人去的，当时有两个没订的看我刷身份证就进了，也跟着我刷，结果没反应，看着旁边还在排队检票买票的，心理乐开花勒，很方便，这次妈妈一起去的，老妈直接连连夸奖，方便！,2
926,特别满意王导的讲解，既详细又幽默，很敬业，有机会再去还希望有幸能遇见王导,2
927,上下五千年的文化真的不是盖的。非常非常的。开心取票也很方便。,2
928,还可以，再也不用为买票去排队了，比较方便。,2
929,不错，就是人多，因为是十一，北京人多,1
930,很方便～刷身份证就进去啦～一定要早点进去～我们下午去得～没有看完哦～,2
931,故宫来了几次了，就这次没有排队,2
932,"故宫是无论春夏秋冬,风霜雨雪都适合游玩的景点，不过深入了解一天肯定是不够的，可以多去领略几次，讲解导游刘洋很优秀，讲的面面俱到，还会穿插一些典故，故宫这种文化底蕴深厚的地方，游览的时候是必须要有讲解的，这样才能更深刻的去感受故宫！",2
933,很满意的一次跟团游，原打算买个门票进去自由玩，看了很多评论都说这种景点没有讲解很没意思，带团的郭导是个河南小哥，整个游玩下来必须给个大大的赞👍🏻👍🏻👍🏻，讲解风趣幽默，带大家身临其境的体会了宫廷内的趣闻轶事~~,2
934,最好有导游，讲解器有时候不灵验。在里面转悠了一整天，被我泱泱大国的悠久历史震撼到了！,2
935,今天游览了故宫和八达岭长城，导游孙维全程讲解专业认真，态度很热情，负责任。,2
936,故事大王，足足讲了差不多四个小时，还没喝过口水，心痛刘导！以后再来故宫，必须还要找“上朝啦”,2
937,郑导讲解很到位，每处细节都很细致，故事也很生动，下次还要找她😄,2
938,很值得一去，逛了钟表馆，珍宝馆。很值,2
939,很好，全程无购物。服务好,2
940,早上八点去的，没有买钟表馆和珍宝馆的联票，逛到十点。,1
941,挺好的，直接刷身份证进去…虽然是不优惠但很便宜！,2
942,李静故宫的讲解非常好，建议提前告知需要安检,2
943,真真切切的深度游，花了一天时间体会了故宫的博大和厚重，深有感触，感谢导游一天的详细讲解，学到了很多,2
944,上午九点去的，不用取票。,1
945,相当靠谱的一个导游，宝贝勒相当好！讲解很细致，风趣幽默，每一个宫殿都讲解到，而且不厌其烦的讲解游客的问题！非常好！,2
946,故宫真的很磅礴大气，一砖一瓦都在诉说着历史，想要有更深入的体会，不是一次两次就能走进历史的,2
947,直接拿身份证一刷就进去了，超级方便。故宫里面真的很大，气势恢宏，威严庄重。哎，皇帝就是有钱……,1
948,很漂亮，去的时候人还不算多，建议错开假期。,2
949,对于游客，这是人生必去景点；对于历史迷，这是无数大事发生所在；对于古建爱好和研究者，这是东方皇家建筑巅峰；收藏玩家、摄影爱好者、穿越电视剧迷，以及每天数万来自全球的游客……都能在这里找到或惊鸿一瞥的欣喜，或难以割舍的情愫。金色琉璃瓦顶下、朱红高墙内，圈住的是有形的宫阙亭台，播散的更是无形的历史氤氲。,2
950,直接刷身份证进园，很方便，但要提前定，十月四号去的，买不到票，只能从网上买到十月六号，有可能是十一国庆期间，其他的都很好。,2
951,非常方便，直接刷身份证进去，就是没有纸质票留作纪念，有点遗憾。,2
952,故宫真的很有去的价值，站在里面的石板路上，看着那些宫殿，有种时空对话的感觉。,2
953,是一个很可靠的旅行团，该看的景点都看了，价格实惠，,2
954,好评 方便快捷 不用排队买票,2
955,预订的下午票，去的时候8万张票都已售罄，很庆幸提前在网上预订。但是，学生票预成功了，我本人的成人票却被莫名其妙得被办理退票。呵呵，订不上能不能不要来预订成功的短信，能不能提前打个招呼啊～,0
956,今天玩的很开心 不虚此行 尤其导游小格格 真的认真负责 讲解详细有耐心 如果不是报团走 自由行的话 游故宫肯定会蒙圈 而且票会很难买 跟团走既可以不用费脑筋惦记怎么走 又可以听到很多书上不会写的讲解 学到很多东西 旅行也变得很有意义 下午的八达岭因为天气原因改成颐和园 差价也及时退还 真的是很负责任 全程没有任何购物 强制消费什么的 真的是良心旅行团 大家真的可以放心大胆的报名 最后夸一下小格格导游真的很棒,2
957,故宫来北京必看的地方.我建议自由行.在门口一定要租个讲解器.这样可以更明白的了解历史.否则就是走马观花.白逛啦.个人最喜欢御花园.,2
958,原本只准备玩半天的，可是难得来一次想全逛完，走了整整一天，可悲的是很多宫殿在修，但是走过去才发现，为什么不在午门标明啊，避免走冤枉路啊﹁_﹁不想找导游的话，可以下个手机软件，有介绍景点的,1
959,很好，气派，大的快转不出去了,2
960,非常好。省了排队买票的环节。建议大家一定提前定好日期，我是订晚了，多出了几十块。但是好快就行。,2
961,服务特别好，客服沟通的很贴心，摄影师姐姐的相机超级棒，带了好几个镜头，还给我准备了白纱，好几顶帽子做搭配，对于我选的天坛也特别会选场景，还会指导我摆动作，很满意，这是第二次选择一美一拍，比找影楼合适太多了。,2
962,我是周二去的，带着老妈大概11点进园2点多出来的，人太多了，不用排队取票很方便。,1
963,非常方便，这次来比几年前开放更多的地方了，展览也很多,2
964,买了电子票，进去刷下身份证就好了，网上预定确实方便很多，我去的时候已经11点多了，8万票卖完了，真是厉害。,2
965,服务态度很好，故宫值得一看,2
966,非常开心，就是延禧宫没看成有点遗憾。,2
967,人多人多人多少了去排队,0
968,方便，快捷，拿身份证直接刷进场，简单，省去排队买票的时间,2
969,非常好、网上订票直接刷身份证就进入故宫、还不用排队买票、非常方便,2
970,不错，风景很好，很壮观,2
971,方便，还快捷，要不然排队得排到什么时候啊～,2
972,一定要记得预定！！！然后八点半之前一定要到！！！这样你就可以顺利地进入～～而不用排长队啦！！刷身份证太棒了很方便～,2
973,想去,2
974,感谢刘洋老师的细致讲解，在有限的时间里深度了解故宫背后的故事，以后会推荐朋友去故宫游玩！,2
975,游玩的非常开心，导游小姐姐好亲切，好和蔼！行程规划合理，中餐也很好吃。总之是一场不错的旅行！,2
976,非常好玩，故宫绝对值得来玩。,2
977,去的时候人很多。但是不用排队买票。直接刷身份证，很方便！去的那天下大雨，挺凉快的！,2
978,来的时候北京刚好大雪，遇上了故宫雪景，太漂亮了。,2
979,第二次游览故宫啦，景色美不胜收，无论是大景还是细节都那么有看头。珍宝馆的收藏很值得细细欣赏，就是相对于这么珍贵的国宝而言，展馆显得寒酸了点。取钱很方便，直接刷身份证即可，就是没有什么vip 通道，直接过普通入口,2
980,故宫很壮观，直接拿身份证就可以刷卡入园，节省了排队的时间,2
981,故宫博物院很好，大气，气派,2
982,周一闭馆，周二去的，人多，好多地方在施工。,0
983,快速，高效！简单，方便！是个靠谱的平台！,2
984,非常好，电子讲解在哪里,2
985,陈导很负责 很好。就是故宫太大了 带个小朋友坚持不了了,2
986,五一期间能跟上宝贝勒的导游讲解真是幸运，宝贝勒认真负责，每个家庭都照顾到，领着大家在浩浩荡荡的人群大军中穿梭到阴凉的地方。正史野史、奇闻轶事、幽默风趣，儿子全程紧跟，点赞！,2
987,早上八点就到了，因为听说周末人多，要赶早。结果到了依然很多人啊，不过提前预订得票，在通道刷下身份证就可以进入，还是很快捷的。故宫很大，不规划好线路是会走很多冤枉路的，租个电子讲解器很重要。,2
988,很喜欢故宫 半个月来两次 时晴时阴 又想下雨或下雪时候来 这次还去了珍宝馆和钟表馆 崇拜那些做文物修复的师傅,2
989,人多 很热 觉得还是淡季人少好看,0
990,八月份去玩的，来北京当然得去故宫参观一翻，就是人太多了，好热，慈禧太后的储秀宫保存得好完整，近期穿越剧辣么多，自己也去感受一下吧,2
991,陈导，讲解很详细，到位，服务很周到，感受到了故宫的雄伟壮观，人文历史推荐以后来北京就选择这家 选择陈文帅 陈导,2
992,第三次来故宫了，但还跟第一次来一样，又看一遍学一遍。第一次是一日游跟团，走马观花，速度太快，也很多年了，完全没印象；第二次跟家人来的，花150现场请的导游，当时可能一直在弄孩子，没怎么听，我老公说讲得一般；这一次在去哪儿网上买的带导游服务的半日游，体验挺不错的，时间不松不紧，够用，导游人帅声音好听，我们带着耳麦，离导游很远也能听见，不用听着导游大喇叭喊的声音,2
993,来北京必去的景点，很大，可以逛最少半天,2
994,故宫进去只看得到外观，门都是不开的。,0
995,感觉还不错吧 不用排队 故宫里人很多,1
996,小梁美女服务特别周到，讲解详细，不愧是我的黑龙江老乡，今天也幸亏小梁美女照顾我女儿，孩子也很喜欢她，谢谢！很值票的一日游！,2
997,听历史的事儿，攒人生的劲儿，王导带的队伍让我们像当地人一样游北京,2
998,觉得门票太划算了，故宫很壮观，一定要租电子讲解器。参观故宫是个体力活，请准备好吃的喝的,2
999,入场要检查学生证，很方便，直接进就可以了,2
1000,京游阿哥的杨导讲解细致非常精彩,2
1001,很方便，刷身份证直接进,2
1002,故宫人真的好多，必须提前去排队，朋友没有提前订票，下午已经买不到票了，所以提前买票还是很有必要的。买完直接刷身份证就可以进去了，真不错👍,2
1003,棒棒哒 很方便 不需要排队取票 直接屏身份证入宫,2
1004,陈导（陈状元）讲解很到位！整整讲了三个多小时实在是佩服！很敬业👍,2
1005,不错！这一次旅行，一家人玩的都很好，不光风景好玩的也特别多！价钱还便宜！适合带小朋友和家人一起出来游玩！导游帅哥服务态度还特别好，讲解的特别细致，还幽默，非常的棒！了解中国古代文化。,2
1006,天气好，故宫值得一去。,2
1007,很方便，app订票，入口处凭身份证就可以入园了。故宫博物院真的好大，一层套一层，逛了很久才逛完，红墙黄瓦，屋顶错落有致，还有各种精美的雕刻壁画藏品，感觉前边总有惊喜等着你⁄(⁄ ⁄ ⁄ω⁄ ⁄ ⁄)⁄,2
1008,网上支付就是方便，只要出示身份证就能直接入内。故宫真的很大，只是刚好遇到修葺，很多地方都不能入内参观。钟表馆里的钟做工精美，古人的技艺精湛。有电子导游器讲解，顺便还能了解一下历史，还不错。,2
1009,每天都累成狗 人超多 还好拍了几个照片,2
1010,强烈推荐，去北京必去景点之一，直接刷身份证很方便。就是人太太太多了,2
1011,非常方便，由于是淡季人也不多，非常好,2
1012,很方便啊，直接刷身份证就进去啦不用排队领票什么的。来北京很多次就是一直没去故宫，这次专门来参观故宫的，很壮观啊，作为一个中国人，真的应该来看看了解了解,2
1013,进门很方便，也很省事，人很多玩的很好,2
1014,百年王朝，兴衰成败，全在这里边，王胄贵族们的生活方式，秀女妃子们的王宫生活，外表华丽光鲜，实际就这方圆百亩的圈鸟生活…,0
1015,非常好👍，很准时，，，，，！！！,2
1016,陈导，专业又耐心，感谢全程的辛苦讲解,2
1017,齐导的讲解内容可咸可甜，孩子听着也不枯燥，就是天太热，人太多，下次有机会再细细探寻西六宫,2
1018,非常不错的选择。去的时候人特别多，还好提前买了票，直接用身份证就进去了。,2
1019,挺方便的，不用排队买票直接刷身份证入场，绝对的靠谱,2
1020,导游张敏很尽心尽责，别的团队人都是指着她说，你看人家导游多能说，我们导游不说话，哈哈,2
1021,关门前进去，人不是特别特别多，刷身份证进去～,1
1022,方便，也特别快捷，特别特别好,2
1023,跟着张导安心游，非常专业，敬业，推荐给大家！,2
1024,"很震撼吧可以说， 098k,人不是很多，然后主要是天气好😃",2
1025,上午人非常多，但是总体感觉很舒服，非常值得过来游玩！受益匪浅！棒棒,2
1026,真正认识到故宫的雄伟气势，有机会还会再去的，很喜欢！,2
1027,网上订票那叫一个方便，眼瞅着检票点人山人海，你只需出示身份证，刷脸顺利通行！美中不足的就是人太多，体会不到故宫昔日庄严肃穆，暑期不推荐游玩故宫！,2
1028,很方便，服务也很棒，说我的手机收不到验证码给我打电话通知更换号码什么的。本来还担心会不会有问题，去了故宫，午门最西头有预约入口，直接刷身份证进入，很快捷，大赞！,2
1029,今天陪同的刘导热情、耐心、专业，给这趟冬天的旅行带来了很多温暖。点赞刘导，经验丰富。👍👍👍,2
1030,很愉快的一次旅行，没有购物环节，导游很热情，照顾的很周到，每个景点讲解的都很细致,2
1031,十分靠谱的牛导，讲得好清楚，三分看七分听，配合着讲解逛故宫才会了解到历史文化的意义，棒棒哒,2
1032,好，挺好的！！！人生中一定要去一下故宫！！！,2
1033,直接刷身份证进入 很方便,2
1034,"故宫真的值得去,不要说历史价值,光是门票价格比所谓风景区都便逾",2
1035,工作人员热情态度好，车送到门口方便,2
1036,李导很棒，幽默风趣，很会活跃气氛，知识渊博，学到了很多知识，感谢李导，讲解很耐心，服务很周到！下午去的，时间很紧，全程都在抓紧时间逛，建议有时间的上午去游玩！网页上最好能做个提醒，以免第一次的小伙伴逛不全有遗憾！总体好评！感谢李导！,2
1037,孔导游的解说很详细也很有趣，听到了很多典故。特逗，还给我们安利了哪些地方不能去购物会被坑，在他的指引下，买到了最正宗的北京特产！哈哈哈....下次来还找他玩,2
1038,"故宫博物院还是很值得去的博物馆，与大英博物馆等相比，特点是古建筑加国内的文物精品，没有什么舶来品，即便是西洋风的钟表，也是国际交往的礼品，可以从建筑到珠宝整体看一下。其次，故宫文创周边做得很有趣，冰窖咖啡、角楼咖啡，还有故宫喵，都是很不错的打卡地。需要注意的是，故宫还是有点大，如果想多看看，还是建议上午来，好处是时间充分，就是人会多一点、长时间溜达也会有点累，建议合理安排路线，中间去冰窖咖啡等地方休息下，喝茶歇脚顺带购物打卡。如果是去看特展，那时间就随意了，不用转整个儿的宫殿群。,交通强烈建议公交或打车，开车是在没地方停，而且故宫基本不走回头路，出门在景山，回去再取车也麻烦。",1
1039,故宫门票60，加价购买就是为了不排队，还行，直接刷身份证进去的，不过9月20日，好像也没那么多人排队买票。故宫中轴线上人很多，不走中轴线就好很多。发一个不在中轴线上的图。,1
1040,就是人太多了，吃的选择太单一了,0
1041,"故宫满足了我对于古代建筑和文化的很多向往。绿瓦红墙再加上白雪，谁能不爱呢？,故宫吸引我的地方主要有以下两个：,▶故宫的建筑群非常值得一看，可以去走走看看传统建筑的中轴线的设计，对称的美感。特别适合拍照,▶故宫里面的陈列馆，比如珍宝馆、钟表馆等等值得一看。虽然要单独买门票，但是很值得。会让人惊叹古代怎么能有这么巧夺天工的艺术品和工艺技术，里面的每一件藏品都是精巧漂亮的,▶故宫时常会举办展览，这些展览值得看,游玩tips：,☞早去人会比较少，逛得比较自在，不然只能看人了,☞带够水，准备好暴走。故宫很大，要想在一天逛完真的很累的,☞好好的看完一个点再走，不要想着返回去在看，游客很多，会和一大波人对面相撞，那个感觉比较可怕,☞资金充足建议租一个讲解器或者请一个讲解员，历史文化的名胜还是需要有人在你身边讲一讲，不然就感觉看着好看也没啥大不了的",2
1042,很方便的…值得信赖的,2
1043,总体比较满意，性价比高，导游很有耐心的为我们讲解每个细节，故宫真的是气势磅礴，景色很美，真的很壮观，非常愉快的一次旅游。,2
1044,"挺好的 就是没找到电子导览怎么搞,后来给客服打电话才行,要下个app",1
1045,导游讲解得很到位，全程都在讲解，虽然现在珍宝馆小景点不开，但是选择导游讲解也是非常不错的，而且疫情期间人也少，非常适合拍照。,2
1046,还不错，导游很负责，讲解的很到位，走了很多网红打卡地，进园也挺省事，没怎么排队，就是赶上了小雨天，不过后来雨停了，空气不错，照出来的景色也不错,2
1047,下午场的建议不要买钟表馆啦。珍宝馆和钟表馆都需要自己看，导游不讲解，解散的时候，已经3:20了，看完珍宝馆就4:00，然后这时候就已经开始清场了，钟表馆付了钱却进不了。,0
1048,天气不错，就是人有点多,1
1049,不错，去第二次了！和父亲一起去的,2
1050,找了解说导游    故宫自己逛自己看真的是不太行    有人讲解故宫才活了     珍宝馆没逛懂      准备去景山公园看看故宫全景     风大的时候真的是冷     冬日的阳光真的是很暖,2
1051,"10.1时间每天限8万人，幸好提前订票，否则根本进不去。下午1点票已经全部订完了。,网上定票也很方便，不用取票，直接刷身份证就行。特别好",2
1052,有自助讲解器，刷身份证入园，方便，宏伟壮观的故宫！,2
1053,还可以，学生票很优惠,2
1054,挺好的呦，故宫里面很大，建筑至今仍令人叹为观止，人不是很多，不用排队买票，方便，玩的开心！,2
1055,长这么大还是第一次进故宫，说实话比我想象的气势略有差距，皇宫的陈设很久，寝室很多都不对外开放，但是听着讲解器里的解说还是很有意义的，身后就是景山公园，都说站在上面可以俯瞰故宫，但是上去以后看到的就是层层城墙，或许这就是历史吧,1
1056,春节故宫人多.走路很累人，不敢再去了,0
1057,整个皇宫金灿灿，宏伟，一个宫接着一个宫玩得非常好,2
1058,作为北京名气最大的5A景区，故宫博物院人气很旺，每天游客如织，尤其很多外国人。现在的故宫管理维护很到位，卫生情况很棒！地面没有垃圾杂物，游览路线有序，里面的珍宝馆和钟表馆都很值得一看，不少藏品都是稀有孤品，唯故宫独有。总之值得推荐，尤其外地游客必去一看,2
1059,在去哪儿网上订票后，再去旅游景点检票什么的都非常方便，也免去了在旅游景点门口排队买票的烦恼。以后都会使用去哪儿订票，省去很多麻烦！,2
1060,取票方便，冬天人比较少,2
1061,相当了方便，我们订了上午入场的，不用在太阳下暴晒，只要拿着身份证验证就可以，全5分。,2
1062,刷身份证进去，不用排队买票，非常好！,2
1063,田导特别专业，讲解细致,2
1064,大福晋导游讲解的非常棒，非常吸引人，孩子带着耳麦都不愿意取下来，给大家推荐，要找导游就找大福晋！,2
1065,下大暴雨的天气，不容易。,0
1066,很好哦，就是玩的那天刮大风，故宫还是美,2
1067,皇帝住的地方真够大的，象征着皇权的至高无上！,2
1068,"到北京必到之处,也算是值得到的地方,只是比起多年前有好的地方已经不能进了,人源过盛啊",2
1069,很方便，不用排队买票，直接刷身份证进去,2
1070,摄影师袭人拍的非常好，出片很快，这份钱花的值，不贵,2
1071,不用取票，直接刷身份证就好了，方便。珍宝馆和钟表馆值得一看，但现在故宫陈列展示的珍宝和钟表都不如十年前多了，可能有的已经收回保存了。,1
1072,第二次来故宫，领了一个自助讲解器，听的是王刚故事版本的。中轴线仔细看了一下，又去了钟表馆，看了有一个半小时，出来又去的珍宝馆，听着讲解转了宁寿宫，养性殿，乐寿堂，颐和轩，珍妃井，御花园，一共待了三四个小时。有机会还要再去仔细游览一下。,2
1073,就在午门的西侧可以兑换，兑换很方便一分钟就可以了，旁边现场买的还要排队呢。网上订票19现场是20便宜一块钱，后面的地图比较清晰也有推荐路线，就是有时候不太灵敏在钟表馆说起远处的一座山? 但是有些地方地图上有标记实际并没有开放，东西六宫就都只开放一半，养心殿这次去的时候没有开放。最新开放的四个区域地图也没有介绍。,2
1074,那什么，累都不行了都,0
1075,完全不用取票，直接提前一天网上买好，进去只需身份学生证直接检票、只能说没有更方便的方式了,2
1076,很不错。赶上菊花展，意外收获。武英殿书画展也很棒，看到不少真迹。,2
1077,这个不错，没有购物是真的啊,2
1078,因3.8只有半天假，所以时间上比较赶，景点世界独一无二，已经跑好几趟了！宏伟，壮观，穿越！,2
1079,很方便，刷身份证就能直接进了。,2
1080,值得观看，壮观，和在故宫门口的票价一致！,2
1081,确实很方便，不需要排队买票。,2
1082,导游说话特别幽默，只要一开嗓讲解周围就全是人围过来听，不跟近点就会被人挤掉。唉，去的的是早上，人好多，导游说因为是周一人还是少的了，导游还说下午人会少点。这是过来人的建议，要不然听的人一多没素质的人会把你推开，很不爽，不过好在导游色讲解很精彩，跟紧点就是了。,2
1083,不错，比较方便！！！！！！！！,2
1084,挺好的，毕竟是首都的一个景点，值得一去,2
1085,给家人订的。总体不错。,2
1086,十一的北京，摩肩擦踵。节假日不适合出行。故宫里头，吃的，用的，凑合，想吃的好的建议游大半天出来。珍宝馆和钟表馆，值得一看，建议租个讲解仪，博物馆，听的比看的更重要。,1
1087,故宫太美了，很值得一去。特别推荐钟表馆和珍宝馆。珍宝馆能看到很多皇帝妃子的珠宝首饰，金银玉器。感受一下皇家奢华的生活。挺震撼的。,2
1088,很棒啊～不愧是世界上最大的木质建筑群～没有三四个逛不完的。正赶上瓷器展，这个展也特别全！去了珍宝阁，里面有九龙壁。,2
1089,刷身份证进去很方便，看到买票的地方排起长龙，看看也觉得害怕，游玩当天下雨，玩没多久就出去了,2
1090,取票很方便，现在北京封路，要从中山公园转过去，故宫人很多，最好找个导游，导游会讲的很细，也可以在门口租讲解器，调到故事版的是和珅（王刚）的声音，故宫里面到处都是古装片的身影，真的宏伟。不错,2
1091,太省事了，哎哟，去的时候忒多人。以为要等很久，还好在这儿买票，快快就进去！！！,2
1092,陈导，陈状元解说精彩，三个半小时解说可不是盖的，不停歇解说，还带有戏剧性的演出，沉鱼落雁，闭月羞花，值得信赖。,2
1093,实话，不懂去了也看不明白,0
1094,非常好看不虚此行哈哈,2
1095,不用取票，导演态度特别好，服务点赞👍,2
1096,非常方便，不用排队，直接刷身份证就可以就去！,2
1097,挺好的，本来我的身份证消磁了以为进不去了，结果输身份证号码就行,2
1098,"成立于1925年的故宫博物院是以明清两代皇宫和宫廷旧藏文物为基础建立起来的，位于北京中轴线的中心，是中国古代宫廷建筑之精华。北京故宫以三大殿为中心，占地面积72万平方米，建筑面积约15万平方米，有大小宫殿七十多座，房屋九千余间。是世界上现存规模最大、保存最为完整的木质结构古建筑之一。,相对于故宫这个名字我更喜欢称它紫禁城，作为一名土生土长的北京人，从小我就喜欢上了这座辉煌魄力、神秘沧桑的宫廷建筑群，也是由此对明清的历史产生了很浓厚的兴趣，从翻阅书籍到查看资料去了解曾经发生在这座紫禁城里的种种故事、去了解它历届的主人。每每走在其中，都会让人有一种历史代入感，书中的画面影视资料中的画面在脑海中闪过，有时一处不起眼的小院落就能让人留步许久，冥想、沉思，感叹，去追忆一下发生在此处的种种。,紫禁城在总体布局上，继承了前人的经验并有所发展，充分显示了比实用功能更为重要的封建宗法礼制和皇权政治的精神作用。一座座殿宇在明确的中轴线贯穿下，层层递进，高潮迭起。,这次过来更是很幸运的赶上了京城初雪，雪中的紫禁城美的让人窒息让人语塞，在白雪的覆盖下大小宫殿红白相间，庄严而宁静。古老的宫墙，在皑皑白雪的映衬下，别有一番韵味。",2
1099,我自己去的😂，偷偷跟在导游后面😜，钟表店可以看看，珍宝店就算了随处都有，可以进去在买票。哦！不让带打火机啊😓，自己去最好在百度下个故宫地图，从哪进从哪出，要不还的转一圈挺远的，,2
1100,念了大半年的故宫，从冬至夏，终于在这个夏天落下了帷幕，看了故宫的云，打卡了传说中的故宫文创店，买了自己喜欢的小御猫，在西北的角楼，等了一场日落，在景山公园的山顶，拍了故宫的全景，只是，盼了一个冬天的雪，到底是缺了点缘分，人都有所执念，首都于我，那便是雪中的紫禁城吧。。。,2
1101,看完天安门广场之后就可以直接进故宫，身份证验证快速进场。不强制存包，卖东西也没有传说中那么贵。如果想要走马观花，那就沿着中轴线一直走，主要的大殿都能游览到。如果想要再看一些额外的展览，推荐向东侧走，珍宝馆和钟表馆以及科技上河图都值得一看。整体感觉不错，环境干净整洁，人多是必然的，但是过了中午，还是可以娴静的游览的。,2
1102,取票方便可以提前预约，并且验票简单直接入园,2
1103,故宫太大了，上午九点一直走到下午四点，还是有几个宫殿没有看到，累死了。在网上买票很方便，到那直接刷身份证，租的电子导游有时候感应不灵敏。总体觉得很值得，和影视剧里出现的差不多，就是各个宫殿都不让进，只能隔着玻璃看看，有的改成展览馆了。,1
1104,门票是头天晚上网上定的，出票很快，有工作人员主动联系我，教我第二天怎么操作。第二天大早自己一个人去的，一切顺利，没有排队买票，直接在进入的地方刷身份证进宫的。没有看见那里卖多少，所以也不知道便宜不便宜，主要听说有时买票排队一小时，就涂个方便，好评！,2
1105,故宫很好，取票很快，推荐网上购票👍👍👍 故宫很好，取票很快，推荐网上购票👍👍👍 故宫很好，取票很快，推荐网上购票👍👍👍 故宫很好，取票很快，推荐网上购票👍👍👍 故宫很好，取票很快，推荐网上购票👍👍👍,2
1106,很愉快的一次旅行，导游很负责任，服务态度很好，安排的也很合理，大家玩的都很开心，很满意这次一日游，有机会会带上家人再玩一次…棒棒哒,2
1107,陈导讲解得非常棒，热情洋溢，还给我们唱了场戏，服务周到！感谢,2
1108,这次游玩很开心 张导很有耐心 服务很好 讲解很棒 很细心 全程游玩很舒心 好评 ！！！,2
1109,网络购票取票方便 直接刷身份证 节省时间,2
1110,在去哪儿订票就是方便，节省了很多时间,2
1111,?整个游玩过程都是人挤人，千万不要过年时去呀！,0
1112,"🚇地铁1️⃣号线到天安门东/西站都可以，非节假日的周日情况是在地下出了闸机就开始排队了，顺着一直排队到安检基本要40分钟↔️,从天安门进入，殿宇红墙黄瓦华丽且宏伟，其中馆藏的钟表珍宝真的精美绝伦，能工巧匠不胜枚举，花园内花团锦簇，景色拍照真的好看👀计划冬天等一场雪，再去观赏一番雪景。",2
1113,导游杨静很认真负责 逛故宫全程认真讲解 了解了很多的历史 全程也没有购物团 纯玩  保证每一个人不掉队，去长城还会给游客单独的游玩时间 车接车送 愉快的一天,2
1114,提前有打电话沟通，还很贴心，前一天降温，有提醒多穿，这次给我们服务的是马建红姐姐，随手拍的感觉还不错呢～讲解全程都很细致，在这么冷的天辛苦姐姐～,2
1115,玩得很开心，旅行社服务很好，李导人也很好，对应景点都有讲解。逛故宫太大了就是有点费腿，哈哈，希望导游能多突出趣味讲解，这样更能解乏,2
1116,"从1420年到2020年，紫禁城历经六百年风雨。[坏笑]它默默见证了朝代更迭、荣辱兴亡，西风东渐，振兴中华的历程。[囧],六百年的沧桑巨变，刻在了紫禁城的城墙上，也刻在了每个国人的心里。[强] 岁月穿透历史，建筑穿越时空。[加油加油]红墙映日，满目光华，坚如磐石，丹辰永固[拳头][拳头][拳头],第九次来紫禁城了，李姐讲的非常好👍值得拥有",2
1117,导游豪阿哥很幽默也很负责。一天的旅游虽然累但是很充实。北京今天的天气也是很给力，特别舒服。,2
1118,方便快捷，直接刷身份证即可，节省了很多时间，可惜很多宫没开,2
1119,虽然当天天气不好，天气阴阴沉沉的，后来下午又下了雨，但依然挡不住游客进故宫博物院的心。人山人海中，虽然非常拥挤，但是取票方便，只要在检票处持本人身份证就可以快速进场，一点不耽误时间，非常方便！,2
1120,刷身份证直接进入，超级棒棒哒！看着好多人还在排队买票，我们直接进入，太方便了！游览心情超级棒！人太多了！还好故宫超级大！,2
1121,很快捷，方便，刷身份证就行。,2
1122,故宫，紫禁城，呵，红墙大院，没太大的感觉，如今也是防卫森严，去趟京城不容易啊，守门的不好啊，问了五句才说让刷身份证试试，，，,0
1123,头天晚上订的，然后导游就发消息在哪集合了～第二天出了点小状况，一开始刷身份证没进去，然后后台操作了一下，过了半个多小时吧进去了，效率还行～导游高导讲解的很好也很耐心，该拍照拍照，也会耐心等待，好评100分。而且价格是真便宜，跟我们一起听讲解的还有200多一个人的，我们两个人是别人一个人的钱，太划算了,2
1124,胡姐讲得太好了！！！绝对五星好评！！讲了一下午，辛苦了！,2
1125,十多年前来过，这次重温一下，网上购票方便快捷，节约不少排队时间，故宫的人总是那么多,2
1126,从7:30站着等到10:00才进去，进去已经没力气玩了,0
1127,很方便  快捷    下次,2
1128,很不错,2
1129,挺好的 刷身份证就可以了，方便快捷，也推荐给朋友家用了 下次去北京准备买其他地方的门票在这里都可以订购,2
1130,方便，直接刷身份证进门！,2
1131,太方便了 都不用排队 好,2
1132,人很多，很热。但是电子票很方便。,2
1133,取票方便，指示清晰，解说器也很方便，尤其要夸奖的是增加了很多的座位，供游客休息,2
1134,导游讲解很到位，很生动有趣，人也挺好的。让我们第一次来故宫的人更多的了解了这座皇城的历史。,2
1135,好喜欢故宫啊，看得我都想当皇帝了🤪,2
1136,故宫特有的特色，到了北京还是要去一下，故宫博物院的风水里面蕴含着五千年文化的智慧。现在故宫文创做的代表有特色，小礼物非常有创意。一天八万人，人确实多了点。都想朝拜一代代帝王的宫殿。,2
1137,秀才说导游认真负责，为我们精心安排游玩行程，在景点中讲解仔细认真，生动有趣。没有任何购物点，给予我们每个人VIP式的服务，很感谢，故宫之旅非常开心。再次感谢,2
1138,我们就住进了酒店，酒店很大，有个大大的大厅，小小的房间，宽广的餐厅。从酒店的房间往外面看，天气雾蒙蒙的，北京的天空好灰暗。我喜欢在酒店的大堂跑来跑去，酒店到处都是金黄金黄的好漂亮，还有大大的旋转门，不停的转着，可好玩了，虽然我有点累了，但是我还是很开心。,2
1139,这是来北京必去的地方，大气，壮观，不是一般的地方所可能代替的，所以强烈推荐,2
1140,值得一去，踏明清石板古砖，探皇宫奥秘，感知乾隆盛事。,2
1141,使用起来是方便，但是，导航经常故障，解说也不是特别智能，故宫有些地方屏蔽信号，打开的网址非常卡，解说词虽然时间和重大事件能表明，但是也较为笼统。但是因为价格便宜，使用方便，在没有导游可蹭的情况下可以用用。,1
1142,刷身份证入园，方便快捷！,2
1143,挺好的，之前去过两次故宫，可是都没有听过讲解，都是看看牌子上的简介，只能了解个一知半解，这次有了这个解读的软件，确实很方便。能够对各个宫殿有了充分的了解。购买以后收到激活码，然后下载App输入激活码就可以听了，很方便。,2
1144,非常方便，直接用身份证就可以进去，省去了买票，去票之类的事，比较迅速、大家可以先在网上订票，然后会省很多时间，故宫很好，值得一去！,2
1145,小杨导游太好了！服务好，态度好，还给推荐了好看的电影，父母很高兴，说还想看！体验很好，以后来北京还选这家！,2
1146,本来预定的时候各种担心，和闺蜜琢磨了好久，呵呵，不过最后还是决定买了。这一路上的种种都没让我们失望，景色优美，不愧是七大名声古迹之一。另外安排的导游也是很棒，每一处的景色都介绍得很详细，行程也是安排得恰到好处，玩得很开心！,2
1147,很是靠谱的。买票方便，取票很方便。,2
1148,订完票以后到故宫直接刷身，非常方便，租个讲解器慢慢游览，边学习边游览，直是太棒了,2
1149,想了很久的故宫，今天终于去了，好大啊，其它看着都好，就是那个御花园就跟临时搭建的一样，好小，好挤，以前的妃子都是怎么在这里玩的，不过整体还是不错的,2
1150,直接入院，不用排队，超级赞的。满意！,2
1151,张导为人亲切、善良。中午订饭的时候有位女士忘记了，张导把自己的饭给她吃！一路带领我们参观故宫，讲解风趣幽默，我非常喜欢！,2
1152,非常开心的一次旅游。小艳的讲解，很细心很耐心。,2
1153,取票方便 参观完故宫 了解二百多年前大清朝的辉煌,2
1154,39年前去过故宫，现在重游，感觉和印象中的故宫完全不一样了，展品方式改变了许多，现在看的以建筑为主，展品集中在钟表馆和珍宝馆。看看大气的建筑，可以想像群臣朝拜时的场景。,2
1155,不错，身份证直接进去，方便，里面有很多展览，值得一看。,2
1156,故宫太大了，整整逛了一天都还没逛完，最后又累又饿，想着先去吃饭再把钟表馆逛了就结束行程，可惜吃完去到馆门口3:50已经闭馆了。那就留着下次再去吧。,1
1157,网上订的票，从午门刷身份证就可进去了！紫禁城值得一游！,2
1158,只要刷身份证就行了，非常方便！,2
1159,"直接刷身份证入园，不用排队是不错的，虽然多付了8块钱，但是安检比较严，建议不要带任何铁制品和刀具，水果刀也不行~虽然是星期二，但是人依旧很多。太和殿只开了一条楼梯，不知道为啥，殿内是肯定不让进的，在外面拍照也要挤进挤出的…后宫的建筑就比较多了，体会了一下抬头只见四方天的感觉，住久了真的会崩溃吧！御花园比较复杂，假山石比较多，倒是比较像苏州园林了。翊坤宫有一部分在修缮，有些涂料的味道，不过总体还好~后妃宫殿没有什么太大的区别，也不是很大。,各种宫殿前的广场，大多有休息的椅子，很人性化，但是从午门走到御花园…再走回午门就比较累了，所以最好保存体力。,随处可见的故宫礼物店会有手绘故宫地图，英汉双语，牛皮纸质感，10元，还不错，不沉也比较有价值。至于吃的喝的就都偏贵，这也是正常现象了。,离开的时候已经停止入园了，所以来路被封闭，只能绕行，以及文化宫会借机收取2元门票，说穿过文化宫可以快速到达地铁口…实测也不是很近，而且会没收男士们的打火机。,总体来说，还是值得一去的，但是如果想尽兴，还是挑淡季比较好，还可以加上钟表馆和珍宝馆（另行收费），算是比较好的一次出行了",2
1160,导游小姐姐真的非常的细心，在去的路上一直在给我们讲述北京的文化，和一些景点的历史故事，嗓子都说的有点哑了还在很认真地讲解，回程时也很负责任地询问我们有没有问题要问她，非常地靠谱，服务一流，王导的服务却很贴心，而且没有额外的购物消费，给王导点赞。,2
1161,高大上的皇家花园，非常值得一游。三小时还有不玩,2
1162,进入时刚说网上买的，身份证都没刷就直接进入啦,2
1163,深度了解故宫知识，值得。,2
1164,导游员京城豪阿哥 很耐心 风趣幽默 节后人不多 团很小，不过也算玩得开心 还是有导游讲解玩得省心故宫 北海公园 长城 颐和园 都特别好 很喜欢北京！,2
1165,很不错，第一次去故宫，地方很大，自己转转了几个小时。景点很不错，额外订购了珍宝馆，非常值得去游览，去哪儿网订票很方便，刷身份证就进去了，只是去的时候很拥挤，人太多太多，没看到快速通道，直接排队进去的。景点不错,2
1166,给五星吧，相对其他地方，六十块的故宫，还算对的起人,2
1167,今年故宫第600年，来都来了，讲解是必不可少的，里边的文化底蕴根本讲不完。这次上朝啦的讲解刘洋水晶球就很不错，有些自己听机器讲解是听不到的,2
1168,不错，以前不知道故宫博物院参观要预约，网上订票超方便,2
1169,强烈推荐导游晴格格，讲解细致，服务细心，行程快结束时，还不忘跟我们推荐各种好玩的景点，虽然略显累，但很充实，这趟很值！,2
1170,"我们的团是十五阿哥的导游，好评！服务好讲解专业。,家里有个过六十的老人，主动退了门票差价！,五星！",2
1171,人太多，不过是必去之地，租个自动讲解机就可以了,1
1172,"使用电子门票用购票人的二代证就可以过去了,确实方便",2
1173,故宫真是中国古代建筑的集大成者，太棒了！,2
1174,特别好的旅行体验，感受了故宫博物馆的博大和建筑大美，导游讲解的特别详细，听了人文历史，看了金水桥，还看了珍宝馆，里面全都是很美的文物，做工精细，感恩古人智慧。,2
1175,终于满足了孩子的愿望，六百年大展，还是值得一看的！,2
1176,给家人订的去世园会游玩，整体服务不错。,2
1177,于小雷导游认真负责，一天下来没有额外消费很实惠的团，早上和上午逛故宫，中午于导为大家安排午餐很及时，12点就餐完毕，但是于导为我们小伙伴自己都没时间吃饭只打包，真的很感动！午饭后交通很顺畅1.5小时左右到达北京八达岭长城，十几年没来了，依然宏伟壮观！世界的奇迹！下午15:20发车回市里，时间排期游刚刚好～ 很合理有节奏～没浪费一点时间，总之，景色好，路途顺，导游好，一次很值得的一日游活动～,2
1178,不用排队快速通过，推荐使用,2
1179,体验一波，感觉国家历史悠久，很有名族自豪感！！！,2
1180,去哪儿网上购票很便宜（充了门票优惠券），身份证进园基本上不需要排长队了。,2
1181,还行，总得去一次……挺方便的,2
1182,电子票方便，靠谱！进门只要刷身份证就可以，很给力！,2
1183,非常感谢魏导，很辛苦，给我们讲解的非常详细，给大大的赞，以后来还找魏导！,2
1184,天气太热，人太多，一进去热的不行，进去参观不需要取票，直接刷身份证就行，里面很大，走了两个小时还没走完，第一天去现场买票的时候票卖完了，第二天就在网上提前订的票,0
1185,非常好！都很满意！故宫的美是没法描述的！,2
1186,网上订票方便，直接刷身份证就可进入故宫了，最好再定个电子讲解器，会根据你所到之处进行解说，可以了解到看到的历史。,2
1187,真的很方便，门口直接用身份证刷过之后就进去了，很不错的,2
1188,很方便就是人好哦！早点去还行。,2
1189,紫禁城还用说吗、嘻嘻😜我的后宫梦来的，还不错啦。以后有机会下大雪的时候来肯定很美,2
1190,必去的故宫，门票也算非常便宜了，进门直接刷身份证，非常方便！参观了陶瓷展，一个展览就用了差不多一小时，慢慢的逛完真的要一天，以后一定带孩子再去,2
1191,玩的非常下次还去门票很便宜,2
1192,取票挺方便的，自由行很适合,2
1193,北京玩的很愉快，就是好累哦,2
1194,刘洋导游讲解细腻，服务好，热情大方。如果需要游故宫的旅客可以找刘导。👍👍,2
1195,人生第一次穿古装，感谢化妆师，感谢摄影师老狼，来故宫没有抱团是正确滴，强烈推荐！,2
1196,导游认真负责，六小时讲解，我们都累得不行，她到最后都精神满满，很赞，中国好导游,2
1197,选了这个故宫讲解的行程，小胡导游特别好，地道北京人，语言风格风趣幽默，故宫的历史和建筑以及丰富的内涵背景都讲解的很详细，如何乘车、怎么进门、具体的一切相关事宜也都一直非常耐心细致的指引，最后结束的时候还给推荐了本地最纯正的美食和地理位置，对于我这第一次游玩北京城的外地游客来说，感觉特别的贴心和安心。虽然酷暑时节炎炎夏日，实在是太闷太热了，但我们一家都觉得因为有小胡导游一路带领和解说，此次真是不虚此行。,2
1198,在门口刷身份证进去就好，很方便,2
1199,非常非常不错！杨导讲解非常专业非常热情！而且团里美女多多,2
1200,非常好，故宫很漂亮，就是有的宫殿还没有开放，很遗憾。,2
1201,时间安排的还好，就是在集合的时候有些等待分散队友有些耽误时间，十一景点人多，总体不错，好评,2
1202,取票特别方便 故宫还是非常值得一去的地方,2
1203,大热天的省去了排队时间，直接刷身份证就搞定了！棒棒的！～,2
1204,去哪网订的，真方便，故宫人太多了，省去排队烦恼。,2
1205,网上买票很方便，进去也很方便，省去了好多时间,2
1206,手机预订门票方便快捷不要排队用身份证就可以进。,2
1207,院内还是很大的，想看得多，就要早点去，一整天基本能把全部看一遍。院内没有太多遮阳的，特别前面几个殿区，想遮阳，只有在墙体的阴影下，或者打伞了。院内还有2个另外收费的馆，珍宝馆和钟表馆。院内吃的很贵，至少翻1倍。,1
1208,很方便，出票也快，还不用排队。下次还定这个。,2
1209,非常满意的一次拍摄，满意到舍不得不把图片秀出来。摄影老师拍的，态度很好也很敬业。故宫景太多，好的（拍照）点需要等，所以建议大家至少3小时的拍摄时间，否则会留很多遗憾,2
1210,胡导非常负责，知识渊博，讲的特别好！时刻为游客着想！,2
1211,今天出行很开心，全程没有向我们推销任何东西，景点很壮观，导游讲解细致，并且会告诉我们哪里吃饭经济实惠，这一天下来很好相处。,2
1212,还是可以去看一看的，毕竟皇家府邸～,2
1213,到故宫看看 体验一下皇家的气派,2
1214,不用取票，直接刷身份证进入，方便至极！,2
1215,故宫一日游。特别舒服，罗导讲解的非常细致。原来故宫有那么多故事 所以说人还是要出来走走 看看外面的世界。还有价值连城的宝物，还有中国的文化 实在太让人敬佩了。感觉非常好。虽然天气下着小雨，但是一点也不影响心情。值得推荐的产品点赞,2
1216,很不错的一次旅游体验！导游孙维讲解到位！服务态度很到位体贴！很满意！！！！,2
1217,第一次在网上订这种带导游讲解的门票，真心不错，根本不用取票，直接刷身份证就可以进园了，导游准时到位，讲解的也比较详细和幽默，互动感也很强，而且导游全程都是一直陪同，烈日炎炎下还是耐心的给我们讲解，儿子也游玩的很开心，下次还会定这家的，五星好评,2
1218,不错的游玩，在这过程中也学到了历史知识。,2
1219,国庆节人很多，但是很不错，刷身份证就可以进去，好好的转了一圈，好多地方都开放了，非常好！,2
1220,故宫好棒！！！不需要花费很长的时间，自由行的朋友们可以蹭听旅行团导游的解说～,2
1221,用学生证买票就是便宜，一张20，加上一个自动讲解器，也不贵，一共40，历史遗留下来的故宫紫禁城，果然皇帝的家就是豪华，我们其实参观的只有故宫实际面积的一半，但是还是没能来得及全部景点都参观，实在是太大了,2
1222,太棒了，名胜古迹，中国强大,2
1223,去哪儿网该告知，购票后何处进故宫方便，或者给个取票、进院的线路图。游客不是熟门熟路的，一般都很难正确找到故宫进门点。,0
1224,还不错，还不错，天气挺好的，天气晴朗，皇宫辉煌漂亮金碧，金碧辉煌。秀才说小谢导游服务不错，靠谱挺清楚的，不错不错不错，还不错。你自己来玩儿，要清楚的多，就是走的挺快的。😀😃😃😃😃,2
1225,很好的体验，只是高峰期人挺多,2
1226,很不错，钟表我不懂，珍宝很好，特别喜欢，值得仔细看，就是电子解说不够细致。要解说细致点应该看起来更好,2
1227,真的很实惠，很高兴有去哪儿旅游这个软件。我们玩的很棒，故宫很大，也很棒，也遇见了许多外国人，还和很多外国人合了照，真的很棒，有很多遗址，有很多西周时期的等等，而且环境也挺好，总体来说还是不错。,2
1228,在故宫游览一天，导游晓公子很专业，讲了很多的历史典故，游览时也很贴心，去故宫不枉此行,2
1229,今日故宫游，跟着大福晋导游，通过她生动又有趣的讲解，我和孩子都学到了许多，且整个过程都非常愉快😊谢谢导游,2
1230,"北京故宫(The Imperial Palace)是中国明清两代的皇家宫殿，旧称紫禁城，位于北京中轴线的中心故宫有四座城门，南面为午门，北面为神武门，东面为东华门，西面为西华门。城墙的四角，各有一座风姿绰约的角楼，民间有九梁十八柱七十二条脊之说，形容其结构的复杂,故宫内的建筑分为外朝和内廷两部分。外朝的中心为太和殿、中和殿、保和殿，统称三大殿，是国家举行大典礼的地方。三大殿左右两翼辅以文华殿、武英殿两组建筑。内廷的中心是乾清宫、交泰殿、坤宁宫，统称后三宫，是皇帝和皇后居住的正宫。其后为御花园。后三宫两侧排列着东、西六宫，是后妃们居住休息的地方。东六宫东侧是天穹宝殿等佛堂建筑，西六宫西侧是中正殿等佛堂建筑。外朝、内廷之外还有外东路、外西路两部分建筑，是世界上现存规模最大、保存最为完整的木质结构古建筑群之一",2
1231,非常不错哦，值得去，来北京一定要逛逛,2
1232,周五去的，人不算特别多，很方便，直接刷身份证就行,2
1233,导游李海楠热情得很，也很负责有耐心，我给爸爸报的一日游，她很耐心的给说去哪里接，甚至给说去哪里检票看升旗等等，讲的很详细很认真，不明白的还让继续问她，总之，很暖心的一次一日游，老爸很满意。讲解的也很专业，好样的🤝,2
1234,洛导，讲解很有意思，服务态度好。靠谱。,2
1235,经典非常不错，但是故宫的工作人员服务态度非常的差,2
1236,人实在是太多了，有一些地方根本挤的看不到，除了进门时很方便，不用取钱直接刷身份*，这个非常棒，节省了很多时间！故宫里面比较人性化，有椅子供大家休息，但是人真的太多了...很快就不想逛了，然后就出来了~,2
1237,太方便了，只需要刷身份证都不用排队,2
1238,想来故宫很久了，终于看到了金碧辉煌的皇宫。感叹中国古人的智慧，与辛苦。,2
1239,网上购票很方便，在午门刷身份证就可入内。服务一般，最大方便就是省去排队的时间,2
1240,孙导服务好，知识渊博，百听不厌！非常好的体验，大赞👍！,2
1241,导游领着我们走中轴，介绍建筑形制以及每个建筑背后的故事，然后是解散自己游览。有导游讲解比自己瞎逛能有点头绪。,2
1242,不错，游了一下午，真的很好,2
1243,非常方便。扫一下身份证就进去了。带孩子老人特别方便,2
1244,很开心的一次旅行，很震撼祖国的大好河山，真是不虚此行，导游讲解很细致，下次会带家人一起来玩儿的？很开心的一次旅行，很震撼祖国的大好河山，真是不虚此行，导游讲解很细致，下次会带家人一起来玩儿的？,2
1245,太冷冻死人了，。去哪订票进门方便，挺满意的,0
1246,很好 非常适合 喜欢的不德了 好好 很好,2
1247,很好，不用排队取票，很满意。,2
1248,张导讲解的非常好！细心幽默风趣，学习了紫禁城文化！,2
1249,两大经典景点，导游讲解带队也很尽心专业，因为是一日游时间有点赶，没能多拍点美照，但总体来说是次不错的出游体验,2
1250,王启程导游服务态度好，全程都很耐心为大家讲解，还背了各个地方的古诗，最后还为我们唱了一首歌，必须给王导点个赞！,2
1251,学生票更划算，优惠不少呢,2
1252,导游讲解服务很好，从在午门用三十分钟来介绍故宫历史，讲解透彻，详细。而后检票方便，在网上买好票，直接刷身份证到故宫博物馆，从太和殿一直到御花园，讲解清楚，详细，印象深刻，中间没有半句废话，对于我这种对古代历史不太了解的人来说非常好，谢谢杨导游。,2
1253,我大中华皇宫还是气势恢宏的！就是人太多了?,2
1254,真心不错的故宫之行 小孙导游知识丰富 讲解细致 谢谢你了！下次朋友来还找你哦,2
1255,不用取票，身份证进，很方便,2
1256,非常不错，就是人超级多。,2
1257,非常方便，买了即可用。。。。,2
1258,那天的天空很配合，拍个照片也很好看,2
1259,有意义，不枉此行，中国古代建筑的魂宝,2
1260,孩子的预约也很方便！值得推荐,2
1261,旺季来故宫玩的游客人山人海，幸亏提前网上订票，直接刷身份证进，避免排长长的队伍购票,2
1262,非常感谢导游小杨今天的愉快陪同，让我们对古老的长城、故宫有了深刻的认识和了解，这次的旅程将会给我们留下美好的回忆，谢谢周到体贴的小杨,2
1263,故宫宏伟壮观，修缮一新，600年展览也值得一看。,2
1264,订购的带接送套餐，师傅很及时，态度很好。导游晴格格解说风趣幽默，正史野史兼具，和小伙伴玩的比较开心，五星好评。,2
1265,故宫，已经不再仅看建筑了。的确越来越当它是博物馆了。特地来看瓷器展和卡特尔的特展。&#x0A;朋友带着行李，可以免费寄存而且进门寄存，出口领取，非常人性化。,2
1266,虽然是初六，但人仍是很多，不过还不错，有走进清宫剧的感觉，挺不错,2
1267,网上订票好方便，进门刷身份证就可以！,2
1268,气势磅礴、恢弘壮丽的故宫美景，历代先祖智慧文化心血的结晶，还有那些古代能人巧匠鬼斧神工般的精湛技艺，传承给后人的所有至珍瑰宝，岂能用震撼、感动来形容！这是馆内设置、陈列令我们深深的赞叹，美中不足的是：馆内租用给游客的电子讲解机没有发挥它最大的作用，没有专业讲解员带领，即使有导游也是价格各异、水平参差不齐，这是我没有给五分的原因，仅供大家参考。,2
1269,还不错！非常好！下次继续,2
1270,我自己就是北方人，这几次去北京都是冬天去的，北京的冬天还是挺冷的，但是艳阳高照，故宫已经是去过第二次了，这是我们中国人的骄傲，是历经几千年给我们留下来的最宝贵的财富，红砖瓦墙，金碧辉煌，中国的故宫是如此的大气宏伟,2
1271,细心周到，专业，棒棒哒！,2
1272,不错呀！认真讲可以推荐,2
1273,确实很方便。进门也快！不错。,2
1274,崔导不仅态度好，也能感受到他发自内心对历史文化的热爱，讲的生动有趣，强烈推荐跟他的团,2
1275,满意，于导非常热情、细心，周到！本来定的半日游，临时换成一日游！吃午餐也是把我们安排的妥妥滴，自己才最后一个吃！赞赞赞！！,2
1276,故宫挺大的，里面的建筑物非常有特色，很美，很漂亮。看见了皇宫深宫大院的感觉，后宫佳丽三千，特别大，特别霸气。值得去看看，还不错。。感受下京都的味道。。。。。,2
1277,故宫不亏为中国的瑰宝啊！！非常值得去看看，不虚此行的。网上订票，线下取票，都很方便，不错，给个赞,2
1278,还好上去哪儿定了票，不然现场都没票进不去，很方便的，直接刷身份证就可以了,2
1279,故宫嘛，大家都知道的，宏伟，大气，壮观，多少电视剧里面的剧情，看到熟悉的乾清宫，御花园，等等等等，你会感觉，值得。,2
1280,很美，应该去看看。挺大的。,2
1281,人很多，走的脚累，玩的还不错。,1
1282,暑期去故宫游玩订票方便省事省心快捷。,2
1283,带着老人和孩子，非常方便,2
1284,超方便，不用排队买票，刷身份证就可以进故宫。省时省力～,2
1285,购买及使用都比较方便,2
1286,故宫博物院我去了很多次，每一次去都有不同的感受。在这里，我似乎穿越了时空回到古代，看到了当时中国的繁荣，看到了甚至现在都无法达到的先进技术，我为中国的地大物博感到无比骄傲。,2
1287,各奋愚公之愿，即可移山；共怀精卫之心，不难填海！欢迎英雄们平安回家！,2
1288,非常好，取票方便，每个地方都进去了，太壮观了。,2
1289,"恢弘大气,壮哉大中华",2
1290,很方便，不用排队买票，直接身份证就可以进去了。可惜当天，故宫整修的地方太多，即使如此，还是有一些地方没有逛到，只能下次再去了。,2
1291,网上买票好方便 免去排队和取票的麻烦 直接身份证就行,2
1292,现购现进，缺点是没有实体票，没办法留做记念,1
1293,终于提前买好票，当天买不到每天限额8万张，直接刷身份证可以了，很方便，里面真的很大，值得留一天时间慢慢欣赏！有机器讲解可以租，我们人多，请了一个讲解员，下午场去接近3点才到，时间有点晚，好在导游还是挺给力，路线设计的还不错！,2
1294,"故宫里单独收费的场馆，目前就这两个，钟表馆和珍宝馆。单独给写字人钟拍了个视频，这是钟表管理最受欢迎的一-件展品,可惜不能看到动态展示。看过央视的视频纪录片，毛笔要由人工来沾墨，然后放在小人的手里，再换上一张新的纸片，然后机器就会让小人的手在那里慢慢的写出8个字。小人写字儿居然还有笔锋，当年也是乾隆皇帝心爱之物。",1
1295,方便快捷  不用取票  刷卡进入,2
1296,这是第二次来故宫了，现在对外开放的范围扩大了，能看到许多其它的偏殿，值得一游。最好是有导游讲解，那就是完美了！,2
1297,优秀，导游不容易，李导很优秀！口齿伶俐，谈吐优雅，言语风趣，讲尽讲透！,2
1298,今天玩的很开心，于导全程的讲解很不错，也很耐心，全程没有别的消费，确实很不错,2
1299,就是有点贵，订晚了，头一天才订，就这家头一天卖，不怕买不到这点挺好，排队人好多，直接刷身份证就能进，没有纸质票或是什么留念挺遗憾的，故宫好多地方都不让进了，景仁宫等好多点锁上不让进，还有东侧的东侧都要收费，买个电子讲解挺好的，有意思而且逛的时候能了解文化,1
1300,"北京故宫博物院真的是一个让人震撼的地方！一踏入博物院，就像穿越回古代，感受到那种浓厚的历史感。那些金碧辉煌的宫殿、庄严肃穆的大殿，每一处都让人惊叹不已。,而且，亲们，你们得听我的建议，一定要在早上去！因为早上人少，你可以尽情地欣赏每一座宫殿，而不必排队等待。当然，如果你喜欢，你也可以在博物院内逛逛，看看那些历史文物，比如瓷器、书画等等。",2
1301,购买速度，方便，人流量不多，淡季门票也便宜。,2
1302,北京就是伟大好我爱我的祖国,2
1303,皇家园林，但和若干年前相比可以看的东西越来越少了，原来的九龙壁是免费的，现在得单独买票看，当然也有很多人性化的服务，电子导游器很好，尤其适应老人旅游，休息的椅子到有不少，就是感觉人实在太多太多，几十年来一次足够,2
1304,宏伟，震撼真心了不起，太漂亮了同时也太大了，走一天也走不完,2
1305,海导很热情，为我们讲解了好多历史故事。此次之行非常满意。,2
1306,方便又快捷，真心好服务，故宫永远去不够，可惜好多地方不开放,2
1307,导游非常有耐心，也非常亲和，讲解也非常详细，我对这次故宫行非常开心，满意，谢谢导游！辛苦了！,2
1308,总的来说非常不错，我们节省了很多钱，太实惠了。故宫很大，很好玩，我们转了很久才转出去，里面有着很多以前皇帝住的宫殿啊等等。也有很多瓷器，很多珍宝。喜欢楼梯上的琉璃瓦，喜欢楼梯旁雕刻的龙。喜欢地上光滑的石头。很棒的一次旅行！,2
1309,不用取票，服务态度特别好，点个赞,2
1310,讲解员杨颖慧～蓝琪儿格格真是超级好！4个小时的讲解把紫禁城几百年经历的故事娓娓道来，生动而引人入胜！过程中还贴心的挑凉快能坐的地儿给大家讲解，自己全程都没坐过，真的很辛苦！在这里给格格一万个赞！谢谢您！辛苦了！,2
1311,挺好的，主要就是感受一下古代建筑的雄伟，逛了一下午，回家后发现晒红了都，太阳太大了,2
1312,电子票很方便，直接刷身份证进入高效率。20元租个电子讲解器，能了解到很多历史和人文。时间紧，地方大，建议事先做筛选，挑重点的看，要不体力不足或5点清场，就会错失好景点。,2
1313,和朋友一起去的，玩的很开心,2
1314,便宜靠谱去哪网真实好用景色秀丽,2
1315,网上订票真方便，不用换票刷身份证就可以进去了,2
1316,取票快，方便极了，很开心😃,2
1317,故宫很大，走路的话要做好累死的准备，但是景色很好。,2
1318,玩的很开心，取票方便，而且性价比高。导游服务态度好，景色也很美，很让人流连忘返。,2
1319,带小孩一起去的，让小孩多了解一下历史，。。。。。。。。。。。。。。。。。。。。。。。。。。。。。。。。。,2
1320,很不错，取票方便，节省了游玩的时间,2
1321,还不错 挺好的 环境好 风景好,2
1322,刷身份证入园真的是太方便了，不用再担心排长。,2
1323,直接用身份證刷就可以進入了，還是挺方便的，退款也是。推薦自由行的使用,2
1324,使用方便，凭身份证就可以进故宫，可是就没有门票作纪念了。,1
1325,故宫参观多亏了该网能买到两张票，不然的话这次族游泡汤了。,2
1326,下午去人少，记得进门租个讲解器。带点现金。去参观珍宝馆。才值得！故宫很大带上点吃的。做好走路的准备。不要随大流，自己都可以参观的。太多人一起看你也走马观花。不着急的话多了解下！带上身份证，北京到处查身份证。,1
1327,跟弟弟一起区的，人很多，尤其是团队，如果排队进去的话估计要等到下午了，真是不错的一次体验了。,2
1328,导游特别好，超级好！今天一天的出游很满意，陈导长得帅！长得好，很贴心！,2
1329,值得一去！做为一个中国人必去之地！租了一个电子讲解器，后悔没租一个导游，因为北京真的是三分看七分讲，所以得出一个经验：凡是文化底蕴深厚的地方必请导游！,2
1330,值得去游览。这是世界上最大的皇家宫殿。对了解祖国的建筑艺术及灿烂的文明有很大的感染力。,2
1331,通过去哪儿网订的票，刷身份证或报号码直接进，方便还便宜。故宫很大全部走完要3个小时以上。需要些脚力。讲解器有定位功能。,2
1332,真的挺壮观的，值得一游,2
1333,重游故宫，因为有导游讲解，所以觉得很棒，知道了不少小故事。郭郭导游热情有耐心，让我们这次游览变得非常有意思。,2
1334,非常大，走到脚都要抬不起来了。&#x0A;人超多，各种旅行团,0
1335,不用排队   直接刷身份证，很方便,2
1336,故宫一如既往的多人，网上买的票凭身份证入园就是方便，基本不用排队。初次到来的感觉就是精神，那红墙金瓦的味道，皇家的气息。都承载着历史厚度，有说不完的典故。下次再续集,2
1337,珍宝馆的珠光宝气，记载了多少的往事在里面，如今伊人已去，那段岁月已被尘封。,0
1338,在***买票真的很方便，不用排队，不用备零，不用预约。第一次去北京，还是带了爸妈和儿子一起去，不用烈日下排队，买老人票也优惠，一起刷身份证进去，很轻松，有去哪儿帮忙真的轻松很多，继续支持。,2
1339,小孩直接带户口本进门，方便多了。,2
1340,故宫博物院。每件藏品都是无价之宝。,2
1341,租了电子导游，40一个。还可以。讲解很清楚。故宫太大了，房子宫殿太多了。御花园也满震撼的。只不过，人好多。,2
1342,"故宫需由南到北参观，～…敲黑板…～午门为〈唯一〉入口，出口为神武门和东华门。,尤其是打车去的盆友，千万要和司机讲清楚，如果只说去故宫，把你拉到出口也没毛病,请掌握以上信息的同学，站稳扶好，准备起飞～,故宫包场，一共分三步：,第一步：排队要趁早！,想看到没人的故宫就要争取第一个冲进去（此时你内心os一定是：沃特？你在逗我吗？）其实没你想的那么困难了。,故宫8：30开始检票，只要八点十分左右到达午门就可以了。这个时候旅行社还没到，所以乖乖听从工作人员的安排，排好队，拿好身份证，等时间一到，就可以第一个冲进去了！,线路如下：,从武英殿出来经过中轴线去文华殿，这个时候大概接近中午了，文华殿里有长椅，可以而且非常安静。顺便吃点东西，补充能量。,稍作休息之后完成剩余景点的参观。,位于奉先殿的钟表馆会在每天的上午十一点和下午两点会在钟表馆内举行钟表展示，馆内工作人员会给钟表上发条，每次展示为三分钟。",2
1343,故宫大气磅礴，无愧于全球最贵的寨子，总是能震慑人的魂魄，只要你置身其中，就能圣气凛然，无论你身在何方都值得到此一游！,2
1344,不用取票，直接刷身份证入场，很方便，下次还来这买票,2
1345,网上下单时没注意，结果不时间搞错了，给公司客服联系后，态度不错，及时安排行程和导游。因为临时加入，导游带的人比较多，但讲解很有趣，总体不错，值得一游。,2
1346,开心五一，一家三口享受文化盛宴……,2
1347,"每次来故宫都不一样，这次下雪了！,除了故宫，太庙、雍和宫、天坛、历代帝王庙都是别有一番韵味！来不及预约参观故宫，其他景点也都是不错的选择！,tips:冬季赏景不外呼拍雪，雪地容易拍灰，注意调整白平衡！,小心地滑，注意安全！",2
1348,"8:10跟着大部队过端门进入故宫，非节假日也非周末所以很快便到达内部，8:31已经站在 太和 门前。节假日旺季出行，可以先到达东华门，再步行至午门，大约可省去天安门排队安检一小时的时间。,我的故宫游览路线是：午门-金水桥-熙和门-断虹桥-十八槐- 太和 门- 太和 殿-中和殿-保和殿-箭亭-延禧宫-承乾宫- 永和 宫-同顺斋-御花园-万春亭-摛藻堂-堆 秀山 -储秀宫-体和殿-翊坤宫-太极殿-慈宁宫-寿康宫-慈宁花园-临溪亭-军机处- 永寿 宫-乾清门-大石雕-乾清宫-交泰殿-坤宁宫-御花园-天一门-钦安殿-集福门-神武门,故宫是世界五大宫之首。这里曾居住过明清两个朝代二十四位皇帝。可惜的是目前故宫只开放了76%，意犹未尽。,从8:30逛到15:30离开，除了一些正在修缮不开放的，譬如养性殿、皇极殿等，基本都走了一遍。中间下了一点阵雨，在阴凉处歇了大概1小时，其余时间都在不停地走，看各宫的展览。朱色的宫墙、明黄的屋脊，踏入故宫，仿佛又回到了君君臣臣的年代。,箭亭附近的红墙颜色很正，一个人都没有的情况是很难遇见的，哈哈，开心，各种照片拍起来。,出神武门后对面便是景山公园，可以爬上山顶拍故宫全景，但我并没有去，而是去了喜欢的角楼。,Tips：,1、故宫开放时间：周一全年闭馆（国家法定节假日除外）,旺季（4月1日-10月31日）：08:30-17:00，停止售票时间：16:00，停止入场时间：16:10；,淡季（11月1日-3月31日）：08:30-16:30，停止售票时间：15:30，停止入场时间：15:40。,2、故宫博物院已取消现场售票，全部网络实名制购票。旺季门票60元；淡季门票40元。珍宝馆10元、钟表馆10元需另购。,3、故宫博物院实行自南向北单向参观路线：只能午门（南门）入，神武门（北门）出。",2
1349,里面很大，故宫里很庄严,2
1350,一次记忆犹新的旅行 一次说走就走的旅行,2
1351,太大了 租了电子讲解器 有些地方都走不完。好多地方都封着不让进。总体没去几个地方,0
1352,太雄伟了值得一去 刷身份证方便,2
1353,巍峨宏伟的殿群，非常值得花上一天时间细细品味，千万别选择旅游旺季去凑热闹,2
1354,"故宫八点半开门，作为第一波游客，跑快点进去是能拍到人少的故宫的！,偏门真的没有人！别去和旅行团挤中轴线景点啊。,如果想要仔细了解故宫，还是宁愿请个导游讲解，而我为了拍拍照则无妨。",2
1355,"故宫给我的感受就是特别的大，建议一天不要走两个地方，皇帝老子住的地方大到能让你怀疑人生，从南门走到北面差不多要一个小时，在里面也没什么看头，就是了解一下历史，拍拍照什么的。,千万别租讲解器，千万别租讲解器！！千万别租讲解器！！特别烂，到地方了还不讲解。",0
1356,在网上买完票直接刷身份证就能进去，很方便。建议在故宫租个20元的电子讲解器，不要在去哪儿网买智能手机讲解，你会后悔的。故宫绝对是来北京的必去景点。一点都不会失望。里面真的是宏伟壮观。还有一定要去珠宝馆，里面的展品一定会让你大开眼界。钟表管没来得及去了 ，五点闭馆，四点半的时候差不多就要清理行人出去了。下次还得去一趟。,2
1357,今天去故宫玩得很开心，杨颖慧导游做了很多预备工作，讲解得非常细致认真，语言诙谐幽默。,2
1358,不错啊，现场60的价格。。。,2
1359,"交泰殿，明永乐十八年建成，清嘉庆时重建。是皇后的正殿。交泰殿的彩画图案与其它殿有区别，此殿是飞翔的凤凰，而其它殿是游龙,凡遇元旦，千秋（皇后生日）等重大节日，皇后在这里接受朝贺。乾隆十三年，乾隆皇帝把象征皇权的二十五玺收存于此，遂为储印场所。现殿内宝座前两侧分别排列着用来储放皇帝宝玺的宝盝。宝座上方高悬康熙帝御笔“无为”匾，宝座后板屏上书乾隆帝御制《交泰殿铭》。殿内东次间设铜壶滴漏，乾隆年后不再使用。西次间设大自鸣钟，宫内时间以此为准。",1
1360,本没有生气，故宫博物院的商品部将十二花神杯给重两个菊花杯，成了十一花神，只是觉得浪费点时间去换，一直以来联系都是客客气气的，没想到今天上午去换，却招来一肚子的气。一见面矮矮胖胖的姑娘就反问，东西是我们店买的吗？我怎么问谁，谁都说不是呀？一上来就觉得是我错了，我诚心来找麻烦的，我是本地人，我当然知道要出神武门时再买东西，省我拿一路呀！每年我都来，我当然知道各店的地址及货品！本来是好意提醒怕外地人、外...,0
1361,五星好评给陈状元，前一天早早联系好确定时间，提供了各种详细的路线，全程视频教导，队里有人不懂的依然耐心讲解，不过团里有些人的素质有待提高，说好别动还一直上手，陈状元也一直在提醒和讲解，为他点个赞！,2
1362,故宫现在开放的场馆多了，一天时间慢慢逛逛看看，挺好，有条件可以找个讲解员，会更有意思些，珍宝馆值得一看，钟表馆东西有点太少了,2
1363,故宫是世界最大的宫殿之一，仅此而已，没什么意思，都是在电视里面看的津津乐道，到了之后，什么都没有，除了殿就没了，如果觉得故宫雄伟，建议去景山公园顶，坐在上面欣赏一天，,1
1364,我去到那里跟了王淑燕导游，他带我们去了几个重要的景点，讲解的非常到位问他什么也都是知道的，幸好有她我能够逛完故宫，不然以我的脚力我可能是走不完的哈哈！,2
1365,"真的很好看，是很漂亮的红色，磅礴大气，好看！,太可爱了叭！,天气不是闷热，不知道是不是有水的原因",2
1366,去北京，看故宫的红墙内外，逛护城河去吃烤鸭，登长城感受历史的沉淀，吃最京味儿小食！！！,2
1367,"故宫是我心中北京的超级地标，故事就从这里开始吧。,故宫出了名的人多，我拍完这一系列照片发到朋友圈，被问最多的问题是“你什么时候去的？怎么一个人都没有？”其实想要拍到没人的故宫是一门时间和地点配合的学问，以及，有一些角落，十分有故宫特色，却容易被忽视，没什么人拍照，文章里也一起分享给你。,来故宫的重头戏，拍到一个人的 太和 殿！如何可以拍出没有人的故宫？精髓就是-等，在对的时间等。这张照片是拍于下午4点半，这个时间，旅行团早就离开了，也临近关门，故宫里几乎没有人，我在 太和 殿前大跳了十几个来回，当天气温30多度，也是拼了。,朋友圈里故宫婚纱照投票数总冠军是这张，大家说这张有大唐公主出嫁的开心的感觉，为什么是偏偏是大唐公主？我觉得事情没有那么简单。,一想到故宫，红墙金瓦，浓烈的颜色就撞进脑袋里。慈宁宫附近有两面巨大的红墙，极简又有气势，如果说 太和 殿是故宫视觉上的地标，这面红墙是故宫感觉上的地标。,我三次去故宫，这面红墙前都空空荡荡，游人匆匆路过没有丝毫留恋，但有一个有趣的现象，就是我每次一过去拍照，紧接着路过的所有人都会注意到这里（可能是我动作比较夸张），甚至会在红墙前排起队。,一般的游客和旅行团都是一大早到达故宫，直接走中轴线，人山人海去看著名的三大殿。推荐一进故宫先进左侧的熙和门，跟熙熙攘攘的中轴线相比，这里更有皇家的庄严静谧。绕着中轴线外围走，有很多展馆可以参观，全程人都很少，等到大约3点半再开始走中轴线，也就没什么人了。,故宫的创意周边是在故宫拍照最棒的道具～,十八槐绿树成荫，红墙为衬，拍照特别漂亮～,一只长着人的牙齿的神兽“螭”，传说中龙的一个儿子，不过身为龙的儿子，萌成这个样子真的合适吗？地主家的傻儿子？,慈宁花园。,我自己最喜欢这张。,我穿着婚纱从两位阿姨面前路过，她们就坐在那里看着我笑，笑容慈祥又质朴，很动人，我赶忙跟摄影师说“我想跟两位阿姨合影诶”，然后屁颠屁颠跑过去跟她们打招呼，争取同意，阿姨好像有点害羞，也没有说话，就是一边点头一边笑～不过看照片阿姨面对镜头比我自然～,关于故宫是否可以拍婚纱照的问题，只要不是商业摄影，不会影响游客就可以。,我在慈宁宫红墙前拍照的时候，来了一位一看就是领导的大叔，手拿枸杞保温杯，站在摄影师身后看了半天，我本来特紧张，以为不让拍，然后等我们拍完他才问了句“你们拍这个做什么用啊？”，我就如实讲了我的计划，大叔示以领导风范的点头，说了句“嗯，不错，那一个地方别拍太久，别让游客扎堆”，就转身离开了。",2
1368,最近热爱宫斗剧，来到故宫重温历史，常年人较多，建议下午场人比早上少，夏天多带水，温度较高。现在为了保护文物，很多都围起来看不清楚有点可惜，第三次来欣赏角度不同了！特别喜欢里面买的书签，超级复古可爱，价格实惠！,2
1369,"穿过马路走过金水桥，从天安门内进入故宫博物馆,关于故宫的门票，我真的要着实的说一下啦，这里敲重点，故宫现在限流了，所以门票一定要提前买好哦！！到了景点再买门票可能就要空跑一趟了，特别是像节假日的时候,关于门票价格：,每年4月1日至10月31日为旺季，大门票60元/人；,每年11月1日至次年3月31日为淡季，大门票40元/人。,珍宝馆（即进入宁寿宫区，还包括戏曲馆、石鼓馆）参观门票：10元/人。,钟表馆（即进入奉先殿区）参观门票：10元/人。,周一全天闭馆,这里我和我的小伙伴买了联票，毕竟是重头景点，所以全部逛一圈还是很有必要哒。,然后最好是有讲解，这样的话走走看看才有一些看头，还能够了解一些历史。门口有租讲解器，并不贵就小几十块钱。,不过我有一个了解历史的闺蜜这就另当别论啦哈哈，全程她都能充当讲解员历史知识杠杠的！！,故宫真的比想象中的更大，因为每个角落里面都想转到，所以一路走啊走，建议进来之前自己包里带一些小吃，因为里面真的没有什么可以吃东西的地方。就算有价格也都有些小贵。,我们足足逛了五六个小时才逛完一圈故宫，深度游的小伙伴真的要留出一整天的时间来这里感受啦。",2
1370,"交通：地铁1号线至天安门站下,开放时间：旺季8:30-17:00，淡季8:30-16：30，周一闭馆,门票价格：旺季（4月1日-10月31日）60元，淡季（11月1日-次年3月31日）40元,建议游览时长：5个小时,餐饮：故宫内无大型餐饮店，只有少量小卖部，最好自备水和食物。,北京故宫是中国明清两代的皇家宫殿，位于北京中轴线的中心。是世界上现存规模最大、保存最为完整的木质结构古建筑之一，世界文化遗产，也是此行最吸引我的一个景点。,这里曾居住过24个皇帝，是明清两代的皇宫，现称故宫博物院。,一条中轴贯通着整个故宫，这条中轴又在北京城的中轴线上，三大殿、后三宫、御花园都位于这条中轴线上。在中轴线两旁对称分布着许多殿宇，这些宫殿可分为外廷和内廷两大部分。内廷以太和、中和、保和三大殿为中心，文化、武英殿为两翼。内廷以乾清宫、交泰殿、坤宁宫为中心，东西六宫为两翼，布局严谨有序。故宫的四个城角都有精致玲珑的角楼，建造精巧美观。宫城周围环绕着高10米、长3400米的宫墙，强外有52米宽护城河。,一早坐地铁到达，排队安检，网上购票，直接刷身份证入园。,攻略：游览故宫，至少要保证有参观中路和西路的时间，因为中路最能体现皇家建筑的宏伟、壮观；而西路则是明清后妃居住和生活的区域，再次可以参观到帝后嫔妃的实物、慈禧太后垂帘听政处。如果时间足够，要参观东路，因为故宫各种各样的珍宝均在此轮流展出。此外，故宫的历史悠久，若想充分感受故宫深厚的文化积淀，最好在故宫午门外右侧的导游讲解处请个导游或租借导游讲解器。,由故宫博物院与凤凰卫视联合创制的《清明上河图3.0》高科技互动艺术展演，2018年5月29日起正式开放。,《清明上河图3.0》位于故宫箭亭广场，展馆约1600平米，共有《清明上河图》巨幅互动长卷、孙羊店沉浸剧场、虹桥球幕影院三个展厅，以及一个北宋人文空间。展演通过挖掘原作的艺术神韵、文化内涵与历史风貌，融合8K超高清数字互动技术、4D动感影像等多种高科技互动艺术，构筑出真人与虚拟交织、人在画中的沉浸体验。",2
1371,给大家个方便，去故宫没错，附送如意！,2
1372,"【游玩时间】2-3小时,论如何在故宫拍出没有人的感觉——,一定不要走主干道！因为主干道走的都是大批的旅游团！,摆的姿势要自然，尽量避免游客照的茄子手。侧脸或者背面再加上动态造型与景相结合，会有别样的视觉体验✧( •˓◞•̀ ) 也要利用好当天的装备。,景山公园眺望着对面的紫禁城，雾霾味的。",1
1373,我是17年3月份去的北京，因为当时华南地区倒春寒，全部在下雨，只有北京是晴天，恰好机票便宜，果然去的时候天气特别好，天空挺兰的，都没有➕滤镜，故宫门票60，没有请导游，在进场前碰到了很多仪仗队得小哥哥，不得不说特别英气，大部分游玩者是叔叔阿姨和外国伙伴，建筑保存都比较完好，浓浓得古味，终于见到传说的慈宁宫呀御花园，正大光明殿，3月得北京有太阳还是很暖和得，没太阳的时候还是特别冷。挺大的，我自己也没有走完,2
1374,"哈哈，有点小后悔没买上午场的、下午场好多团，人太多拥挤，太阳很晒，甚是炎热，,我去了最偏僻的文渊阁，哈哈，一个游客都没有。,安静的坐了会便离开了。",1
1375,在这里你会看到古人的伟大，智慧，心灵手巧。进去故宫后，让我震撼的各种雕饰，各种布局，错落有致，放眼望去，格局了然。气势磅礴，威武庄严肃穆。更好的是你可以花20元租个电子讲解器，出门后返还就可以，不用押金，方便快捷，每到一个景点都会自助讲解。故宫门票很实在，才80元，如果珍珠和钟表不看，才60。太亲民了,2
1376,不用取票，凭身份证入园，很不错啦,2
1377,冬天的故宫有些萧条.但人依旧很多..沿红墙而过.肃静而深远.来到这里你自然而然的会想起在这发生的各种故事..甚至传说中游荡这的人.故宫很深，每个院落都是一个故事.,1
1378,"保和殿面阔9间，进深5间（含前廊1间），建筑面积1,保和殿内景,240.00㎡，高29.50m。屋顶为重檐歇山顶，上覆黄色琉璃瓦，上下檐角均安放9个小兽。上檐为单翘重昂七踩斗栱，下檐为重昂五踩斗栱。,内外檐均为金龙和玺彩画，天花为沥粉贴金正面龙。六架天花梁彩画极其别致，与偏重丹红色的装修和陈设搭配协调，显得华贵富丽。,殿内金砖铺地，坐北向南设雕镂金漆宝座。东西两梢间为暖阁，安板门两扇，上加木质浮雕如意云龙浑金毗庐帽。建筑上采用了减柱造做法，将殿内前檐金柱减去六根，使空间宽敞舒适。",1
1379,"高考结束了，新的征程还没开始，我决定去北京爬长城😻。八达岭长城作为京郊热门网红打卡地，游客肯定不少，做全攻略再出发是最节省时间与精力的👣。总结几点注意事项分享给大家。,🎟预订门票,🔍“八达岭长城”公众号，提前预约门票，现在长城限流，千万不要想着现场买票，可能真的会白跑一趟。建议预约上午场，避开人群，早去早回！,🚌交通方式,去长城的交通有好多种，提前安排好。,⭕️如果当天往返坐长城直通车-赞巴士👍，高速一站直达，方便又省心，这样酒店的选择更多样性，地铁沿线都很方便。每天两班次，早班8点，中班10点。,👉如果想在长城住一晚，可预订高铁票🚆，高铁在黄土店站乘车，刷公交卡就可以乘坐，火车时刻提前安排好。,💋如果穷游，就到德胜门外坐877路公交车，⚠️注意：公交车不提前售票，要提前到车站排队上车，旺季，人可真不少。,💥游览攻略,八达岭长城分南北两楼👐，步行登城，过了检票口选择往南还是往北，两个方向都有“不到长城非好汉”的好汉碑。,南楼游客少，坡度缓，最高到南五楼，可以乘坐地面缆车下山。,北楼打卡点比较多，北二楼栈道就有好汉碑可拍照留念💖。北四楼外还有-好汉石，可以排队拍照留念，也可以花钱让摄影师拍一张。👆继续攀登可以到北七楼，也是索道下车点，如果想节省体力就坐索道直达北七楼，爬最后一个烽火台登顶-北八楼的好汉坡😽，全程步行登顶大约用时2h，下山可以坐索道，也可以原路返回检票口。下山用时大约40-50分钟，📸上山时拍照时间比较多，所以走的慢一些。,🌟tips：防踩坑注意事项,❤️在步行登城检票口外100米处有免费的行李寄存处，坐赞巴士出游的话，也可以将行李直接寄存到巴士的行李仓，找小赞安排就行。,💛缆车或者索道🚡，都是自愿，根据自己体力选择，不经常运动的话，还是建议坐一下，尤其夏天，走两步路就喘到不行💦。,💚长城的海拔比较高，紫外线强，一定要做好防晒防暑。防晒衣、防晒霜、太阳镜🕶安排起来。,💙多带水，运动过多，太容易出汗了，一定要保证水充足。🌭食物可以带着面包，饼干，肠之类的，速食方便，垃圾记得收好。,💜一定要穿一双跟脚舒服的运动鞋，真的看到有穿高跟鞋👠爬长城的，所以辛苦可以克服，一旦崴脚，受罪是自己呀。,报名赞巴士，早上8点出发，长城玩4个小时返程，安排合理，玩的很轻松，不会太累👍#赞巴士 #八达岭长城",2
1380,"夜游八达岭长城|古色新颜·一梦千年,|||长城去过很多处，游览夜长城却是头一回。,夜色和灯火笼罩下的八达岭长城，完全变了模样，更添神秘与灵秀之气。,.,📋📋📋长城·NIGHT必体验,🔸灯光景观美伦美奂、如入梦境,🔹演艺项目多姿多彩，身临心至,🔸夜晚长城灯火璀璨，一梦千年,.,📋📋📋游览流程,检票、安检后，沿步行街往里走，一路会有6处表演，分别是：,🔺长城国礼店门口：快闪舞蹈《炫彩映国潮》,🔺 美食街区：杂技《跨越山海只为等你》,🔺“不到长城非好汉&quot;激光投影处：魔术 《造梦空间》,🔺 八达岭饭店旁：意境舞蹈《舞韵忆霓裳》,🔺 八达岭饭店门口：大鼓书 《古今中外》,🔺安检口内侧：民乐演出 《国风正当红》,边看边走，不知不觉抵达北门锁钥，在此欣赏完《鼓韵东方》后，跟随着翩翩起舞的白鹤少年的引领，穿过门洞到达游客服务中心前的小广场。在这里，观看最后一个表演项目国潮戏剧 《国韵芬芳》之后，就可以开始登长城了。,可供夜游的八达岭长城为北1楼-北4楼段，建议先在南城入口处与“不到长城非好汉”碑合影，然后去登峻美的北城。,.,📋📋📋实用信息,1⃣营业时间,▫️最早入园：18:30 || 最迟离园：22:00,▫️亮灯时间：19:30-21:30,▫️表演时间：19:00、20:00（仅周五六、节假日）,2⃣交通路线,【自驾路线】高德地图搜索“滚天沟P1停车场”，按推荐路线前往即可,【公共交通】,▫️ 北京北站乘高铁，八达岭长城站下车，步行约400米,▫️夜长城开放期间，景区提供旅游专线巴士，可关注@长城内外 了解详情,3⃣游览价格,▫️ 平日：198,||周五六、节假日：298,▫️ 1.2米（含）以下儿童免费，无其他优惠,▫️ 团购优惠：平日三人298,||节假日三人398,4⃣福利活动,▫️ 凭订单信息可在长城礼物文创店领取明信片1张,▫️ 购买正价票可在八达岭国际精品体验店领取汉服1件,.,📋📋📋小贴士,▫️ 山区夜晚温度低，建议带一件外套,▫️ 如选择公共交通，当晚无法返回，需要住宿,▫️ 尽量19点前入园，这样才能欣赏到所有表演并且不紧不慢爬长城",2
1381,"前一天玩得太晚，早上出发迟了，计划是乘坐S2去八达岭，乘坐地铁来到西直门（北站）已经九点了，一看下一班S2要12:40分发车，Mygod！果断又返回地铁，坐到积水潭A出口往德胜门箭楼方向走，路上会遇到很多拉客的，比如往返30元、“原877/919站点”等等，这种千万别信。大家就一直沿着路往前走，会看到箭楼（类似钟鼓楼），到箭楼下面就会看到877的站点了，919不到八达岭了，只有877路到，人也不多，排队5分钟左右就可以上车了，我没有交通卡，车票12元，路上不堵车的情况下大概1个小时多一点就到八达岭了，中途不停直达八达岭，很快。建议大家起的不早的话就不要去坐S2了，人太多了，而且要很早过去，还未必能赶上车，班次太少了。877公交上导游路上会讲一些注意事项，当然重点是最后要介绍下登城方式，推销滑车登城的套票。大家也不用担心买不买会怎样，导游下车会让大家在售票口排队，你买哪种随意，没有强制购买。普通门票40元，滑车票单程80元，往返100元（有点贵），是从熊乐园送到北4楼。如果是体力可以的话，就不要买了，走上去吧，个人觉得滑车票太贵。如果是有老人小孩的话，可以买个滑车往返，省不少时间去爬长城北四楼到北八楼一段。4月下旬，第一次来八达岭，不知道这些人算是多还是少旅行意义就是走走停停，看看风景，长城的雄伟壮阔让你不得不佩服古人的智慧和毅力。,不知不觉就到了北八楼，我虽然属于瘦小类型的爷们，个人觉得顺利爬到北八楼还是没压力的。这就是北八楼了，合影的人很多，好汉坡指的应该就是这里了吧。在这歇了歇，看到上来的人有逐渐增多的趋势，就赶紧下一段路程了。（我这应该算是好汉了吧O(∩_∩)O~）,长城途中是有厕所的，就在北7楼往上走的路上你会看到一块休息的空地，有个小卖部，小卖部旁边有条往里延伸的小路，往里走就是一排厕所了，不收费。小卖部泡面一碗12元，冰棍儿5元。,一路走到了山下的熊乐园。旁边都有卖各种东西的，最让我惊喜的是有卖黄瓜的，1元一根，还挺新鲜，给你削好皮，不错，刚登完城买2根黄瓜吃太幸福了。从熊乐园出来了，准备回市里了。,熊乐园出口前面就是877路公交车站了，等公交的人很多，我大概2点多下山到公交车站，已经排了很长队伍了，等了40分钟才上车。大家要预留至少1个半小时等，听说5点钟公交就没有了，所以去八达岭还是要早去早回！第一次去长城，经验不多，希望对大家有所帮助！",2
1382,"不到长城非好汉！八达岭是北京必去的景点之一！冬季人少，虽然比较冷而且风很大，但逛起来真的很舒服，绝对没有传说中的那么恐怖！关于交通方面：如果想省钱的话，铁路S2下车后要走很远路，所以坐公交车是最好的选择。地铁积水潭B出口，过了人行天桥再走几步就来到德胜门了，在后面坐车，网上现在流传的去八达岭的919路公交车已经改了路线，不去八达岭了。现在直达八达岭的公共汽车只有一趟，就是877路公共汽车，就在919路后面，全程票价12元，刷卡打5折。千万别相信地铁对面的直达车，说自己的车40元一位1小时就到，877那些车要3小时，真会坑人~其实877也是1小时多就到景区了，车上会有导游，会跟乘客介绍一下长城，他们会说服你买套票，就是来回坐缆车之类的，如果是年轻人的话绝对徒步就可以了，我一般都不会相信导游说的话。,八达岭门票旺季是45元，淡季是40元，注意一下游玩时间，要赶上回市区的末班车（877路夏季10:30-17:00 冬季11:00-16:30），最后自己在公交上问一下人。,买完票马上飞奔开始爬长城啦，一开始目标都定得很高，谁知道越爬越陡，最后去到北四楼就放弃了，站在上面的感觉真的很激动，想起以前的父老乡亲们真的很不容易啊，敬佩他们！下来的时候看到围墙上面有很多游客在上面写的到此一游真的大煞风景呀，很鄙视这些人的作风，一路下来之后就继续坐车去下一站了。",2
1383,"这次重游长城才发现几年前我们跟的长城一日游的团带我们爬的根本不是八达岭长城，而是居庸关，我竟以为我当年爬上过八达岭长城呢，心好累。,这一次因为带着老人，怕一日游的节奏太过紧张老人吃不消就打算自己过去慢慢爬。,长城距离北京市区比较远，去那边除了自驾可以选长城一日游跟团（当然要跟对团，否则跟我当年一样），不过一日游基本上都是爬完长城再去游十三陵，时间比较紧凑，我们这次没有计划去十三陵，所以就选择自己玩。还可以乘坐S2火车去那边，不过下了车还有一段距离才能到八达岭长城入口，还要乘坐接驳车到达（据说是免费的），第三种就是我们选择的坐旅游公交877路。,一大早坐地铁2号线到积水潭站出来往德胜门箭楼方向走，一路上有很多黑车揽人，千万不要坐，一直走到箭楼下面就会看到877路车，都是一人一座，坐满发车，票价是12元，如果办了北京交通一卡通的话就是半价6元，很划算，全程不堵车的话大概70分钟左右到。,每辆877路车上都有一个跟车讲解，快到的时候会讲解登长城的几种途径，她推荐的是在前山坐滑车登上去（当然肯定是拿提成的吧），在排队买票处每个跟车讲解会把自己车上的游客排在一个窗口前买票，这边规定65岁以上的老人是不可以坐滑车的，但是讲解说直接买成人票就行，有人问年龄就说不到65呢，查身份证就说没带（也是蛮不负责的说）。,长城门票是40元，往返滑车票价是140元，滑车有点类似于小火车，把人直接从山底送到4楼（八达岭长城一共分8楼），然后游客再爬到8楼。考虑到爬完全程家人受不了而且耗时间就买了往返的滑车，也是蛮有意思的，全程只需5分钟左右。,从滑车下来就看到八达岭的登城口，旁边就是传说中的“好汉石”，有很多人挤在这边拍照留念。先来一张远眺图，放眼望去，巍峨的山峦间曲曲折折的长城，在一片绿色掩映下更显雄伟。,虽然已过了假日黄金周，但还是有不少人登长城。,八达岭段的长城总体来说比较平缓，没有特别陡的地方，而且城墙略宽，视野也非常好。,城墙上到处有文明标语提醒大家不要在上面刻画，然并卵，大部分的砖上面都刻了诸如“XX到此一游”的字，不禁令人心寒。,因为坐了滑车所以再爬到顶感觉毫不费力，到顶之后坐下来休息补充体力，登长城一定要带吃的喝的，虽然上面也有卖的但是很少，而且都是固定的摊位。我们就准备的非常充足，面包水果饮料什么的带了一包，坐在长城顶上俯瞰美景，吹着山风无比惬意。,吃饱喝足恢复体力之后再原路返回到4楼继续坐滑车下去，山底是熊乐园，可以在那边看看熊然后再坐877路返回市里。",2
1384,"同学来北京玩，不到城市非好汉，自然也要带同学看看这万里长城。,先给大家讲几个小TIPs。,1：千万不要抱团一日游。,千万不要抱团一日游。,千万不要抱团一日游。,重要事情说三遍，不然会被坑死，100块钱那个团我还去了，后面补钱不说，还逛了假长城，还一天逛了八个购物点坑的不要不要的。,2：交通大家最关心的，其实很方便，不要做小火车去，那个只有几班车，时间太久。公交方便，直接地铁霍营站，出站就可以看到附近公交即可，这边很多团，千万不抱团。,3：其实也不用做缆车，我爬了北14，才一个多小时，家里有老人可以做缆车,4：长城上面水10元一瓶，看自己。,5：各个旅行网站买票即可，也很方便。,6：爬北11下去，到了什么熊乐园，直接公交回市区，特别方便，公交很多，一点都不堵。,因为之前抱团被坑一次，这次坚定自己去玩，所以做了很多攻略，我们地铁到霍营，那天还下小雨，我们出来找了一会等公交，上车买票20，需要现金，然后我们就上车睡觉，一睁眼那就到了，车上有类似导游说让我买缆车，我们没有买，真的一点不需要，买了瓶水上去了，还有看到凭门票送什么东西，我也不敢要，世界没有免费的午餐，我们就开始慢慢爬，风景还是可以，有的地方很陡，最开始人很多，到了北8就没有什么人了，适合拍照，然后我们一直爬到北12打卡，然后北11下去，逛了下熊乐园，对啦，乐园东西很便宜，水果特别便宜，然后做公交回城里，一点都不堵。很方便。推荐。",2
1385,"八达岭位于北京西北方向的延庆县境内，北京集散中心有车直接发往八达岭，很顺利的来到长城脚下，老妈腿脚不好，选择滑道上下免去了爬好汉坡之劳累。在晴好的天气下，看之字形的长城绵延开去，心也随之远去……,八达岭长城景区内，有一座中国长城博物馆值得一看，与长城全周影院相毗邻，是一座以万里长城为主题，全面反映长城历史、军事、建筑、经济、文化艺术及现状的专题性博物馆。全周影院是国内唯一具有 360 度环幕电影加穹顶影视效果两项高科技数字产品的影院。环幕影片《万里长城》采用先进技术拍摄，由高科技专利融合技术合成为 360 度无缝拼接的完整画面。片长17分钟，科技将历史与自然巧妙结合，回味无穷。,说回长城本身：八达岭是万里长城之首，是明长城的精华，其地势险要，构筑雄伟，自古以来便是“拱卫陵京”的军事战略要地。因这一带山峦层叠，地势险峻，据说所建的长城在这里要转八道弯，越过八座大的山岭，所以被称为八达岭。特别推荐摄影人前往八达岭长城防御体系的西大门——八达岭的古长城风景区。这里深沟险壑，墩堡相望，那断壁残垣保存了原始风貌。乘车路线：德胜门乘919路公交车至延庆泉雨车站下，见牌楼入口直行，建议叫个车，进到景区有3.5公里呢。",2
1386,"从北京市区到长城还是比较远的，因为是和家里的老人一起去玩，果断选择了一日的跟团游。如果都是年轻人的话可以选择坐公车去。,先说说一日游，我们选择的是北京市集散中心的一日游，票价115元左右。包含了八达岭长城的门票费用。之前在故宫游玩的时候有一堆拉着问去不去长城的人，票价只要40元。觉得太便宜不正规便没有去。建议大家不要选择这些不正规的一日游，听朋友说这种票价去的是水关长城特别小的一段，去八达岭的路上会看见。,从市区到长城，路况好的情况，大巴需要接近两个小时的时间。到达长城有两个选择，一是从前山爬上上去或者在前山乘坐滑车，二就是在后山乘坐索道上去，索道往返100元，单程80元。如果时间比较赶的话建议乘坐索道。,八达岭长城的高度并不高，乘坐索道到达的地方，离好汉坡也不远，2个烽火台的距离。不过这一段路比较陡峭，且有一段不是台阶，直接就是陡坡，老年人千万不要在冬天去爬，正常人的速度30分钟就可以从索道出站口到达好汉坡。我们去的时候长城上面有结冰，特别的滑，直升机也频繁的在巡逻。,冬天虽然没有绿意盎然但是因为草木凋零，俯瞰山峦有一种悲壮之感。景色也特别的壮阔。特别是爬到好汉坡上拍下的长城四处衍生的照片，可以想象到长城在古代军事的地位有多高。,遗憾的是没有等到日落，如果时间比较充足的话可以在长城上看完日落在索道下上。",2
1387,"【交通】去八达岭长城一般有两种方式，一是乘坐火车，二是去德胜门搭乘直达公交。,在西直门就有火车可以搭去八达岭长城，但我们买不了九点的车票，票很好卖啊，青旅里一妹纸昨天去也买不到票。于是我们就搭乘地铁去德胜门坐公交去八达岭长城。虽然搭乘火车没有堵车的风险，但是下了火车后还距离八达岭长城景点一段距离，不是十分方便。而且公交车班次也比火车多，灵活性大。,从西直门搭乘2号线到达积水潭再步行至德胜门城楼前的公交车站。一出地铁你会看到很多公交站牌写着去八达岭，也有很多人在排队，但是那些都是野鸡车，非正规的公交车，要认准这个公交车牌才是真的直达车。很多人不知道就在排队了。公交车总站还有好几路公交是直达八达岭的，也可以选乘其他号公交，哪个发车就上哪个就好。,【门票】这次游览八达岭，我们购买了门票+滑车票，人均117.5RMB。,【景区服务】景区门口可以租羽绒服，郊区温度比市区低不少哦，穿不够的可以在景区门口租来穿。,如果害怕自己体能不行的朋友建议乘坐滑车，沿途欣赏的风景不亚于自己全程爬路过的风景。只是价格就相对贵些，滑车往返大概是60RMB。滑车有些残旧，但速度很慢，还是安全的。,天气十分寒冷，我们又没有做好御寒措施，所以就选择了滑车比较快速的方式少走了两个关，节省了一个多小时的步程。之后爬了大概两个小时到达好汉坡后就折返回滑车口坐滑车下山。",2
1388,"爬长城和跑马拉松一样，是一场毅力和体力的坚持，但是和马拉松又不一样，北京的八达岭长城历史文化沉淀深厚，对长城的印象停留在“孟姜女哭长城”和“不到长城非好汉”上，自己真正来了后，感悟更多了，不得不感慨长城连绵不断的巍峨气势，从山较上看不觉得，但是到了高处看弯弯曲曲的长城道，太敬佩古人了。,【地理位置】八达岭长城是在北京市延庆县，由于是第一次来，所以直接跟团的，来这里交通很方便，从北京北站有直达的动车来这里，乘坐S2线就可以，只要6元钱，要一个小时才可以到。火车票建议提前预定，因为车票很紧张，特别是在暑假的时候。,【门票】八达岭淡季门票是35元/人，旺季的时候门票是40元，检票进去后会有两个分岔路口的，一个是往南，一个是往北，由于看到北线的人很多，所以就走的南线，南线人相对少一些。,【提示】建议登长城前自己先上好洗手间，在爬的时候尽量少喝水，因为上面是没有洗手间的，只有山脚的时候才有的。由于长城很多的地方台阶都很陡峭，都需要扶着旁边的铁栏杆才可以走上去，所以来这里一定要穿运动鞋。旺季的时候人很多，会很拥挤，所以一定要小心。,如果自己嫌走路太累了，也可以乘坐缆车的，单程的价格是80元/人，往返是100元/人。这里还有一个长城博物馆，是免费参观的，爬完长城还可以来这里参观下。",2
1389,"去北京旅游一定少不了去八达岭长城看看，坐的士到德胜门，在车上就能看见排长队的人群，的士司机游说排队时间太久，来回一天时间来不急，要我们包他的车去，被我们拒绝了，事实证明我们是正确的，看着排长队的队伍，其实很快就能上车了！,到德胜门下车，在鼓楼旁边就能看到大巴车，去长城的有877和919路！每天上午去八达岭的游客非常多，大约3分钟一班，人人有座位，就是很长的队伍也很快上车了，877路下车后就可以步行前往八达岭景区售票处！如果乘919路，到长城天地，还要乘摆渡车去八达岭景区，很不方便！切记：到八达岭长城的一定要坐877路！上车坐好后，就有乘务员过来卖票，一人12元，有公交卡的还有折扣，乘务员在行驶的途中会在车上讲解去游玩的注意事项和路线，去十三陵的公交车路线，差不多一个小时就到达八达岭长城的景区了，一下车乘务员就指引了去十三陵的公交车方向，讲解的非常的详细有耐心，不懂的还可以询问！,到站下车就能看见八达岭长城的滑车售票处，因为带着二位老人，七十岁以上的不能坐滑车，就从马路一直往上走，就能看到广场，广场有售票处，门票40元一人，进了门就是能登长城的通道了，一路上很多外国人！十月份的天气真好，长城外红叶遍地，非常漂亮，我们从长城的右手边开始爬，爬到北三楼就很陡了，路面也比较斜，就到北三楼欣赏了风景红叶，体会一下就从楼道下面走到城外，由城外往回走，路上还有不到长城非好汉的字牌，往回走到下车处，能看到去十三陵的公交车！下一站十三陵~",2
1390,"之前也有写到过居庸关长城，其实在世界范围内最著名的还当属八达岭长城。八达岭长城，是国内的五星级旅游景区，也是世界的七大奇迹之一。【位置】八达岭长城位于北京市延庆县[与河北交界处]的关沟古道北口。【交通】最佳方式→在北京市内乘坐市郊铁路S2线[S2线从北京北站起经过清华园,沙河,昌平,南口,终点站是八达岭长城]，但是S2线火车上的人超级多，一般很难抢到位置；时间大约是1.5H左右，车票6元。个人建议是先入住在南口镇，然后坐火车过去，时间可以很充裕。【简介】八达岭长城附近的长城很多，有东沟古长城，居庸关长城等。而八达岭长城是这里最大，最著名，也是保存最好的长城。如今的八达岭长城重新是修建于明朝。距今500余年。【门票】旺季45RMB/人，淡季40RMB/人。学生证等证件有效。残疾人免费。【最佳游玩时间】最佳时期为9.10月份；最好避节假日。买门票可以去隔壁的楼上免费拿到好汉证书。【参观路线】从八达岭火车站下车之后，向南要行走七八百米，便可走到售票处。山下的售票处比较大，俩侧是一些纪念品店铺和一些餐厅[八达岭景区附近的餐厅价格都是很高的，一个普通的泡面10RMB]。从山下售票处绕走到后面，便是长城景区的入口。长城呈现一个梯型。登上长城后越往上走越能感觉到长城的险峻，壮阔。长城建在山峦险峻的八达岭之上，其险，其危可想而知。若是徒步行走攀爬，整个长城走下来，大约需要3个小时。【重要景点】1→古炮：古炮位于长城的入口之处，是一尊纯铁制造的火炮。不过现在被游客经常性的刻画破坏的厉害。2→烽火台：每走一段，便可以走到烽火台，现在烽火台是不可以爬上去的[关闭的]，只能在烽火台下面观看，而烽火台上还有放置一些火炮什么的。3→敌楼：类似与烽火台，但是与烽火台不同的是敌楼的数量比较多，每走一段便可以走到敌楼，敌楼是不能够攀爬的，只能在一楼的瞭望口进行瞭望。【其他】长城上的卫生间只有一处，所以建议最好在山先解决。在登长城的过程中会遇到很多买纪念品的人，而那些纪念品价格也不是很高[可以讲价]。【下山】下山的方式有很多，可以坐滑道下山，也可以坐缆车下山，或者选择徒步。【注意点】长城的石梯很多都特别陡峭，有一些很不平整，容易滑倒；下山的时候那些石梯数年来被游客已经磨的十分的光滑，也容易发生侧滑。【总体】总得来说，一生之中长城终究是要来一次的，虽然不是太完美，但是那些深处的记忆，值得一见。",2
1391,"【交通方式】周末自驾，走的京藏高速，58号出口-八达岭出口出右转即到,【游园感受】神奇尽兴，开心实用,【门票】网上预订，拿券号先去换票。顺便买上自驾游园的票，60。,【线路-猛兽区】就一条路，完全按照引导行驶，本想跳过猛兽区，未果。猛兽区有虎，豹、熊，狮、狼、野猪～～熊就在车道附近走来走去，狮子也很自然的望着行人，老虎比较多（正好前一段时间有动物园工作人员被老虎咬死事故，所以我们去的时候，老虎们都失去自由在笼子里圈着，小白虎们无聊的走来走去）,【线路-温顺动物区】车非常好停，不用非得在停车场， 朝前走，空地就可以停。下车直接近距离喂食接触动物们，长颈鹿吃树叶子好快，还有小猪仔，野鸭、孔雀、矮马、各类鸡、鸟、兔子等，胆子大的可以逗过来摸到。静距离观察孔雀，真是美哭了。这边孔雀非常多，出口的地方随处可见。,【注意事项】1、猛兽区不要开窗，真有饿狮饿虎饿熊拍车抓人。2、不需要带喂养食物，造成动物生病或者引发自身危险。3、好弯道爬坡很多，开车技术不是很好直接就做游览车。4、回去路上有很多猴子，没有管理员大家不要欺负它们,【个人经验】1、下回多带点吃的，进园后吃东西不方便。活动量大，很容易饿。2、有1.2米以下小朋友可以免费入场。3、儿童游乐园区消费太贵了。各种20元。4、多拍照啊，小动物们很萌很猛，比北京动物园的有生机",2
1392,"中国最出名的景点了，小学的时候据说能从月球上看到长城，当然长大了知道是假的，去过北京三次，却没有一次到长城，真是遗憾。终于，在十月份长假结束后的一天来到了长城。,长城位于北京延庆县，在北京的郊区了，不过前往长城的方法有不少，做了下攻略：1.包车前往，当然据说要700元左右一辆车，荷包会大出血。2.乘坐地铁或公交车到达北京的德胜门，有877路公交车可以前往，票价是12元人民币。3.北京北站乘坐S2线动车组，每班发车间隔时间较长，没安排好，会耽误行程。4.报名长城半日游前往，一般上午8:30一班，下午12：30一班。懒人选择了最懒的长城半日游，在去哪网上预定的，98元一人，含长城门票，在天安门附近的的一个宾馆门口乘坐旅游公司的大巴前往。全程在1个半小时左右。跟所有旅行团的车都有个弊端，就是北京旅游局规定每车只能停4个小时。连着我们从停车场走到检票口的时间及排队的时间，在长城顶上只能呆2个多小时。,八达岭长城位于关山沟古道北口，史称天下九塞之一，也是长城的精华点。是明代修建而成。也是开放的最早的一段长城，所以名气很大。,八达岭长城的景区门票是：40元每人，网上可以找到便宜的28元左右的门票。,到达长城以后，有三种方式可以上长城。1.步行，最省钱，但是会比较累。,2.索道上下，每位100元人民币，在滚天沟停车场附近检票上去。网上有与门票的联票，价格是139每人。但是这个受空气影响，风大就停开了,3.滑车上下，来回100元人民币。缺点就是挺破的。下图的就是滑车，不危险，但是破破烂烂的。,停车场去乘坐花车的地方有个熊乐园，进去是不要钱的，可以花5元买水果喂熊。从停车场一直走到滑车乘车的地方，沿路都是店家和小商贩。我因为忘记带相机的SD卡，还在门口花100元高价买了一张8G的，门口还有一些卖煎饼果子（10元），烤串，烤肠的店。走到熊乐园里面就是都是小商贩了，除了卖一些纪念品，还有人在卖烤红薯。卖水果的说这个熊乐园里面的胸是马来熊，看着很可怜。生活环境不是很好，而且见人就很馋的样子，看得人很心疼。,因为时间限制，我们选择了乘坐滑车上去。五分钟左右就到达了八达岭的第四个烽火台。因为八达岭一共有8个烽火台，所以乘坐滑车就相当于省了一半的路程，接下来每爬一段时间就会经过长城的一个烽火台。长城的古砖上有不少人刻下了名字和话语，希望大家以后去不要这么做。从第七个烽火台处可以丛旁边的小道下到不是长城的区域，那边会有厕所和小卖部，可以供游人稍作休息，小卖部会有玉米，烤肠和饮料出售。烤肠全是淀粉，吃着难受，不建议大家购买。稍作休息以后有台阶可以继续通往长城的主要爬行区域。可登到最高的烽火台处，俯瞰整个嘉峪关的风景。到了最高点以后，可以赶紧下来，沿着长城旁边的小道下山，比较快一点，而且也能欣赏风景。,长城虽然在电视机，图片上见过很多次，但是亲身去了以后还是觉得非常值得一去。壮观宏伟，太美了~歪果仁估计都要看呆掉的。,另外长城比市区的温度要低，穿衣服要注意保暖，不然会被吹傻。",2
1393,八达岭野生动物园位于著名的八达岭长城脚下，公共交通最方便的路线是乘坐城铁S2，到八达岭站下车后换乘免费摆渡车到动物园。自驾的话更方便，给车买张票，直接开到动物园内。,1
1394,"八达岭长城之旅，超燃超酷超好玩！🔥💥,🌞嗨嗨嗨，亲爱的朋友们，我来给你们种草啦！这次的目的地是——八达岭长城！🏰🗡️,🚗一早起来，我就带着期待和激动，驱车前往八达岭。路途中，窗外的风景就像一幅流动的画卷，美不胜收。🌳🌄,🏞️当我站在八达岭长城上，仿佛能听到历史的回声，感受到古人的智慧和力量。每一块砖，每一片石，都仿佛在诉说着千年的故事。📜🖋️,📷真的是美到爆炸！朋友们，你们一定要亲自来这里，感受这份震撼和美丽。📸💖",2
1395,"🌳🦁🐯**与自然同行：揭秘八达岭野生动物园的迷人之旅**🐒🐾🌳,你是否曾梦想过与大自然零距离接触，感受野生动物的原始魅力？那么，八达岭野生动物园就是你的梦想成真之地！🌳💭,一踏入园区，仿佛置身于一幅生动的自然画卷中。🖼️群山环抱，绿意盎然，你甚至能听到风吹过树叶的沙沙声，这是大自然最纯净的旋律。🍃🎶,首先迎接你的是活泼可爱的猴子们。🐒它们或在树上嬉戏，或在地上悠闲地散步，偶尔还会好奇地观察游客，仿佛在说：“嘿，你是谁？为什么来看我们？”🤔👀,再往前走，就是猛兽区了。🦁🐯狮子、老虎、豹子等猛兽在此尽显王者风范。它们或悠闲地晒太阳，或霸气地巡视领地，每一个动作都充满了野性的魅力。👑💪,当然，动物园里还有许多其他动物，如长颈鹿、斑马、大象等。🦒🦓🐘它们各自在自己的领地里享受着大自然的恩赐，构成了一幅和谐共生的美丽画面。🖼️💖,除了观赏动物，八达岭野生动物园还提供了各种互动项目。你可以骑马、射箭，甚至和小动物们亲密接触。🐎🏹🐰这不仅让你更加了解动物，也让你更加热爱大自然。💚❤️,在这里，你可以暂时忘记城市的喧嚣，与大自然和动物们共享一段宁静而美好的时光。🍃🕰️八达岭野生动物园，一个让你与自然同行的迷人之地！🌳🚶‍♂️🚶‍♀️,快来加入我们，一起揭开八达岭野生动物园的神秘面纱，感受大自然的无尽魅力吧！🏞️🌈💫",2
1396,"🌳🦁八达岭野生动物园：一段与自然的深度对话🐯🌿,🌟 在繁忙的都市生活中，我们时常渴望逃离喧嚣，寻找一片静谧的天地，与大自然亲密接触。八达岭野生动物园，就是这样一个让你释放压力，与野生动植物共享和谐时光的理想之地。,🚗 一踏入园区，仿佛进入了另一个世界。这里的野生动物在自然的怀抱中自由漫步，而你则可以通过观赏车或步行道近距离观赏它们的生活状态。🦒 长颈鹿悠闲地伸展着它们的长颈，🦁 狮子在阳光下慵懒地打着盹，而🐒 猴子们则在树枝间欢快地跳跃。,🌳 除了观赏野生动物，这里还有茂密的森林和清澈的湖泊，为游客提供了一个亲近自然的绝佳场所。你可以漫步在树林间，感受清新的空气和鸟儿的歌声；也可以坐在湖边，欣赏波光粼粼的水面和悠闲游弋的鱼儿。,👶 不仅如此，八达岭野生动物园还为家庭游客准备了丰富多彩的活动。孩子们可以在这里参加动物饲养体验，亲手喂食小动物，感受它们的温顺和可爱。同时，园区还设有亲子动物乐园，让孩子们在欢乐的游戏中亲近自然，增长知识。,📸 在这里，每一个角落都是一幅美丽的画卷，每一个瞬间都值得被记录下来。拿起你的手机或相机，捕捉下这些美好的瞬间，留下一段难忘的回忆。,💡 八达岭野生动物园不仅是一个观赏野生动物的好去处，更是一个让你放松身心、与自然和谐共处的生态之旅。快来这里，与大自然来一次深度对话，感受生命的魅力吧！",2
1397,八达岭长城位于延庆县的军都山孤岛北口，从城区过去一路高速，自驾非常方便，公交的话可以坐S2到八达岭站下城铁，下车有免费的摆渡车去往八达岭长城，需要注意的是S2不在网上售票，有北京公交卡的可以直接刷卡上车，车上人特别多，建议从始发站北京北站乘坐。,1
1398,詹天佑纪念馆位于延庆县八达岭长城北侧，公共交通最方便的路线是乘坐城铁S2，到八达岭站下车后朝着长城的方向，东行不到500米即到。,1
1399,"都说不到长城非好汉，算上去年暑假的微雨长城，这已经是我第二次独自一人成为长城上的好汉了。在这里对于长城有几点小提示。,About八达岭长城的交通方式,北京大部分景点的交通都十分便利，要单独说八达岭长城的原因是它真的很偏很偏，交通相对不便。因为直达车到那里走高速都要两个多小时+，所以建议去长城游玩不要出门太晚，而且直通车12点之后就不再发车了。直通车乘坐地点在德胜门，公交总站乘坐919，在这里提醒大家，一定不要相信那些司机说得什么快车啊专车啊之类的，都是骗人的，就是想让你包车多花钱，大家就坚定不移的去大家都在排队的地方乘车就好，不会排很久的，发车很快。,大家从长城游玩出来之后，建议直接乘坐直达车去十三陵，二者距离不远，就在你去时下车的附近，有很明显的标示告诉你在哪里乘坐直达十三陵的车。这样过分偏远的地方就在一天里解决了，不需要再折腾第二次。,No.1关于天气。北京秋天的天儿就像孩子的脸，说变就变，早上戴着墨镜出门，到了长城开始飘雨。大阴天的早上，到了长城又开始放晴。所以在这个季节建议大家穿一件半截袖搭一件外套，冷热皆宜。尤其是长城较高点的风还是很大的，攀登的过程中出了一身汗，在高处让风出个透心凉的感觉可不好受，不要问我是怎么知道的。。。,No.2关于攀登路线。大家沿着散客登城路线走，刚上十几级台阶就会遇到第一个分叉口，向右走，是第一个烽火台，若是不上第一个烽火台，就向左转直接向下一个烽火台进发。在这里强烈推荐大家直接向左走，因为大部分人见到第一个烽火台都会留下拍照合影，这就导致右侧的一条路线上游客极多，反之，左侧的路线上游客相对较少，可以有更好的视野和游玩环境。当你悠闲的在左侧路线上遥望游客密密麻麻人影憧憧的右侧路线的时候，相信我，你会由衷的庆幸自己选择了这条路线。,No.3关于体力安排。爬长城，可以累也可以不累。如果你选择像大部分游客一样，只在前两个烽火台合影之后就撤退的话，那你的长城之行大概四十分钟就可以结束了。但是如果你想欣赏更多人少的风景，建议你可以不在前几个烽火台逗留，就一直向后走，人会越来越少，拍出来的照片会越来越美，游玩环境会越来越安静。在左侧路线第二三个烽火台之间，具体是哪里我记不清楚了，有一段很陡的台阶，这里大家都要把手空出来把着扶手以保证安全，而且长城很多地方都不是平缓的台阶，而且坡度较大的斜坡，这样的路建议大家慢慢走，不要着急，我就是刚开始的时候过于着急，导致两个烽火台之后我就出现了低血糖反应，不得不停下来歇了很久。,No.4关于登城装备。不建议带雨伞，累赘，下大雨了就在烽火台躲一下，因为下雨的路真的很滑，若是下雨一顶帽子足矣。自己游玩自拍杆是必须的，墨镜凹造型，还要准备充足的水和食物，我在长城上玩儿了两个多小时，喝了两瓶水吃了很多东西。而且建议大家都背双肩书包，因为有一些地方是需要大家空出双手专心攀爬的。哦对了，一定要穿较为防滑的鞋子和舒适且耐脏的裤子（因为爬累了随地就坐下了）,大概就是这么多，希望对大家有帮助",1
1400,"开放时间：6:30至19:00,门票：35元（成人,百科一下：,八达岭长城，位于北京市延庆县军都山关沟古道北口。是中国古代伟大的防御工程万里长城的重要组成部分，是明长城的一个隘口。八达岭长城为居庸关的重要前哨，古称“居庸之险不在关而在八达岭”。,明长城的八达岭段被称作“玉关天堑”，为明代居庸关八景之一。八达岭长城是明长城向游人开放最早的地段，,＊交通：,关于交通的话真的要好好取消一下我和百花在北京的基友。＝。＝居然我们了解的还比较透彻。出发前的前一天晚上我也打电话问爹地说到底要怎么去长城。结果爹地告诉我说可以包一个taxi出去。后来问了价格实在是太不合适。居然要好几百。于是和百花就开始研究。大家就索性试试的方法。,于是我们就成功的从北京火车北站往返只花了12块钱就到了八达岭啦～,不过值得一提的是这个火车站离八达岭还有一小小段距离。体力好的朋友步行过去就行。,在北京北站有开往八达岭的柴油动车组，乘车环境好于公交车，价格统一六元，车程为一个小时多一点，到达八达岭车站，下车约有七八百米到达八达岭长城登城口。根据季节不同每天有往返五至六趟车（旺季周末有加车），可以在北京北站直接买好往返火车票。",2
1401,“不到长城非好汉”说的就是这里。八达岭，因八大岭而得名，又因其四通八达而著称。 挺好的是去德胜门城楼下乘坐919直达延庆，不过那不正规的车也是比较小多的。冬天去的话建议带手套， 因为有些地方需要拉着扶手上下。冬天是淡季 人相对较少 但是景色比其他季节更辽阔。建议坐火车去，从市区到八达岭山6元。从山下到长城以后左边是南长城，右边是北长城，一般情况的人都是直接往右爬北长城，个人觉得如果体力能够跟得上的话，建议先爬南长城然后北长城，北七峰是最高峰，不过最好不要从这里折返，直接远着长城一直走下去，后边这段有的地方比较陡峭，但是这边的风景独一无二的美，完全可以把整个北面的长城一览无余，再往前走就是北十二峰，看完北十二峰就是尽头出口了，完了之后你还可以接着逛逛动物园。一路上下了，下来的路会比较累， 因为台阶很多。去的时候要保存好体力才行。不过夏天去也很好可以避暑。,2
1402,很小的时候就听过“不到长城非好汉”，所以到了北京第一站就是长城。听说去长城的公车人山人海，于是搭了小火车前往，差不多1个小时，票价6元。要注意的是，下了火车走了一段路，先看到的那个门票出售点是卖深度游的，对于普通旅客并不适合，再往里面走，到山脚下还有个门票出售点，那里卖的门票要便宜一半，千万不要被那里的箭头迷惑了。虽然去的那天风很大，不过也抵不过我爬长城的热情。石阶很高很陡，爬一个烽火台，就有一种登高望远的感觉。爬了一个多小时终于到达了长城的顶端，很壮观，很震撼，亲身去爬才能体会。特别是在登第三层的时候，我都不敢往后看，紧张得不得了，登上去后好久心情才平复下来。我是一个人去的，自然就没有人给我拍照了，所以就自己玩了一圈儿。,2
1403,"高考之后的暑假第三次去长城，每一次都带着不一样的心情，好像看到的景色也不一样了。,八达岭长城是举世闻名的旅游胜地，其实别的城市也有长城不过八达岭因为得天独厚的地理位置所以知名度最高，在帝都算得上榜上有名的景点。但是稍微远离市区，有车过来最方便，不过开发了这么多年旅游线路公交、旅游大巴也非常方便，在北京各大公交枢纽都有直接到八达岭风景区的公交，黑车其实也不贵花钱买方便吧。景区门票不贵45一个人，优惠政策做的比较好所以证件别忘带了，上下景区可以缆车，对于爬长城比较吃力的可以选择缆车直接到山上，缆车票价没有折扣。夏天的话山上空气不错但是很晒记得做好防晒措施，也得防止中暑之类的。春夏秋三季长城的人都是超级多的，所以尽量避免旅游高峰来这，不然真的是人山人海的，走不动路的。城墙有一些地方起伏很大还算有点小挑战的，防护措施没什么只有个扶手注意安全。",2
1404,俗话说不到长城非好汉，到了长城是笨蛋，这话没错，人太多了，我完全不用走的，被后面的人推着就可以走，不过这也只是出现在节假的情况。八达岭长城门票淡季40块，旺季45块，老人和学生可以半价优惠，1.2米以下儿童可以免票。到达这里的话可以乘地铁2号线积水潭站出来，步行到德胜门乘877路公共汽车直达八达岭长城脚下，票价12块，如果刷公交卡的话就便宜很多，只要4.8块，车程大概需要1小时左右，由于去的时候正好是中秋放假，路上非常的堵，车子开了约2个小时才到八达岭长城。到了那里之后先去排队买票，然后检票后也是要排队上去，站在长城上面看看远处的长城还是非常壮观的，如果你体力好可以多逛逛，这个长城太长了，想逛完全部几乎不可能，建议逛上一段路拍拍照片就可以了，在每个峰火台旁边都有设计出品可以下来。,2
1405,八达岭长城，位于北京市延庆县军都山关沟古道北口。从城里走八达岭高速可以到达，有919路公交车从德胜门出发可以直接到达，票价12元。早上6:00发车为收车，建议避开节假日且尽早出发，因为八达岭高速通常都是很堵的。4月到10月为旺季，门票价格是45元。夏季注意防晒，如果是春秋季节或者是在周围住的话要多带点衣服，延庆和北京市内还是有两三度的温差的。另外可以在网上买票门票和索道的票一共是140左右。,1
1406,"我选择的是北边长城，可以选择坐滑道或索道上去，但其实直接爬上去也完全可以有，用时大概两个小时至两个半小时！！,如果买滑车票，那是坐到四号楼，然后你再往上爬；或者买索道票，就直接上到八号楼。其实如果体力行的话，可以直接从一楼开始爬，你会看到更多的风景，抵达十二楼的时候成就感简直爆棚！！（我觉得我不止是好汉，还是个不折不扣的爷们！！）,我觉得一般年轻人都可以的，如果觉得自己实在体力不够，可以早点出发，沿途多休息几次，注意⚠️不要嫌水重就少带或不带，因为爬长城真的又累又渴￼￼😂😂,还有坐公交也要注意有黑车！！我乘坐的是877，车上配有讲解员（不跟随上长城）会讲一些历史和注意事项，怕忘记可以记在备忘录中。如果下长城较早的话，还可以去明十三陵看看￼￼🌞🌞,一定要注意的是，不管是乘坐公交还是售票处购票，都要小心受骗！！希望大家快快乐乐地出行哦￼￼😘😘",2
1407,"简介:八达岭长城，位于北京市延庆区军都山关沟古道北口，是中国古代伟大的防御工程万里长城的重要组成部分，是明长城的一个隘口。八达岭长城为居庸关的重要前哨，古称“居庸之险不在关而在八达岭”。八达岭长城以其宏伟的景观、完善的设施和深厚的文化历史内涵而著称于世，是举世闻名的旅游胜地。,交通:1.乘坐地铁2号线积水潭站（A口或B口）出站步行前往德胜门，到德胜门正门后方乘坐877路公交车直达八达岭长城（注意车是人满才走），票价12元，时间约为一个半小时。2.乘坐火车前往八达岭长城，在北京北站乘坐S2线到八达岭站。,门票:旺季:（4月1日-10月31日）40元，学生证半价优惠。淡季:（11月1日-来年3月31日）35元，学生证半价优惠。缆车单程80元，往返100元。,开放时间:旺季（4月1日-10月31日，6:30-19:00其中7月1日-8月31日开放时间6:00-19:30）淡季时间7:30-18:00。,游玩时间:建议游玩3-4小时。,住宿:八达岭长城游览时间较短，不必留宿，建议回北京市区住宿比较好。,温馨提示:1.八达岭长城地势较高，处于风口，建议多穿一些衣服，注意保暖，即便是晴天风也很大。2.长城上部分地段坡度很大，建议穿一双舒适的鞋子，最后穿旅游鞋。3.登长城需要一定的体力，建议带上水和干粮。4.前往八达岭长城，建议避开旅游旺季和节假日。5.特别注意，登长城请保护文物，请勿刻画。6.下雨天路很湿滑，长城两边有铁制的扶手，请抓好以免不慎摔倒。7.长城上每隔一段距离就有垃圾箱，请勿乱丢垃圾。,印象:八达岭长城举世闻名的旅游景点，万里长城的精华所在，我想大家都知道“不到长城非好汉”当登上长城那一刻心情是无比的激动。八达岭长城作为世界八大奇迹之一，的确非常的壮观雄伟，长城上视野很开阔，远远望去，山峰起起伏伏，风景非常的秀丽美不胜收。只有您亲自去体验才会有不同的感受。",2
1408,"清晨坐着第一班S2线列车来的八达岭，达到的时候还没什么人。整体全走下来用了2个多小时，,从北京市过来可以从德胜门做公交，但是京藏高速经常会出现堵车情况，所以还是推荐大家坐火车过来么，大约一个半小时，旅游旺季人会较多，需要提前去排队，因为S2线是不提前售票的。,不到长城非好汉，这句话现在满八达岭景区都是，有的在墙上，有的在石头上。,北线可以到最高北八楼，然后下行。,城墙上风还是挺大的，冬季要做好防风保暖，另外如果是雪后最好不要转天马上来玩，因为很大程度雪没有清扫干净整体路线很受限制,雪后第三天了还有部分背光路段没有打扫干净，化掉的雪再结冰，长城成为滑梯。,八达岭景区一大特点就是，你可以在每一块砖墙上找到N多的到此一游或者人名，素质啊。,后面未开发的野长城，由于八达岭抵触京北，天气变化快，还是不推荐大家爬野长城，有一定危险。,到北八楼就是官方景区的最高点了，再往北九楼走就是下坡去熊乐园了。,长城夜猫还是挺多的，半山上经常看到。,下山时候游人多了起来，风也比清晨大了很多，大家都裹得严严实实,好汉石,南线能到南四楼，因为雪后实在是太滑，封路了。两个工作人员尝试走过去，结果全狼狈的滑了回来。。,很喜欢这张照片，兵哥哥站长城,中午10点半坐去德胜门的直达公交回的市区，愉快的结束了这次旅行。",2
1409,"就为一句“不到长城非好汉”，冬月的天气，顶着寒风也毅然独自一人前往！有点任性，发现一个人旅游再美丽的风景也品尝不出真正的味道！所以建议旅游还是有个伴好！,来次我是从河北廊坊转车过去的，头一天查了路线，第二天早上8点钟就出发了。,从廊坊乘车路线：郊90路到土桥站——八通线到地铁1号——地铁1号线到天安门西——打车到德胜门——877到八达岭，路途用时近4个小时，所以从廊坊出发一天时间游玩八达岭时间还是很紧的！,到达的时候已是中午时分，在山脚吃了一碗水饺就出发了，旅游区的饮食就是贵，100元就去掉了1/4,幸好不是旺季，游客到不是很多，比起国庆节网上看到的直播图片就可以用稀少来形容了，所以想真正游好一个地方，拍些好照片，尽量避开旅游高峰期!一个人旅游有个好处就是可以安心的拍照片，不用担心同伴等待而匆匆啪啪几张，但我因为去得太晚，计划晚上又需返回目的地，所以还是选择缆车往返，又花销了80人民币！,乘坐缆车也只能上到半山，下车之后还是需徒步游走长城才能真正体会长城的雄伟，当天空气指数不错，PM值预报45，在北京应该算是难得的好天气了吧。能见度很高，天空是湛蓝湛蓝的，后来回去跟朋友分享照片都说蓝得不真实，但可以保证绝对没P过！虽然天气有些寒冷，但也阻挡不了我啪啪啪的快门！但长城两边的山头树木都只剩光突突的树枝了，和网上看到长城美景图片还是有些差别的，了解到长城最美的景色是金秋或深冬下雪时，但又听说下雪不会对外开放。不过不同的季节有不同的美景，心情好看啥啥美腻！,本次行程总花销200元内，最后把俺初次前去的经验分享给到大家:,1、八达岭长城有很多地方坡陡且滑，去游玩的友友一家要穿上防滑运动鞋。,2、想要玩得爽点的话尽量去早一些，如果寒冷天气最好带上防风衣服，上面风大！,祝大家玩得开心哦，上图！",2
1410,八达岭长城闻名国内外，来北京一定要来看看的，延绵千里的壮观不亲身感受是体会不到的，3月末还有樱花，开得正旺，美极了，脚下踩的巨大石块和城墙边上的古老石头，不免感叹古人的智慧和辛劳，跟爬华山都是那么的震撼，虽然游客很多，但是并不影响我们开心的游玩长城。交通：乘坐飞机、高铁、动车、火车或者汽车到达北京，然后再坐公交车前往，地铁是不能直达的，可坐S2公交或者877路公交，都能去到八达岭长城。门票：旺季45元，淡季40元，证件可以半票或者免票；索道票单程60，往返80元。美食：爬长城最好是自带食物，因为饭店很少，只有便利店，带一些高热量的干粮是最好的，可以回到市区再大吃一顿，北京烤鸭是一定要吃的，还有很多很多。购物：偶尔能看到一些小摊在买手工纪念品，和一些民族服饰，都挺值得留念的，回到市区里更是购物者的天堂，各大商场林立，全世界各地的牌子都有。住宿：爬长城都是一天来回，附近酒店客栈不多，建议是住在市区，酒店客栈都非常多，环境也好，这次住的是7天连锁，挺不错的。玩法：因为是出差来北京，时间不多，只能慢慢走，能走多远是多远。刚到达长城是非常震撼的，给人的视觉感观太强烈了，果然不枉此行，长城连绵千里，如果要全程走完需要花很多时间，我们直接坐索道上去，到了山顶更加的漂亮，当时是3月，旁边樱花树还开满了樱花，很多游客都在抢着拍照。我们慢慢的爬了两个小时就下山了，等下次时间足够再好好的游览一次长城。,2
1411,胡家老店农家院位于八达岭火车站北边的东关一号隧道旁边，如果是从城区乘坐S2到达八达岭的话，在站台上就可以看到这家农家院，不过要从车站过去的话还需要走上五百米，穿过铁路口进岔道村才能到达。,1
1412,"【交通】八达岭长城位于北京市京郊延庆县军都山关沟古道北口，去八达岭长城常见的有3种交通方式，S2小火车、公交车或者自驾游。S2小火车，北京北站发车，八达岭站下车，大概一个小时左右一趟，不受天气、季节等的影响，不会堵车，刷公交车卡，6元，无学生票。公交车可以从德胜门城楼下乘坐877路直达景区，全程1-1.5个小时，12元，刷公交车卡四折。不要相信路边穿着假制服的所谓的“工作人员”四五个小时才到的无稽之谈，无非想说服你乘坐他们所谓的“班车”，花高昂的价格，没有任何的保证。另外就是自驾，全程八达岭高速，八达岭高速出口出，向右直行3公里左右即到。无论是公交还是小火车，下车后都需要走1000米左右才能到售票处。,【门票】旺季门票全价40元，淡季30元，学生票半价，八达岭长城属5A级景区，世界七大奇迹之一，门票价格如此的低，真是罕见。,【景区简介】不到长城非好汉，这是我们每个人都常听的话，足见长城在我们心目中的地位。八达岭长城是万里长城的一部分，是明长城的隘口，南边有四个烽火台，北边有八个烽火台楼，北八楼是八达岭长城的最高敌楼，爬到这里才算是长城的顶端。当我爬到北八楼的时候，眺望山下的长城，蜿蜒曲折，长城的险峻、秀丽，一览无余，会当凌绝顶，一览众山小，不禁感叹古人力量的伟大，建造了如此恢弘的长城。长城的最佳观赏时间是9-10月份，这时候气候适宜，枫叶红遍漫山，非常的壮观。婴幼儿或者老人可以选择缆车，少了一份亲自爬上去的征服感，多了一份方便和轻松。长城景区建议游玩时间3-4个小时，因为距离北京市区60公里左右，考虑到来回的路程时间以及长城的游玩时间，建议游玩时间：一天。,【小贴士】景区风大，建议带一件外套，景区餐饮贵，并且质量差，带足水和吃的。穿的轻便一些，避免高跟鞋、超短裙等装束。爱护古迹，不好随意破坏公物。",2
1413,"八达岭长城坐落在北京市延庆县，是当年用来抵抗外人侵略而修建的，被称为世界八大奇迹之一。,我是大学毕业那年和几个同学一起从天津过来的，我们先到的北京南站，然后到北京北站坐S号专线，一个半小时左右，直接到八达岭长城到，回去的时候还在这个站坐车，列车的终点是延庆，下车走五分钟不到，就可以看到售票处，成人票45，学生票25！,进去以后就开始爬，景色很不错，我们去的时候是周六日，人很多，爬长城的时候千万别玩手机，一定穿运动衣过去，尽量不要穿牛仔裤，运动鞋也是必须的，因为有很多地方很陡峭，尤其是第八个烽火台之后，去的时候一定要带些吃的，带些水，累了就在边上休息休息，吃点东西，我们一行五个人爬了八个烽火台就实在走不动了，然后几个人就打道回府了，五月份的八达岭景色还是不错的！",2
1414,来北京长城是一件让人很纠结的事情，来了会后悔，不来会更后悔的，俗话说来北京不到长城非好汉啊，刚好是在放暑假的时候来的这里，学生特别的多，是属于旅游的旺季，所以在这里放眼望去满是人头，不过来到这里，看到长城，建筑也是非常的壮观，不得不佩服古人的智慧，这都是他们留下来的文化产物。【位置】八达岭长城是在北京的延庆军都山关沟古道北口，距离市区还是蛮远的，八达岭长城到水关长城大约有3公里左右，这里到八达岭野生动物园也比较近，这里也很适合周末来休闲度假，刚好可以在这边住一个晚上。【交通】来这里可以乘坐火车，也可以乘坐公交车，火车是在北京的西直门乘坐，但是火车票比较难买，因为来的人很多，公交车是要在德胜门搭乘，是直达的，很方便，如果是乘坐公交车的话大家一定要注意，因为在德胜门那里有很多的黑车，建议大家还是坐正规的车子过去。【门票】45元，由于是旺季去的，淡季的时候只要40元，学生及老人都是25元/人优惠票价，检票进去就会有个岔口，分别是南线、北线。现在也可以乘坐缆车到岛烽火台，非常适合年纪大的人或者是想保存体力的人，八达岭缆车：单程80元/人，往返100元/人。【提示】如果要全程爬长城的还是需要花费3个小时左右的，比较消耗体力，建议登长城前，先去上洗手间，因为上面条件有限，只有在山脚下才有洗手间。【提示2】登长城有分为南线和北线，相对来说爬北线的人要多一些，这条路更成熟一些，建议登山穿比较舒适的运动鞋或者是登山鞋。最好备一些零食，以便储存能量，在山脚下也有一些小店，但是会比较贵。,2
1415,"不到长城非好汉，长城下来一身汗，这是去过长城的人，下来得出的结论，哈哈哈，不过这也只是，调侃幽默风格罢了，既然到了北京，怎么能能不去这么有代表性的酒店呢，所以到北京的第二天，第一站就到了八达岭长城，但其实过来时也是比较迷惑的，到底该去居庸关还是八达岭的呢，是个纠结的问题，经过网上的查询，各有各的美景所在，所以就选择人最多，名气最大的八达岭长城，当天早上8点从北京乘坐S2列车前往八达岭，下面是S列车的时间表,最早一班S208次：延庆8:06开、八达岭8:20到23开、南口9:05到08开、昌平9:15到16开、清华园9:37到38开、北京北9:46到（有更早开到北京的车 但是好像不在八达岭停）,最晚一班S232次：延庆21:37开、八达岭21:51到53开、南口22:35到38开、清河22:59到23:00开、清华园23:07到08开、北京北23:16到，,用时大概在1个小时多一点，到了以后直接到售票处买票，登顶去，票价为40元，由于季节不同，可能票价也有所变动，但是价格不会相差很大，学生票25元，儿童票20元，不过登山前最好先做好准备， 带瓶饮用水，自备少量充饥食物，早餐吃好，遮阳伞，登山鞋（或平底鞋），切记登山前一定要上厕所，,一定要注意千万注意，什么一日游的，黑导游骗子什么周边很多，我们来爬长城的，不是来购物的，所以不要去理会她们便是了，不然会比较麻烦，,到八达岭长城脚底，我是惊呆了，这么浩瀚的工程，那时候的古人，没有现代化的机器辅助下，做修建这样浩瀚的工程，真的是感慨万分啊，,爬长城意义就是在用自己双脚往上爬，不过那边也有缆车上下，我个人觉得年轻人没必要乘坐缆车，缆车应该是给老年人和残疾人小孩用的，不过也要介绍接下个单程60 元 往返80元 保险5 元加上门票 就是说125元往返一趟，但是如果上去了，下来比较累，也是可以乘坐缆车的，毕竟每个人的体质不同，,八达岭长城位于北京市延庆县军都山关沟古道北口，是长城重要关口居庸关的前哨，在明长城中保存最好，也最具代表性，因此是万里长城向游人开放最早的地段,八达岭景区除了长城外，还有长城碑林、五郎像、石佛寺石像、金鱼池、岔道梁、戚继光景园、袁崇焕景园、长城碑林景园、岔道古城等景点。所以八达岭是北京旅游必来的景点之一。",2
1416,【交通】到八达岭长城919路公交听说改路线了，具体我也不清楚，877是能坐到的。我个人推荐火车S2，北京北站始发，班次也不算少，两个小时左右，乘的人挺多的，大家一检票进去都在跑着进车厢，所以除非你速度快且排在前面否则位置是抢不到的（建议在站台上可以往后面车厢跑，至少不挤一点），注意：火车在周末和周一周五这四天班次多一点，周二三四班次会少一点。八达岭回来的车站人也很多，但站台上不建议跑了，因为设施比较差（乡村小站一共就两三条铁轨。）站台上的路坑坑洼洼的，摔倒了就不好了，没有北京北站设施好啊。                       【门票】很多人都会去爬八达岭，有两个门一个供乘缆车的还有一个是爬的，如果选择爬长城注意：售票处不止一个，有两个，大多数人都会在刚进去那里买票，往里走快到登长城入口那里也有一个卖票处，买完就直接在旁边检票了（不要说我骗人，在很里面就跟检票的地方挨着）。【爬长城】穿运动鞋！长城分南北两条，南线人少一点，但是据说比较难爬，我没上去过，北线人超多2/3的人都在这里，好汉坡也在北线，但是  不到长城非好汉  的牌子被撤下了，我们去的时候有小段在维修，只能走下面过。 长城很长，延伸到很远的地方，大多数人都在好汉坡爬完就走了，在过去爬的人就愈来愈少了，有精力可以去爬，但是要注意时间。                             【索道】下去因为爬不动了，索性好汉坡那里往下走就是索道乘的地方，买票处同样在检票口附近。但是乘的人多，买票不多，应该在下面都买好了。                                                             【总结】住的远的更应该早点起来，去北站。    【超有用建议】必须买一卡通，能节省你超多时间，地铁买票排队也会有很多人，这样一刷就进去了。北站买火车票的人排队很长，如果有一卡通可以直接进站不需要买票，一卡通即可刷卡付车票6元（余额要求17元以上好像反正留20最好）,2
1417,"不到长城非好汉，这句话确实影响了很多人，令很多人老大远的跑过来一睹长城的真颜。确实，这话这没骗人，长城确实是很壮阔，延绵数万公里的人力边防建筑，远远看去就像一条卧龙躺在山上静静的保护这这片土地，虽然已经有不小部分出现损毁，但还是无损它的壮伟。,八达岭长城旅游景区属于已旅游开发的其中一段。虽然是已开发的旅游景点，但部分路段还是很危险的，特别是刚下完雪的时候，我去的那次晚上刚下完雪，第二天晴空万里，但脚下的雪却没来得及融化，斜坡的路面都给人踏成冰了，特滑，很多游客都是扶着栏杆滑下来的，也有不少人滑倒了。所以建议下雪天去的游客要自备好雪地防滑鞋。,长城除了几个已被开发的旅游区外，还有很多残长城，但没有人带的话建议还是不要去了，比较危险，很多残长城上面只是一堆烂石，并没有路的，如果遇上天气不好的话，个人感觉挺危险的～",2
1418,"3、	1、中国最有名的景点，位于北京市的郊区，可以从德胜门/箭楼后面坐公交去，关于交通，提醒大家，你去找公交的路上，会有很多路人告诉你那个车子没有了，让你做他的大巴，或者说他的是正规的，千万不要犹豫，直接去箭楼后面等绿色的公交车就好了，旺季的话会有很多人排队，不过没关系，车子发的很勤，2、上了公交了会有售票员，有点像导游，告诉你要做缆车，不然很远，我就坐了，后来发现错了，下了这个公交车，直接往上走50米，然后有个路在左手边，往上拐，一会就可以爬了，做缆车划不来的，直到半山腰，关键下来的时候要排好长时间的队，有那个时间早爬下来了，千万不要上当，3、八达岭长城要门票，整个玩下来基本要一天，基本人山人海，所以最好冬天来，可以看雪长城，4、长城确实建的非常的雄伟，值得看看，5、这里吃饭的地方少，也贵，所以建议自带食物。",2
1419,1号早上到的北京站，地铁直奔西直门办了旅店入住，本想做北站S2一看十点多了怕人多没票了，又做坐到积水潭坐877，上车时售票员告知不堵车70分钟堵车就没点了，我们晃荡快三个小时终于到了，也开始下雨了，来都来了，开爬吧，买了两个塑料雨衣(20一件，就是很薄的塑料袋子那种)，下雨雾重，看不清全貌轮廓，倒有一种锋烟四起的赶脚，越往上雨雾更重，水顺雨衣流在脸上，我们开玩笑说分不清是雨水还是汗水，下城有个熊乐园，几只萌熊会听人指令站起来蹲下去，挺有意思。本不打算在长城买吃的，但烤鱿鱼10元5个还是不错，饥肠辘辘感觉味道好极了，1元一个黄瓜削了皮还是很爽口的。总之，雨攀长城，别有风味，没有太阳晒，也是清凉了不少。,2
1420,下城的景色比上城的景色还要美，站在高处，向下望，所有的景色尽收眼底，真的太美了！我来给大家说说一下几点总结吧！1...怎么去，大家最好自己去，时间自由，不用跟团走，做公交和s2路火车都可以，公交是877路，做地铁2号线，积水潭站下车，然后走400米左右，到德胜门那的公交站，那是早上首车是8点到12点，下午没有车，排队时间短，人坐满了就走，车程是1个半小时左右，耍公交卡是6元、买票是12元，所以大家可以办个城市一卡通，很方便！下车就是景区，很好找！s2小火车，在地铁2号线西直门下车，下车就是北京北站，卖s2路票，但是有一点不好就是车隔时间太长了，每趟车隔能有1个多小时，而且每趟车是430人，票没了，就的买下一趟了，工作人员问什么都让你自己看，也不告诉你，所有我个人还是比较倾向做公交，大家可以自己决定！2，门票，旺季是40一个人，缆车我没做，应该是100吧，年轻人，自己登山，感觉是不一样的，如果体力可以的话就自己登！3，吃喝，里面卖的很黑，自己来前带好吧4，最后建议，一定要穿一双舒适的鞋，要不然你就惨了，不要相信旅游团，自己去，人均50，跟团是100左右，反正大家自己看吧！,2
1421,日子是今年的三月份！那时天气还有些冷呢！但是冰已经化了！和老公去时是开车去的！一路空气很好！比市里要强！爬长城的人不多，我和老公！还有几对年轻人一起爬的长城！爬到三分之二，实在爬不动了！远处看见有骑马的！于是我们继续前往骑马的地方！我和骑马人谈完价钱，60两人！但到了之后，他要加钱！我们多给了10元！,2
1422,"【位置交通】八达岭长城位于北京市延庆县军都山关沟古道北口，离市区较远，乘坐公交车耗时较多，建议,在北京北站乘坐开往八达岭的柴油动车组，乘车环境较好，价格统一六元，车程为一个小时多一点，到达八达岭车站，下车约有七八百米到达八达岭长城登城口。根据季节不同每天有往返五至六趟车（旺季周末有加车），可以在北京北站直接买好往返火车票。,【门票】人均45，学生票20，分旺季（每年4月1日至10月31日）45元，淡季（每年11月1日至次年3月31日）门票	40元，下城时可乘坐缆车，单程80/人,【特色】关城、古炮、水关长城、好汉坡等，有句话不是说，不登长城非好汉嘛，一定要登上长城，感受一下它的雄伟壮丽。,【建议】在登长城的过程中基本上随时可以下城，然后下城的地方就有好多拍照之类了，可以现场制作杯子，把自己的照片印上去，还挺实惠的，才10/人。,【美食】下城的地方就有各种北京小吃，驴打滚呀等等，还有各种老北京的小饰品，价钱也还合理。",2
1423,"八达岭长城是第一次来北京的同志们必去的景点，虽然这段长城已经经过后人的修缮，没有那几个野长城那么有沧桑感，但对于体力不济的老人小孩来说，这里是感受长城最方便的景区。对于没见过长城的年轻人来说，八达岭也是不错的选择。,位置交通：北京到八达岭最舒适的交通方式，是在北京北站乘坐S2线火车（地铁西直门站出门就是，6元/人），经过大约一个半小时就能到达八达岭站。到站出来后大概还有一公里的步道才能到达山门（不想走路的话也可以搭黑车，20/车，有老人的建议搭车，虽然只有一公里，但全是上坡道，也没有人行道）。不过S2火车的票不太好买，班次也不多（一上午才三班也真是的），而且只卖当天最近一班的票。,说起S2火车前往八达岭的这段铁路可是大大的有名，这是第一条中国人修建的铁路，也就是詹天佑修建的京张铁路，一路上风景绝佳，在火车上就能看到雄伟的长城（而且真的是没有重修过的野长城）。在青龙桥处更有著名的人字形岔道，列车为了爬坡先会正向行驶一段路程，停留片刻后变换行进方向反向开行，越过坡道，很有意思。,另外，从德胜门坐公交车也可以到达八达岭，全程12元，公交车走走停停就比较慢了，如果遇上堵车两三个小时也是有可能的，也不太舒服。公交的优势就是班次多，而且在景区和公交下车站之间有免费的接驳班车往返。,门票收费：长城收费算是很低廉的了（其实北京各种景区门票都挺便宜的），景区淡季全价35。学生票老人票折半。索道无优惠，单程60，往返80，下午4点10分收车，买了往返票的话注意好时间。,餐饮：八达岭这边吃饭很坑，一壶不知道放了什么东西的茶敢要你50，我们自己带的茶叶只让他来点热水冲一下也要50，真是只做一次买卖不宰白不宰的架势，作为中国旅游的标杆型景区，这种做法实在是让人不齿。建议在北京市里买好要吃的东西带过来，热水带足。,建议游玩时间：半天或一天。",2
1424,"长城是第二次去，第一次是暑假，人满为患，这次是冬日，有点萧瑟的感觉。看了看图片，觉得秋天和冬日下雪应该是最美的。做公交到德胜门，有919，877可以到达，感觉877车比较多，满了就走可以考虑。877到达，如果要做滑车就在下车地方买票，不做的话就再走一公里的样子步登长城。学生票好像17.5，但是滑车要100，没有学生价。长城有南北，我们走了人少的一边，没有经过好汉坡。但是人很少，我觉得景观差不多。想想以前修长城，真的是很不容易，石头千斤重，不得不感叹以前人们的付出。,八达岭长城较陡，年纪大的人要注意咯，最好扶着栏杆。站在长城上望，心里真的会有一种莫名的情绪。,不到长城非好汉，说的还是很有道理的。",2
1425,八达岭长城是北京的经典景点之一，我觉得来北京一定要去长城。最需要注意的是，北京黑一日游90%也就集中在长城这一条线了，我前一天去故宫的时候就有很多年轻人穿的卖保险的样子给游客推荐一日游，北京到处都是这种黑一日游，带你去的是水关长城，十三陵就是在外面看看，还让你买果脯，坐缆车，不买是不行的。所以建议大家还是自己前往，又没有时间限制，何苦跟导游！大多数人都喜欢去德胜门坐公交车去，看到排了两公里的队，第一天我们放弃了，我强烈推荐到北京北站坐S2线旅游专线到长城，最早的6:12，7:58，8:34。再晚的还有，不过朋友们出去玩不要起得那么晚吧，再晚点到长城都中午了！长城上没有卫生间，我很好奇大家都怎么上厕所，反正我没有便意，不过在烽火台里有很浓的尿骚味。。其实还是不要坐缆车上去了，走着上去，累了的话坐滑车下山，下去是熊乐园，公交车站走几步就到了，还想坐火车的话会很远。反正最最最想提醒大家的是自己去，不要被黑一日游骗了,2
1426,想着“不到长城非好汉”，趁着儿子还没有上学，就在春暖花开的五月，一家三口去登长城！在去之前我看了很多攻略，我选择了乘火车。吃过早饭，乘地铁2号线到西直门站，下车就是沈阳北站，车站的广播说上午的票全部卖完，只有下午的票了，本想打道回府，但还不死心，我用公交卡直接刷卡进入候车室，一问正是我要乘的那趟车，车站外面全是去八达岭揽客的，我怕受骗还是选择乘火车！9点多进候车室，10点57车，我开始排队，可10点车站有要检票的动作，所有人全部拥过来，特别拥挤，我一把抱住儿子，在极其炎热和拥挤中等到检票，好容易进了站台，很多人都在跑，像逃命，为了抢座，结果上车后几乎每个人都有座，火车龟速，无暇欣赏詹天佑设计的人字铁路，养足精神爬长城，从火车站出来到长城脚下有好一段路要有，说有免费接送车，我们没等到，一路上到处是兜售门票的，我到正规售票处买了上下缆车加门票，每人140元，我没要5元的保险，如果你不说，售票员绝不提醒有5元门票，直接收你145元！乘缆车到7楼，下缆车一看人真多啊！擦肩接踵，我们带着儿子爬到12楼，发现老人和孩子不少，一边爬我便感慨我国古代劳动人民的聪明、智慧，城墙上处处是乱写乱刻！我们迅速下山，以为我们要为回程准备充足的体力，到免费接送车乘降站乘车，到火车站司机不出声，把我们拉到919路车站，经过理论，全车20多人又被拉回长城脚下，我们又走到火车站，经过一个多小时的等待，拥挤，候车，上车，又经过一个多小时的乘车，好容易回到北京北站。总结一下，乘火车便宜，时间短，准时，不用跟着拥挤，进站台往1、2车厢走，应该有很多座位！下车到正规售票处买票，防止上当受骗，再有就是准备好干粮，准备好体力！,2
1427,去的时候刚好是3月份末尾，写这个其实一开始我是拒绝的，过去坐汽车，回来坐张天佑设计的s2火车。考虑坐火车的一定要看好时间，时间间隔很长。在北京一定要办一张公交卡，真的很方便坐汽车还能打5折。说一说长城吧，北八楼原来的那个碑被拿下去了，所以只能和墙壁合照。最高点一堆人在拍照的就是北八了。去的时候一定要多带两瓶水，我当时只带了一瓶，费时一小时多，来回快的话2个半小时，根本不用坐缆车什么的。对体力不好的人（老年人和小孩）或者当天还有安排另外的人可以忽略我的建议。总的说有些地方很难爬，老外很多，美女也很多,2
1428,在德胜门箭楼外面才有877，到八达岭长城的877停车场后，千万不要信877乘务员的去坐滑车，白花一百块并还看不到北一至三楼，其实步行到登山口也才二十来分钟，并也才完美。还有不要听乘务员的话原路返回，到北八楼后直接走到十一楼那里出来就是要到877停车场了。还有上面的水和方便面很贵的，方便的话自己带点上去。,1
1429,导游要让我们买索道钱还吓我们人多爬不上去还让我们自己买票然后退钱我觉得挺不负责任的吧  态度也一般般 不过我自己走走就走走吧就给个来回车路费钱了,0
1430,多次跟团游，本没有报太大希望，没想到很意外，金马旅行社的杨华导游很尽心，从接团，带团，讲解都是非常的尽心，而且是纯玩无购物。,2
1431,"八达岭长城攻略分享，吐血整理，告诉你八达岭长城怎么去怎么玩。,首先，八达岭长城现在实行实名网上预约购票，在八达岭长城官网可直接预订。八达岭长城分为南线和北线，南线人少，线短坡缓；北线长且坡陡，长城的景点基本都在北长城路线上。,登城有4种方式：,1.全程徒步，检票口进去，向左可游览北线长城，向右可游览南线长城,2.乘坐地缆游览南线长城，乘坐地缆6分钟可直达南四楼，从南四楼向北游览，再折回南四楼坐地缆下山,3.乘坐索道游览北线长城，索道可直达北8楼到达好汉坡，从北八楼向南游览，再折回北八楼坐索道下山,4.乘坐地缆至南四楼，一路向北至北八楼，从北八楼坐索道下山；或乘坐索道至北八楼，然后一路向南至南四楼乘地缆下山,地缆门票：140元/人,索道门票：140元/人,缆车上索道下/索道下缆车上：140元/人,注意：受疫情影响，景区地缆可能不开放,门票：40元/人,摆渡车：免费,至于怎么去八达岭，建议北土城地铁站C口乘坐赞巴士直通车，一站直达，直接停在山上VIP停车场，在长城有4个小时的纯自由行时间，回程停靠鸟巢水立方和北土城两站，自由选择。",2
1432,导游小姐姐特别好，行程安排合理，完全没有购物，缆车也不强制坐，自己选择坐缆车，也可以不坐，不坐缆车导游态度自然很好！小姐姐全程态度特别好！细心讲解，耐心介绍！全程微笑服务！沿途还给我们介绍了很多行程了不包含的景点，告诉我们外地来旅游的游客，在北京玩该注意的一些事项！特别贴心！结束行程后还细心告诉每一位游去哪里该怎么坐车！良心导游，良心商家，值得推荐！下次来北京旅游还会选择报这个团[强][强],2
1433,非常不错的一次旅行，自己也不用特别累，又游览到了长城的风景！,2
1434,带队的杨静导游不错，在去程的路上讲的一路比较实际也吸引人，10点在北土城地铁站接的最后一班人就出发，不堵车的话11点半不到就到了长城脚下吃午饭了，团歺30元一位是自願的，10人一桌，肯定能吃饱也比较干净卫生，大概半小时吃完饭，12点40左右就到八达岭长城熊乐园这边，如果从杨导游处购买100元一人的滑车往返的（注意是自愿自费的而且是滑车不是缆车）就从八达岭的熊乐园这边的滑车入口坐滑车到北4楼然后从北4楼自己登长城到最高的北八楼然后再原路返回北4楼再坐返程滑车下来集合回程到鸟巢就解散了，时间大概5点左右，自己到鸟巢和水立方游玩，也可以不在鸟巢下车，跟团车到王府井再下车，另外有学生证的可以带上学生证给导游可以退20元一个人门票，另外够体力的建议只坐一程滑车或不坐滑车，从北十一楼登到北八楼再往下走北七楼、六楼、五楼到北四楼坐一程滑车下来集合，也可以从滑车入口坐滑车到北四楼后开始登到北八楼然后从北九楼、十楼、下到北十一楼的出口下来集合,2
1435,非常不错的一次旅行，去长城，风景很好，天气也很好，心情很舒畅，行程安排很合理，司机师傅尽量帮我们节约时间，态度和蔼，很棒的一次包车游，路上刘师傅全程讲解！非常仔细，车子也非常不错，车况很新很新，刘师傅开车非常稳健。非常推荐，体验很棒，服务很好，总体超棒！！！,2
1436,行程还不错，讲的比较有意思，给母上订的，还算满意，就是早上坐车是有点久,2
1437,金导  棒棒的 解说的很好 安排行程很好 下次来北京再约,2
1438,八达岭长城真的很雄伟，不到长城非好汉，值得一游,2
1439,郭导服务很好，感谢。另外，给您拜个晚年了！,2
1440,值得&#x0A;非常喜欢&#x0A;心情挺好&#x0A;下次带朋友一起来玩,2
1441,"钱丽姐姐，非常好的一个导游，尽职尽责，在来回的景点的路上细心、耐心的给我们用风趣幽默的语言讲解北京城的人文历史，吃喝玩乐的景点。。。,下次来北京依然“约她”。。。",2
1442,姚爽不错，地方，吃的都给我们介绍到,2
1443,去的时候赶上阴天 但是也挡不住壮观，重点表扬导游小张，团餐安排的很丰盛，从凉嗖嗖的长城下来吃上一口热乎饭真是在舒服不过,2
1444,第二次去，感觉比小时候去的时候少了一些东西，五一嘛，人也太多了，不过女朋友还是很喜欢，,2
1445,經典景點，必須要去！,2
1446,北十二峰那边的风景超级漂亮，而且人也不多。,2
1447,导游小杨为人很爽快，对待游客很有责任心，讲解也很细致，旅游过程中没有二次消费，八达岭长城之旅非常愉快，没怎么累着，很棒的一次体验。,2
1448,可以可以，非常不错，玩的开心,2
1449,本来准备自己走的，后来评论觉得一日游也很不错，报着试试的心态，准备先游玩一天，没想到非常成功，导游人很热情，讲解也特别专业，安排紧凑游览时间充足，认真负责人特别友好。非常棒的一天。,2
1450,张辉导游人很好，没有去任何购物场地，热心为我外地来玩的人儿讲解不明白的地方。一路玩的时间也很足，整体很满意。,2
1451,一次开心的一日游，北京金水桥国旅全程没有购物点，导游张雅彬讲解非常到位细致，很关心照顾团里的每一位旅客，下次来北京玩一定再找金水桥国旅，再找张导，完美的旅程。,2
1452,自驾游很方便  带妈妈和宝宝去的  大家都很开心,2
1453,很棒的一次游玩。导游服务很贴心，活动安排的很合理，很人性化。一路上导游的讲解到位，幽默。给行程增添了很多色彩，如果没有导游的话都不知道会不会走马观花了。,2
1454,导游很热情，从上车全程讲解北京各景点与分享有趣故事，幽默风趣，有问必答，非常棒，下次有机会再来北京还找孙导游。,2
1455,长城，中国的象征，世界的奇迹。中国人太伟大了。,2
1456,必须必的好！给力小格格！！！全程不间断的详细讲解还有全方位的照顾，全家人很高兴！！！还有自己手写的小吃购物攻略超赞！,2
1457,导游叫高**，服务周到热情，整个行程安排比较合理，就是景点时间有点短，一日游是这样的。不过胜在不用早起，长城还是要坐索道，所以额外加的100了。行程地点都比较靠谱没有购物，开森愉快～,2
1458,很开心的一次旅行，导游讲解的很精彩，八达岭长城很雄伟，建议有空真的要来一趟，太棒！,2
1459,天气不太好，好在没下雨。人多啊，怎么拍都是人，都没法拍照。索道比门票高3倍，才1分钟，说好的7，8分钟呢？,1
1460,黄导真的不错，一路给大家介绍历史由来，真的服务不错，长城很多人。不过玩的很好,2
1461,徒步路线和缆车路线是相反的，要走回头路。团队用餐质量不错。,2
1462,玩得很尽兴，景色宜人，好评一下❤️,2
1463,王晓晨导游讲解的非常好，此次长城及十三陵鸟巢一日游非常开心，中午用餐也很好。,2
1464,苏阿芳导游真的太好了，耐心负责任，热心，有礼貌，什么事都安排的井井有条，团里虽然很多人但是全程都能记住我的名字，第一次跟团因为导游让我对导游的印象有极大改观,2
1465,还是挺好的。只是似乎没必要乘坐缆车上长城，时间完全够爬，只是体力要吃得消！,2
1466,很方便、刷身份证直接就入园了，走了八个楼，越走越陡，我都开始用四条腿了，下山直接买了缆车，可以在网上买那个门票加单程缆车，不过现场买也很方便，不要在火车上买！,2
1467,非常值得，非常棒的一次游玩！导游十三阿哥非常阳光，讲解很细致，很热心，很有耐心，必须给一百二十分！！！！！长城下来还请大家吃了西瓜?，但自己都没吃，真是太辛苦！,2
1468,行程还是挺合理的，饭比普通团餐好很多，黄导很可爱，一直奔跑着忙碌，5大2小，其中3个老人，2小也超过了1米2，后来都退了一半的门票钱，小宝贝极力要求5星好评，加油,2
1469,服务非常棒！绝对5星！美女关导游，人长得漂亮，服务热情周到，真心推荐。,2
1470,老妈老爸和老公去的，人很多，简直不能国庆去，人多路堵，没管午餐也把餐费退回来啦，总体满意,1
1471,路线合理，驾驶员冯师傅开车细心，景区风景优美，杨华导游讲解幽默风趣，这次一日游体验很完美,2
1472,这个也很好，十一期间去换票也很方便，嗯，换票处建议做这个轨道车确实比较好去的南楼玩的人特别多，嗯，还可以吧的不算特别累，下来也比较方便，这玩得愉快。,2
1473,鬼斧神工的历史遗迹的確令人赞叹~&#x0A;体力不好的老弱坐墻脚下赞叹就好了。&#x0A;适合爸爸带能自己走的小孩边锻炼边陪养父子情；还有年轻情侣档去相互扶持依偎~,2
1474,很棒的一次游玩，服务很热情，导游很亲切，景光很好，长了很多历史知识，性价比高，很满意，下次还会来,2
1475,一天的行程非常顺利  导游荣荣非常负责  全程讲解非常专业  解散前还特意告诉我们路线  以后来北京还会找她😊,2
1476,巍峨的万里长城，盘踞在崇山峻岭当中。十月份去的，秋高气爽，交通方便，玩的特别high！！！,2
1477,李导游人很好，行程很满意，上午去八达岭长城，下午去的明十三陵定陵，有幸见了长城雪景，白雪皑皑美轮美奂！中午的团餐也很不错👍给个大大的好评,2
1478,长城太远了，自己带家人不方便。一日团是个明智的选择。往返用车很划算，周导，杨导分别安排的行程紧凑且放心。谢谢~,2
1479,景色怡人空气清新，行程排得很好，玩得很开心。,2
1480,这是第二次跟着金马国旅一日游，全程纯玩，今天带团的高导很棒，整体无论讲解还是服务都是很到位的，也负责任，各种行程提醒，车上的讲解。高导讲话感觉也很实在的，行程里都会告诉大家哪里是值得看的，值得看的位置都会带大家看看，讲解的很清楚。最重要全程是没有任何强制性购物的，很透明，高导都会提前跟大家说清楚，爬长城不坐缆车也会帮你指好登城口的位置，整体行程都很满意。,2
1481,美好的行程从这条短信开始！感谢韩导的善意提醒！天气很冷，风很硬！没戴帽子是个失误！这个季节来，俯瞰长城脚下感觉有些凄凉！不到长城非好汉，到了长城真遗憾！但是每个中国人都应该来体验一下祖先伟大的杰作！毕竟这是全世界的遗产！坐缆车上去，少了些许爬长城非乐趣，但是也让我这样的懒人也能爬上好汉坡，爬上八楼！总体不错！,2
1482,“第一次跟团出游，启初会有些忐忑，害怕会被坑，但是从接送开始，导游一直很有耐心也很负责，有问题能随时联系到她，说话吐字清晰，讲解亦风趣幽默，是如同目光所及之景一般，带给人内心深处愉悦的人！”,2
1483,刘鹏导游讲解很风趣，真心不错，很适合第一次来北京游玩的人，行程很紧凑，纯游玩，价格也便宜，下次旅游就选龙行天下。,2
1484,终于爬上长城 不错 人虽然多了点儿 也算是挑战了自己,2
1485,司导很不错，真的是漫游团，一天下来也不累,2
1486,于洪军导游很好，很幽默，在车上还给我们讲笑话，一路上给我们讲解了许多关于北京的趣事儿，让我们在游玩的过程中又增长了不少的知识。经过一些商店也没有强制购物的，也没有推销什么的。反复强调我们的人身安全。人也很热情，很热心，订这个很省心，很方便，又不贵。还得提一句，午饭也不错哦，下次一定还会介绍朋友来。,2
1487,赵导讲解很风趣，一路无购物，虽然路上有点堵，但总体还不错,2
1488,导游姚爽非常好！讲解和服务100分！！很耐心，讲得也很详细，还帮忙给大家拍照，十分感谢！,2
1489,全程很愉快 是张文颖导游带的，时间安排刚刚好，午餐也好吃。讲解幽默有趣。我妈妈很喜欢。张导靠谱尽职，还会告诉我们一些好吃的地方。,2
1490,小鹿很温顺，其他还好。大型的动物有点少，爬山不错，山顶很美，,2
1491,非常值得，一次愉快的旅行。导游很尽职尽责，一路都为我们讲解，还告诉在哪消费便宜，为我们节省了排队的时间。龙行天下旅行社很正规，不愧是金牌旅行社，强烈推荐给大家。下次来还会选龙行天下，祝生意兴隆！财源滚滚！纯玩团，就是纯玩团，不过也需要买缆车票，实话，不买的话自己去爬，估计是赶不上旅行团的时间的，但是买了缆车票就刚刚好，有孩子老人的话肯定是要自己买的，其他景点讲解也挺不错的，是的，就是这样，所以又要买他家的市内游。,2
1492,不错，是正规的，没有购物，不进任何商店，也没有上车后额外的费用增加，是在约定的上车地点集合的，直接大巴送到八达岭长城，然后统一进入，可以选择缆车，也可以选择自己爬，给两个小时时间自由活动，然后集合一起往回走，最后给送到水立方鸟巢解散，只想去长城的可以选择，没有其他捆绑的，很好。导游一般，净讲自己的经历，景点介绍的较少，有的还说错了，不过态度很好。总体是很好的旅程。,2
1493,我们一行小朋友来北京比赛，有二十多个孩子还有部分家长，自己去很耽误时间而且众口难调，后来找个这个团购，我们直接独立成团了。所有家长都担心有二次消费收费购物。结果真的一路畅通玩的很开心！很满意！因为当时定晚了，工作人员还帮我到处找导游找车忙到半夜，辛苦了！果果导游真的是很好，很实在也很热情，行程结束后我们的身份证忘记导游那了，她还做了三个小时的车送过来。真的明人不说暗话！我想给个好评！😁,2
1494,黑妹导游口才很棒！今天行程安排的也非常好，松紧适中，非常棒一次北京一日游体验，下次还会选择的，希望下次也是黑妹导游带领我们，非常满意！,2
1495,不错不错，带孩子去的。,2
1496,找了好多网上的商家，最后还是选了这家，确实很好，导游很负责，纯玩无消费，一直被北京那种一日游所吓到，幸亏没选错，赞,2
1497,孩子很喜欢去那里玩，最喜欢的就是马来熊,2
1498,这次游玩真的非常的开心，颐和园不愧是皇家园林，真的太美了，下次还要来，拍了很多好看的照片，心情很美丽。,2
1499,感谢我们的夏导的照顾，这也第一次带着两位老人和小孩出来玩。谢谢我们司机师傅。,2
1500,不错，车子出发比较准时舒适，姚导全程服务热情幽默。,2
1501,没有行程之外的花费，张导行程安排的很好，基本没有什么排队，全程忙前忙后很周到，司机师傅开车平稳,2
1502,取票快，不用交五块保险，开车进60，先进野兽区，老虎，棕熊，马来熊，狮子，倒是都看见了，喂鸵鸟的时候儿子手还被啄了，最搞笑是车被马和鹿的口水弄的特别脏,2
1503,开始一直担心，事实证明真的是不错，沈导很负责，真的是纯玩，也是八达岭长城，坐缆车之类也全凭自愿，非常不错,2
1504,今天的长城之行很棒，导游小李做事很周到，在去程的路上给详细讲解了北京的主要景点的特色和注意事项，很感谢李导。,2
1505,还不错，到北京旅游比自己去坐车的好，方便，但是其实可以不用坐那个缆车，两个小时完全可以爬上去再玩一玩，我们坐了缆车几分钟就到了一半，在花几分钟就到了最高点，导游一直说什么缆车高缆车好，价格也不便宜，那么一会儿，去的时候天气还不错就是雾大，来了北京感受一下还是不错的，后来才知道八达岭上面这里还可以滑雪，挺便宜的，可惜错过了，不过感受了长城的雄伟也算不虚此行。价格好像比别家便宜一点，开始我以为包饭才贵一点的，结果不是，就是包个车费和门票费,2
1506,这趟旅行真的超级舒服，整个行程井然有序，一起的游客在导游的引导下，没有掉队和不文明现象。说到这里，不得不夸赞下导游，很棒，点赞，北京人，从一上车在北京城转悠接人就开始讲北京，讲的特别详细，也特别有趣，人也和蔼，车上还给我们讲段子，一点都不无聊，本来想睡都没睡了,2
1507,还可以，真是纯玩没有购物，就是长假人超多，路上堵车，景点排队，去长城的时候没打算坐索道的，结果那车就直接送到索道入口那儿，根本就不是爬长城的地儿，心里有点不舒服，不过大过节的不想说那么多,2
1508,非常好的一次旅游。是无意间在软件就订了。结果是超值的一次旅行。董导讲解很生动也很平易近人。含餐的午餐也很不错挺出乎意料。推荐！,2
1509,"缆车必须消费的140往返，因为时间紧必须,坐，不然导游就不等你了，早知道还不如直接买含缆车的套餐，导游服务比较周到，也不进店，总体还算满意",1
1510,今天的游玩非常满意，夏导带队，讲解的非常详细，声音清楚洪亮，一路上也一直关注团队队员，叮嘱我们注意游玩安全，给夏导一个大大的赞！很完美的一天旅行，导游工作细心，讲解很深入，司机师傅驾车平稳，安全，午餐也很丰盛,2
1511,当天买票，立即可以使用，免去排队购票之苦。刷身份证就能入园，十分方便。,2
1512,一日游蛮不错的，行程刚刚好，谢谢夏导游的完美解说，下次有机会再来，也订个一日游😻😻，没有额外消费，挺不错的,2
1513,一直担心碰到黑导游，最后抱着试一试心态团购的，发现还是很正规的，唐导人也很好。以后出行可以考虑网上订一日游,2
1514,感谢金马旅行社，感谢金导带病带队，讲解详细周到认真负责，祝早日康复，司机李师傅车技一流。,2
1515,孙唯导游很负责很有耐心 还会推荐朋友去 长城很壮观 ～～很实惠的团！,2
1516,很好玩 一个人的旅行也快乐,2
1517,八达岭长城人很多啊，北城去的人多，很多地砖都磨的下去了好多，有的地方很陡啊，八达岭距离北京市区有点远了，报团是最好的，,1
1518,带着孩子去的，赠送的蜡像馆孩子玩的挺开心的。,2
1519,VIP小团值得推荐，不用浪费太多时间，潘导的安排和服务很贴心，也给了我们游览北京的很多建议，拍了很多美照，非常感谢，五颗星❤️,2
1520,跟着陈东生导游去的，服务很好，全程没有其他消费，纯玩团，靠谱。一路上还介绍很多北京特色。,2
1521,非常喜欢，值得一去的地方,2
1522,"导游很不错，没有任何其他消费，40元的中餐很棒，只是在去哪儿网买,贵了",2
1523,总体还不错，有两个自费项目，八达岭长城人太多，建议去慕田峪长城吧,1
1524,去哪网订的票，没有消费的坑，挺好的，黄晓晓导游很亲切，旅途很愉快，带宝宝买的成人票，回来还给退了差价。换票，讲解，导游全程陪同，很省心，索道坐到7-8节之间，下山有滑道。如果体力好可以爬山，大概两个半小时,2
1525,第二次来长城，这次大雪算是又认识了一次长城的美景，一个南方人很少看到雪，今天开心极了。感谢沈导的耐心讲解，难得的一位导游。,2
1526,长城，体验一次回味一生，给导游姚爽赞一个，讲解很全面，细心、经验丰富，真的给这趟行程省了不少心，特别感谢！,2
1527,今天的出行总体满意，整个下来不太赶，行程安排还是比价紧凑的，师傅开车也稳，刘世杰导游，服务非常好，讲解到位。中午的自助餐对得起30块钱。,2
1528,还行吧 没有强买强卖 基本接车都准时，导游负责，出发前都会依次打电话确认，游玩中也会提醒几点集合，满意的一次出游之旅 ，下次还没来北京玩,2
1529,导游很专业，一趟完美的出游，不仅欣赏到了美景，同时学到了不少历史知识，五星好评。导游很热情，不错。伙食觉得总体还不错，吃的很饱。真正无购物，导游服务好，车子很新很舒服.这家旅行社的导游还算可以比较有担当，路线及注意项都说得很清楚,2
1530,还是很不错的，分为南城北城，台阶挺陡的。人还好不算多。,2
1531,是很愉快的一天，我们带着2老人，这个团让我们省了很多事情， 刘导人也很好 对客人很热情 ，也没让我们去购物什么的，是一个纯玩的团，不错，以后有出去旅游 还定金马假期 赞,2
1532,取票方便，会推荐朋友使用啦。。,2
1533,上一次来八达岭玩可能还是小学阶段吧！这次我已经三十好几了啊！看到城墙上那么密密麻麻的游客刻字，真想骂他们，给儿子讲这些刻字是怎么回事都气的牙痒痒！景色还是美的，现在长城的保护和游客服务很到位，天气热了继续来！,2
1534,带父母爬了长城 很开心  出了地铁就看到赞巴士  服务很棒感谢赞巴士导游！,2
1535,愉快的一日游，王涛导游知识面广，服务热情，风趣幽默，很认真负责，为旅行带来很棒的体验感和诸多乐趣，也为我们推荐了许多北京好玩好吃的地方，让我们的北京之行备好亲切。旅程安排合理，没有时间浪费，没有购物，团餐更出乎意料，量大丰富好吃！,2
1536,今天长城一日游，在几个平台上挑来挑去，很庆幸自己的选择正确，不贪便宜，选靠谱的大旅游公司，杨导语言讲解丰富，史师傅开车也很稳当，大巴车干净，行程都安排得很妥当。终于爬上长城了！爬了好汉坡！长城风大雨大一定要带帽子😆。颐和园，皇家住的地方就是不一样，太美了。不多说，见图吧。,2
1537,给我的感觉挺好的，风景很好，一天下来也不是很累，我们一家人都很满意，特别是这么便宜就能玩一整天，而且小夏导游跟司机师傅都挺好的，很细心，周到，一次不错的体验，下次有机会一定要再来,2
1538,大气磅礴的八达岭长城，来北京必去的一个地方，领略古人巧夺天工的技艺，体会他们守土的艰辛,2
1539,本来想全程自己爬，问了导游只给两小时，时间会赶不及，最终还是买了缆车票。八达岭的缆车比较短，速度很快，个人觉得不值140的价格。但是如果不坐缆车，估计我这体力也是爬不完全程的。不过有更多的时间感受了长城最壮观的一段，看到了最美的景色。刘导很热心，态度好，去哪儿推荐的一日游靠谱。,2
1540,去旅游这么久这个旅游的导游和司机师傅目前见过最好的，有的人迟到了都等人而且导游还懂得安抚客人的的情绪，觉得大家都很开心一起度过了美好的一天，导游真的好好还跟我们讨论交流去哪能吃到北京最地道的美食，给这一天的总评是满32个赞，在我的赞里面是满赞哦。?,2
1541,真的是纯游玩，无购物，价格也合适，去长城就是得跟团，自己去太累，导游刘强很好，也专业，一路上都在介绍各种文化古迹，158真的值，还有中午饭，能吃饱,2
1542,团是可以的，没购物。。就是八达岭人太多了，建议去居庸关长城人少点，还玩的开心,1
1543,这个挺好的，对于我这种爱睡懒觉的就喜欢十点的，不用起早而且还是纯玩的,2
1544,感谢韩导的耐心讲解，让我们从历史背景，战略作用，文化意义等多个方面了解了长城。返程路上还给我们介绍了北京一些游玩的地方。整个行程非常顺利和愉快，感谢韩导！！！,2
1545,一天的行程，五点半师傅留给我打了电话，前一天晚上夏导游就一直在提醒我们要多穿衣服。因为我没有带运动鞋，还给我想到了解决办法。整个行程很开心，尤其是颐和园导游的详细讲解，我真的很喜欢。比起爬长城，我更喜欢的是导游一边介绍历史一边带我们逛，了解历史记住历史。感谢夏导,2
1546,导游黄导棒棒哒，服务热情周到，讲解内容丰富精彩，午餐也很不错，不虚此行！,2
1547,刘导人很好，介绍和注意事项一再提醒，安全第一！全程无自费！还会提前半小时打电话提醒你勿忘今日行程，一再提醒你集合点！得知我是孕妇，她买的午餐还非叫我一块儿吃，虽然价格可能要比别的团稍贵，但觉得值！因为做的就是精品团！,2
1548,这是一个了不起的地方   导游很了不起，景点很了不起，服务很了不起，总之一切都很了不起,2
1549,游玩前一天就收到出行短信，后与果春生导游沟通在第二上车点出发，游玩当日在约定地点上车，一路上果导介绍北京的风土人情和沿路风景，人挺好的。因上午长城堵车及时调整旅游线路，上午去的长陵定陵后吃午饭，我们每人交了30块钱给导游用餐。下午到长城游坐缆车上下，假期人太多排队排得人崩溃，游完长城果导退了老人和学生门票优惠的钱，还有小礼物送。在鸟巢散团,2
1550,导游就是有色眼镜的，不靠谱，挺累人。。哈哈哈还是，要爬就自己爬。。。,1
1551,导游小颖讲解非常细致，知识面非常全，很热情很有责任心，司机开车也很稳，这是纯玩团完全无购物，良心推荐！,2
1552,"老人小孩都有，但是我们玩的很开心,业务员及司机、导游都很耐心的为大家服务，太开心了。再说说导游张导，是个大美女哦，业务非常熟练，每个景点的讲解到位，注意事项及在北京要重点了解什么都讲的很详细，包括一些典故、由来等等都会让游客听的入神。",2
1553,张导东北人，简单，直接，靠谱,2
1554,曹导棒棒哒，一早电话提醒出发，来酒店接我们，一路怕无聊一直介绍景点，讲解非常详细细致，辛苦曹导啦，午饭也是不错哒，感谢曹导，辛苦啦,2
1555,体力稍微好一点都不要坐缆车，团餐30块并没有其他评论说的50块的样子，这个团可以报，没有购物，但是缆车就不要坐了，吃饭看自己,1
1556,直接刷身份证就能进去，非常方便！,2
1557,杨导导游很热情，讲解认真，幽默风趣，服务也十分周到，行程安排很好，不会很累，服务超赞，口齿伶俐，风趣幽默，性价比高，要评分的话给101分，100是满分还有1份拿去骄傲！！！一行4人都说跟对旅行社跟对好导游！,2
1558,春节和家人去长城，团团圆圆。长城人不多，爬到最高点，累死了。天气很好，拍照很美，赞巴士往返方便。很赞！,2
1559,刚好前一天下雪，去往八达岭的公交全停，乱了计划，最后拼车去的，很冷，但因为有雪显得很美。,1
1560,太棒了，很开心的一次旅行，接待服务很好，介绍周围名胜古迹，讲解的很透彻，一家人都很开心。颐和园很美，第一次来玩的很好，谢谢导游的,2
1561,八达岭长城雄伟壮观，开通北12楼，需要耐力体力，纯好汉坡！！原路返回很累，我们没有走原路返回，直接下退，望而却步！！！下次在挑战！！,2
1562,一定要开车进去，过了猛兽区可以随停随下车喂食动物，不开车的建议花15坐铁笼子车，也有免费的观光车就是那种大巴！,1
1563,不到长城非好汉！来北京这么多年今年才去了一次八达岭长城，总体感觉不错。上去的时候用索道，下来用走路。人不是很多，当时是夏末，不太热，风稍微有些凉。门票大概40元左右，索道单向100左右？？忘记了，现在的越来越不爱记事。游玩过程中没有什么特别的，和电视里播放介绍的长城差不多。不过当时看到长城还是很感慨，真的很壮观。有机会再去其他长城看看。嘉峪关，慕田峪，水关？～当时游玩拍了一些照片，现在发上来和大家分享一下。,2
1564,行程当中的风景美，导游温柔体贴，讲的内容都很好理解，态度也很好，这次旅行是值得回忆的,2
1565,玩的很开心！导游很亲民，很幽默，问啥都亲切的一一回复。很有耐心。一路给我们讲解很多历史文化，甚至有一些我都不知道的知识，不得不说很专业啊！景点更是让我震撼！很赞的一次短途。值得推荐！没有一切乱收费的服务！,2
1566,一路体验挺好的   虽然出了有点儿小失误  但是旅行社也很好的解决了  挺满意的  王导也很是有意思的一个东北导游,2
1567,应该在说明中说清小孩必须按成人定，现场根据实际退。我买小孩，结果说今天买不到，找黄牛，故宫花了110,0
1568,小颖导游很耐心讲解，行程安排教好，团餐好吃又管饱，旅游大巴也很舒服，空调很早就打开了，整个行程下来让我们对北京又有了近一步了解，好评满满！,2
1569,整体比较顺利，还行，3.5分。车：是旅游大巴，但安全带不方便用，明显平常没有使用提醒；还加了个冰柜在车里，有明线，插板等，不知是否安全；没有应急锤，卫生一般。午餐：还行，个人建议人少的话，可以考虑带干粮。行程安排：提前10分钟集合好出发，16：00就返回市里了。景点活动时间太紧凑了，一路都是导游提醒“快点，抓紧时间”，景点讲解不足，在十三陵总共待了1:45。无购物。,1
1570,索道上去了好汉坡就没有了，看看博物馆也不错,1
1571,去长城怎么方便？赞巴士是最佳选择。在北土城地铁C口上车，很快上高速。1小时左右就到八达岭。天气也好，当了好汉！,2
1572,"胡导很负责  讲解定陵长陵好棒 抱着试一试  定了一日游 主要长城太远了 4.1号早上,七点出发十一点到八达岭的 然后买了缆车来回的  就爬了一小段,不是时间不够 是太怂了 好害怕没敢爬 人超多  然后吃饭很晚了近两点大概 等玩过十三陵回,到鸟巢就天黑了 不错 只不过就是饿着肚子玩完水立方才去找吃的",2
1573,第一次在去哪儿网订一日游，非常好！是纯玩的团。特别要说的是负责我们一天行程的导游郭仁杰，人特别好，特别细致周到！下次还找金水桥！,2
1574,玩的很愉快，金牌导游讲解的很到位，让不懂历史的我们又重温了下，导游很尽职尽责敬业，没有购物的，大家可以放心，感谢瑚导都安排妥当，希望下次还能一日游找你，值得推荐！,2
1575,这次报的八达岭加颐和园，鸟巢水立方一日游，导游叫张世豪，年轻小伙，人挺热情，一路详细解说，让帮忙拍照，照片拍的挺不错，必须赞一个。参观完毕，还告诉我们哪里买特产，让司机把我们带到地铁口。爬八达岭长城滑车或者索道都得另外买票，滑车票比较贵，但是没办法，冬季温度比较低，裹得跟个球似的，也没办法自己登，幸好爬长城时赶上北京大蓝天，阳光明媚，虽然山林景色萧条，到处积雪，但也别有一番韵味吧。山上温度较低，建议想拿手机拍照的小伙伴买个有滑手机功能的手套，不然手真的分分钟要冻僵了。。。中午用餐环境还可以，菜色嘛，你懂的，呵呵。然后去看了眼传说中的鸟巢水立方，门口拍了张照。下午去的颐和园，颐和园是慈禧的住所有很多故事可以听导游慢慢讲解。,2
1576,导游很细心的嘱咐了行程中的注意事项，沿路介绍北京历史。还介绍了北京其他实惠的游玩地方！建议选择带餐的。价格实惠量足。最后还送了🎁很赞！,2
1577,李小仙导游讲解的十分清晰到位，人也非常nice，这次去长城➕定陵的行程很充实，十分满意！,2
1578,还可以，之前去的慕田峪长城，这次来八达岭长城，感觉两者差不多，但是八达岭的人气旺点。,1
1579,第一次来北京报的团，很不错，很棒，纯玩无购物,2
1580,很愉快的一次游玩，导游给旅客很耐心讲解，从历史文化到景点特色，景色怡人，尤其是长城特别壮观，玩的时间也很充裕，服务很人性化，真的是一次非常棒的旅行。,2
1581,乔导非常热情专业，讲解技巧强👍 团购价格优惠，好的体验要跟大家分享，推荐大家选这家。ps 导游人美心善，组织能力强。,2
1582,今天的旅行很愉快，小颖导游非常热情，服务周到。长城与颐和园非常值得去看看。,2
1583,1月4号去的，从清河火车站乘坐S2线火车，车票六块钱一张，上车后全是空座随便坐～大约七十分钟到达八达岭火车站，出站后沿着公路往北走大约一公里就可以到动物园大门了，门口直接凭码换票，进去之后先是统一乘坐动物园的公交车游览了猛兽区，见到了，白虎，非洲狮，东北虎，狼等猛兽，参观完猛兽区后就可以下车自由活动了，一路上看了很多动物但由于是冬天的关系还是有不少动物未能见到，比较遗憾～总体来说还是很不错的。,2
1584,讲解很细致，大家听得兴致勃勃，队伍越来越壮大，在车上时沿途也会根据实际情况进行讲解，说一些注意事项，超出了我对于一日游的期待，很希望下次能够再遇到蒋导，但是蒋导只带这条线，有点遗憾。,2
1585,长城定陵一日游，司机师傅热心，李小仙导游介绍的认真。服务到位，全程无消费.,2
1586,取票很方便又快，玩得好开心，服务态度好,2
1587,服务规范，靠谱，服务好,2
1588,风景很好，心情愉悦，很满意,2
1589,有身临其境的感觉，值得一去,2
1590,跟朋友一起去玩的，导游服务态度很好，讲解的很到位，没有二次消费，如果有需要还会选这家的,2
1591,这次旅行很满意，董导一路的讲解很详细，讲解了北京城一些著名的景点和历史故事，一路坐车过来不会太枯燥，大巴车环境也很好，干净整洁没有异味，坐着不会晕车，长城风景不错，值得的一次旅行,2
1592,幸运遇见了超级VIP团，一大家子几乎包场了，早上早早到达了八达岭，趁着雾还没散就坐缆车上啦。感谢张导一路上的讲解和关心，家里带着老人家不太方便张导也一路耐心地陪着，下午逛了颐和园，可惜天公不作美。希望以后旅游都能遇到这么nice的导游~还有今天的团餐也很合口味~,2
1593,距离市区很远，在德胜门倒877路直达长城，登长城的联票有点贵但是可以坐滑车上到北四烽，能节省点力气和时间，过了好汉坡人就不多了，往下还可以再走，听说没有尽头，但考虑到家人年纪和返程，我们大概到第九烽就往回走了，下雨天山里雾气缭绕却也别有一番景致，想必春天的景色会更美！,2
1594,果果老师很负责 仔细 今天玩的很开心,2
1595,傅老师乃导游中的杰出代表，直爽、实在、专业、地道，感受行业作风有了很大改善，愿多多推广推荐！,2
1596,黄导游热情，讲解详细，把北京的景点都给大家介绍。回程上，还为每个人尽心安排回程路线。五星好评,2
1597,李导热情奔放，领略了北京爷们儿的爽直，满意！,2
1598,这趟独自旅行玩得非常的舒心，导游不但没有强行要求购物，还听一路的幽默笑话，领略到了老北京的风情，和长城的壮观,2
1599,导游董伟服务态度认真负责，讲解非常细致，各项工作做的负责到位。今天我们去逛了八达岭长城，看了长城4G电影感受颇深。去了十三陵定陵，导游讲解非常细致，很容易就讲这段历史了解透彻，没有任何乱收费现象，非常非常满意，感受颇深的一次旅行，感谢！,2
1600,跟着朋友一起去的八达岭，正好碰到下雪了。很棒。下次再次找龙行,2
1601,非常感谢乔导热情周到的服务以及精彩讲解，,2
1602,不用担心早起难打车，一切安排的妥妥当当的，付导游讲解很到位详细也很生动搞笑，我们一直紧紧跟着她认真听，乖巧好学哈哈。司机师傅驾驶技术也是一流，躲避拥堵！去长城推荐看球幕电影！,2
1603,付导，很能讲北京文化哈哈哈😄服务很棒，很幽默风趣。,2
1604,"这个团很棒，早上准时来接，一天行程很紧凑，,充实，夏导既给你讲解历史还给你出现小攻略，很贴心的，价格很接地气的。支持夏导。",2
1605,董薇薇讲解服务好，一路涛涛不停的讲。我们很喜欢听。很棒的旅游体验，会推荐家里人来玩的。找薇薇导游。很优秀，很棒。我们很高兴遇到薇薇导游。点赞棒棒滴,2
1606,在去的路上买票，下车后刷身份证就直接进了，很方便，八达岭长城人真多，敌楼入口排队啊，一点点往前挪，印象最深的是除了砖砌的长城，更多的是血肉长城，全是人。不知道非周末人会少一点吗？,1
1607,这次一日游非常好！👍感谢李小仙导游的热情、周到的服务。讲解也是非常的详细，方方面面都很周到。,2
1608,这个项目是来北京玩得最开心的一个项目，推荐大家去。景色很美。,2
1609,挺好的，比自己去方便多了，全程无购物。,2
1610,孔雀开屏！小猴子满地跑哦，太可爱了，买的午饭全喂它们了…………………还可以坐车去看老虎，大型动物在外面，人在笼子里，哈哈，一场特别的体验！,2
1611,还不错，导游介绍风趣，团餐自助只要三十，天气要拼运气，参团就是时间仓促。,2
1612,除了时间有点赶的紧，其它还都会,2
1613,坐赞巴士去八达岭长城，一路非常顺利。长城人不多，爬到最高点。爽歪歪就是天气有点冷。天气暖还要再来。,2
1614,这个季节来八达岭长城，人还是不多的，正好可以好好爬长城。对比了几家交通，最后选的赞巴士，巴士车一站直达，确实很不错，导游服务非常好，一路讲解，路过的一些景点建筑也会有介绍。票什么的都给安排的妥妥的，完全不用操啥心，靠谱,2
1615,很愉快的一次旅行  感谢金导一天的陪伴  全程都特别细心及贴心  全程讲解也都特别的生动风趣  带动感特别强  大伙也听得津津有味  感谢金马旅行  感谢金导  很期待我们下一次的重逢,2
1616,小杨导人很热情，行程很满意，秋天的景色还是不错，部分叶子红了，强烈推荐工作日来，人能少一些，多了些赏景的心情。,2
1617,今天的一日游非常顺利、开心、纯游玩。天气凉爽天空超级美，午餐是地道的北方菜，干净和口味，那个花生酱凉皮、排骨冬瓜汤（北方味浓汤）真心好吃、美味，来不及拍照就开动啦！今天一定要表扬带领我们游玩的小颖（张文颖）导游，从6:20王府井上车去玩长城的路上一路耐心等候、讲解，颐和园里一路讲解，这么大热天的她细心地带着我们全团员到树荫下听她讲解历史，一天游玩结束时她还为团员安排交通路线，真的是位又漂亮、又热心、又直爽的好导游。今天辛苦你啦，谢谢！,2
1618,来北京做得最明智的事情就是选择报团去了八达岭，太棒了！,2
1619,华厦文明！雄伟壮观。看到长城，《万里长城永不倒》以及《大号是中华》就在耳边响起。群峰万山遍野绿，蓝天白云，超值的赞。,2
1620,还好是报了这个团，赵导游是个非常好的导游，不光讲长城的历史，还把北京城其他知识也讲了！真心谢谢了，还有我本以为我上不去长城，但是现在长城有缆车了，很容易就可以上去！最重要一点，不是骗子，全程真的没有购物,2
1621,颖导漂亮温柔，热情大方，能言会道,2
1622,这次跟团的是金马旅行社，小夏导游也非常热情，细心！前一天晩上就开始联系哪里上车。中途细心讲解。整一天的旅途很愉快,2
1623,旅游了一天心情特别好，而且玩的也开心，景色也很美，导游态度也非常好，而且价格也很合格。,2
1624,玩的不错，导游也说了很多，就是不要座缆车，真的会遗憾，在下面爬的很开心,2
1625,在北京工作一天，想要出去放松，那就得去京北观澜墅，那里有山有水，配套齐全，滑雪，滑冰，冬钓，泡温泉,2
1626,登八达岭长城由秦敬山导游带队，讲解很好有耐心，经验丰富，我和家人都特别满意，司机师傅开车稳也很好，总之特别满意！感谢秦导！,2
1627,张文颖导游非常热情，讲解非常好！让我了解不少历史知识司机冯师傅开车很稳，这次旅游非常愉快😜,2
1628,行程安排合理，上午长城下午颐和园，最后在鸟巢水立方解散。旅行社还免费赠送了一个景点大明文化宫蜡像馆，讲解明朝那些事。旅行社导游谢导热情专业，讲解认真，风格幽默，从游客自身出发，全程劳逸结合，给的建议合理，全程纯玩无购物。而且司机驾驶平稳，同样给个赞！,2
1629,第一次尝试一日游，感觉特别棒。感谢导游刘世杰，讲解风趣，博学多识，为人和善，对游客耐心。感谢司机师傅，为了能抢时间让我们多玩会儿，自掏腰包特意走的高速。一日游的路线安排的特别好，游玩时间刚刚好，还能多去几个地方，尤其孩子跟着团游玩，在听导游讲解的过程中，了解了更多的历史及地理知识。午餐品种丰富，冷热相宜。总之是一次非常完美的体验。,2
1630,今天是2018年8月29日，我一家三口参加了八达岭和頣和园等一日游，张颖洁是我见过最好的导游，不但业务知识丰富，而且一路上讲得很到位，待我们这些一日游的散客亲如家人。以前人们常说北京的一日游骗人的多，通过今天的游玩（纯游，无购物），彻底改变了我对北京旅游的看法。张颖洁（好导游）。五分。,2
1631,黑岛很幽默风趣，很愉快的一次长城之旅,2
1632,今天遇到了一个不错的导游，姓刘，服务贴心，真诚相待，很早就通知我们集中上车的时间和地点，包括车牌号，全程无购物。中餐在昌平区旁边的一个类似旅游服务区完成，管饱就行，足量供应！唯一的不足就是总会有人迟到，耽误大家时间！,2
1633,轻松愉快，行程满意。尤其难忘导游余姐的解说，知识丰富，充分体系了北京旅游需要七分听三分看的特点。,2
1634,晚上临时定的出游计划，没想到颖导很快就打电话联系我们了，加了微信后交代注意事项。这样一日游的团免去了我们乘坐公共交通的不便，这一点我觉得就超值了，更何况还包括了门票。颖导在车上介绍了许多北京文化，在景区也十分负责地讲解并很热心的帮我们拍照。长城震撼，颐和园大气，这样的一日游很充实也不累人，强烈推荐！,2
1635,心心念念的地方，恰巧碰上一个好导游。全程游玩体验感很好，给优秀的美女导游点个赞👍,2
1636,导游人很好，行程很棒，不用自己坐车到处跑其实很舒服了，下车直接就到水立方和鸟巢，虽然等了两个小时灯才亮，但是感觉好棒。,2
1637,"一切都好，导游温柔细致，妥善安排好的行程，体验很好，车辆行驶平稳，师傅也很和善。,旅途很顺利，因为我订早的回程票，导游还一直惦记着我回去的路程。详细告知了回去的路程。,长城上人很多，这个时间不太合适来。",2
1638,是一次不错的体验 美丽的导游姐姐全程都在给我们讲解关于北京的好多历史 作为一个北京人我都不知道原来老北京有这么多讲究 显示吃了饭 便宜大碗 然后就到了今天的目的地 八达岭长城 还好是做缆车上去的啊 要不真的爬不到北八楼 况且选择了一个不怎么好的雾霾天 美中不足 还有就是天气太热了 再来肯定不选夏天爬长城！下次如果想去慕田峪长城果然还是要选择跟团！方便～,2
1639,黑导游带的，没错，就是黑导！！！嘿嘿，黑冠强导游又黑又帅又学识渊博，给黑导游点赞！！！,2
1640,金马国旅的蒋导游很不错，一路上细心讲解，长城有些冷了，记得得多穿衣服了。,2
1641,尹导很给力，服务很有耐心，全程照顾周到，车内卫生整洁，给他点赞666,2
1642,导游还是不错的，大巴也干净。缆车人比较多排队较久，游玩时间就比较少了,1
1643,非常非常非常的便捷，靠谱,2
1644,取票方便，价格便宜，值得订购,2
1645,导游讲解那个特别的那个那个准确，然后非常的认真，非常的负责，大赞加微信，以后有活动还跟他一起玩，,2
1646,我们导游张文颖特别好，基本问她什么都能回答上，导游懂得真的很多啊，要是自己去耍，啥都不晓得在里面瞎转悠，路上给我们讲了很多知识，而且热情爽朗，重点还很漂亮！跟这个是一日游，十三陵加长城（也没遇到什么非要你捐香火钱这些事），工作人员都很耐心解答，从下单完成颖导就一直联系跟我们确定早上集合路线，我们有两批人，有个报完了，和导游联系也把我们安排在一起了，我们两批人没在一个地儿，他们自己打车去的导游也给报了。全程没有任何隐形消费，而且行程安排很合理，特别说下中午团餐，很好很好了，分量足干净而且味道也不错。推荐给大家。,2
1647,黄导人特好~我跟小伙伴不会路   迟到了……他还耐心的教我们要怎么过去~在去的路途上~还给我们讲解了老北京的一些景点~所以即使我没去齐 也基本上了解了一些有关老北京的景点与历史了~嗯……建议报团的话最好就报包缆车的团~黄导说了  就停车场走去关口吧都快20分钟了~坐缆车不用这么累  还能直接上到最高的关口~景色好……不过…真的挺累的~太陡了~走了没多久  我就已经脚软了我……后来我们到了鸟巢和水立方  问了黄导 他说那边过去南锣鼓巷很近~耐心的给我们指点了线路~我们后来就没跟车回王府井去了~这团报的还是值的~还有好几个地方想去  可惜时间不足~下次还有机会  得再去参观参观~,2
1648,"好玩,值得推荐,北京欢迎你",2
1649,导游人不错，讲解清晰，人很友善，还有点小幽默，对我们也很照顾，很尽职尽责，总得来说这次旅行很愉快,2
1650,非常好，李导讲解精彩，服务态度好，行程安排合理，值得推荐!,2
1651,来北京游玩的朋友们，给大家强烈全程无购物纯玩团、一站式服务、小颖导游认真负责特别周到，每个景点都会详细解说。午饭经济实惠家常小菜，出来玩报这种一日游最好了。,2
1652,不错，虽然车迟到了一段时间，后续给了积极补偿，给了免费的午餐。,1
1653,人多，车多，希望下次去的时候人少点,0
1654,韩导好评，讲解的很好，还帮我借数据线，优秀,2
1655,挺划算的，还赠送了杜莎夫人蜡像馆，,2
1656,路途非常得愉快！导游很有耐心，且专业！纯玩没有任何影行的消费，而且游玩时间非常充足，而且贴心的冬天送手套，车也非常的干净舒适，以后还会选择赞巴士！,2
1657,这是一次很完美的出行，很棒的商家，服务很好，从客服那里就体验到他们的服务，回复很及时，沟通很流畅，上车点也很好找，出了地铁就看到举牌的导游，按时发车，很快就上高速了，导游在车上也给我们讲解了很多关于长城的故事，有以前不知道的知识点呢😀。我本来以为路上要至少一个半小时，结果一个小时就到了，哈哈😄。景区刷身份证就可以进入，导游帮忙代买的索道门票比自己买的优惠，然后我们就可以自由活动啦，完全没有什么购物推荐，长城的秋景太美了！很值得一看！因为回来的早了一点，听导游的建议看了长城的环球银幕电影，真的很震撼！推荐👍,2
1658,夏导热情周到，旅游线路安排合理，纯玩无购物。,2
1659,北京貌似有不止一个海底世界，太平洋海底世界是在中央电视塔下面的，去中塔吃自助餐赠送了海底世界的门票于是就顺便去了。,1
1660,一次机缘巧合来到这里，感受了一下海洋世界的美妙。正常购票有团购是75元，不团购100多元，推荐团购啊，很多地方可以买到！地点在西三环中路中央电视塔院内，找不到的话找到电视塔就行了，就在电视塔下面哈！地铁一号线公主坟站下车，换乘40路，或者往北面开得车就都到，交通不算方便哈！8点或者八点半开业，晚上六点或者五点半关门，是根据淡季还是忘记走的。里面并不大，但是鱼类种类非常多。还有企鹅馆呢！...,2
1661,太平洋海底世界位于中央电视塔下边，地铁1号线公主坟站出来朝着电视塔的方向走就可以了。根据淡旺季海底世界的营业时间为旺季8:00-18:00点，淡季8:30-17：30。现场购票票价为成人120元，儿童70元。推荐两种优惠购票方式：本地游客购买锦绣江山年票98元/人，可以免费游览海底世界一次，还可以半价优惠购买海狮表演和5D电影票，此外还有141处北京其他景点可以使用；外地游客推荐团购购票，成人78元或者门票+海狮...,1
1662,【交通】太平洋海底世界坐落于北京中央电视塔下，来电视塔顺便可以去海底世界玩玩，一举两得。附近有多路公交车，323路、374路、特8内、运通102、运通103等玉渊潭西门站下，走几分钟就到了。地铁公主坟站出来需要走1千米左右。【门票】2013年去的时候门票70元，现在估计涨价了，不过可以在去哪儿、北京旅游网等订优惠电子门票。【景点简介】太平洋海底世界以展示海洋生物为主，馆内有百余种海洋生物，海龟、鲨...,2
1663,感觉一般吧，逛了不到一小时就出来了,0
1664,第一次用还不错取票也挺方便的,2
1665,里面海洋生物种类多，环境舒适，是个度假休闲的好地方,2
1666,海底世界很漂亮啊！带小朋友去的，一路上都跟兴奋，看到了各种各样的鱼，给孩子激动的，哈哈，很超值哦！除了五一人真的很多以外，总体很不错呢！,2
1667,特别好，喜欢里面的各种小鱼。有卖黑票的！大家小心,0
1668,其他倒是还行，隧道太压抑了，闷的出不了气，自动走的观光路也不开，整个比较小，相对来说价格较贵，与实体不符,0
1669,倒是便宜，取票别太晚人不多，花10块钱看那海狮表演挺好，头一次去看这个还行吧,2
1670,脏乱差…还贵…还鱼品种和提示牌不完全匹配…不建议去了。北京的几个海洋馆，要去，建议首选：北京海洋馆、次之富国，最后太平洋慎重。要去记得网上先团票。,0
1671,还可以啦，门口也能买到便宜票,1
1672,还行吧，今天孩子很多，都放假了,1
1673,购票取票都很方便，只是景区好小，有些不值,0
1674,很实惠，玩的很嗨，推荐，换票很快捷,2
1675,鱼很多，很喜欢。。。。,2
1676,玩的很不错，全天都有表演，而且中秋的活动超值了，就是回家的车比较赶，下次再好好玩,2
1677,就在中央电视塔旁，小海狮表演特给力，萌萌哒,2
1678,太平洋海底世界美丽的海洋生物你约吗？,2
1679,太平洋海底世界博览馆是北京的三大海洋馆之一，三个海洋馆我全去过，分别是太平洋海底世界博览馆、北京动物园里的海洋馆、新西兰富国海底世界，我个人认为，还是北京动物园里的海洋馆值得去看一看，因为那个海洋馆里面有很多大型的海洋动物，比如白鲸，海底世界里只是以一些小型鱼类为主,1
1680,地方有点小看的观赏的东西有点少，不过孩子玩的很开心。海狮表演的场地有点小。只有一只其他海洋生物倒挺多。,2
1681,海底世界来看一看各式各样的鱼，也是挺好玩的啊，当时觉得这些动物也很不容易啊，被人们抓来关在这个水里的笼子，感觉唯有一点自由，其实非常的不方便啊。,1
1682,海底世界这边啊，很值得去逛一逛，能够看到很多珍奇的一些海洋动物啊，特别喜欢动物的小朋友们，来瞅一瞅还是挺好的，也特别的长见识。,2
1683,太平洋海底世界其实是很小的，其实海洋馆相对来说都是不太大的，太平洋海底世界比北京海洋馆还要小，其实要是玩的话，有两个小时左右是足够的，太平洋海底世界就在电视塔的旁边，一般都是这样两个地方一起玩，但是我们带着孩子，就选择了海洋世界，儿子特别喜欢海底隧道，就在这多玩了会，其他的也没什么特色的了，基本没表演，就一个潜水，一个美人鱼，一般般，之后去了动物园，因为儿子上次没看够熊猫，就又去看了一次，但是这次...,1
1684,太平洋海底世界主要展示海洋动物，带孩子来孩子可高兴了，里面五彩斑斓的鱼，还有许多不知名的平时也难得一见的海洋动物很多的。,2
1685,太平洋海底世界博览馆位于中央电视塔下。里面不是很大，海洋生物多种多样，每个窗口都有文字介绍，不得不说好多都不认识。海底隧道不错，就是有点短，人太多，基本上没法好好拍照。,2
1686,查了攻略带宝宝来玩的，整体不错，宝宝很开心，这就够了,2
1687,好多种门票，有的含登电视塔，有的含餐，提前做好攻略。或者最省事的就买海洋馆就行。海洋馆不大，但是人要比动物园的人很多，而且适合小一点孩子玩，转一圈不是很累。总体感觉不错。,2
1688,价格合适，人数中等，带家人孩子游玩好去处。带父母和孩子去的，大家玩的都很高兴，尤其是孩子特别高兴。等孩子大点了还会去玩。,2
1689,还不错，连票划算一些。里面很陈旧。到时走走也不累，交通不方便。打车，自驾合适。整体还是可以的的。下次去北京海洋馆，看看区别。,1
1690,海狮表演15分钟，美人鱼15分钟，海底隧道有三四十米，5D电影5分钟，地方太小了！票价相对贵,0
1691,购票优惠 全网最低价 现场换票方便 出示身份证即可 海底世界小而精致 孩子流连忘返 表演剧场虽然小 但是看的很清楚 此次活动很满意,2
1692,玩的不错，国庆特惠还是很合适的，基本上全包含了，以前玩过一次，这次带朋友去，海狮表演很不错，5d电影类似过山车，挺刺激的。,2
1693,挺好看的海底世界，晚上去比较清净！,2
1694,带孩子去的  120感觉这个价格有点不值  不过孩子挺高兴  里边卖的东西是正常价的好几倍  够坑的,0
1695,因为带了小孩子所以还是去看了下海底世界，感觉和上海的没什么区别。苹果的聚焦功能还是可以的。,1
1696,挺好的，还是预定划算。比现场优惠，只是学生票的购买太意外了,2
1697,总体来说还是挺不错的，就是海底隧道太短了，而且是半圈，跟预想的差距很大,2
1698,有点小了，但是带宝宝去玩玩还是不错的选择,1
1699,带媳妇来的，人挺多的，水母馆很好看，拍了很多照片，旁边就是公园，很开心，楼上就是中央电视塔，旋转餐厅，塔顶有一圈望远镜，很好,2
1700,虽然地方不是特别大，但海洋动物很多，挺有意思的,2
1701,太平洋海底世界就在中央广播电视塔下方，对面有个很大停车场，可以停很多车，就是入口绕道停车场可能会让第一次来的人有点蒙。 场馆里的海洋鱼类不算少，工作人员说用的是亚克力玻璃，可以防摔，不怕因为人多挤压坏掉，而且玻璃很多，不是小小的一块，哪怕前面有很多小朋友挡着，也不妨碍。而且还有一大水池的锦鲤。海底隧道区人很多，不过鱼类更多，看得都不想走了，就是有点闷。 美人鱼表演区，每到表演的时候，都抢不到地方，不...,2
1702,太平洋海底世界就在中央广播电视塔下方，对面有个很大停车场，可以停很多车，就是入口绕道停车场可能会让第一次来的人有点蒙。,2
1703,总体很小，门票不便宜，确实类似评论像水族馆。游览2.5小时，海狮表演需要排队进场1小时，观看10分钟。其他的比较小,0
1704,还挺好的，就是场馆有点旧了，总之值回票价了，要买表演最好在售票处卖，进去就贵了！,2
1705,锦绣江山的年卡去的，周六日需要加30元，地方没有北京海洋馆大，不过海底隧道不错，还有潜水员在头上游，很多大乌龟,1
1706,没有什么亮点，不值得推荐，海洋生物太少了，直接叫水母馆得了。,0
1707,锦绣年卡去的。之前去的比较多的是动物园的那个，太平洋还是第一次去。孩子说海狮表演和电影以前在别处都经常看的，就没再买票看。非六日，但是拍人鱼的时候被几条拍照的胳膊架着，不太舒服。服务人员说今天算人多的，那还真是人少啊。确实小，但慢慢看还是挺有意思的。如果说动物园海洋馆的海瑶是遨游的话，这里则是淘气，整片趴在海底隧道顶部，就像把大伞，然后因为隧道顶是圆顶，被慢慢滑下来，自己再爬上来一点点，再滑下来，...,1
1708,这里地方不大，略显陈旧，但是种类很多，海底隧道给人一种身临其境的感觉。由于不是周末，人不多，许多动物可以近距离观看。20元可以给锦鲤喂奶，孩子非常喜欢。,2
1709,很值得带孩子们去玩耍，是孩子们的乐园,2
1710,很好，海狮表演很精彩，鱼的种类也很多！环境不错，卫生条件也很不错，5D动感电影很酷，有身临其境的感觉，下次有机会还会去！,2
1711,作为海底世界稍微小了一些，如果不看表演的话1个小时就能看完，不过基本半个小时就有一场表演，还是挺有趣的。适合小孩子去认识海底世界，科普挺好的。里面5D电影特别让我惊喜，是这次去玩儿的最大亮点了，光这个就值回票价了。,2
1712,规模不是很大，但是孩子玩得很开心！,2
1713,这个海底世界大概开了有二十几年了，带孩子去过几次，门票也是长了不少。不过带着小孩子去玩，还是挺不错的选择，看到我们平时只能在电视里看到的海洋动物，还有表演可以看，总比孩子总是抱着平板电脑玩强的太多了，还能增长知识。,2
1714,很满意，孩子和大人玩得都很开心！,2
1715,位置在西三环中央电视台下面，交通非常的不方便，如果赶上对面玉渊潭的樱花开了，那条路开车比走着都慢。很小，乱糟糟的，门票还很贵。,0
1716,非常好，宝宝我玩的非常开心，下次还回来，买票比现场买便宜60元，海狮表演非常精彩，赞赞\(≧▽≦)/，学会了好多海洋知识，耶耶耶,2
1717,最后一天，搜索了附近景点，找到了海底世界，迅速打了个的。太平洋海底世界就在中央电视塔底下，里面各时段都有表演。,1
1718,置身于海底隧道似乎进入了另一个海洋世界，不时有美人鱼游过，或与大海龟相遇，各种海洋生物近在咫尺，美伦美奂，还能看到南极企鹅排队，甚是可爱。,2
1719,买了和电视塔的联票，价格有优惠，海洋馆没有动物园的大，鱼的品种也没有动物园海洋馆全，但是特点在于长长的海底隧道，还有美人鱼表演，海狮表演可以近距离观看。,2
1720,隧道很梦幻，海狮表演挺好，孩子们很高兴！,2
1721,到处都是人，人比鱼多，本来是想带孩子看看，照点照片，结果每张照片都是合影，很是郁闷(>_<)。建议尽量避开寒暑假和周六日去。,0
1722,北京三大海底世界最小的一个，但是非常凉快，性价比高，我个人觉得还不错,2
1723,感觉还可以，海底通道不错，可以去玩玩,2
1724,非常棒！适合带孩子去游玩，约起来吧！,2
1725,门票100元一人，在中央电视塔旁边，里面有海底隧道，水母区，海狮表演等，周末去人有点多，比较适合带小朋友去，感觉票价略贵。,1
1726,总体还是挺不错的，很久以前学校组织春游去过一次，现在结婚有宝宝了，就带着孩子又去了一次，取完票正好赶上海狮表演，就先去看的表演，然后出来又在里面转了转，孩子比较高兴，唯一生气的就是在场馆门口，有个老头，看带着孩子去，不管你要不要，就往孩子手里塞一个小国旗，然后追着你要钱！小国旗两块一个，非常的不值！还给他的时候还不乐意，说孩子愿意要！虽然最后还是塞回给他，但是心里还是不爽！强买强卖啊这是！！！这是...,2
1727,非常值得一去的地方！非常非常赞,2
1728,地方不是很大，适合带着孩子游玩，有各种表演,2
1729,海底世界不是很大，鱼很多，种类丰富，没去看过的人可以去看看。周末带着还在去看看也不错，给孩子科普一下。人不是很多，周末也不算拥挤。,2
1730,面积不大，海狮表演和美人鱼表演两个，可以看看，建议不要买5d电影票了，没啥意思,1
1731,不是很大，不过也还蛮漂亮的，海狮表演，美人鱼，水母很漂亮,2
1732,位于北京电视塔旁边，我们是自由行，取票很方便快捷，还能免费存包，里面的生物都很漂亮，5d电影也很刺激，海狮表演很好看，唯一不足就是地方不大，人多时很是拥挤，无法停留拍照，整个馆两小时不到就全逛完了，不过买的套票还是很值的,2
1733,太小了  物种也不是很多   不靠谱,0
1734,还行吧，人也挺多的，挺挤的，特别是周末,1
1735,挺小的，里边特变暗，鱼的品种不是很多。感觉挺陈旧的。,0
1736,海狮表演非常暖心，海狮很可爱。人鱼表演很优美，喂护士鲨鱼的环节十分刺激很兴奋，室内还有餐饮厅很方便，而且顺便可以去中央电视塔很节省时间,2
1737,儿子非常的高兴，就是有点小。一会就逛完了。里面的潜水人员的衣服是不是要换新的了，在外面都能看见腿里的肉肉了?,2
1738,【太平洋海底世界】是我购买2016年北京亲子年票的重点推荐项目，年票马上到期，还有大半地方没有去到，正好这周末去西四环参加婚礼，想着离【太平洋海底世界】很近，于是就带瓜瓜去那里看看。,2
1739,太坑人了，后面的那个表演套票没有用，那个是免费的，骗人！地方挺小的！,0
1740,比较小，海狮表演15分钟，挺好玩。门口喂海豹20一次，给4条小鱼，喂完就不让看了，态度一般。还有喂鲤鱼喝奶的，20一次，真心觉得贵贵的，说是带孩子出来玩高兴就好，但是价格也得合适啊，不能做冤大头吧。水母和海马挺漂亮，感觉就是太小了，没有小学时候去感觉好玩，海底隧道里面没有几种鱼，没什么可看的。还不如我们那商场里免费的海底隧道,1
1741,虽然没有动物园里的海洋馆大，没有它里面的种类多，但是总体来讲还是不错的，网上买的，也比较便宜，兑换比较方便！,2
1742,还不错，尤其是水母和美人鱼表演，女儿很喜欢。价格,2
1743,不错，鱼的种类不少，还有企鹅，水母区域也是美美哒，还看了5D电影，也是相当刺激，遗憾的是没有看到美人鱼，有机会再去一次。,2
1744,挺小的，里面很闷热，我们去的那天海底隧道电没开，自己走的，感觉性价比不高，不太值，门票便宜点更好了，很喜欢水母区，很漂亮的,1
1745,海底隧道很漂亮！看见可爱的动物们，很开心！,2
1746,去了之后，觉得很小，地方不大，跟西安海洋馆比起来，还是西安海洋馆好些，下面一些图片是太平洋海底世界,0
1747,孩子们玩的挺高兴，里面也挺舒服，是个不错的地方，值得向往，里面的各种表演也很精彩,2
1748,很好是带孩子去玩的好地方,2
1749,好评，很好玩，好喜欢，还有动感电影，很棒,2
1750,带孩子去玩，还不错哦，鱼的种类很多，海狮表演很精彩！,2
1751,我早上一开馆就去啦…那会儿人少…拍了好多照片…服务态度很好…取票简单…海狮表演值得一瞧…真心觉得值得去开一开眼界…,2
1752,挺好的，就是地方有点小，没有优惠的话价格有点贵，我用的年卡免费的,1
1753,太难找了，离公主坟地铁站还有两站地，带着小孩子太麻烦了，周末人实在是太多了，正赶上玉渊潭的樱花开了，人就更多了。总体还说还不错，比秦皇岛的强，有人鱼表演，虽然不怎么样。还有水母，第一次看到真正的水母，真多！,2
1754,取票非常方便，很有意思，海狮表演有时间的，最好进去先关注下，遗憾的是好像没见到鲨鱼类的大型鱼和潜水表演,2
1755,景色挺好的，但建议旺季去。去时有些没开。,1
1756,这里的鱼类很多，而且特别美，只是光线太暗拍照效果不好，如果提高光度就更好了，人鱼表演很吸引人。,2
1757,很好玩，身临其境的感受到海洋世界，旁边就是中央电视塔，特别棒,2
1758,换票很方便啊！就是越来越小了，真的没有海豚啊，鲨鱼啥的！建议还是去北京海洋馆或者富国海底世界吧！你门口便宜一半的价钱,1
1759,很好玩，小朋友都很喜欢，我也很爱，第一次去海底世界觉得很好，很多漂亮的鱼,2
1760,出票很快，也很便宜，海底世界也很漂亮,2
1761,团的票，挺超值的。第一次去，感觉还好，人挺多的。,2
1762,太平洋海底世界博览馆坐落于北京中央广播电视塔下，是由新加坡和中国合资兴建的，总投资约2亿人民币，建筑面积7000平方米。是以展示海洋生物为主，集科普教育、观赏娱乐于一体的综合性现代化博览馆。太平洋海底世界博览馆被中国海洋学会授予“中国海洋学会北京海洋科普教育基地。”馆内主要有：展示珍稀的热带淡水鱼和美丽的珊瑚鱼小池区、企鹅馆、270度的海底透明隧道、海豹池、可以亲手触摸海洋小动物的触摸池，以及海洋科普教室...,1
1763,第二天的行程是八达岭长城 鸟巢 水立方（还有个什么海洋馆没记住）,1
1764,太平洋海底世界面积不大，感觉一般般，要是带孩子来的话还是可以的,1
1765,孩子们玩的挺开心，中央电视塔真是值得一看！取票特别方便！好评！,2
1766,鱼的品种不够多，地方太小，半小时就逛好了。,0
1767,先是去的动物园，被那些人拉到了这边，太小了，不过那个动感电影可以，很刺激,1
1768,看到了很多有意思的东西 值得一去,2
1769,很不错的地方 表演很精彩 下次领朋友还会去。,2
1770,跟妈妈还有姐姐一起去玩的， 很漂亮  就是小了点 看海豹表演还得加钱  总体还不错吧,2
1771,随便玩玩尚可，地方比较小，厕所比较脏，设施相对比较旧了。,0
1772,海底世界很小，没几分钟就逛完了，表演要另收费,0
1773,我们玩得很开心 有很多没有见过的鱼网上订票比那里的票便宜很多,2
1774,自助游！如果不是和电视塔在一起估计还没有去的打算，里面的海洋生物很不错，大开眼界。还有人鱼表演，但是稍显单调。3D的冰川历险挺好的！很不错的体验！海豹表演也还好，很招笑！在去哪网订票很划算，很方便！当日订票当日可取！值得一游,2
1775,海底世界是在电视塔底下，第一次去的注意不要走错。,1
1776,感觉还可以，就是有点西小，不过鱼类隧道还是可以的。,1
1777,真的很不错，就是人太多，鱼种类很多，海底世界动物很好。,2
1778,总体感觉不错吧，就是有点小,2
1779,很好玩，去过很多次了，每次都很开心，订票便宜，直接去就可以领了，非常方便,2
1780,服务很好，定了直接去景区就可以领票了，双休日人太多了，看海狮表演还需要加钱有点不太好，以前都是免费，希望以后能成免费的,1
1781,还行吧，有点小大鱼很少，带孩子去的人再多了，要排队。,1
1782,没什么意思，人太多了看表演要排好长时间队。,0
1783,带孩子去的，春暖花开周日原因人很多，但孩子很开心也很开眼。,2
1784,很不错，价格也很合适，里面很好玩,2
1785,还可以吧，项目都不错，就是性价比稍显低，价格高，项目少，海狮表演仅有5分钟，听说2015年还要涨价，这个景点大部分是旅游团带过来的。小孩子玩得很开心。到那儿八点半，由于去的早，人不是很多,1
1786,比较老的海底世界了，展览本身其实还可以，就是现在貌似成了旅行社的团队景点了，人非常之多，参观过程中人挤人的，里面环境也比较陈旧、脏乱，海底隧道也不开了，只能自己走动。不是很舒服的体验，不推荐。,0
1787,适合带孩子去看，孩子很喜欢，有各种各样的海洋物种。在隧道里看的时候，突然想到了捕鱼达人，太像了，这些鱼也成群结队的游。,2
1788,这里好多可爱的小生物，小精灵，好遗憾，从小都没有见过，也都没有听说过，好多北京的小盆友来这里，我想这就是差距吧，他们很小就能见到的我工作了才有机会见到，以后一定要带上我的宝贝游览各处，开阔眼界。ps：有一种狗头豚好可爱，还有一种不知名的像个一直微笑的像星星的海底生物，真的好吸引我。,2
1789,非常好，进门很方便。适合小朋友科普的海洋馆。,2
1790,挺好玩的，就是就是小了点,2
1791,很开心，第一次来海洋馆，节目精彩，宝宝开心，价格很实惠，场馆里面很多人，海洋生物很多，涨知识了，全家人在一起避暑的好去处！,2
1792,120元的票价不值得，海底世界太小了，不到一小时就逛完了！,0
1793,在这里可以看到很多海洋生物 及美人鱼的优美表演,2
1794,很开心的一次海底世界体验。带着孩子深入海底探索海洋奥秘，孩子很开心。,2
1795,鱼好多，很漂亮，表演很精彩,2
1796,还不错。推荐去。海狮表演很精彩,2
1797,不错的行程，选的是八达岭北京动物园行程，全程无购物，时间合理，上车点方便，中午自己带的干粮，动物园自己逛的，时间自由，看的熊猫馆🐻，儿子比较激动，不愧是国宝，一个个肉嘟嘟的，推荐，老王不错，讲解有意思，纯玩团，不知道选择哪家就选蓝森家吧，客服说话甜甜的的，介绍的很耐心。照片存电脑上了，照的不是很清楚，但是长城还是很壮观的,2
1798,孩子很喜欢，在玩中开阔了眼界，以后还会去的,2
1799,非常小 人多鱼少 很没意思 门票还很贵 基本上全都是买东西的店铺 基本上都是小鱼 连鲨鱼海豚这些很受欢迎很热门的海鲜动物都没有 比北京海洋馆差的不止一个档次！感觉就是圈块地儿 骗人钱 糊弄事儿一样,0
1800,不错的，带孩子去要看海狮表演！我们本次带孩子去看了，感觉还不错，开阔了视野，增长了知识，广大家长不容错过的！,2
1801,还可以 地方不大 随便玩玩还是可以的。,1
1802,很不错，想去这里的朋友可以买套票，中央电视塔与这里一起的套票比较划算，而且离的很近，走路5分钟即是。之后可以去玉渊潭公园逛一下。,2
1803,坐落在西三环中路。比动物园的海洋馆要小一点。表演不错。值得一去。,2
1804,地方可以取票方便性价比还是可以的好评,2
1805,取票很方便～除了人多都挺好的～海底世界小时候的天堂～,2
1806,出票快，海狮表演场地有点小，当天阴天，雾霾较大，在电视塔上都看不清,2
1807,地点不算太大 ，不过来到海洋馆还是很开心的。旁边就是 中国电视塔。整体来说还不错哦。很喜欢。还赠送了异常看海狮的表演，很精彩。,2
1808,美人鱼表演非常精彩，海狮表演也不错，大儿子很兴奋，玩的很开心！有机会还会去的。,2
1809,海底世界交通便利，鱼的种类多，美人鱼表演。海底隧道，观赏鱼，效果非常棒。值得一去！,2
1810,还不错～就是有点小～值得去～海洋表演不错～很喜欢海豹～好可爱的～,2
1811,比现场买便宜，取票也挺方便，里面海底生物种类丰富,2
1812,海底世界很适合小孩子玩，尤其是水木，真是漂亮，交通还方便，不错,2
1813,海洋馆的地点很好。在市中心很好找。旁边就是北京电视塔。也可以顺便一起游玩一下。内部坏境还算可以。唯一不足的就是有一点小。但是这个价格来讲的话也算很值得一去了。总之很满意！,2
1814,有时间带着孩子去看看，感受下海洋的无穷魅力。不错的选择,2
1815,用去哪团购门票 取票很顺利 方便快捷 也优惠不少 海底世界不是很大 适合带孩子去玩,2
1816,太平洋海底世界博物馆是由中国和新加坡合资兴建的，坐落于北京中央广播电视塔下，是以展示海洋生物为主，集科普教育、观赏娱乐于一体的现代化大型博览馆。在这里，可以欣赏到各种美丽的海洋生物，领略到海底世界的动人景色。,2
1817,太平洋海底世界临近电视塔，交通还算方便，地铁出来有公交和黑车，黑车建议不要做，价格是便宜，五元十元的都拉。但是他们与黄牛差不多，就是拉你过去再帮你买所谓的海底世界打折票。不买就死缠着你，对比一下还是去哪儿网上的价格来的给力。后来又多加了十元路费给黑车。果断的网上订票，几分钟就搞定。网上订票有专门的窗口，取票方便快捷。照片是15元一瓶喂鲤鱼吃奶。,1
1818,满意。当天人太多了，我们去的晚了，没赶上最后一场3d表演。建议大家三点半之前去。,1
1819,全家人第二次去了，妈妈很喜欢。,2
1820,种类少，地方小，门票贵，等了半个多小时才看到美人鱼表演，虽然感觉还不错，就是时间短。以这种地方不值这么多钱，以后再也不去了,0
1821,团购非常方便，是在海底世界门口现场团的票，窗口换票也非常方便，海底世界很漂亮，尤其喜欢企鹅，超级可爱，海底隧道也不错，鱼的种类很多，各种可爱的表情和眼神，节目表演也不错，虽然时间有点儿短，总的来说都还不错,2
1822,挺好，就是节假日人太多了，最好的就是企鹅，在动物园还要收费才能看，这里不用。,2
1823,里面很漂亮，但就是相对有点小，没一会就逛完了,2
1824,孩子玩的非常开心。，老师照顾的细致认真，还拍了好多照片。,2
1825,不多，隧道比较长，海狮表演另外收费,1
1826,内容少人多，只需混乱，玻璃也不干净，空气闷热，换票还等很久很久，还要跑到电视塔下面换票也就是带孩子看看，就是看看仅此而已吧,0
1827,因为今天去的是礼拜六，人特别多，空气不好,0
1828,"地段比较好,都挺有特色,里边很热,小孩子很适合去玩",2
1829,比想象中小太多了，比上海水族馆小。里头还算明亮，但是设施有点老旧了，以常见的鱼类和水母为主，作为首都的景点，吸引力有限。,0
1830,"位置很好,有很多小孩,记忆中挺大的,适合小孩子观看",2
1831,在中央电视塔吃旋转餐厅，然后步行去的。世界很伟大，海洋好神奇。,2
1832,一家三口去的，孩子很喜欢，不错,2
1833,里面很小，一圈看完不用一个小时。都是小鱼，大点的很少很少。还没有深圳的海底世界好看。120的门票。不算太贵，带小孩过来的可以去看看,1
1834,爸妈带孩子进去玩了，买的套票根本用不上，孩子转了两圈就想出来了,0
1835,地方比较小！环境较昏暗！性价比不高！交通不是很方便！离地铁比较远！,0
1836,适合带孩子去玩，观看的种类挺多,2
1837,地方不错，星期六日人很多,1
1838,很一般，太小，和动物园海洋馆差好几条街,0
1839,取票方便，鱼种类不多，修建有段时间了，维护一般，企鹅那里还有点意思，海底隧道也还行，带孩子短时间转转还ok，票价偏贵，即使团购性价比也一般，工作服务人员态度不好～,0
1840,不错 就是小了点 美人鱼表演不错,2
1841,在售票处一问，门票得120，赶紧在网上订了，便宜不少。不过这个海底世界比较小，鱼的种类不多。下午去的，海狮表演已经没有了。不过在海底隧道里隔半小时有一表演。总体来说一般，如果不等表演的话，整个馆半小时就能看完。,1
1842,十一去的人太多了有些挤灯光太暗里边太闷了地方有点小,0
1843,换票很方便啊！就是越来越小了，真的没有海豚啊，鲨鱼啥的！建议还是去北京海洋馆或者富国海底世界吧！,1
1844,孩子玩的很开心，下次还带孩子去玩,2
1845,还好，没有想象的大，美人鱼的表演还可以。,2
1846,带孩子玩了一圈，小家伙很是开心，期待下次...,2
1847,有点小，不过还是小孩的最爱，有空就过去转转,2
1848,挺好的 9.5号下了一天的雨 带父母去海底世界玩一圈,2
1849,海底世界展馆有点小，电视塔还行,0
1850,票价略贵，感觉里面没啥东西,0
1851,短信取票非常方便，周日下午去的，都没排队，赶上了美人鱼表演，还是挺好看的。,2
1852,真的不好啊，先前去过青岛极地海洋世界，简直没法比呀，这里鱼的种类少，而且很多是小鱼，企鹅死气沉沉的，设备简陋，里面卖小礼品的很多，快餐价格是外面的三到五倍左右。不值得去呀,0
1853,门口的黄牛票比团购的价格低，里面特别小，很热，传送带是坏的。设施老旧，鱼的种类很少。海豹表演另外收费，15元，最长十分钟。强烈建议大家别花这个冤钱了！还没有买观赏鱼的市场种类多呢！,0
1854,虽然场馆不是很大，但是对于小朋友而言还是很不错的。,2
1855,时间过的好快，点评的晚了些，在去哪儿网上订的票，取票很方便，海底世界不错啊，和想象中的一样好玩，美人鱼表演超美喜欢,2
1856,在售票点，有人问我网上多少钱，我说网上便宜点，我告诉他去哪网有返现，哈哈???,2
1857,去晚了，没看到任何表演，有些遗憾了。大家早点去,0
1858,第一次去海洋馆，被美丽的水母震撼了,2
1859,不好看都无语了，跟想象中的不一样,0
1860,不错哦，离家很近，曾经带孩子去玩过，这次带妈妈和侄子去玩，挺喜欢的，就是小些。,2
1861,挺好的，环境也不错！周末可以带孩子去！网上订票很划算！,2
1862,还漂亮的，不过有点小,1
1863,海底隧道，值得一看！感觉还行！,2
1864,不错，很好玩，还回再去的，孩子非常喜欢,2
1865,有点小，没一会儿就转完了，再多些景色和玩意儿就好了,0
1866,很早就听说过这个海洋馆！但是去了才发现很坑！明票贵！场馆小！半个小时全部搞 定动物表演也是敷衍不堪！看了都想睡觉！也没有什么服务员一说！不过里边海底隧道还是很漂亮的！但是还是短！没怎么看就没有了，也没有什么特别的东西！可能是旧馆的原因！,0
1867,虽然不大，但很漂亮，非常喜欢，老少皆宜。,2
1868,"还可以 蛮不错的,有机会一定在去耍耍啊,带小孩带朋友都可，让你清凉一下",2
1869,还可以,1
1870,很值得一去，交通便利，海洋生态物种资源保护。,2
1871,比动物园里的海洋馆要小一些的，性价比一般,0
1872,馆址在西三环中央电视塔下面，交通方便。有海底隧道、有海豹表演、人鲨共舞表演、动感影院，值得看看,2
1873,很不错玩的很开心，  【性价比】很好觉得不亏，和女友来很好的增加感情呢,2
1874,小时候自己去过，现在带孩子去，挺不错的,2
1875,值得一看的地方啊！小朋友们看不够,2
1876,海底世界博览馆很漂亮，准备带孩子去玩,2
1877,海底世界博览馆挺大的，海洋生物种类很多，值得一玩,2
1878,偏小，人多，停车还算方便，整体一般,1
1879,这里环境好，鱼的种类也多，孩子玩的挺开心的,2
1880,比动物园的海洋馆小一些，品种还算齐全。,1
1881,博览馆是集科普教育、观赏娱乐于一体的综合性现代化博览馆，门票贵，场地不算太大，里面布置的有点不大合理，感觉很拥挤，里面有几百种海洋生物，有海豚表演，有企鹅馆，还有美人鱼表演，算是比较吸引的项目，里面的水母，珊瑚配上灯光效果，也都还不错，还有一个专门给触摸海洋生物的地方，因为小孩太胆小，所以也就是随便看看了，里面有卖纪念品的地方，但是选择不多，也就算了。,2
1882,去过几次了，规模还可以。价格稍贵,1
1883,值得带孩子去体验海底世界的风采，日常打卡,2
1884,就是有点小 10多分钟就逛玩了,1
1885,个人觉得很好看的海洋馆，值得一看,2
1886,海底世界博物馆真的挺好的。值得带孩子来看看。,2
1887,人多拥挤，不好的体验。 【性价比】,0
1888,带小朋友去还不错，里面不是很大。,2
1889,海狮表演很有意思，孩子喜欢，人鲨共舞也不错的，整个展馆不是很大，所有都是浓缩的精华，性价比很高,2
1890,最差的海洋馆，没有之一，真的是非常差,0
1891,可以说是见过最差的海洋馆，千万千万不要来。一个小小小的海洋底遂道，鱼少；5种水母，再无可看。海狮表演40元 15分钟，要叧外买票。被的士司机骗来的。,0
1892,比较老旧 表演很精彩 性价比不错 比北京动物园强,2
1893,不值得去，性价比太低。里面通风不好味道也不好。尤其同样价格门票看了新加坡的海洋馆，感觉水准差太多了！,0
1894,没有对比就没有伤害。去过北京海洋馆几次，虽然票价比这边贵，但绝对值得拥有。这个海底世界真的好差的，水浑浊，馆内通风好差，好多鱼拥挤在一起，没有美感。唯独两个好玩的是DIY＋5D电影，电影需要单独花钱。美人鱼表演，简直就是糊弄啊，另外可以找个瘦点的么？海狮表演单独收费，在其余地方看过大型海狮表演的我们，都没兴趣单独进去…,0
1895,带着小孩为期一周的北京之行结束，去的最差也是最后悔的地方便是这个所谓的海底世界博物馆。当天的行程本来是去海洋馆，从动物园地铁站出来之后（北京海洋馆在北京动物园内），地铁口就有人招揽游客去海底世界，说是不远，15块钱送到，而且说海底世界要比海洋馆好，之后就过去了，到门口后一张票170，包括海狮表演和什么5D电影。进去后就后悔了，场馆非常小，而且暗，空气特别不好，非常拥挤。当时正好赶上海狮表演，海狮表演馆很...,0
1896,设施很陈旧，场馆很小，本来要去海洋馆，动物园站下车后有人招揽，说挺不错的，到了之后很失望，感觉被骗了，看完海狮表演后又去了海洋馆，差评吧，不推荐去。,0
1897,门票相对北京海洋馆要便宜，但馆内设施略显老化，更新修缮不及时。,2
1898,【景色】优美 【趣味】性强 【性价比】挺高的。很多年以前去过，近期又带孩子玩了一天，不错！方便，关键是离家比较近！孩子喜欢。,2
1899,还可以吧，没有过去几年有意思了,0
1900,这里很不错，很适合孩子们来玩，地方也很特色，特别是在海底的时候，两侧都是鱼群，非常美丽，感觉自己就在海地，孩子高兴的不的了，吃的也有，可以看3D电影，参观海底动植物展览，非常高兴的一天，小宝宝说下次还来。,2
1901,环境不错，适合带小孩去参观，好多种鱼类，还可以和海豚互动。,2
1902,不错的带小家伙游玩学习的地方，长知识,2
1903,还可以吧，周末时带着娃去玩玩吧！,1
1904,中央电视塔下面，海底世界的博物馆,1
1905,值得一去的地方，朋友推荐，很梦幻的感觉，准备月底出发，心情很好,2
1906,与富国有点重复，特色不鲜明，没去过的可以去看看，但不是那种会反复去的景点。,1
1907,海底里物种很多，很新鲜，趣味十足,2
1908,还可以吧。就是按票价来说贵了些。里面很小传送带特挤。不建议节假日去,0
1909,游玩的地方太小 空气也不好  简称一个大鱼缸观赏区 海底世界的名字叫的太大了,0
1910,和家人去的很好玩，景色不错，值得推荐,2
1911,经常全家人一起去玩的地方，品种很丰富的,2
1912,内容很丰富多彩，适合全家一起玩的地方,2
1913,设施品种都很好，孩子特别爱去，值得一看,2
1914,带孩子去过很多海洋馆，硬件就这儿好！软件投入也大。环境和服务到位。,2
1915,性价比一般，感觉内部更新不足，有些老旧。,0
1916,我的妈我从来没遇到过这么小的海狮表演场地，吵死了，直接不看了，反正我个人觉得小，炒，乱,0
1917,还不错 票价有点贵 故宫门票才多少钱,1
1918,在中央电视塔底下，下午逛完，晚上可以区电视塔旋转餐厅看夜景，挺不错的,2
1919,很小，一俩小时就能转完，适合小朋友来，玩起来不累，就是设施有些陈旧了,1
1920,总体不错，孩子喜欢海狮表演，企鹅也十分招人喜欢！不足之处就是场馆太小了，海底隧道也就100米，5D电影跟欢乐谷一模一样，非常失望，而且里面的饭太贵了,0
1921,相比价格真心不值，人多，地方小，没有特色。,0
1922,因为没有去过其他海底世界，没有对比，单纯这次的行程看也不错，看了海狮表演和人鱼表演，孩子很开心。海底隧道不是特别长，看到的海洋动物种类还是很多的,2
1923,"非常好玩，景色nice,值得来玩",2
1924,就很纠结为什么平台可以买学生票而现场不能。。平台买票便利了，但是本应该存在的东西却没了？？ 灯光等设施还好 海底世界也很漂亮 就是感觉环境有点儿小 还没有看够。。,2
1925,闺女想去海底世界，就近选择了太平洋，感觉内部维护不够，表演观看区的设备如椅子等都已破损，没有及时维修。周末人太多，建议平日去。,0
1926,交通很方便，没有青岛的海洋馆大，但是里面的海洋生物品种还挺丰富的。,2
1927,面积很小，商业氛围浓，趣味性差，不值得一看,0
1928,千万不要去，花10块都觉得亏。海底隧道里臭哄哄的,0
1929,还可以，离家近。但比较小。可以一看吧！,1
1930,形形色色的鱼类，海龟，企鹅，水母，还有海狮表演，潜水表演，海底隧道，孩子看得特别兴奋，看了5D电影，沙漠过山车，孩子看到意犹未尽，回家的路上，一直嚷嚷着还做过山车,2
1931,一般，人不少，有海豚表演，有美人鱼表演，动物品种挺多,1
1932,到门口买票，就因为孩子高了一厘米不让买儿童票，最后没进去，我们上电视塔都是半价，就这破海洋馆眼光也就一厘米。,0
1933,好多海底的鱼类，还有海龟很大只，看得眼花缭乱。孩子玩的很开心,2
1934,很不错，有美人鱼表演，很适合小朋友。,2
1935,环境太差，那个海狮表演简直是坑，不建议购买这个前，浪费钱,0
1936,很完美的一次旅行你要景点又多，又好玩。很高兴,2
1937,场馆的规模不是很大，能看到人鱼表演，觉得挺精彩。,2
1938,不值得去，场地非常小，这个应该是一个比较老的海洋馆，海底隧道非常短。20分钟就能看完！,0
1939,总体不错 海底隧道再长点就好了 海狮表演也好看,2
1940,成人最好不要来，十分钟逛完所有，在路上的时间都比看的时间多，非常失望,0
1941,我的天，就没去过这么次的海洋馆，门票120，还没有我在长春的大，真不知道那些好评怎么来的,0
1942,有小孩的，带小孩去还是不错的选择,2
1943,还可以，孩子们玩的很开心，有时间再来,2
1944,小朋友很喜欢这个世界……时间也不会那么多,2
1945,场馆规模不大，海底动物种类还不少。,1
1946,就在中央广播电视塔下面，面积不是很大，海底世界很漂亮。,2
1947,好，非常好，第一次在电影中也体验到了过山车的感觉,2
1948,对方虽然不是很大，但是还是挺漂亮的，各种海洋生物，挺丰富。,2
1949,整体来说还行吧，就是人特别多，别赶节假日,1
1950,非常不错的博物馆，很有趣味性，推荐。,2
1951,还可以吧，如果能增加一些互动性项目就好了。,1
1952,夏天去，感觉好闷热。吃东西又贵又难吃。,0
1953,挺好的，小朋友喜欢。关注好表演时间，不要错过。,2
1954,相对于外地的海洋馆不算大，但是里面有趣的海洋生物很多,2
1955,十分满意，服务到位，舱内整洁。今年乘坐了多次，感觉十分不错，服务周到体贴，机上餐饮干净丰富，不够吃，还可以多给一份，对于长期奔波外省市的人，很是周到,2
1956,地方不是特别大，但是挺漂亮的海底世界，各种海洋生物，可以去看看。,2
1957,适合带孩子去看看各种海洋动物，还有各种动物表演，很吸引孩子们,2
1958,太平洋海底世界是孩子们学习海洋知识的天堂。,2
1959,孩子在这里玩的很开心，一如既往关注,2
1960,孩子小的时候带着去的，适合带小孩游玩,2
1961,带小朋友去游玩的，总体来说还不错吧！适合老人和孩子游玩。,2
1962,在中央电视塔下面，登电视塔免费赠送门票。,1
1963,不好，没有经验，一次失败的旅行，很小没有人,0
1964,儿子很喜欢！老公也喜欢！我也喜欢！！！鱼好看！,2
1965,人不多，偶尔带小朋友转转还蛮好的,2
1966,带着小孩去比较好，欣赏一下漂亮的小动物。,2
1967,很一般般，与其叫做海底世界，不如叫做水族馆，对人，对动物，都是一种折磨,0
1968,地方不大，但内容丰富。该有的基本都有了。帝企鹅是亮点。,2
1969,海豹表演还不错，海豹个头很大，顶球很厉害，海洋动物偏少。一会就转完了。,1
1970,意犹未尽 北京的肯定就是最好的不管是服务态度还是什么就是比外地的强多了,2
1971,还不错吧，去过两次，带孩子去过一次，毕竟孩子没去过海洋世界，个人觉得规模太小,1
1972,我只能说北京城的这个海底世界一般般吧，没什么可看的，其他城市的也不比它差,0
1973,是孩子的好去处，不过人多了些，不过北京热天的选择，至少在里面不热,2
1974,带孩子去很合适，特别是海狮表演，,2
1975,不错的地方值得推荐一下给大家了还是不错的。,2
1976,大失所望，不用着急半小时转完，100多块,0
1977,很好，很美丽！有点小，有点挤，海狮表演特别好玩！！！哈哈,2
1978,海底隧道观赏鱼儿畅游，企鹅馆看企鹅活波游水，与游客互动，近距离观看海马。夏季避暑好去处。,2
1979,太小，全部转下来二十分钟，价格高的离谱，不值…,0
1980,赞一个，特别喜欢海洋的感觉和各类海洋生物,2
1981,喜欢海洋的感觉，各类海洋生物，赞一个,2
1982,人很多 海豹海豚表演十分精彩 值得一看,2
1983,去过一次，带娃去的，有点热不大，住附近玩玩可以，门口找人有特价票,1
1984,只是觉得海豹很好看，企鹅都没怎么看清楚，各种鱼还有好多水母,2
1985,环境不错，挺好的适合小朋友玩乐,2
1986,非常不错的海洋公园，很多海洋动物展出 还有海狮表演。,2
1987,进了海底世界，老妈人也精神了！背也不驼了，走路也快了！这儿照相，那儿照相！脸上始终开着花！,2
1988,我觉得没有倾倒的海洋馆大但是还是不错的,2
1989,还不错，看到各种奇异的鱼，带小孩一起玩更有意思，有机会下次还去!,2
1990,比动物园的海洋馆略小，但是海洋生物也挺多，逛完电视塔，再带孩子看看海底世界，也不错,2
1991,非常好！孩子大人都很喜欢！朋友全家非常喜欢，夸我招待客人有方法！,2
1992,百种海洋生物，凶猛的鲨鱼，多彩的珊瑚鱼。,1
1993,景点太小，一个小时就逛出来，实在没什么意思，价格也不便宜,0
1994,市内就这两家海底世界，带孩子玩玩，倒是值得一去,2
1995,鱼类比较繁多，近距离接触，值得一游,2
1996,不好玩，120，五分钟就逛完了，隧道太臭太挤，动物也不多，地方很小,0
1997,下次还想去。去看看海狮等的表演。,2
1998,非常好，孩子们乐的了不得！！！！！！,2
1999,还行吧，全是海底动物鱼类！去一次看看就行了！,1
2000,好小的海底世界，性价比好低哦，一会儿就逛完了。,0
2001,交通方便，面积小了些，里面的海洋生物并不仅仅是太平洋里生活的,2
2002,最开始买电器送门票的，那会这类项目很少，所以特别吸引人,2
2003,值得一去，还可登电视台，眺望北京城和西山。,2
2004,厂馆规模不大，感觉一般。宝宝好像不太喜欢,0
2005,太平洋海底世界位于海淀区，这里展示的海底动物太多也太美了，来过这里的朋友都知道的，欢迎小朋友来这里参观一下。,2
2006,太平洋海底世界，海里的动物太多了，可以看到在别的公园看不到的动物，太美了，太漂亮了。,2
2007,这个去了，没有动物园的大，都是在市里有这样的动物园，感觉还是不错的，孩子能快乐的看完全部挺喜欢的，在电视塔的下面，挺好的。,2
2008,种类还是比较少吧，就一层。人也不多就是,0
2009,这个去过，不是很大，但还算是可以吧！,1
2010,里面不大，站在自动的隧道里半小时能转好几圈，值得一体的是有美人鱼表演，和中央电视台相连，一起游览很赞,2
2011,特别好，希望有机会还去，值得推荐,2
2012,当时特别兴奋跟姐姐一起去，特别喜欢水母。特别漂亮,2
2013,很小，经常有旅行团，比较拥挤，动物种类还行，就是比较少。就是离家比较近,0
2014,在中央电视塔下，总面积不算太大，孩子还是比较喜欢的，尤其是动物表演,2
2015,离家比较近，但是设备较旧，需要维护了,1
2016,还行 就是比想象中的小一些 比较好找 交通业很方便,1
2017,周末带孩子玩的，没去过海底世界，第一次去，感觉有点小，里面孩子玩的最多的就是吃奶鱼，10元一小奶瓶，2分钟就喝完了，很费钱的，再一个就是企鹅了，都是小企鹅，都站在岸上，偶尔下水游一圈，很好玩，鱼的品种不是很多，但是足够孩子认了，总体讲还是可以的。,1
2018,带小朋友值得一去，里面感觉很新奇！印象深刻！乘着年轻，乘着还能走，多走走多看看,2
2019,海狮表演很不错，虽然地方小，但人也不多。,2
2020,孩子一岁半，带着她去海洋馆非常惊喜。首先看到的水母就足够惊艳，很美。孩子刚看到时候还有点害怕，但是真的太漂亮了。热带鱼也很可爱，关键是海底隧道太赞了。孩子眼晴都不够看的了，还看到了人鱼共舞，总之很值得去。,2
2021,地方很小 环境一般 娱乐的地方基本没有 不推荐,0
2022,早就想来太平洋海底世界，果然名不虚传，里面的海洋动物很多，小孩子非常喜欢，不停拍照留影，还有各种海洋动物表演，就是人很多，需要照看好小孩。,2
2023,周末带着孩子来的，人很多，还有专门的海洋通道，好多好多叫不上名字的鱼，还有美人鱼，孩子很欣喜。不错。,2
2024,里面不是特别大，做成海底一样，仿佛漫步海底，但是环境比较密闭，空气不是那么好，给小孩子不一样的体验吧,1
2025,7月中旬带孩子去的，里面海洋生物很有趣，孩子挺喜欢，就是有点小，没用一个点就游完了。,2
2026,挺好的，挺大的，而且水族生物很多。适合大人小孩儿。水底世界比较有特色。门票小贵，但比较值得。,2
2027,景区很大，带着孩子去的，鱼的种类还可以，水母很好看。还有海狮表演，很精彩，值得推荐。,2
2028,带着孩子去的，孩子很喜欢，还有海狮表演，很精彩，值得一去,2
2029,太小，人超多，鱼的种类不太多，海狮表演很有趣,0
2030,很好的景点，孩子很喜欢，就是十一人太多。,2
2031,人很多，很多节目都没看到，可能是假期的缘故，人太多没怎么玩，空闲时间还是值得玩的,0
2032,海洋公园还是不错滴……但还是不能和海底世界相比....,2
2033,不错。孩子玩的很开心。下次还会再来，孩子最喜欢海底世界。,2
2034,人特别多，里面的东西还是不错的，就是人太多了！,2
2035,带小孩去玩是个不错的地方玩的花样也多孩子都不愿意出来了,2
2036,性价比很高。这个海洋馆不大，但小而精致，带孩子逛不累，所有项目都看完也不过半天，很轻松，也很好玩，特别是小朋友非常喜欢！,2
2037,景点不错，设备还行。就是人多，稍微差点景观大道,2
2038,地方太小了，景色也没想象那么好，人还多～就看人了…,0
2039,海底世界，总体评价嘛——不怎么样。说起来也去了几个海洋馆了，但是总有再去看的冲动。动物园的北京海洋馆、工体的富国海底世界、大连的老虎滩极地海洋动物馆、香港的海洋公园，曾以为富国是去过的最没劲的，没想到这次它被彻头彻尾地打败了……推荐大家如果要去北京的海洋公园，还是选择动物园吧！,0
2040,一般吧，首先人比较多，其次卫生条件差。,0
2041,第一次去海洋馆，感觉很震撼。虽然是暑假，选择周一上午出行，虽然路上堵，但是人并不是很多。看了美人鱼表演，不错。看了海狮表演，爸爸很喜欢。水母好漂亮！,2
2042,去的时候是放假时期，人太多了，没能好好欣赏海洋动物们。建议在平常的日子里去。,1
2043,人很多，空气质量不好，在里面太热。带孩子去，孩子很喜欢。,2
2044,说实话，比起青岛，烟台的海底世界，这里还是有不小的差距的，不过附近的朋友就近来看看，感受一下还是可以的。,1
2045,到了目的地，通过网上订购门票成人75元，走进去，是室内的，感觉大小，动物太少，连鲨鱼都没有，很失望，没有成都的好。,0
2046,太小，相比动物园的海底世界，性价比不高！,0
2047,节假日人山人海，海狮表演时间短，比起动物园的海洋馆有点小，种类也少，若不比较也还好了。,0
2048,北京三大海洋世界之一，没有北京海洋馆那样壮观的海豚表演， 没有富国海底世界壮观的海底长廊，但珍惜动物还是挺全的,2
2049,长长的海底隧道是我最深的映像，其实去的时候还小，好多动物都记不清，就唯独海底隧道给我的印象最深。,2
2050,名字起的比较大气，但实际上远没有它的名字好听和好看，太平洋海底世界里面的海洋生物并不多，种类也不多，表演水平也是相当的一般，不过在北京没有其它可以替代的情况下还是有不少来这里科普一下海洋生物学的。,0
2051,第一次从里面走的时候，感觉很神奇。还有小白，很可爱。,2
2052,带父母及孩子去的，感觉还可以，由于是过节期间去的人比较多，而且动物表演要单收费。,1
2053,好多是团来的，进门需要安检，瓶装的饮用水是不能带进去的。地方不是很大，走走看看一圈大概需要一个多小时，海底生物很奇妙,2
2054,我们那一次的遗憾是去的有些晚只观看了海豚表演没有看到水下美人鱼表演，再去的话一定要补上。,2
2055,赠送的表演选择了4D影院，能体验到“真实”地过山车效果，可惜没领略身处海底的那种感觉。人鱼表演没有赶上表演时间，海底隧道能够让人仿佛置身海底，但是娱乐项目偏少，不够尽兴。,1
2056,那里不大，海狮馆才五分钟就演完啦。去的时候转动的电梯也坏了。还看着不干净。总之也还算可以吧,0
2057,不错，就是鱼比原来的少了很多，期待新品种的引入,1
2058,电子票不享受看动物表演，不过动物的种类还是挺多的，今天还赠送了一个节目，动感影院挺好看的，很逼真。,2
2059,海底世界倒还不错，就是地儿小人多！旋转餐厅更甭提了，简直是坑爹！,0
2060,建议大家尽量平时来这里，如果遇到节假日会有许多旅行团来，本来地方就小，人一多，就感觉嘈杂了。适合带小朋友来，看看各种色彩斑斓的鱼儿们，来回穿梭。运气好的话，可以看到饲养员喂鱼。另外可以花钱，让小朋友体验奶瓶喂鱼活动。,2
2061,个人感觉比较一般，是今年出行觉得比较没意思的一次了。门票挺贵的，建议大家在网上预约，这样会比在售票处买票便宜一些。亮点是企鹅，数量挺多的，憨态可掬，很多游客都在围观久久不肯离去。有很多好看的色彩绚丽的观赏类的鱼和海龟，透明的水母在各色灯光下也分外好看。缺点是海底世界太小，如果不放慢脚步下来的话很快就可以走到出口，海底隧道不是很长，因此的话想游览久一些的话可以来回多走一遍，这一点也是比较失望的。或许...,1
2062,一般般，规模不是很大，以为和北京海洋馆差不多呢，有点后悔图近没去北京海洋馆,0
2063,今天带着宝宝去看鱼，也许是正好五一假期，人超级多，不过水母、珊瑚都不错，海底隧道人太多了，电蝠、海龟、和部分色彩鲜艳的鱼群处都有很多人在拍照，严重影响通行。保安一会儿拿着大喇叭到处嚷嚷，让人很不舒服。也许非节假日或许会好点。,1
2064,数九寒天，万物凋零，此时看室外的风景还真是没什么可看的，加上天气寒冷，冬季的旅游还是参观室内的景点为主。,2
2065,这里面有很多奇奇怪怪的鱼类，还是蛮有趣的，可以带孩子来看看。海底世界由小池区、触摸池、企鹅馆、海底隧道、海豹表演区、人鲨共舞表演区、海底沉船、动感影院、礼品店、快餐店、电脑科普教室等部分组成。,2
2066,孩子还是玩得很开心的，就是海狮表演时间太短了，只有五六分钟，孩子刚进入兴致勃勃状态表演就结束了。,2
2067,团购去的，虽然小但孩子看够了，而且人也少。不满意的就是喂三次牛奶鱼可以照相，打印的照片太次，还不如不送。其他都不错！,2
2068,在这里，你将欣赏到各种美丽的海洋生物，领略到海底世界的动人景色。馆内有数百种海洋生物，大到凶猛的鲨鱼，小至绚丽多彩的珊瑚鱼,2
2069,大城市的电视台下面都有海洋馆，这里有，东方明珠也有，海底世界可以不要去，能看的东西都差不多，靠近玉渊潭。,1
2070,场馆有一点点小，电子票不享受看动物表演，不过动物的种类还是挺多的，里面环境有点不好，太商业化了。还有如果去电视塔，就买旋转餐厅的饭票，送电视塔和海洋馆的门票,1
2071,去看看还是可以的，性价比不高，看动物表演要多收15元，里面还有点潮，偶尔去一次还可以吧。,1
2072,太平洋海底大世界，有很多各种各样的小鱼， 真的是很美了很花的呢，,2
2073,太平洋海底世界的规模比较小，主要以展示海洋生物为主，还有精彩的海豚、海狮表演。,1
2074,规模不是很大，但也挺不错的！海底隧道挺好玩的，里面的动物表演也很好,2
2075,在中央电视塔下方，一层，围着塔一圈，都是这个地方。 非常小，里面的动物也很少，也就是旅游团会来这里吧。 如果去的话，可以去看里面的海豚演出，这个还不错，记得要提前看时间，错过了就可惜了。 不建议单独为这个过去看，不到一个小时就看完了，很快。,2
2076,有个参观的轨道，第一次从里面走的时候，感觉很神奇。除了水母有点意思，其他的都没有达到预期效果。,2
2077,海底世界在海淀区，坐车去很方便，这里真的超大的，海洋生物种类特别多，很多没见过的东西，都萌萌哒很有趣。,2
2078,这里地方不大，人也不多，最漂亮的要数水母馆了，有大有小，很多，很漂亮。推荐看看的了。,2
2079,里面有给小鱼喂食的活动，非常受小朋友欢迎，会播放海洋的一些科普知识，所以寓教于乐,2
2080,里面的海师表演还可以，值得带小孩子观看！如果没见过现大的海洋馆之类的，到也还可以参观一下，孩子很喜欢这里。,2
2081,这里好多可爱的小生物，小精灵，好遗憾，从小都没有见过，也都没有听说过，好多北京的小盆友来这里，我想这就是差距吧，他们很小就能见到的我工作了才有机会见到，以后一定要带上我的宝贝游览各处，开阔眼界。,2
2082,里面的海师表演还可以，值得带小孩子观看！如果没见过现大的海洋馆之类的，到也还可以参观一下，去过大连极地海洋馆的觉得这个太小太小了！票价性价比不算高，水也不能带进去，里边买贵了两三倍！,2
2083,门票是90，加上看海狮表演15，一共105。 感觉一般吧,0
2084,太平洋海底世界里有许许多多的海洋动物，而且还有精彩的表演，小朋友去了直呼过瘾，一直说还要去看。,2
2085,这个海洋馆是有点小了，就在北京电视台塔那里的，带小朋友的是可以去看看，动物不多，海底隧道小，表演也是很短的，时间赶不上，就看不到了，以前去的时候里面还能自己钓小鱼。小孩子会玩的很高兴,2
2086,这里地方不大，人也不多，要数水母馆最漂亮了，很多，很漂亮。景色看的不错。非常值得来一下。,2
2087,人也不多，最漂亮的要数水母馆了，有大有小，很多，很漂亮。景色看的不错。有个参观的轨道，第一次从里面走的时候，感觉很神奇。,2
2088,地方不大，人也不多，最漂亮的要数水母馆了，有大有小，很多，很漂亮。在北京市海淀区西三环中路11号中央广播电视塔下,2
2089,里面潮潮的，地方不大，人也不多，最漂亮的要数水母馆了，有大有小，很多，很漂亮。景色看的不错。有个参观的轨道，第一次从里面走的时候，感觉很神奇。还有小白，很可爱。,2
2090,空间狭小，鱼类少，什么都收费，不让带水，服务少，质量差，旁边的票贩子多，坑人，总之是去过的海洋馆最差的了，不推荐去,0
2091,里是北京第二个海底世界景点了，这里不仅可以看到美丽的海洋鱼类和生物，也会播放海洋的一些科普知识，所以寓教于乐，很受孩子喜爱。,2
2092,很好看，里面有许多海洋生物，还可以进去潜水，就是有些贵,2
2093,真不值得一看，要啥啥都没有。被人忽悠过来的，和老公从进馆到出馆，全程15分钟。特别失望！门票还90块钱！纯粹就是骗人的！,0
2094,我们今天上午去的，有各种鱼各种海洋生物。我们玩的特别开心人太多太挤。里面有饮料还有简易食品的,2
2095,这里的海洋生物种类还挺多的，大的小的应有尽有海洋生物有上百种，这里一些表演也都是很漂亮的，特别好看。,2
2096,跟海洋馆和富国比起来，这里算最差的。设施陈旧，鱼的种类不算很丰富，介绍的标牌也不很清楚。不过企鹅还是很可爱的，小宝看的也很开心～,0
2097,里面有好多好多漂亮的鱼啊，很喜欢晶莹剔透的水母，喜欢颜色鲜艳的珊瑚礁，喜欢大鲨鱼，值得来看一下的,2
2098,小区后面的景点。还可以。比动物园那家海洋馆小,1
2099,规模不大，是旅游团的定点参观单位。设在电视塔楼下。如果参观电视塔顺便玩玩也可以考虑。如对海洋动物感兴趣，建议去动物园内的海洋馆。,2
2100,很有特色，特别适合孩子儿游玩，到北京必去景点之一！,2
2101,这个地方平时人相对少些，不过是旅行社常光顾的地方，所以很吵闹！很多游客嗓门超大还喊来喊去的，素质低的多一些。单独消费的10元一次有喂鲤鱼、喂海豹。孩子倒是很开心就是量太小了。整体转完大概一个小时左右，海洋表演我建议就不用看了，一共才五分钟的表演，都不够等的时间，最可笑的就是解说的，在旁边三页的A4纸，就光念，再加上音乐真是听不太清楚。想看动物表演的亲们还是去动物园那个海洋馆吧，这里肯定会让你失望的。海...,0
2102,环境比较旧，以前隧道电梯是开的，现在不开而且隧道里比较暗,0
2103,带上小宝宝去玩，就是有点小贵啊，不过景色还是很好的,2
2104,里面有一段水底走廊，那个走一遭就感觉门票钱值了,2
2105,离家最近的海洋馆，虽然没有那些大的海洋馆物种多但是带小朋友去也够看了,1
2106,地方小了点，没有感受到海底的震撼，并且人挺多，看的不太爽，关键是鱼的旁边没有图文介绍，看了半天不认识。。。,0
2107,这里的海底世界很好玩的，小朋友也都很喜欢来这里的 我是带我的小侄子来的，他特别的喜欢这里的,2
2108,不错，值得一看。在北京这个不靠海的城市，也就不错了。,2
2109,比较小，没多长时间就逛完了,1
2110,虽然我和爱人感觉太平洋还是偏小了，但是宝宝和爷爷奶奶还是很开心的，鱼类多，其他种类还是偏少，海底隧道有一部分很暗，应该是灯光问题,2
2111,动物非常可爱，但是服务相当差劲，我买了三张票，因为我老公来得晚，不能进场，当天的票既然过15分钟后无效了。本来两口子带孩子想开开心心玩一天，气死我了。去过N多个景点第一次遇上这种情况。总之以后免票我也不想再去了。,0
2112,这个海底世界里面的水下动物，十分的可爱，种类根本数都数不过来，手机里的相机照片都快存满了,2
2113,环境不错，很适合带孩子去玩，海底隧道，美人鱼表演，海狮表演都很精彩,2
2114,周末时间人有点多，需要排队，地方不是很大，鱼的种类挺多的，有海龟，企鹅，海母，海狮表演场馆有点小。,1
2115,比较小，不过算是很老的海底世界了,1
2116,比较小，和富国海底世界那家差不多，海洋动物的种类比富国要多一些，有企鹅，适合带孩子来，1、2个小时就逛完了，也有海豚表演，时间好短，等待时间却很长，还可以吧，不如北京海洋馆。,1
2117,很久以前去过，孩子们看海洋动物的地方。,1
2118,一般，比不上动物园的海洋馆。,0
2119,小孩子应该喜欢，就是太小了东西太少,1
2120,在北京能建个海底世界也算是相当不容易了，虽然有点小，不过鱼的种类还挺多，也可以另外花钱看表演,2
2121,和其他的海洋馆比起来小了点，但是五脏俱全。还是很不错的，而且离家近,2
2122,就在北京的电视台下面，面积很小，动物也不多的，天晴的时候可以把电视塔一并看了。,2
2123,海洋世界很小，带小朋友的可以来看看，要注意好动物的表演时间，海底隧道非常漂亮，自己带点吃的。,2
2124,服务态度相当的专业，可供选择的项目很多，这个必须给的赞,2
2125,总体的还说不错！就是小点！要是表演在多点就好了！,2
2126,带孩子去的，值得推荐。孩子玩的挺开心的，值得推荐,2
2127,一般般的地方，环境不怎么样，能玩就行,0
2128,这里不大，但却有着数百种海洋生物，大到凶猛的鲨鱼，小至绚丽多彩的珊瑚鱼，看着那些各种美丽的海洋生物，真的让人感到心情愉悦。,2
2129,不好，动物光有个名字，连个介绍都没有，太差,0
2130,约会的时候来这里看看海洋动物还是很高兴的 只不过感觉一般 海底通道不是很长 设施也一般,1
2131,海底世界很一般啊，这种条件也要这么多消费，不是很理想,0
2132,非常一般的海底世界，那个海豹脏的很，没什么稀奇的东西，很失望,0
2133,这个海底世界的海底通道就是有些短，才50米不到。小孩就是在海底通道里很开心，其他地方一般。,2
2134,这次是带着老家来的孩子和老人一起去的，整体感觉比较满意，还赠送了一个4D体验，感觉真好，下次再来，,2
2135,这里好多的海底生物，好漂亮的珊瑚。还有美人鱼的表演。,2
2136,面积太小了，4D电影效果不好！工作人员态度也一般！带孩子去的，小孩子不给眼镜，挺次的！！！以后不会再去了！,0
2137,无论地方、环境都没有北京海洋馆好，鱼的种类也没有北京海洋馆的多，性价比不高。,0
2138,里边不是很大，最吸引就是企鹅，很萌，海狮表演的时间很短，隧道也很短、,1
2139,可以看到美丽的海洋鱼类和生物，也会播放海洋的一些科普知识，会看到美女或是帅哥穿着潜水服在喂鱼或者和鱼嬉戏、很有意思！,2
2140,美人鱼的表演非常好，红色的鱼尾，很像海中的精灵，海底隧道和海豚表演也都不错。,2
2141,海洋馆还是很好玩的，美人鱼好漂亮，真担心她每天游这么多，对皮肤不好，每个海洋馆的最好玩的都是动物表演和海地观景大道、,2
2142,小孩子的世界，环境非常好，周末可以带孩子来,2
2143,很好玩的一个海洋馆，里面的鱼类很多，还有很有趣的动物表演，是个比较难忘的经历。,2
2144,里面的美人鱼表演挺好看的，但是我毕竟是大孩子了，总觉得不是很好玩，适合情侣或者是家里有小朋友的去，当时去的时候里面有好多人，比较吵，但是整体上还可以~~,2
2145,感觉没有工体的富国海底世界好看，无论从规模、种类还是场馆上都要逊色一些。种类很多 感觉不错 尤其是玻璃管道的地方,2
2146,现在基本到处都有海洋馆，这里的面积不是很大，里面的展示鱼种还算丰富，不过更加适合小孩前往。,1
2147,美人鱼表演很精彩，就是馆有点小，小孩子太多，有点吵闹，环境比较幽暗，适合谈恋爱,2
2148,海洋馆一般都是小孩子比较喜欢来玩，情侣来约会也是可以选择的。算在市中心，所以交通也很便利,2
2149,孩子们最喜欢来这里，环境也很不错的感觉。可以去看看了哈，里面的鱼儿种类也很多的感觉，环境也很不错的哈。,2
2150,带孩子来玩的，小家伙很开心，因为这里除了可以看到很多珍惜鱼类外，特色的海底隧道能近距离看到海底珊瑚加鱼群的美景,2
2151,很好，鱼很多，有很多奇怪的鱼，跟朋友一起去的，他很喜欢各种鱼，看了很久，还去看了海狮表演，但是觉得表演的不好呢。,2
2152,算是很好找的地方，一路上有好多票贩子会问你买没买票，虽然告诉他们买了，但是他们还是会告诉你海底世界的方向。换票也很顺利，还增了一种演出，在里面标价十元的，看了还是表演，感觉还是表演不是很专业，但是喜欢还是的朋友看着应该也是很好看的。,2
2153,小孩特别喜欢，鱼儿多多，特别兴奋， 打算以后还带小孩去玩玩,2
2154,太平洋海底世界博览馆，面积太小，不值得一去，没有什么内容。感觉没有工体的富国海底世界好看，无论从规模、种类还是场馆上都要逊色一些。,0
2155,除了场馆有点小  其他都OK  非常好  环境也不错,2
2156,跟电视塔门票不在一个购票厅，在最底下，换票很方便，就是有旅行团，人比较多。可以看海狮表演，时间短但是很精彩，值得一看；4D电影就不能看了，二选一的。感觉非常值，很浪漫。,2
2157,蓝色的世界，非常浪漫，适合小朋友，小伙伴，情侣一起去，都说里面很小，我觉得不小啊，我们看了两个小时呢，海底隧道有传送带带着你逛，鱼的种类非常丰富，感觉很满意呢~~,2
2158,很棒的一次游览活动，孩子很喜欢，生动活泼的小海狮，美人鱼表演水平一流，海底隧道印象深刻，人不是很多，服务很热情。有机会带老人再去一次。,2
2159,孩子很喜欢，美人鱼表演印象深刻，海狮表演生动有趣，有机会还带孩子去玩。赞一个,2
2160,挺好的，提前跟大家说一下，不能带液体进去。有水什么的提前喝了,1
2161,玩得挺开心，就是小了点，看了两个节目。挺好的,2
2162,本次行程简单而愉快，我们按照预定的时间前往太平洋海底世界，那天可能是因为天气的缘故，路上车不多，路程很顺畅，到达目的地后，场馆本地的游人也不多，这让一贯喜欢安静的我们窃喜。进入场馆，门口就是给海豹喂食，宝宝很小，从没喂过海豹，这让她很兴奋。我们交了20元钱，给孩子买了两袋冻带鱼，给海豹喂食，孩子玩的很开心！随后，我们按照场馆建议的路线进行参观，其中最能让宝宝引起兴趣的就是小丑鱼，水母，海胆，海龟，有...,2
2163,有点小，表演时间很短，等了半小时表演只有5分钟，带孩子看看，其他都还好,0
2164,很小的海洋馆，但是布局还可以，基本上想看的海洋动物都可以看到。,1
2165,比较新的海洋馆了，鱼的种类比较多，场地也比较新。海底的鱼儿很是幸福啊，自由的游来游去，都是非常的漂亮呢，喜欢海洋！不过动物园的海洋馆更棒,2
2166,从颐和园出来坐黑车10元，没有学生票。成人90元。个人觉得还不错。午饭海洋馆里解决（自带面包零食等）在海洋馆里的商店买了些纪念品。,2
2167,看完那个后悔呀，真的没啥意思；除了有几个水母，还是几个水母。有几只海豹好像不喂食，你需要花十元钱买俩条鱼才能和它们近距离接触，否则不让你靠前。好像是私人开的，面积不大，卖食品的地方和展览区差不多！,0
2168,昨天带着儿子去的，不错，就是海狮表演门票涨到40了，有些贵,2
2169,春节里北京前门大街人头攒动，外地游客，本地百姓扶老携幼都要到前门瞧瞧。买个风车，吃个糖葫芦，来碗豆汁，尝尝红枣年糕，讲究的要到烤鸭店聚餐。初二到前门全聚德赴宴，大门口挂着全聚德起源店横幅。以前在一层大堂吃过烤鸭，这回在二楼高级包间用餐，见证了高大上的全聚德，正如精美朴素的餐盘上写着：京师美馔，莫妙于鸭。北京的老百姓称这家店为全聚德总店，一年四季食客盈门。服务员介绍总共有一百多张...,2
2170,前门华韵·文化体验中心,1
2171,华韵·冷空间,2
2172,北京烤鸭有名气的有大董烤鸭、利群烤鸭、便宜坊烤鸭、全聚德烤鸭，其中老百姓比较认得就是全聚德烤鸭了，2012年、2013年我们都去过王府井那个全聚德烤鸭店吃过，这次大年初三来北京逛完地坛庙会、南锣鼓巷后，都到了中午12:40了，决定到全聚德烤鸭和平门总店去品尝。我们换乘2号线地铁在和平门站下车，出了地铁口右转过一条小马路就是全聚德总店了。门前有个停车场，已经停满了车，估计大约有100多个车位，进...,2
2173,北京的杜莎夫人蜡像馆成立没多久，我就跟朋友去转了一次，玩个小半天一直在跟蜡像合影了。,2
2174,【位置交通】奇思妙想魔相体验馆位于北京市西城区前门大街127号，可以乘坐地铁2号线在前门站下车B口出沿着前门大街一直向前步行700多米即可到达，也可以乘坐地铁7号线在珠市口站下。公交的话可以乘坐5路、82路、特4路在前门站下车即可到达。,1
2175,前门是北京的门户，是北京一面招牌。第一次到北京的时候，就到前门吃了一顿烤鸭。后来再到前门，喝咖啡，坐当当车，和朋友一起在街上拍照游玩，感受北京最有气息的味道。前门，也就是正阳门，过去叫丽正门。现在北京许许多多的城门都拆掉了，所剩寥寥几个，正阳门无疑是比较显赫的一个。前门大街上许许多多的老牌单位，许多的跨国公司都来这里开店。这里绝对是到北京必须一游的地方，遗憾的是父亲来这里没有带...,2
2176,在精致有条的花园里追忆北平世界,2
2177,一直想体验做首饰，某一周日下午终于抽空前往前门一金学社体验了！我选择了体验制作吊坠，事先需要跟老师约好时间，然后自己想好造型。,2
2178,“柴米油盐酱醋茶，琴棋书画诗酒茶”,2
2179,以前去前门大街的时候还真的没有留意到前门华韵文化体验中心，这次有幸能够参加活动体验参与一次非遗文化，超级开心啊，感觉非遗文化其实离我们都很近。沿着大街步行，到48号，到达前门华韵·文化体验中心。门口守卫的萌版小士兵很可爱，哈哈哈。步进体验中心里面，一楼可以购买很多有非遗特色的日常小东西、玩偶摆件、瓷器银饰等。二楼则可以体验一些非遗传统文化，也可以观看皮影戏哦。好啦，开始体验面塑制作了。,2
2180,“荣宝斋”是北京经典老字号，至今有300多年的历史了。拳头产品之一就是木版水印，包括很多大家的字和书画作品，齐白石、吴作人、启功、徐悲鸿、吴冠中...来老北京体验中国文化，荣宝斋怎么能错过呢？,2
2181,在前门大家的一金学社，是一个传统手工艺的培训制作基地，也是非物质文化遗产中花丝工艺的传承基地。在这几十平米的房间里，到处都是匠人们的足迹。在一金学社的学堂里，如果老师在，你可以系统的学习到花丝工艺的历史。作为最早的奢侈品，早在春秋战国时期就已经有花丝工艺的雏形，在西汉后期，真正的花丝首饰就已经出现了。到了明代，皇帝的龙冠都应用到了花丝工艺。作为传统工艺，花丝的制作用到了掐、填、攒、焊、堆、垒、织、...,2
2182,店面在前门大街上。店铺的装修风格非常古朴，经营模式和传统画廊相似。负责售画的是经理，对出售的画作略知一二，而负责作品产出的就是木板水印技术的非遗传习人了。阿姨非常热情，对木板水印视若珍宝，讲起这门技术的时候口若悬河，心里有百般的自豪。,2
2183,眉州东坡小吃是一家主打川菜的餐厅，在北京有很多连锁店。餐厅的环境非常好，面积比较大，来这儿吃饭的很多都是回头客，俗话说酒香不怕巷子深，他们家算真的比较低调的，很少看他们宣传，但是每家店都是客满，至少上座率很高。眉州东坡整体性价比很高，川菜本身也就不贵，加上味道又能让全国食客接受，加上餐厅的服务很细致，有很多加分项，像提供小孩子的餐具，上菜超过29分钟会送券等等。餐厅的座位也有很多区域选择，人多可以选...,2
2184,📍天坛街自助餐厅 🍽去过不止一次了，很喜欢的一家自助~ 环境很好，在新世界酒店里面。每次都是提前预约后去的，很方便。服务方面也都非常好，第一次去的时候我们是两个人，但由于东西比较多，经理就主动给我们安排了一个四人位。撤盘儿也都很及时。最后还有奖励活动，送了一盒儿我爱的马卡龙~因为是自助所以想要推荐的真的有很多~ 他们的海鲜都很新鲜味道也很赞，基本都推荐！小火锅儿也是必吃，食材很全，肉和蔬菜都很新鲜。...,2
2185,中国铁道博物馆正阳门馆位于天安门广场东南侧，主要用图配文的形式展示了中国铁路发展史，是了解中国铁路建设及发展非常好的地方。周末，坐公交车来到了前门的中国铁道博物馆正阳门馆用一卡通在售票处很顺利的换到了参观票，虽是周末，但游客不多。进入大厅映入眼帘的是中国铁路标志巨型灯，赶紧拍照，被告知，不能使用闪光灯，于是关了，庆幸展厅里的灯光还不错，看的很清楚。展厅面积比较大，一共分为三层，5个部分的内容，运用...,2
2186,都一处烧麦在北京也算有名气啦，很多家分店。【位置】前门店位于前门大街上～过了全聚德走不了多久就是了～旁边是吴裕泰。【到达方式】地铁2号线前门站下车，走到前门大街直行即可～在左手边方向【环境】一共两层，还算宽敞。桌椅什么的比较古风，卫生凑合吧。有免费接的热水，不过接水的杯子不是一次性的，看起来不是很干净的样子。卫生间环境很差-_-#一共就三个门两个都是坏的，也没有人清扫一点也不干净。【服务】服务员都不太...,1
2187,🌟前门历史文化街，全北京超适合citywalk的地方,2
2188,全聚德烤鸭店前门店地处东城区前门大街30号，过来的话地铁2号线前门站C口出，沿着前门东大街走到煤市街拐弯进来再走一会就能看见前门大街了，走进前门大街步行街一路逛下来就能到了，步行大概10-15分钟左右。作为前门起源店，店内装修摆设都古色古香，由于地处闹市区，位子都很紧凑，有点像快餐店的感觉，不像其他全聚德的门店弄得挺高大上的像高级餐厅一样。店内服务员不少老阿姨，老式服务员装饰，服务也很高效，去的时候不算饭...,2
2189,这次来北京又来前门这里品尝了全聚德烤鸭，起源店总是最正宗的，饭点的时候过来的，人已经挺多的了，感觉再晚点到的话就要排队了，店内的环境非常古朴，有年代的感觉，相比于其他的全聚德门店，前门店走的还是复古的传统路线，不仅仅是在环境布置上，更像是一种快餐简餐文化，先付费买单再上菜，有点大排档的感觉了，不过这样效率高也不错。单人套餐125元，半只烤鸭，一份薄饼5张加一份酱料和鸭汤，感觉上一开始吃的时候还算挺饱的...,2
2190,前门大街是北京的前门前的一条街，整个接上的建筑却还保持着曾经的样子。,1
2191,爆肚冯在前门大街的北京传统美食中排名很靠前，于是趁着发小来北京赶紧去尝试下。位置不是在主干道上，在一个比较偏僻的小路上，我是跟着手机导航过去的。路上有指示图标～是一个二层的店，去的时候一楼人满满的，二楼人不是很多。环境很普通，都不能算的上叫环境，就类似于路边早餐店那种～不过也是比较日常老北京的感觉吧。店里主打两种，一是火锅二是爆肚。当然晚爆肚的人更多一点～店里的调料真的很棒。我们点的是爆肚和百叶，...,2
2192,全聚德的烤鸭可以说是北京的代表美食！全聚德烤鸭前门店位于繁华的前门大街中心，交通便利，现在已经成为前门大街的标志性招牌。所以外来游客都会在这里与店门口的“大黄鸭”合影。一进全聚德前门店就感受到了它有中国特色的装潢和木质桌椅。店里分为上下两层，每桌都要加收服务费，一楼大厅相比较二楼而言，服务费相对较少，所以一楼大厅站满了等位的客人，为了节约时间，我们上到了二楼。一上二楼发现人就少了很多，二话不说赶紧...,2
2193,带爸妈在前门、大栅栏片区逛，因为他们对隔壁的全聚德不感兴趣，就找了这家餐厅吃，在前门片区看起来还算是比较正点的，感觉很有历史味道就门口的文案写起那些历史什么的。里面主打烧麦，北方的烧麦和南方吃起来不一样的。三鲜、肉以及海鲜烧麦，一屉价格48-88元不等就8个，高峰期得和别人拼桌可以刷卡结账。要了鲜肉和三鲜烧麦，感觉那个面皮实在太干了，吃起来口感十分干，里面的肉也是干巴巴的一点都不好吃。乾隆白菜听起来很很...,0
2194,前门东大街一段最近建成新景观，有人称之为东城三里河，昨日傍晚到那里游览。以前路过那里，推土机轰鸣，正在拆迁，现在部分地段已经改造成新街区，还真有点老北京味道，游客在那里拍照，很多老北京人闻讯也前往观景。有句名言，城市和母亲面孔是永远的记忆，蜿蜒的小河，地道的胡同和四合院落新景观引起大家的兴趣。夕阳西下，小河里的倒影很漂亮。园林景观有水是必须的，一条小河，增加了鲜活和灵气。这条不宽的小河是新挖掘的，...,2
2195,在当今倡导低盐健康生活年代，专门卖腌制产品的前门六必居酱园里依然人头攒动。店里弥漫着浓郁的酱香味儿，靠墙摆着一溜盛着各种酱菜的大坛子。北京当地居民有的从老远过来，买几样咸菜，为的是记忆中的味道。游客买包装好的礼盒，一定也是听说过六必居的故事或是在外地的北京人也惦记着这一口。六必居酱园传说是山西临汾人开办的卖杂货的小店铺，至今已有近五百年历史。有说六必居源于开门七件事：柴、米、油、盐、酱、醋、茶，这...,2
2196,历史悠久，货真价实的烤鸭店！说起北京烤鸭，大家都不陌生，但除了知名的全聚德以外，这家利群烤鸭店在北京也是小有名气的，听说这家利群烤鸭店的创始人就是前全聚德大师傅，退休后重操旧业，再做出自己的小名堂来的。不过这家利群烤鸭店的位置真的不好找了，但还是有很多人慕名前来吃烤鸭，而且一到周末和节假日，都是要排队等候的。比较靠近的地铁站就是前门地铁站，而比较靠近的公交站就是前门-公交车站，下了交通工具以后就要...,2
2197,作为中国历史上的首家电影院，大观楼见证了中国电影业由无声电影到有声电影、黑白电影到彩色电影、普通屏幕到液态宽屏幕、横放电影到立体电影的历史变迁，也见证了在整个电影界乃至整个北京的变迁，可以说是当今北京城的活坐标。怎奈因为距离较远一直没空得见，之前趁着一次看电影得机会专门去了一趟那里。,2
2198,前门大街，又叫“正阳门大街‘，位于京城中轴线，北起正阳门箭楼，南至天坛路，与天桥南大街相连。这条街就是皇帝出城赴天坛、山川坛的御路，所以路面比较宽，大街两边的建筑大部分还保持着原有的风貌。我跟朋友逛完故宫已是下午六点多了，肚子有点饿，打了个车，十几块，就到了京城的另外一个商业街，这里离故宫天坛很近，打车公交车都很方便的。【简介】前门大街，是我去过的很多商业街之一，但它很独特。一般的商业街都会有很多...,2
2199,要问北京什么美食最出名，99%的人会回答说是北京烤鸭，这不，我爸知道我要去北京，唯一的叮嘱就是带一只烤鸭回去，于是在北京的最后一天，特地来到了前门大街，找到了全聚德。对全聚德第一印象，嗯，古色古香吧，装修风格我也说不上来，有点儿传统的感觉。我小伙伴前两天才在这里吃了北京烤鸭，看了她给的视频，感觉还不错，不过因为着急赶时间，就没有去里面吃，而是买了一只带走，140一只，真空包装的，感觉味道一般。全聚德前门...,2
2200,这家餐馆在鲜鱼口里 环境好 上下二层 门口有明显的幌子 很好找 就餐环境特好 安静整洁卫生大气 服务员素质高服务好 门口有迎宾人员 还给领位 烤肉是名厨 可以观看到厨师的烤肉过程 ！,2
2201,年前几天在前门喝的几家咖啡店是不停的踩雷，郁闷死～,0
2202,在北京这几年，第一次发现前门大家竟然有这么有意思的地方。北京DIY体验店有很多，但能结合非遗传统文化特色的没有几家。华韵体验中心便是其中之一。在这里，能体验的项目还挺丰富的，例如毛猴、面人儿等制作。项目大多都是老北京传统手工艺，并且还有老师耐心的指导，在体验过程中还能了解到丰富的文化知识。例如在体验毛猴制作时，老师讲到毛猴周身遍布中药。身体是辛夷花、四肢是蝉蜕、斗笠是木通，粘连时不是用胶水而是另一种...,2
2203,这次在前门华韵体验非物质文化遗产，真的对前门有了新的认识。,2
2204,周末在前门发现还有这么多有趣的非遗体验活动。,2
2205,体验了华韵的好几个店，印象最深刻的就是刘氏竹编馆了，一进门被精美的竹编艺术品吸引了...本来只以为是好看，后来了解到才知道，上面的竹纹都是用竹条手工编织出来的，后来我体验了一下编一个小竹篮，看似很小的一个篮筐，就一个底座就编了块一两个小时，老师耐心的指导我们，这里面学问很多，压三挑三，再反过来...正反规律还不一样，我才发现那些工艺品的完成是多么的困难，体验到了传统工艺的艺术，感受到了匠人精神的魅力。后...,2
2206,这家酒馆是朋友带着去的，在和平门附近，找到和平门的全聚德基本上就能看到小馆了，位置在胡同中，还算是比较好找，第一次来的时候可以打听下或者给店家打个电话，这里面还有其他家，以免走错了，坐地铁在和平门站下车后步行就可到达，如果开车前往的话，附近的停车位也算是比较方便，不过这家是个酒馆，所以来这里吃饭的的人一般都会喝酒，所以避免酒后驾车，最好还是打车或者地铁公交车前来，这样还是比较方便的，也很安全的，我...,2
2207,环境不错的露台酒吧,2
2208,和天津的和平路相比，这里古色古香，有瑞蚨祥，同仁堂，六必居的老店，来这里很有特色,2
2209,前门是北京有名的步行街，这里交通方便，公交车和地铁都能到，地铁直接有前门站，从地铁口出来经过正阳门进去就到了。前门大街是一条仿古商业街，跟王府井这种现代化的大街是不一样的，这里的商铺正门都装修得古色古香，很有特色的。即使不买东西，过来看看建筑也是很不错的。这里游客不多，如果来得早的话人会更少，很有老北京的气息。大街上的轨道还是有小火车经过的，如果运气好的话，登上一趟小火车游览，那就更浪漫了！,2
2210,对于一般的饕餮之徒来说，到北京吃烤鸭是必须的一项任务，很多小伙伴儿们只知道全聚德烤鸭，却不知道北京有很多烤鸭店都很有名气，比如大董烤鸭店、便宜坊烤鸭店，九花山烤鸭店、利群烤鸭店等等，最有名气的是全聚德，谁让人家把名气弄得那么响亮呢。今天我给'吃货们‘推荐一个吃烤鸭的好去处，北京德缘烤鸭店大栅栏店，带领大家体验一下原汁原味烤鸭的风采，事先告诉大家，份量还是很厚道的，比全聚德厚道不少，2-3个人的话，一只...,2
2211,朋友推荐的咖啡店，亲自去了一下感觉不错，吃喝不能说最好但是可以接受，环境很好我很喜欢。北京好像有三家店，去崇文门那边比较方便，在新侨饭店附近，可以乘坐地铁5号线和2号线到崇文门，很是好找。先说说吃的吧，咖啡店咖啡肯定是有的，他们家的拿铁咖啡，美式咖啡、还有特调的1901咖啡，中规中矩吧，个人觉得还不错，餐饮部门，歌剧院蛋糕、巧克力蛋糕、薯条等等小吃一应俱全，蘑菇汤、烤翅、披萨等等西餐也是不错的选择，点了...,2
2212,陈记卤煮小肠是一直要排队的卤煮店，我们去的前门大街附近的店，都下午了还是排队了一会。位置其实离前门大街主干道有一段距离，已经在另一条街了，不过跟着手机导航就可以放心走了。从前门大街主干道到达大概需要8分钟左右。店门口排了个小队，不过大家都吃的很快，不用等太长时间。门口有一个店员在控制进店人数，走一桌进几个～店铺比较小，桌椅比较拥挤，但还是很干净的环境。服务态度一般般，不好不坏，不过干活都很麻利。我...,1
2213,老舍茶馆，还是蛮值得去看一下的，只是票价有点贵哦！,2
2214,这次我想介绍的大栅（shi）栏（lao）不是商业街，也不是美食城，而是国庆节期间在这里举办的大栅栏设计展。它主要是在大栅栏区域的杨梅竹斜街举办，分散在大栅栏的各个地区。一场艺术、设计、文艺的盛宴。非常值得前来！,2
2215,性价比超高的老北京风味美食！我发现是在南锣鼓巷里面发现这个特别酸奶的，南锣鼓巷的交通很便利，直接乘坐地铁到南锣鼓巷地铁站，出了地铁口，过对面马路就是南锣鼓巷了。大约往街道里面走100米左右，你就会陆陆续续发现很多饮料店铺的门口写着“老北京酸奶”，当时我就被它的价格给吸引住了，那个价格真的是良心价格，基本看到了都是3-5元一瓶，你无法想象平时在商场随便买个优酸乳都要5元以上，但是现在在这样著名的景区，竟然3...,2
2216,人均消费50元左右，停车很不方便，要往斜街那边出去2-300米吧，8块钱一小时。,0
2217,位于北京前门的台湾街在前门的大江胡同，可以说是最优越的地理位置了，在北京的最中心，游人如织，交通便利，公交地铁都可以直达，穿过去就是前门大街，旁边是鲜鱼口，各种国内小吃、便宜坊啥的。台湾夜市开街时特别热闹，当时著名的台湾三太子还做了开街嘉宾，在大街上又唱又跳的。两边有很多台湾各种主题的小店，琉璃、手工艺品、纪念品、特产等等，台湾商人都比较热情，会准备很多试吃的。台湾街中间位置有一个仿造的阿里山神木...,2
2218,正阳门位于北京中轴线之上，包括了箭楼和城楼两部分，而我们熟知的“前门”其实就是正阳门的通俗叫法。正阳门也算是北京的象征，其实经过了多次修复，目前成为游览场所，每天游人如织。8路、22路、48路等都到前门站下车，快速公交一号线，后者地铁2号线抵达前门，正阳门就在前门大街的正北面，站在前门大街冲北可以看到正阳门全貌，也是拍摄正阳门的好角度哦！正阳门是“京师九门”之一，目前北京城内唯一保存较完整的城门，现在对...,2
2219,北京，是我国的首都，到了北京一定要在前门大街走一走，来感受这个真实而古老的京城。这里可谓浓缩了老北京所有的衣食住行，有众多驰名京华的老字号，在前门大街我们可以品读北京城的古韵悠长。门大街北起前门月亮湾，南至天桥路口，全长840米。是北京中轴线最重要的地段，也是古都风貌保护的核心地区。明成祖迁都北京以来，前门大街就是皇帝去天坛、先农坛祭祀的必经御道。“前门”其实就是正阳门的俗称，包括箭楼和城楼。正阳门...,2
2220,去了这么多商业街，前门大街是我最喜欢的商业街，没有之一。我到前门大街的时候已经是傍晚5点钟了，冬天黑的又早，前门大街人来人往，但却很奇特的给我一种很宁静的感觉，大家的脚步缓慢，话语轻声，瞬间让我有一种穿越感，都不知道自己是不是还在那个大都市—北京了。刚看过了箭楼，就来到前门大街走到门口的时候，就看到前门大街门口立了一个高高的装饰品，图中可以看得到，下面写着大大的——前门暖冬，四个字，真是让我感到一...,2
2221,【前门大街】前门大街是北京著名的商业街，这里汇聚了众多中华老字号，如：全聚德烤鸭店、都一处烧麦馆、张一元茶庄、月盛斋酱肉店、中国书店……喜欢吃传统北京美食的驴友不虚此行。前门大街餐饮消费较高，当时在大栅栏附近的一家天津狗不理包子店买了一盒包子，20元，5个，味道真的很一般，直觉告诉我这并不是正宗的，所以驴友一定要辨清哪些才是正宗的中华老字号。前门大街以明清建筑为主，如今的前门大街道路很宽阔，环境干净...,1
2222,交通非常便捷，地铁2号线到和平门，又或者公交车有好多都到和平门的，下来就能看到显眼的全聚德招牌了。总体来说还是五颗星的评价，鸭子不错就是两个人去以后还是建议点半只吧，一只太多吃到后面油腻了，点一只的客户是送鸭架的，骨架分两种吃法，烧汤和椒盐，椒盐的比较入味推荐，吃不掉还能打包带走，点一只鸭子的客户，每桌都会送一小碗鸭汤，估计是人家买半只的人的鸭架子，还有一张独一无二的烤鸭证书，这个还是比较吸引人的...,2
2223,好玩地方，供参考：正阳门城楼 ；国家公路零公里起点标志；观棋宾馆，可以投宿第二天早晨起早看天安门升旗(要早3-4点起床）；全聚德烤鸭店 ；变形金刚(大黄蜂）的展示 高约10来米 ；鸟笼式路灯和雕塑式垃圾桶,2
2224,在前门这么中心的商业区繁华地段，有这这样一个特别的博物馆，在前门大家的中心地带特别明显，坐车的话地铁2号线或者公交很多车辆都可以抵达前门或者珠市口均可，走到中心地带就能看到这样一个有点古朴的博物馆，如果单从外观来说，还真的不怎么能看得出来。整个博物馆延续了源升号酒馆“前店后厂”的格局，进去后有酒馆大厅，酿酒原厂的遗址，以及红星酒厂的一切企业文化，内部的整体布局很有古代文化，有柜台，有掌柜放出一下子...,2
2225,1、坐公交车到前门就到了，跟箭楼很近，可以一起玩耍，有个笑话就是说，前门到了，请从后门下车，2、前门大街是一条步行街，两边不是高耸的建筑，而是非常有特点的明清建筑，都是一些购物的地方或者吃饭的，购物的以文房四宝、北京特产为主，吃的麦当劳也有，逛街很方便，3、元宵节的时候这里会有灯展，非常的漂亮，不过要事先看看，有时候会取消的，4、前门大街是不能跑机动车的。,1
2226,这是一家老北京酱肉店，主营酱牛肉。店的位置在前门，很好找，下了地铁前门站就是！开始我还以为这家店是先做现卖的，没想到到了之后才发现这家店的酱肉都是真空包装的。酱牛肉做的很入味，首先，肉的选择就很好，一看就是好地方的肉，没有多少筋，吃起来不塞牙。其次，他家的酱肉有种特殊的香味，归功于他家的秘制配料。价格呢，不便宜，但是现在很多熟食店价格都很贵，所以相比较而言还是可以接受的！,2
2227,这家店在前门，周边很多拆除的建筑，附近很乱。这家店应该开业比较久了，店内设施比较旧，但是有历史感！点了他家的烤鸭，一套275元，说实话真的不便宜，在很多普通烤鸭店都可以吃2套了。但是这家店烤鸭的味道是很不错的，鸭子烤的没有一丝肥油，吃起来一点不腻，鸭架可以让做成椒盐的。单收费20元吧，但是椒盐的味道很不错呢！豆豉鲮鱼油麦菜做的卖相很难看，味道还凑合吧！整体来说，这家店位置不好找，而且环境（不论内部还是外...,1
2228,新侨诺富特饭店西邻，距东交民巷不远，逛到这坐感觉不错。很低调的小店牌写着“1901”，一般人太易忽略。装修风格很文艺，玻璃屋顶可看到大树，2楼有留言板和书架，期刊很新可随手翻看，窗户可看到台基厂马路车流。,2
2229,前门大街是一条很有特色的商业街，古香古色，无以复制。,2
2230,之前和朋友去北京玩，当地朋友带我们来到了鼎鼎大名的全聚德，特意去这家和平门店，听说这家比较正宗的，先是电话约订，说大厅散座不接受预订，包间最低消费每人300。外观有点像那种老式酒楼，里面有好几层。我们是在三层吃的，里面还有跟礼堂一样的，而且还有舞台和大幕，看上去古香古色的，感觉挺新鲜的。五楼金色大厅，挺气派漂亮。门外还有专用的大停车场。进入大厅就会有有迎宾小结直接迎接到4楼，全程进出都有服务人员指引，...,2
2231,位置不错，和平门地铁站出站即到，以前一直以为前门店是总店，后来才知道原来总店在这儿啊。没定位的话免不了会等位，因为人真的很多。烤鸭当然是招牌菜了，其他比如芥末鸭掌、盐水鸭肝、火燎鸭心等也是必点的菜，觉得全聚德师傅也不容易，为了别浪费烤鸭剩下的材料，开发出这么多菜品。烤鸭吃的多了，觉得都差不多，在这儿吃的也没吃出什么好来，不过盐水鸭肝还真是不错，慢慢嚼着，越吃越香。在这儿吃饭会加收15%的服务费，大家...,2
2232,很经济实惠每次都要排队等是值得的,2
2233,环境超级好(✪▽✪)的地方，特别适合在这里美美的拍照。尤其是那个不大的游泳池，看起来很有格调，女孩子👧应该是尤其会喜欢的。吃什么已经不重要了，享受那种氛围就够了。,2
2234,鸳鸯锅底，炭火的就是好吃，清汤部分锅底有放羊尾油，很香。辣锅的部分味道也很好，辣度合适，我对小料有要求，他家的超级正宗。自家百天羊，特别鲜嫩，煮15秒，相对比较瘦，不柴，鲜上脑也特别好吃，肉量很足，手工虾滑虾肉新鲜，大颗粒，很不错,2
2235,早上临时想去长城看看，就报了个一日游，集合地点位于北5环附近，离我住的地方稍微有点远，我怕来不及就打了个滴滴50元左右，回来下车地方在盘古酒店，回我住的地方也挺远，总的来说还不错,1
2236,环境非常不错，第一次吃北平是在祥云小镇吃的，当时就觉得环境很好，菜品也可以。但是这家北平的惠灵顿感觉更胜一筹，应该是和搭配的配酱有关。整个店里都是真花，很专业。在北京坊里也特别安静，会推荐朋友再来!,2
2237,比起那些大鱼大肉的来，四川小吃更对我的胃口。红糖软糍粑，炸的软糯，沾红糖汁吃甜甜的。担担面，麻辣鲜香，价格便宜又好吃，其实不是很辣。,2
2238,关于订不订团，其实我纠结了好久，毕竟跟团游的诟病太多，不过庆幸这次遇到了一个不错的导游小夏姐姐，长城嘛反正主要是自己爬，定十三陵小夏姐姐的讲解很赞，勾起了我对明史的浓厚兴趣，对比了一下路上其余某些导游的讲解，不得不说，她结合各方面情况考虑了很多，一定程度上帮助我们更好的感受了这次旅游～总之的总之，这个导游姐姐，这个司机我都推荐，不得不说性价比到位,2
2239,"这家咸口非常正宗，小汉堡里的酸黄瓜、火腿肉都能吃的出的优质食材，棒!咸口里没有我觉得不好吃的种类,每个口感都非常丰富,用料讲究，作法也是改进版的，用心啦。甜口还行，但是整体偏甜，特别是抹茶香缇，外层抹茶巧克力太甜了有点腻人。会再来的店～",2
2240,原来好的手冲能同畤展现出信麽多的风味徙一開始高温的波耀蜜，到番石榴和榻桃，最後凉了遗有草莓奶油。满满的痫喜，饟人噗悫觐止!,2
2241,团了两张棒棒滴，哈哈奥巴马也在噢,2
2242,[服务铃]服务:,1
2243,时隔三年又来逛前门，来玺源居吃饭的人依旧这么多，我们全家又来吃一顿，点了很多的羊肉，自家的百天羊，肉质鲜嫩，微涮即可食用，香嫩多汁，摆盘也非常的讲究，一朵羊肉花在其中，观赏性就特别高,2
2244,挺好玩的，不过买票也是要排队出票的，暑假人比较多，就是网上买票比较便宜！,2
2245,玫瑰摩卡芝士颜值不会让人失望玫瑰画太美太美了不忍心破坏吃掉味道有点儿像提拉米苏黑松露惠灵顿牛肉很好吃火候刚刚好中间的蘑菇酱我有点儿吃不惯,2
2246,天福号确实是一个比较有名的品牌了。从有记忆开始，家人就会特意去天福号买各种酱肉回来吃。,2
2247,真的很不错。以前总在电视上见 这次过去一见感觉真挺好的！,2
2248,餐点:香煎菲力牛排8～黑胡椒酱汁浓稠，肉质细嫩醇香，配菜摆盘精致;,2
2249,前门大街的小火车,1
2250,今天逛前门步行街，一看见天福号三个字，就走不动了，赶紧进店看看，酱肘子，酱肉，烤鸭，蛋清肠，松仁小肚，酱猪蹄，米粉肉，叉烧肉等等，品种挺全，一提到好吃的都忘了打卡啦。这里可以用北京消费券，买了酱**，还挺划算。,2
2251,还不错 里边很大 嗯 该有的人物都有，孩子们玩得很嗨 服务也很好,2
2252,跟朋友来前门这边吃饭，然后来这喝个手冲。选择的是环球世界手冲咖啡，我咨询能不能空气中一个亚洲豆子换成非洲豆，咖啡师帮我咨询了下店长，未果～不过还是要单独夸奖下咖啡师这个小姐姐，会仔细咨询不同的口感和反馈。由于距离上次去时间有半个月了，印象里中烘那款后味余韵少了些，其他的都没啥大问题，中规中矩，但也不惊艳。,1
2253,到场取票 听一听相声还是挺好的 距离不会很远 在前门大街附近 逛完刚好去,2
2254,虽然不大，但是很逼真，挺有意思的～,2
2255,在前门大街18号，地理位置优越，游客很多，好像有三层，大部分蜡像都还挺逼真的，晚上九点关门，拍照可以玩三四个小时,2
2256,人少地段好，相声讲的一般，就小岳岳徒弟讲的还不错，价格可以吧，如果小岳岳能出场那就很好了,1
2257,感觉蜡像都做的很精致。还有配套的衣服可以让游客穿。下午去的人不算多，大家都非常有秩序的排队照相。遗憾的是甜馨宝贝儿最爱的孙悟空不知道为什么不在。孙悟空呢？印象深刻的3d的水和小鱼。蜡像有点点少，再多一点就好了！,2
2258,已经数不清是第几次来Solo了.,1
2259,最初是看到朋友推荐的照片，喜欢入口处的照片。点的名字太浪漫,2
2260,店里装修很有风味，看上去比较正宗的感觉，火锅味道还是不错的，菜品质量也很高，量也很实惠，服务员的态度也不错。,2
2261,人好多啊想喝杯咖啡要等啊店员太忙了等的时候上楼看了看全是拍照的小姐姐们各自凹造型摆姿势喝过他家别的分店这家店第一次来在一个小胡同里很隐蔽招牌也不明显一推门全是人那么吵闹拥挤的环境还有人在工作真是不容易,0
2262,我太喜欢这家点了，就是有点远，每次去都得做一下心里挣扎，去前门大栅栏玩儿的话顺带就一起去了，带侄女去的，老北京火锅味儿正，酱料调的也很香，羊肉特别鲜，进去涮涮就赶紧吃，菜量很大，服务非常不错,2
2263,很方便 提前一天订票 现场就换了票 而且人不多 进去就只是照相 很不错,2
2264,真的是胡同十八弯，好不容易找到这家胡同里的店，是我平日喜欢的咖啡师推荐的，一看菜单就看到了我最喜欢的莫扎特～,2
2265,老北京炒肝当地特色，应该加了淀粉调和才会黏黏的感觉，炒肝里面有肥肠和猪肝吧，东西略少主要是汤汁，那股味还很特别，加了蒜末和卤料的汤汁味道喝起还不错!,2
2266,还不错。 清明放假人有点多。蜡像挺逼真。so cool,2
2267,"不少人跟我说去北京吃烤鸭别去全聚德,要去就去便宜坊，过来鲜鱼口无意中看到，饭点时分用餐的人好像也不太多。感觉它的为位置有点不太好，那里也算“巷尾""吧。门口处有店员,门口外面还有一个冰柜，里面有些包装好的食品在卖。",1
2268,感谢金水桥陈西西导游，人很热情态度好，景色景点讲解挺详细的。这次登长城挺顺利的，夜景游玩鸟巢水立方挺美啊。,2
2269,探店&打卡不太记得这是第几家打卡的咖啡小店了，其实去的每家都有自己独特的装修风格跟招牌推荐的咖啡,2
2270,早上去人很少，阳光也是很好的!上次只喝了酸奶，这次点了短笛，还挺不错的!拉花也漂亮!价格有些贵.......,2
2271,都一处·烧麦馆(前门店),1
2272,来北京一定要尝一尝这家的涮肉，羊肉是三个月大的羔羊肉，老板自己养的，肥瘦相间，蘸上麻酱实在太好吃了,2
2273,强烈推荐，速度，好看。,2
2274,值得一去，近距离与明星接触的机会,2
2275,"三十六年前第一次品尝天福号酱肘子，视为天价神味。以后吃的次数多了，就沉淀成了衡量各类酱肘子的金标准。爱屋及乌，吃遍天福号各类食品。著名北京作家王朔在其作品中，也有吃天福号酱肘子的细节，只是当时还没有“软广告""或“植入广告""的概念和意识。如果放在现在，天福号可能要为此捐款捐物了，至少免费吃天福号酱肘子十年八年的。",2
2276,真的很不错 服务员态度很好 里面也很不错 还会再去,2
2277,"致美楼饭庄楼前门店，位置真的是非常的好的哦，仅临天安门广场和前门大街，地段很好,店面也古香古色的，这里的饭菜主营老北京风味的饭菜，味道基本上还是不错的，不过像豆汁这类的小吃，不是特别有冒险精神的还是不要尝试了，我要了一份，压根儿没敢下口饭店环境很好，有老北京特色，比较干净。京华多少情趣地小酌围炉此地宜京南有很多难忘的美食，其中就有致美楼，启功先生曾为致美楼题诗“致美早名扬，烹调擅四方，老饕非过奖，...",2
2278,这是我第一次觉得点评竟然没什么可写的，只是为了劝告准备去的人，看到了千万别去了，除了白花钱，得不到一丝丝回报,0
2279,总体感觉还不错，人物不算多。国内明星有点差异。网上订票很便宜。,2
2280,"三鲜烧麦（普通)特推!好吃,只不过烧麦都是现做,要等一段时间。事实证明好的东西都值得等待,皮薄内陷丰富，口感嫩滑，里面的内馅调得很好味道很鲜美可口。",2
2281,"烧麦尝了一个，是我喜欢的调调，皮薄馅嫩一口爆浆,可惜本人内存有限,据多胃vv介绍驴打滚也不错,吃了咸的吃甜的，国际惯例。",2
2282,爸爸觉得挺好的，而且也便宜，就是蜡像开放的太少啦,2
2283,选用故宫红为主色调，宽大的木质桌椅很有宫廷里吃火锅的感觉，自家百天羊，这个羊肉很嫩，超级好吃，牛肉也不错，厚薄适中，是我吃过这么多家，手切牛肉粒最好吃的，手工虾滑非常的Q弹，份量挺大,2
2284,位于前门大街鲜鱼口里面的一家老字号面馆 前门改造后搬来这里的 分上下两层 一层点餐 很爱吃他家的担担面 跟新川面馆是两种不同的风格 吃到还剩一口的时候去兑一口面汤 别有一番滋味😋 另外还有他家的担担面 麻辣凉面味道也很好 处于前门这样的地段价格也算良心 以后还会经常去,2
2285,老舍茶馆装修的古色古香，环境优雅，我们一家看了一场相声演员演的诙谐幽默，笑料百出，是开心的两小时，特别是儿子很是开心快乐！,2
2286,【位置】就在前门大街步行街，大栅栏附近，很便利。,2
2287,"这家店被我收藏好久啦,终于跟闺蜜拔草了",2
2288,特别好看，惟妙惟肖，特别真实，学到新的东西！,2
2289,店在前门大街上，平时人不是特别多。店里服务人员态度很好，热心向顾客介绍商品的特色。各种商品，琳琅满目。熟食的品种特别多。来这里买的大部分都是冲着这个牌子，或者经常买他家的食品。我喜欢买他家的炉肉丸子，好像就是这个季节才有。用炉肉丸子炖白菜特别好吃。,2
2290,前门涮肉，是家老店了，晚上七八点钟过去，需要等位，不过很值得，食材质量非常棒，口感很好，内部装修也是别具风格，用的是故宫各宫的名字，很有特色，最重要的是吃完饭，第二天衣服上没有火锅味道，实在太惊喜了,2
2291,网红打卡的星光走廊，也只是非常狭窄的一个小过道。人多的时候拍照要等，但是拍出来的照片确实是很漂亮～菜品味道也不错，点了杯鸡尾酒仙气十足～,2
2292,北平花园🌸，很温馨浪漫的店名。字如其名，餐厅各处都被绿植环绕，像个大花园一样，是闹中取静的好地方，室内和室外各有各的特色。主营西餐，摆盘和味道都是那么美。,2
2293,很好哦~一到前门就找到了！很方便~,2
2294,很棒的体验 有很多道具可以用于拍照 美中不足就是地方有点小 没有香港的那家地方大 上上下下的 前门这个寸土寸金的地儿 也理解 总体体验感觉棒棒哒,2
2295,点了鉴赏家手冲，咖啡师小姐姐会介绍味道跟喝的时候口感，还不错哦。,2
2296,"都一处烧麦馆始建于乾隆三年(1738年)距今已有250年的历史。起初经营小菜，因乾隆帝赐匾取名“都一处""。同治年又增添了烧麦。现在主营各种烧麦和山东风味炒菜。",1
2297,人物形象很逼真，孩子很喜欢，值得一看！,2
2298,朋友种草的西班牙风味餐厅，节日中午一起来品尝，感受到浓浓的圣诞氛围。餐厅位于郎园vintage内，国贸商圈，地理和人文环境很好。建筑设计也是很独树一帜，大面积的红砖搭配内置黑色圆门，令人印象深刻。我们在大厅的方桌就餐，服务分寸感非常好，允许自带酒水，并提供相应服务。值得一提的是上菜的节奏很舒缓，适合午餐和下午茶的饮食进度。我比较推荐香煎比目鱼，肉嫩皮脆很不错，还可以吃到芝麻菜，配酱口感很好。牛肉清汤咸淡...,2
2299,值得去听，是各队轮流演出，会在正常结束前，加一个返场，比正常时间多30――40分钟，后场和前场没有太大区别，买票后要预约选坐，很麻烦，普通坐23号有桌子，14号在桌子两侧，贵宾在二楼正中位置500，两侧300，干果和果盘小，每盘10元，茶的价格不等，有人专门续水。,0
2300,出乎意料之外，值得一看,2
2301,[服务铃]服务:服务很好～大姐们会主动把羽绒服等套起来,2
2302,铛铛车，ice cream，吃得太贵。特别是庆丰前门店，价格比其他店都高,0
2303,蜡像都很逼真 场馆挺大的 人不是很多,2
2304,来这里买的大部分都是冲着这个牌子，或者经常买他家的食品。我喜欢买他家的炉肉丸子，好像就是这个季节才有。用炉肉丸子炖白菜特别好吃。,2
2305,北京探店:便宜坊烤鸭～,1
2306,暑假去的，游人挺多，拍照不太方便，有的明星蜡像感觉不太像，不过还是很好玩的,2
2307,慕名前去，外面排起了大长队，等了大概半个多小啊。甚是疲惫。,0
2308,还是认真研究了下菜单，因为朋友说给我补过生日，再加上我断糖减脂阶段，基本还是很仔细的选了下菜，大概沙拉的价格在48到88，汤58到128，甜点48到78，海鲜饭238到488，海陆空套餐580，酒水有单杯也有整瓶，全凭个人喜欢!,1
2309,还可以人物很真，值得一玩不过不是很大一会就转完了,1
2310,"天福号酱肘子，老北京特色风味美食。历经200年的岁月,到现在仍旧富有盛名，这算不算奇迹了呢。追溯历史，要早到清乾隆年间。",2
2311,来上房揭瓦吧[薄荷]环境:,1
2312,他家是我觉得北京好看+好拍的咖啡馆前三了(其他两个也不知道是啥)真的很好看!是我的审美点了!,2
2313,服务态度好好验证短信2小时收到还没到时间帮我手工验证了,2
2314,很开心！也很惊喜～订的三人间，前台的妹妹态度很好，之前没有三床的，睡了2晚家庭房马上就给换了！之前担心没洗漱用品拖鞋，都有的，阿姨每天清扫，第一次带妈妈出远门，第一次网上订酒店，之前把订房时间搞错，去哪儿网的客服姐姐也特别耐心，效率也很高服务态度也很好！真的值得大大赞一个！是几号客服不记得了，希望去哪儿网越来越好！,2
2315,早就听说过玺源老北京涮肉的名气，前门这家装修虽然朴素但是很具特色，古香古色的木质装饰加上特色灯具，还有四处摆放着的宫廷小摆件，完全就是老北京清朝宫廷风格，每个包厢的名字都是按照故宫各个宫殿取的，很有特色，吃的也好,2
2316,还是不错，就是有点少了，如果可以多一点就好了，感觉票价小贵，不过幸好用去哪儿还便宜了一些,1
2317,位置还蛮好找的，环境非常幽静，有老北京的感觉。店内有四个区域，都比较小，人比较多，氛围挺好的，屋顶的景色挺好的，和朋友一起来打卡，,2
2318,"[薄荷]店内很具年代感，老北京餐厅，到北京玩，以前都选择全聚德,这次在众多的烤鸭店中选择便宜坊",2
2319,取票简单…又便宜…挺不错…玩的很开心,2
2320,赵家班的喜剧质量没话说！杠杠的！小沈阳、宋小宝、赵四、文松…这些大咖都太有趣了！太值票价啦！晚上继续约约约！,2
2321,非常好玩 取票也很方便,2
2322,直接在售票兑换就进去啦，炒鸡方便！！,2
2323,这家店地理位置非常好，上菜速度很快，人虽然多，但是服务很好，涮火锅的味道在于灵魂麻酱，他家的麻酱味道很浓郁，味道非常好,2
2324,非常好，只要自己带相机的话，不需要再多花钱，里面的蜡像都很逼真，买套票2大一小很划算，去蜡像馆还有意外的收获，歪打正着去了大栅栏，哪里都是北京的旧时的街道，买了很多土特产。,2
2325,朋友-起约在前门逛大栅栏，逛完正好去比较有,2
2326,看完升旗 在去集合的 上车地点很方便 回来再鸟巢看了很美的夜景,2
2327,和朋友一起去的，孩子特别喜欢玩那里的虚拟游戏，挺好的,2
2328,跳进一片花海,2
2329,薄饼披萨还可以没有很惊艳牛油果沙拉还不错清爽好吃,1
2330,去年男票生日去的，由于在胡同里所以下车后还需步行十分钟，,0
2331,"店在前门大街上，平时人不是特别多。店里服务人员态度很好，热心向顾客介绍商品的特色。各种商品,琳琅满目。熟食的品种特别",2
2332,环境挺好的老戏院，话说小剧场的效果真心不错！,2
2333,来北京就是要吃涮肉，这是第二顿过来吃了，配上酱是好吃的，还有糖蒜、娃娃菜等，味道都很好吃，麻酱的味道很正宗，香浓,2
2334,各地的蜡像馆感觉都差不多,1
2335,来北京的前两天正在重温大宅门，正好二奶奶给白景琦买酱肘子那集，看的我是口水直流呀!这次来必须得吃上，经典酱肘子就得买经典，再来上一角刚出锅的大饼，你自己品去吧!,2
2336,挺不错的体验，还可以，中国功夫很赞,2
2337,位置好找，车停在北京坊，下车步行十分钟就到了，清真馆子，老铜锅，菜品味道不错，服务态度也很赞，总之用餐体验不错,2
2338,我比较喜欢吃他们家的羊肉，味道确实很好，很鲜美，我很喜欢吃。他家的特色就是有自己弄的甜蒜，尝了尝味道还挺好的，服务员服务态度不错，下次有机会还可以去,2
2339,讲解详细，服务周到，生动幽默,2
2340,圣诞季磊的北平花园,1
2341,太好玩了，蜡像十分逼真，超级喜欢,2
2342,玩的很开心 位置就在前门商业街里面 人物不少 取票很方便 凭短信就能换票,2
2343,莜面鱼鱼，很喜欢吃起来那种q弹、劲道的口感。再加上特色的汤汁，喝着暖胃又暖身。黄米凉糕，属于饭前或者是饭后的甜点，蘸着桂花汁儿，软糯香甜。,2
2344,"打卡网红咖啡厅，“上房揭瓦""一～房顶上很多来打卡的小姐姐哈哈，甜品咖啡味道就还可以吧,主要是冬天在房顶上拍照还挺冷的宫金不过为了拍出美照也是忍了。甜品饮品都挺精致的,专门来打卡的话不会失望。下次再来的话应该会坐在室内土",2
2345,"不得不说相较于全聚德我更喜欢便宜坊。鸭子没有那么油腻,却有着香酥的口感。鸭肉紧实，陪着甜面酱，甜而不腻，香酥可口!",2
2346,"拍的照片都蛮不错。冬天屋顶比较冷，注意防寒保暖，海盐焦糖拿铁还不错,口感有些偏甜。",2
2347,整体都挺好的，服务也挺好的,2
2348,很棒，好全的！人物很逼真，也很便宜,2
2349,"位置方便,不是什么偏僻的胡同，就在大栅栏商业街上，但那一小方天地又把市井喧嚣隔绝在外。",2
2350,传统与现代的完美结合、很赞的地方。购物的不错选择！,2
2351,买票很方便，整个过程1分钟左右，环境也很好，直接去验证就OK啦,2
2352,东来顺始建于1903年，有上百年历史的中华老字号了。肉的好坏，放在锅里一涮就马上见分晓。肉煮了一点儿都不散，从头吃到尾也没有雪沫子，特别有羊肉味儿，但是并不膻气。,2
2353,其实就是为了鹿晗去的。。意外看到了很多其他明星蜡像，哈哈哈。,2
2354,感觉和明星近距离接触了，周杰伦，奥巴马，赵本山，郭德纲，玛莉莲梦露等都，拍照拍的根本停不下来,2
2355,苏导游声音好听，讲解清楚，幽默风趣，让我们开阔眼界，增长知识。很棒!很棒!🌹 👍,2
2356,复古风太适合拍照啦o,2
2357,在前门大街，排队来吃的人超级多，味道不错，肉质很好，比较嫩，口感也很鲜，宽粉很劲道，不爱吃粉类的我也吃了不少，还有一道仙人掌，没吃过试了还真是爱不起来,2
2358,"带家人来了北京,想尝一尝北京的烤鸭，看家里亲戚推荐，正好附近有一家就光顾了。1楼正在装修,还以为暂停营业呢，还好找到一个工作人员带我们到了B1。",2
2359,场馆不是特别大，不过还是挺好玩的,2
2360,装饰的古香古色，犹如置身于宫廷院落，分分钟想换套古装服饰吃火锅呢。地理位置优越，老北京城中心，闹中取静，菜单上各种各样的自家上选牛羊肉，每盘都想尝尝铜锅涮肉，老北京芝麻酱小料，吃一次就忘不了,2
2361,人还好，拍照稍微得等会儿，不过总体挺满意的。,2
2362,前门居然有这么好吃的涮羊肉，以前没发现呀 ，带朋友去铁路博物馆参观，出来发现边上还有个老北京涮肉馆，果断上二楼，店里面积还不小，服务员很热情招待客人，落座后介绍了他家的推荐菜品。 他家都是传统的老北京铜锅，锅底点的传统清汤的 汤底清透最适合涮羊肉了[微笑] 「自家百天羊」这个挺惊艳，排盘够艺术，下锅十秒捞出口感极佳，羊肉一点都不膻 巨嫩。,2
2363,就在老城区的胡同区，品尝正宗的京味茶点。阴冷的天气也影响了我继续逛街探幽的欲望，就选择了再次到广场闲逛。当时广场上的英雄纪念碑前为贺国庆而新搭设的两排长长的大液晶屏幕（我所见过最大的）正在轮番播放以我国风景、民俗、国家建设等为主题的记录片，内容丰富多彩，构图很优美。,1
2364,方便又便宜，一张票的价钱两个人用。以后去玩一定多到去哪儿看看，能省不少钱呢，还省时间。,2
2365,超级赞赞赞很喜欢值得带爸妈和家人来玩玩 共三层每层都有很多明星 很逼真超级棒服务员的态度也很好 很热情 还会再来 取票方便快捷 里面也很凉快 是一个很不错的蜡像馆 就是希望明星能在多点 好多喜欢的明星都没有 希望加强哦,2
2366,便宜，性价比还是很高的,2
2367,就在前门大街、很好找哦！,2
2368,元旦最后一天去天安门看看顺便附近吃点饭找到这家百年老字号主打烧麦菜单看的眼花缭乱最后优中选优点了汤烧麦丸子小菜主菜总的来说丸子味道差点意思其他都很正宗,2
2369,这家店位于中国铁道博物馆里面，店面还是比较好找的，看到肯德基基本就能找到了。鲜切的羊肉、上脑都很嫩，虾滑里面的虾肉很新鲜有咬劲儿，蔬菜也很新鲜，手擀面很筋道，服务超级好,2
2370,比利时使馆旧址就在东交民巷这边，这里各国的使馆旧址都在这，有法国 日本 西班牙 总之看到很多，这里建筑很漂亮，我看这里是不对外的，但是参加活动什么的才可以进去的，走在这里真的蛮惬意的，可以好好的欣赏这些建筑的。不错。,2
2371,蜡像很真实，有趣，好玩，值得一去,2
2372,"过了饭点才去吃的,旅游太不容易了，等车等了半天，到了店里已经饿的不行，工作人员还挺贴心，可以带小朋友去旁边儿童乐园免费玩一会。烤鸭很好吃,半只就够了，吃多了我觉得会容易闷到。有汤有菜的。合适。",2
2373,藏在胡同里的网红咖啡馆～门脸很小，二楼是屋顶上的户外座位，拍照实在太好看!但是拍照的人真不少，想要上房揭瓦，还需要排队...,2
2374,非常值得来吃的一家火锅点，商家服务不错，店里的服务员态度也特别好，很有耐心，菜品不错，羊肉新鲜，就涮不柴，有老北京火锅的味道，餐厅不错。,2
2375,不愧是世界有名的蜡像馆，和真人简直没有区别，以后有机会再去,2
2376,[薄荷]环境:环境的话还是比较复古的。毕竟是在胡同里面还是很有老北京的味道。,2
2377,朋友聚会、家庭聚会、生日派对的好去处!周末带朋友去前门北京坊逛街，我们上4层北平花园去打卡，这里还是一如既往每天都在更换鲜花,2
2378,很棒，比直接买划算很多，取票也很快，参观人不多，拍照很过瘾,2
2379,要早一点去～周末人会比较多～兑票人员服务态度好～,2
2380,就在前门的黄金地段，门脸不大，但是内部装修很精致，非常有北京特色，老北京铜火锅，碳火特别旺，热气腾腾，吃的是一种历史的味道，食材非常新鲜，地道的北京味儿，推荐一定要尝一尝。,2
2381,这是我第一次进入所谓的蜡像馆，以前一直觉得没什么意思，这次来北京在小伙伴的带动下参观蜡像馆真的觉得蛮不错的。最让我惊喜的是迈克尔杰克逊和东北之宝本山大叔的蜡像，我只和这两个蜡像合了照。真的很逼真，希望以后会有更多的蜡像入驻北京杜莎夫人蜡像馆。,2
2382,全聚德好像已经不再是记忆里的那个味道了，下次来尝尝四季民福怎么样,1
2383,ahhh真的很多漂亮小姐姐在这里拍照赏心悦自其实位置比较小都是拍完照后到楼下室内继品咖灰,2
2384,因为想吃惠灵顿跨年夜搜到了这一家,1
2385,店铺装修很有老传统的味道，大厅然后两排是分成了小包间，每个包间都有一个名字，慈禧宫，延禧宫，挑了个景阳宫吃一顿！ 吃传统的涮肉，最正宗的必然是清汤的锅底！这才能吃出肉的香气！小料，锅底都是自己搭配放进去，店家还给的洋油[惊讶][惊讶]调香！,2
2386,亲，真的是太好了，这才是艺术阿，做的太逼真了，头发，眼睫毛，胡子，真的和真人一样阿，，，我也发现原来郭德纲老师不是特别高阿，，，做的真是挺好的，很满意，很好，真的，确实好好的，离前门也近很方便！！！点个赞！！！下次还在这订票，,2
2387,烧麦贵是有道理的三鲜里面应该有虾仁莩荠肉等很好吃服务也不错里面装修古香古色从我们的停车场上楼很近就吃到了美食下回尝尝别的附近好吃的太多,2
2388,很好的体验，刘世杰导游也非常负责，帮我们买门票安排午饭各种事，什么都不用担心跟着走就好了,2
2389,就是太小了，没有一会就结束了。,0
2390,很好啊比实际价格便宜了不少,2
2391,王导讲解非常卖力，一天下来声音都哑了，早上接车也很准时，五一人非常多，运气还不错，没怎么排队也没有被堵路上。,2
2392,【自家百天羊】 百天的羊 嫩啊这手切的肉是涮肉里的必点 我吃涮锅子就白菜粉丝大豆腐，【虾滑】  虾滑真是完胜 一个大虾分三段吧 混着点儿淀粉 这哪儿是虾滑啊 就是涮虾段啊 实实在在看的见 这个必点啊 涮的粉红的虾肉一口弹牙越吃越香 吃到最后来一盘羊肉片 一份手擀面 一份大白菜 就着锅子煮一份羊肉白菜面 拌上点儿麻酱小料儿 哎呦你就吃去吧,2
2393,在去哪玩买的，当天直接电话联系的，一天下来感觉特别好，报团绝不后悔,2
2394,还不错。挺好的，为了杨幂去的。,2
2395,服务很好，驴**预定便宜，环境配合着背景音乐，很棒，共有四层楼。唯一不足蜡像还是有点少。,2
2396,非常愉快的一次体验 玩得很开心 做的很逼真,2
2397,青旅，是漂泊在外人梦开始的地方，有到北京找工作的，有还没找到合适租房子的，有考研的学子，还有想省钱的,1
2398,非常棒的一次体验，真的是随订随用。里面的蜡像还算逼真，比较值得一看。确实省了一半的费用，我觉得价格挺合适！,2
2399,就在前门大栅栏里边很好找，和同学一起去的，很有意思，拍了不少照片呢～～～,2
2400,猪肉烧麦真的超好吃!都一处3家店平价都不高，差点看评价劝退，但是真的来对了!皮薄如纸，尤其是最上面的皮长的特别像纸，不粘油也不会被蒸汽浸湿!褶皱的边边基本上呈透明的。,2
2401,"前门北京坊融合西餐，餐品惊喜不断哦!环境布置优雅，干花等植物布置了每一处角落，异常整洁干净，没有一丝灰尘，令人感到安逸舒适。服务人员热情周到,态度非常好。",2
2402,小姐姐们很热情开朗.热情的打招呼帮我们点单.天气有点冷所以不能坐外面就只能出去拍完照回来坐.,2
2403,果断跟老公拔草，在胡同中间，走的时候要有耐心哈哈～,2
2404,非常非常好的一次体验，位置在前门，很好找，肉非常好吃，推荐自家鲜上脑，造型美观，吃起来劲道好嚼，蘸料麻酱是必须的，麻酱又香又浓，平时吃一会儿，蘸料就是水状了，这次一碗料快吃完还是特别浓，服务员服务到位，绝对是积极主动，笑脸相迎，不错不错,2
2405,很方便，不过一定要提前订呀~两个小时后才能取，去了人也特别多，很火爆！里面很凉快，大家都在照相，很热闹，特别好，位置,2
2406,就是洗手的感应器不灵不太好用波士顿龙虾海鲜饭还不错,2
2407,在前门附近，方便，便宜。,2
2408,位置很好找，就在前门大街那，场馆虽然不大但是也玩了2个多小时，各种合照玩的很开心啊，值得推荐,2
2409,目前吃过最好吃的铜锅，下班点人逐渐多了起来，但是并不是很吵，可以悠闲的吃，鸳鸯锅底也很带劲，虾滑一绝,2
2410,"点了两笼烧麦:羊肉和三鲜，羊肉的最好吃，一口一个满嘴流油的鲜嫩肉丸，烧麦皮包馅大，甚是鲜美。还点了两碗粥，小米粥很好喝很粘稠,腊八醋需要单点,蘸烧麦同时效果最佳。",2
2411,天气不热，小雨就下了一会，导游也挺详细的，比自己买票省事多了，看门口排队就想还好报团了。,2
2412,很不错的体验，和老公玩的很开心。一直想来蜡像馆，这次有时间，而且还算便宜。蜡像真的很逼真啊！超赞。就是不太多，要是再多点就好了！取票也方便，服务也好，总之很满意！,2
2413,很好，不过糖葫芦没有给我们，逛完了出来以后才想起来，给他们打电话，他们说在对面去拿，也可以选酸奶或者北冰洋，但是只能选糖葫芦，糖葫芦还特别酸，别的都很好,1
2414,玩的太太太太开心了，学生票很实惠啊,2
2415,不错，环境好，玩的很开心！,2
2416,这家餐厅是过生日时候来的,1
2417,直接在售票处换票，速度很快，从一楼玩到三楼很过瘾，最像的是乔布斯，简直一模一样，里面人物不少还有道具给我们用来拍照，好玩，很开心！,2
2418,点了荔枝咖啡味道是很可爱的，好喜欢.,2
2419,1445-1605 这家烤鸭店可以团购~分量还多很多~好吃！,2
2420,非常高大上的一家店，里面的装徐环境很复古，包间都是以各宫娘娘的住所命名的，很有韵味,2
2421,早就看到过别人去杜莎夫人蜡像馆游玩的照片，一直期待，这次在去哪儿网买的电子票，非常方便，直接去柜台给前台看手机短信就可以取到票。蜡像很逼真。总之玩的很开心，值得一去。,2
2422,眉州东坡的宫保鸡丁和东坡肘子，那是店里的招牌，保持着一如既往的品质。大菜就不多提了，他家的担担面、酸辣粉独具特色，不是特别辣，但是吃起来却是特别香，就是一小碗有点太少了，不够吃。,2
2423,好久没来前门转悠了，疫情原因很少出门，今天没事儿干来这里吃个涮肉，也是老字号，位置就在前门地铁出来就是，肯德基楼上，繁华地带，装修风格是老北京四合院风格，古香古色，肉品味道真是不错，鲜嫩爽滑，服务很好，是我吃过的北京能排上号的涮羊肉老店了。,2
2424,网上订票很方便，演出当天18：30取表，安排在最后一排，没听过还是可以去听听感受一下。,1
2425,挺不错的，张导很热情，真的纯玩，下次还找龙行天下,2
2426,下班和同事一起去的，到那快10点了，火锅店位置挺好找的，就在2层，本来是清汤锅，小美女建议换个鸳鸯锅，味道不错，特别是鲜上脑特别嫩，超好吃，服务也特别好，不错,2
2427,换票方便，非双休日去的，人不是特别多，做的比较逼真，尤其是外国人，建议再放一些真正有影响力的名人，比如邓丽君，比如范冰冰等。然后多配几套拍照的衣服。最后想问一下，二楼是装修吗？何时开放啊？总体来说还是不错的…,2
2428,很不错，很喜欢，张导非常好，还给介绍自己游的路线，推荐很多好吃的地方。蜡像馆也非常不错，很喜欢,2
2429,大栅栏对面的就是北京鲜鱼口里有个老字号叫天兴居，到里面不用吃别的1碗炒肝2两包子，您要是能吃的话，可以多要几两包子，好吃不贵，可以参考！煤市街中段 有一家张记涮肉~相当棒！绝对比那些所谓的老字号强 羊肉鲜美 涮不出白沫~,1
2430,宅在家之前去逛了一圈前门大街，作为北京著名的景点之一，早早的在节日之前就布置好了红灯笼，等着游人的到来。,2
2431,北京｜大半个娱乐圈都get的老北京涮肉，再不吃就没有了。,2
2432,对于我而言，我陪他们去旅游是记录，但是父母而言，旅游只是不想辜负我的“孝顺”而已。有的人一辈子都在一个县城里，有固定的生活方式，对于新鲜的事情的好奇心也早已经被现实中的繁琐小事磨灭。旅游确实没有办法改变什么，但是当镜头记录下他们觉得好玩，新奇，新鲜事物的时候那些发自内心笑的表情，我突然收获了成就感，得到了一个特别的体验。,2
2433,北京烤鸭从小学就开始听 时隔十多年终于吃上了正宗的 全聚德烤鸭很有名呐 不管是排队吃饭的还是排队买送礼的都是长长的一条 去了离酒店近的全聚德前门店 吃个晚饭排队排了超多人 逛了一大圈正阳门大街回来都还没轮到我们,2
2434,火车晚点8点半到的北京，正赶上高峰期，不过也不耽误办地铁卡去酒店，到了酒店就已经9点多了，在酒店休息了一会儿，马上就去了杜莎夫人蜡像馆，蜡像馆离住的地方近，正好也在前门大栅栏，慢悠悠的边吃边转的就到了蜡像馆，去的时候是星期一，人不是很多，各种poss拍的很开心，还让工作人员帮忙拍了几张。,2
2435,北京的最后一顿大餐！------便宜坊！开启东北三省之旅！,2
2436,在北京不管走在那条小吃街，几乎都会看到烤鸭，今晚决定去尝一下。,2
2437,北京杜莎夫人蜡像馆,1
2438,穿过天安门广场，沿着广场东侧路走，走进前门东路，在鲜鱼口街就可以看到便宜坊啦。全聚德太贵了，而且之前有听别人推荐这家，首先名字已经很深得我心，哈哈哈哈哈哈。关键是，还有团购！哈哈哈哈哈。,2
2439,最后一上午打算好好逛逛前门，早餐吃烧卖，午餐吃炸酱面，买点糕点，带点鲍师傅肉松饼，结果没想到病得起不来，只是“爬”到了都一处，刚到都一处，烧卖上来了，连筷子都拿不起来，饭都加不了，就趴在桌子上睡了一觉，起来稍吃了口，见人不是太多还有空位，就继续睡，一共睡了差不多两个小时。喝了一杯桂花乌梅汤，听说这酸梅汤是朱元璋病入膏肓的时候发明的，喝了以后病就好了，我下午的命估计就是这酸梅汤给的。粥其实不好喝，不...,1
2440,天坛就逛了一上午 然后坐公交转战鲜鱼口 寻觅午饭——【便（bian第四声）宜坊】烤鸭,2
2441,去哪网靠谱方便快捷，比其他网都便宜，一直在使用。,2
2442,包子是二两三个，点了网红猪肉大葱馅的，素三鲜和猪肉冬笋馅的，一个比一个难吃；炒肝，黏糊糊的，不知道怎么下嘴；拌芥兰，不错。,0
2443,店主态度蛮横，价格高，品质差，普通一瓶燕京啤酒十元，半碗卤煮45元。有一位妇女说爆肚有异味招来店主谩骂，傍晚5时高峰时间，竟然空店，这样的店怎么还能上推荐。,0
2444,今天参加去哪儿网的活动 体验了非遗的竹编项目 看着简单 但是实际上手操作 真心很难 现在特别佩服那些匠人们 是怎么把这么一个小小的竹子弄成这些艺术品的 太佩服啦！！！,2
2445,亲手用中国特有的木版水印技法创作一幅幅传统国画，会是一种怎样的独特体验？有幸在荣宝斋前门华韵店，在非遗大师的指导下，梦想成真！整个过程激动而忐忑，一丝不苟又心有戚戚，当看见吴作人的名画《金鱼》由自己印得活灵活现，还是非常感动的，期待这项国宝技艺永世流传！,2
2446,非常好的文化体验馆，有专业的老师讲授泡茶的方法、还可以听到关于茶文化的各种知识和故事，是一个能够体验传统文化和非遗传承的好地方，这次在这里还看到了最好看的倒把西施，喝到了地道的功夫茶，不虚此行,2
2447,一直对非遗文化非常感兴趣，佩服手艺人的功力，耐心和专注。北漂三年，经过前门大街多次，却从来没有像今天这样好好感受过非遗项目：刘氏竹编。,2
2448,逛完前门和大栅栏，正好去鲜鱼口的便宜坊，去的早没用排队，点了半只鸭子，鸭皮是蘸糖吃，但还是感觉腻，鸭心很好吃，鸭汤也挺清淡的，由于起的太早，吃完回住的地方睡了两个小时,2
2449,看到这个名字，是不是很熟悉？,2
2450,吃和玩。前门大街离天安门、博物馆、英雄纪念碑都挺近。当然我所说的近是距离近，实际上由于北京蛮大的，步行也是有点累人。但没办法，附近几个景区基本靠走。前门大街里面还是值得去的，基本在这里解决了吃烤鸭吃炸酱面吃糖葫芦吃北京小吃的心愿。另外还看了蜡像馆（只是因为那天晚上太冷了）,2
2451,前门鲜鱼口美食街东口有家便宜坊烤鸭店，也是楼宇轩昂，富丽堂皇。他们说便宜坊是焖炉烤鸭的鼻祖，至今已有600年的历史，北京烤鸭，按照制作方法的不同分为“焖炉烤鸭”和“挂炉烤鸭”两大流派，如今的代表分别是便宜坊（焖炉）和全聚德（挂炉）。便宜坊（焖炉）烤鸭介绍说焖烤鸭子之前，先将秫秸等燃料放进炉内点燃，使炉膛升高一定温度，再将其灭掉，然后将鸭坯放在炉中铁罩上，全凭炉内炭火和烧热的炉壁焖烤而成。中间不能开炉...,1
2452,杜莎夫人蜡像馆，第一次进蜡像馆，好奇开始各种摆POSE女王范来了我最爱的小周周了婀娜多姿，有木有,2
2453,前门大街是北京非常著名商业街。位于京城中轴线，北起前门月亮湾，南至天桥路口，与天桥南大街相连。明嘉靖二十九年(1550)建外城前是皇帝出城赴天坛、山川坛的御路，建外城后为外城主要南北街道。民众俗称前门大街。大街长845米，行车道宽20米。明、清至民国时皆称正阳门大街。1965年正式定名为前门大街。,2
2454,出天坛已时近中午了。坐公交车至大栅栏，过鲜鱼口。鲜鱼口的美食最多。,1
2455,匆匆的赶到这里，当了一回超级vip（先预留了座位），潇潇洒洒的绕过人群，轻轻松松的吃到了梦中的你---全聚德烤鸭！tips:不预留真不行，人太多了！,2
2456,大 ＂shala＂（据说是这么读）比较有意思，有很多北京的老字号，张一元的茉莉花茶可以买点做手信，物美价廉。六必居的酱菜太咸，也可以少买点。,2
2457,商业街。经过大火洗礼，修缮后依旧繁华。各种老字号的总店都在这里。,2
2458,早上睡到自然醒，爬起来继续我的旅程，一个人慢慢的晃出来，打算吃点东西，其实开始我真不知道这里是大栅栏，北京人叫大屎烂（发音这样，不怪我啊！），路痴一个我，我就走走看看，忽然就窜进一个我不知道的世界，好多人在那吃饭，东西也贼便宜。,2
2459,老店，味道还是挺不错的。,2
2460,从陶然亭公园出来骑车向北，便是北京著名的古文化街琉璃厂。整条街道古色古香，又售卖古玩字画、笔墨纸砚、书籍等古典文化用品，文化氛围浓厚。无论是观景拍照还是逛街购物都是不错的去处。来自去哪儿用户@tobee1013来自去哪儿聪明旅行家@mz36958,2
2461,家旁边的面馆，超级棒推荐推荐,2
2462,这家吃过还是不错的，不过在通州宋庄有一家叫7餐厅的，卤煮真心不错的。纯肠那叫一个过瘾那叫一个香。老板北京人特热情，就像是个万事通啥都知道。值得推荐,2
2463,一下火车我们就去乘坐地铁7号线在磁器口站下，A出口出往左手边看到大马路，沿着大马路一直走看到光明日报右转，沿着这条胡同一直走会看到有老北京炸酱面，在老北京炸酱面旁边有栋楼房就是我们住的地方，找到住的了，放好行李，简单洗漱完毕出去找吃的。在一家叫北平往事那里点了个豆腐花，只能说此豆腐花非彼豆腐花，跟在上海吃差不多，吃不惯那个味道，还是喜欢吃家乡的豆腐花。,1
2464,因为这里已经成为一个景区了，所以所有的东西成本都相应高出很多,0
2465,也是地道老北京 小吃推荐的。之前想懒了。查了导航玄武有一家 结果找了半天 拆了 就直接去了前门，5路车下 拐进小胡同 其实很好找 就在胡同的路边。门脸不大 屋子也不大 只有一道菜 卤煮。付钱完 在门口自己端 。大肠 肝乱七八糟的一起 女孩一个火烧就饱了 。估摸着一般特么吃不习惯 口味太重 陪着蒜汁 辣椒什么的 其实很不错的。环境一般 讲究的人儿可以不去呢 地方是不够大 环境也有些嘈杂 胜在正宗 比我在灵境胡同哪儿吃的正宗...,1
2466,早上先去狗不理吃了早饭。,1
2467,团购的，有几个菜，炸酱面有点像我们重庆的担担面--干溜，酱有点咸，配的咸菜不太好吃，可能南方人吃不习惯。,0
2468,应该是廊房二条那家，当时去的时候胡同满是脚手架，我说我喜欢吃卤煮，那个相亲的哥们说这家不错，这家味道很好，就是量太小，我一个女孩子吃完一碗又要了一碗，那个吃相估计把考古男吓着了，以后就再没了联系。,1
2469,多亏了去哪儿网才能吃到这么美味的东西，一般外地人到北京是很难找到这个地方的，因为太好吃了连着来了三天，从第一天找到这个地方到最后一天回去，要不是买了回程票肯定会再呆上几天来品尝这个人间美味的～个人觉得其它的名小吃都比不上这个，来北京的朋友一定要来尝尝.呵呵～我给他们家打广告了😜,2
2470,老字号了，北京菜做的特别地道,2
2471,消费比较低，东西也好吃呢,2
2472,每年一次北京，每年一次小肠陈。本来是去参加ispo展会的，很早就起来，本来是想去前门的爆肚冯，结果爆肚冯要10点才能开门，只好转进一条马路之隔的小肠陈。刚进胡同味道就飘了出来，很开心的吃上了一顿2个火烧的卤煮。,2
2473,太地道了！麻豆腐香死了！卤煮味道也很棒！,2
2474,喜欢古玩字画的朋友，可以选择吃过午饭来这里。不喜欢的可以略掉。 琉璃厂是北京的古玩字画一条街。,2
2475,文化气息很重，特别是想买笔墨纸砚的适合去。就是有点小贵。,1
2476,就在天安门附近当场切，还挺好吃，老牌子了盐酥鸭架,2
2477,今春不能外出旅游，北京市内便让我游得格外仔细。,2
2478,北京旅游集散中心很方便，服务很好。,2
2479,前门大街两边的商店非常多，包括各种美食和商店，糕点店，各种代表着北京的味道和画面，可以选择其中的店进入品尝，或者是购买一些纪念品。这条大街非常干净整洁，蓝天白云下非常美，也可以选择乘坐铛铛车，去感受那个年代的北京，就好像穿越一般，提起这个车，家里的老人就会讲很多他们小时候的故事。在前门大街游玩的时候也会看到有名的大栅栏，不妨进去看看。这里有艺术的一些展览和雕塑，既可以陶冶情操，也可以感受到不同的步...,2
2480,这一天继续我们的沉浸式体验，北京的胡同有很多，怎样才能体验到最浓厚的烟火气呢，那么就一定不要错过杨梅竹斜街胡同的群落，为什么说是群落呢，这是因为在这条胡同的临界处就是不同的胡同，一条接着一条。去往这里的路线，会经过前门大街，说起前门大街，历史也是很悠久的。在前门大街聆听老北京最怀旧的声音🔊，铛铛车。已经记不清上次来前门大街是什么时候了，这一次已然不是我记忆中的样子，它变得在老北京特色味道中，有了...,2
2481,过来买特产，据说是年代久远的一条街哈哈，意外发现德云社在这喜乐的冰糖葫芦，好好吃，超级多口味太好吃了，打包回南昌给闺蜜，我是真爱没错了,2
2482,在平台上一眼就相中了这家，果然还不错，大家🉑️冲人不算太多，不用排长队的感觉太爽了，体验感一级棒,2
2483,怀旧很好玩，下次还会来,2
2484,这是一篇迟来的游记，20年的8月去的背景了算是以叙事为主的小攻略，可以当个小故事慢慢看，也可以直接跳到最后。胡同里的老北京盛夏的北京是异常炎热的，下午2点的杨梅竹斜街，几乎没有任何可以遮阴的地方。相比繁华热闹的南铜锣巷，杨梅竹斜街更像是老北京人儿生活的地方，这里没有太多的游客，也没有太过商业化的气息，可能是因为天气炎热，街上的人很少，三三两两出来的都是住在胡同里的人🚦街上的一些小商铺刚刚开门，弄堂里...,2
2485,吃完早餐就从前门大街走去地铁站~,1
2486,进门后，好香哦。,2
2487,早早起床，穿过一个又一个的胡同，来到民宿附近的大栅栏。胡同里，还挺舒服的9点半，商业街好多店铺都还没开门。想起这边有出名的门框卤煮，就想着到门框胡同去看看~,1
2488,早起穿过弓字胡同，出来找吃的。,1
2489,自然醒，10点~,1
2490,回到住宿点附近，时间还早，还想再逛逛（主要想吃东西），就在大栅栏转转。大栅栏，兴起于元代，建立于明朝，从清代开始繁盛至今，已有500多年的历史，曾经就是一个繁华的商业区。在大栅栏有不少国内外闻名的老字号，如经营中药的同仁堂，经营布匹绸缎的瑞蚨祥，经营帽子的马聚源，经营布鞋的内联升，经营茶叶的张一元，经营酱菜的六必居，此外还有一品斋、步瀛斋、聚顺和、长乘魁等都是拥有百年历史的老字号。旁巷有这种小商品街...,2
2491,清晨的南锣鼓巷显得格外宁静也只有这样的车才能在胡同里做到紧急任务后海的清晨还算丰富的早餐 12人民币 便宜吧各式各样的小吃大杂烩一早去后海溜达一圈 下来 1万步 如果每天能在这样的环境下散心 多舒适宜人！嘿嘿 想想就得 早餐 小米粥 包子 凉拌菜 吃的舒心 路过 护国寺小吃 随便尝尝 等会儿办理退房手续 再溜达溜达 就坐地铁去✈️ 日本 晚上到东京 机场过夜,2
2492,前门大街悠久的历史，造就了这里的许多中华老字号，如六必居酱园、同仁堂药店、瑞蚨祥绸布店、长春堂药店、内联升鞋店、张一元茶庄，还有月盛斋的酱肉店、都一处的烧卖店等16处老字号分列道路两侧。在鲜鱼口、打磨厂等胡同内，也是店铺、饭馆林立，不过这里已没有享有很高声誉的老字号，而是外地人在此开设的条件简陋的美容美发店、小饭馆。记者到时正值中午时分，每家饭馆都有一两个伙计站在店门口招徕过往行人，吆喝声此起彼伏。,2
2493,从正阳门城楼过来，就是前门大街了。前门大街是北京著名的商业街，位于北京中轴线上，北起前门月亮湾，南至天桥路口，与天桥南大街相连。明、清至民国时皆称正阳门大街，1965年正式定名为前门大街。街道两旁多是中国传统风格的建筑，售卖各种特色小吃，纪念品，各种商品及餐饮等。我们去时适逢春节将近，大街两旁及商铺多红灯高悬，一派热闹的节日景象。因为晚上还要乘火车离开，时间不多，大致逛了逛，去全聚德吃了个半鸭宴。,2
2494,小时候的记忆，现在要翻新，应该会更有一番滋味吧，祝一切顺利,2
2495,前门大街这逛逛也还是非常好的，能够看到叮叮车和古老的这些建筑，历史一下子跃然于自己的眼前，觉着很厚重，仿佛看到了刚刚民国时期的很多过去的景象。,2
2496,北京的城门真的是气派，看起来像一座城，实际上只是一个门，故宫里的门更是如此，皇家到底不一样。据说北京城门的夜景超级好看，可惜没能看到。,2
2497,前门大街是北京非常著名的商业街，各类老字号店铺在此营业。几百年的历史积淀，使前门大街成为北京建筑文化、商贾文化、会馆文化、梨园文化、民俗文化积淀深厚的特色历史🥰非常喜欢,2
2498,前门大街是北京非常著名的商业街。明清时期就已行人洛邑不绝。著名的大栅栏，八大胡同，纪晓岚故居，琉璃厂都在前门，还有便宜坊烤鸭店，九龙斋酸梅汤，六必居酱菜。卤煮也是当地一绝。,2
2499,前门大街上随意的逛一逛，还是能够看到很多新鲜玩意儿的，以前呢前门大街是有脏有乱有尘，但是从房地产开发搞起来之后，啊，其实也有它的好处，现在前门还原了北京以前的特色，挺好玩的。,2
2500,前门大街的旅游质量总体还是不错的，这儿目前打造的比较规范，而且具有北京的特色。建筑都是整体规划的老北京特色，购物街也是北京风格居多。,2
2501,从这个建筑风格来说，非常具有浓厚的北京气息，而且这些门店都是具有上百年历史的，不管是吃的玩的都非常的不错，在这边逛街还是挺好的。,2
2502,前门大街这儿还是属于非常不错的一个，呃，景点能够在这看一个也是一个挺不错的，嗯，一种景象啊，毕竟和10年前相比和现在来看，还是有很大的差距，现在的配套越来越完善。,2
2503,第一次遇见空旷的前门大街，街上挂满了红灯笼，节日的气氛非常浓，可惜一场疫情把好好的春节假期给搅黄了，但是没关系，相信春天不会缺席，阳光一定会普照大地！,2
2504,大栅栏这个地方非常值得一逛完，夜景也很漂亮 下面都是这里的各个胡同的照片，吃的超级多这个地方往里走，先是吃的，再往里是做工艺品的，画画、捏人像，挺有意思四季民福烤鸭，现做超级好吃，就是有点少，半只才这一点点，还不给骨头。提醒大家一下，特产店的烤鸭不要买，真心难吃，我买了全聚德的128一袋，很难吃，就是骨头都面了的那种。,0
2505,这条大街还真的挺有意思的，充满了北京风味的大街，而且每家的店面装修都是非常的古老，都是一些上百年的老店，在里边可以买到一些正宗的东西。,2
2506,这条大街看上去挺古老的，而且精力十足的一条大街，上面的品牌也是挺多的，上半年的店有的很多，而且味道什么的都特别的好，就是价格稍高一些。,2
2507,前门作为老北京的代表地，是很值得去看一看的地方。目前这儿的建筑都已经得到了整修，基本恢复了老北京的风格。同时商品种类也体现了老百姓的特点。,2
2508,今天还是非常适合大家来逛一逛的地方，主要来的旅客都也需要在这边打一个点啊，打个卡，然后属于网红打卡地吧，大家多拍拍照留个脸。,2
2509,前门大街也是来北京必到的打卡地之一～我们到达的时候虽然已经是晚上了，但这里还是很热闹～吃喝玩乐都有，非常适合游客溜达哈～ 推荐理由：感觉来北京旅游很适合住在这里附近，逛街方便，早上去看升旗也很方便，而且附近也有地铁，去哪都很方便哈～,2
2510,京味十足的步行商业街区，古香古色的建筑、红灯笼、老招牌、汇聚了天福号、全聚德、便宜坊、稻香村等著名老字号，传统美食，京味儿小吃，以及北京特色旅游特产。,2
2511,前门大街也是很有当地代表的地标景点之一，老字号很多，美食很具有当地代表性，街道两边老建筑也很有历史价值，交通便利，值得推荐！,2
2512,吃完饭我们就做地铁去服装博览会 我们本次主要是为了来参加北京服装博览会的 今天我们就要带着任务工作啦进门就看见都教授啦(´-ω-`) 好帅٩(๑´3｀๑)۶马到功成🐴下午 我们又回到大栅栏啦 吃些小吃 在逛逛各种小商品都一处 烧麦 贵死啦 味道也还可以 就是觉得那也不应该这个价钱好喝(✪▽✪)这家的酱肉不错,2
2513,前门是正阳门的俗称，是北京内城的正门，包括箭楼和城楼，原由瓮城墙连为一体，后因修路分割成了两个部分。但一般人们也把大栅栏那个地方叫做前门，所以说严格意义上来说，前门的概念是一个区域，范围是正阳门和它前面的珠市口、大栅栏等区域。穿过前门我们前往大栅栏这墙门是不是很熟悉,1
2514,最具北京古韵的商业街。街道两侧商店林立，历史悠久的北京老字号在此都有，如全聚德烤鸭店、瑞蚨祥绸布庄、同仁堂药店、内联升鞋店、六必居酱菜等等，值得前往品味。,2
2515,在北京的最后一天，睡醒后，只想把之前看过的小吃尝一尝，一路走了两三公里，穿过大小胡同，到了前门大栅栏，爆肚冯就在步行街胡同穿出去其实就是水煮牛百叶，五十多一盘，牛肚仁，不知道是什么部位，有点油脂，口感爽脆隔壁就是老六框卤煮，感觉比爆肚好吃，牛杂味的猪杂，毕竟清淡，卤的很软，没有异味，准备去天坛的路上，看到了陈记卤煮小肠，但是已经吃不下了，这就是三家店的位置，都很近，挨在一起，,2
2516,四季民福就在前门大街里面，出了店就可以闲逛啦！,2
2517,餐厅位置相当的不错，在北京核心地带前i门商业街入口附近。所处的建筑也是很有纪念意义的老北京站，现在的北京铁路博物馆。到这里来不仅仅是吃饭，更可以感受老北京的氛围。交通不用说了，能到前门的车都可以，不过开车过来就别想了，没地方停。餐厅位于二楼，与别的商店公用入口，要稍微注意一下。 餐厅装饰老北京风格，面积不算很大，不过在这个地段算是不小了。铜锅涮肉，还是老北京风格，铜锅锃光瓦亮，光可鉴人，感觉不错。羊...,2
2518,"这家羊肉还是比较鲜嫩，肉质不错。「手工虾滑」 「手工面」 「糖蒜」「鸳鸯锅底」「金针菇」 「茼蒿」 「粉丝」 「芝麻酱」 我们三个人，还点了「养生乌鸡卷」[拍黄瓜」「红薯」 ，非常划算，性价比很高的的店。[环境]还可以， 中午都需要等位。[服务]比较热情 ,大爷大妈频频帮忙加水",2
2519,店员很热情的接待了。菜量刚刚好，2个人很合适，除了面条基本没有剩下。店面: 店面设计有点古香古色适合:适合朋友小聚，家人用餐菜品:肉质还比较软嫩，菜品新鲜，特别推荐虾滑，手工做的的确好吃!推荐给朋友们,2
2520,店铺不大， 在肯德基的楼上。服务员做事很效率，也很热情，服务上很棒。菜品也不错， 很新鲜。这家麻将调料也很香!很浓郁!就是需要提前去，要不就该等位啦!毕竟在前门，离天安门很近，有很多游客。还有最人性化的一点是桌子侧面有可以充电的，三种线满足不同手机的人,2
2521,冬日的前门大街风景还不错，也可以坐铛铛车感受一下老北京的感觉，道路两边都是店铺，但是一般都不太正宗，没有必要在这里吃老北京风味。整体商圈规划的还是不错的。,2
2522,老北京涮肉馆位置很好，就在前门附近，挨着正阳门铁道博物馆，楼下是肯德基。店里环境古朴，锅底是那种老北京的铜锅，选的传统清汤锅底、秘制麻酱、糖蒜，涮品点的自家白天羊、 精品羊肉卷、鲜百叶、白萝卜、菠菜、菌菇拼盘、老醋花生、烧饼。他们家羊肉还不错，涮完了干净鲜嫩;鲜百叶涮个七八秒就可以吃了，口感脆嫩,2
2523,在前门大街门口附近，远处只能看到牌子，要从门面的肯德基旁边走上二楼才能看到。羊肉火锅在这家非常正宗，羊上脑肉真是说不出的好吃，肉质相当不错!鲜羊肉也是能做到立盘不掉，配上北京地道麻酱，真是风味浓郁!,2
2524,"环境很好，每个小隔间都是以后宫的名字命名，什么储秀宫延禧宫长春宫。关建说说食材， 推荐他家的百天羊，和鲜上脑，羊肉基本都是涮十五秒左右就可以了，柔嫩口感好，虾滑很实在，大块虾肉，虾滑浮上来就可以吃了,这些服务员上菜都会介绍。服务也很好，吃的很开心。",2
2525,环境挺好，服务也很热情，套餐里有两份羊肉、粉丝、蔬菜、面条等，加了一盘牛肉和毛肚，非常好,2
2526,来玺源居的涮肉，就在正阳楼东，北京铁路博物馆西侧二层。还好来的较早， 后面很快就排队了。「自家鲜 上脑」色泽鲜红，肉质细嫩，味道鲜美「自家百天羊」 摆盘独具风格，肉片狭长厚实，同样鲜嫩可口。配菜也是清脆新鲜，收拾利落。[服务]服务热情周到， 添水及时。玺源居的肉真 是香甜鲜嫩，令人回味。,2
2527,在火车博物馆旁边，正阳门边，地理位置很好找，车停在前门东路临近餐厅，路北的小道里，道口有标示，少量车位，走路两分钟。整体环境还不错， 红墙绿瓦复古宫庭风，每一个卡座都是一处宫殿的名字 ~吃完才发现我们坐在了储秀宫，服务员很热情， 有理有面儿~， 上菜快，手脚麻利! 羊肉新鲜，切工OK的， 涮起来很好味。想吃辣锅的也有驾鸯锅底可以选择。鲜百叶不错，脆爽。龙利鱼是我减肥时必点的蛋白质，虽是冰鲜的，但嫩滑可口，可...,2
2528,烤鸭、涮羊肉都是来北京的要尝尝鲜的地，跟着导航一路找，饭店位于前门大街甲2号，地儿有些费劲。进门窄窄的通道，二 边放着些凳子，让排队的顾客坐着等位叫号，凳子也不够坐，好些人都站着，我们是来旅游的，一天玩下来很累了，看这情景再等位不要累趴下。我就上楼看看，老天也照顾我们，有个包间客人定位人都还没到，和服务员解释，打了招呼我们进去休息休息。等了差不多一个小时，才轮到我们。老北京的涮羊肉标配:铜锅、清汤、...,0
2529,北京的商业小吃街之一，历史悠久，古色古香，在这里可以品尝到许多正宗的北京传统小吃，还可以带很多北京的特色特产，购买北京的纪念品时很推荐前往。,2
2530,休闲，之前都是吃小吃或者快餐，发现了一家涮羊肉，更意外的发现，味道超预期。环境也不错，在二楼，不太好找。但值得来。服务不错，装修也有点意思，小间都叫各种宫名。肉很不错,2
2531,「自家鲜上脑」这个特别棒，肉很嫩，口感好极了「自家百天羊」肉质偏硬，味道好吃，「糖蒜」好吃，不辣「秘制麻酱料」麻将是精髓，「手工虾滑」 虾滑小朋友的最爱,2
2532,"终于有时间过来了。位置:地理位置特别好，坐地铁到前门]站B口出，然后过地下通道到马路对面，就在肯德基的二楼，非常好找。服务态度: 服务生的服务态度都特别好，一进来积极的给我们找了个位置，12:30到的人也不是特别多。鸳鸯锅。两个肉， 不算多，我们点了百叶,冬瓜，总之肉很新鲜的感觉，蔬菜什么也还不错",2
2533,正宗的店。是家老店，装修风格也挺有意思。强烈推荐“自家百天羊”和“手切鲜羊肉”只要开锅涮十秒就是最鲜美的味道。肉是厚切口感最好。红亮的鲜肉是肉食爱好者的最爱，新鲜的羊肉很粘盘子。虾滑也不错有整粒的虾肉。Q弹弹牙。,2
2534,很好找在前门铁路博物馆KFC二楼去的早不用排队，服务员很热心，上菜很快「自家百天羊」这个羊肉很嫩膻味不太重吃完又点了一盘「传统清汤锅底」第一次吃清锅原来就是放点干香菇、大葱、羊油「秘制麻酱料」麻酱很足。放很多醋和辣椒油很好吃「手工面」吃完肉在下面。 味道很好吃「自家手切鲜羊肉」这个肥瘦相间膻味浓一点但可以接受「鲜百叶」感觉味道重了些。不太推荐「茼蒿」和我们那的居然不-样。但很好吃。,2
2535,杨梅竹斜街31号的模范书局，可谓是深藏在繁华大栅栏的文艺新地标。民国时期，这条街上曾有大众书局、中华印书局等7家书局，这座具有民国风格的建筑，曾是民国时期出版社、“彝宝斋南文具店”的旧址。“模范”并不是典范之意，而是来自古代的活字印刷术，“模”是活字，“范”则是盛器，模范书局深深的吸引了众多文艺青年和艺术者的青睐，空间虽然紧凑，即使人多的时候也充满了静雅之氛围。模范书局最大的特色是雕版印刷，书店的创...,2
2536,大栅栏著名老字号东来顺饭庄，是吃老北京涮肉的地方。,1
2537,这个大街的地理位置相当好，主要是这条大街中间的路比较宽敞，全部由青石铺成，我觉得还是显得稍微空旷了一些。不过上面的商铺确实每一家都是挺有特色的。有很多百年的老店。可以尽情的买买买！,2
2538,这个大街逛起来还是蛮有意思的，因为都是有很多年的历史，我们去了好几家店里吃饭，然后又买了很多的东西，感觉味道真的都很不错。,2
2539,这是也是一家五星的店，性价比也非常的高，最主要等候时间太长了，我们足足等了1个多小时，还被近排在门口位置，这个风吹的我冷死啊。不过味道确实不错，值得去品偿，价位三人在200左右漫长的等待啊。我是过来偷师的这里的烤鸭就60多。便宜啊吃完买糖葫芦哦吃完饭逛夜色下的前门大街我不喜欢吃包子就不买了，所说味道一般，我就不进去 吃了。哈哈。北京的扇子还是很好看的小饰品店内的小玩物前门大街入口处,2
2540,有着悠久的历史，曾经是相当繁华，车来人往，热闹非凡，现在冷清了太多了，连游客都少见了，老字号依然还在，但已经失去了往日的光彩,0
2541,【景色】地道的北京味，感觉非常亲切，很有生活气息，门框胡同的小店非常小，家家都有特色。晚上去更有味道，一路吃一路有 【性价比】地铁绿色出行,2
2542,【景色】极其地道的北京特色，到处都是京味儿，这胡同儿还真是小，在这样的区域，非常有特色 【性价比】交通很方便，不要开车，一定要地铁,2
2543,地道老北京火锅，奈何自己是个老士鲨，给的香菜小料也给丢锅里了环境:挺不错，老北京火锅氛围，不过洗手间有待改善，虽然跟火锅没关系食材:都新鲜的，但是服务员说肉几秒几秒的环境:挺不错，老北京火锅氛围，不过洗手间有待改善，虽然跟火锅没关系食材:都新鲜的，但是服务员说肉几秒几秒的他们都过来加。总体满意,2
2544,29一碗，比北新街的便宜10块，也小碗一些。一个人吃得完。北新街的丰盛，就是女性胃容量不足以消化得完。从大栅栏过去，廊坊二条，很好找。饭点人比较多。汤汁有点咸，但是好吃够味，并且喝了以后不口渴，由此可见用的是好料。,2
2545,中午回酒店取行李，地图上发现了张自忠路旁边有一个老字号，叫天兴居，吃了一顿，补了一顿卤煮，还挺好吃的，吃饱了喝足了，稻香村买了一些糕点，取了行李，直奔北京南站。北京旅程结束。卤煮乾隆白菜炒肝,2
2546,还别说前门大街见了还挺漂亮的，非常的复古，我们在那边吃了好多家都是一些百年品牌的东西，味道特别的好，就是价格有点高。其他的没有什么。,2
2547,老北京地道的特色，非常有北京味儿，卤煮但是吃不惯，味道有点怪怪的，还是不错的。没看成相声，去的晚了，下次早点去看。北京，赞,2
2548,前门大街上有非常多的商铺可以逛起来，买很多的东西都是比较正宗的，都是一些百年老店，而且这是一条比较有韵味的一条古街！但是价格相对高一些。,2
2549,北京的雪景真的很漂亮，特别是一些老街巷子里面，像前门大街里被雪覆盖的建筑老的物品构筑出一副副美景，让我赏心悦目沉浸其中，真的很喜欢的。,2
2550,就如成都的春熙路一样繁华热闹，估计都是外地人。一个羊肉串要15元，电车要50元，东西不便宜。不过附近的大栅栏、八大胡同也挺有名的。,2
2551,带着好奇心去的，本来订的是2人歺328元，记得套歺里是半只鸭子，但在上歺前服务员又说这个套餐是整只鸭子，为了吃上知名美食忍了，也许是南方人吧！真心吃不惯，对于我们来说味道一般，然后不想等挑了一个小厅加百分之十五的服务费，另点了一杯30的果汁＋两瓶啤酒50元，但买单时变8百多，晕！真心感觉被吃了，没有下次，也不可能有下次。,0
2552,环境装修的很古风，装修以红墙黄瓦为主色。以故宫内的宫殿名作，为每桌的名，点了清汤锅和辣锅。清汤涮肉，羊肉味道最正，点了羊上脑和牛肉，龙利鱼，金针菇，大白菜真的没话说，吃起来很嫩，羊肉放到清汤里，味道吃起来一点都不膻，非常好吃，整体下来味道是超级棒的，服务态度也好，特别热情。,2
2553,很多地道特色小吃，有老北京的感觉。,2
2554,前门大街也是来北京必玩的一个景点，上面有很多百年老店，在这里可以吃到最正宗的东西，买到正宗的产品。我觉得还是挺不错的，除了价格有些高，其他的都很好。,2
2555,来北京游玩儿，好长时间没有来，前门了，在这里逛正好赶到饭点儿，看到这家老北京涮肉，装修不算是很华丽，干净整洁，菜品比较新鲜，羊肉，牛肉都是自家的，确实很嫩，鲜羊肉无注水，稍涮一下就熟，非常好吃，他们家的小料儿也不错，不腻口，以后有机会还来吃。,2
2556,前门商圈在火了北京坊后，四周原本不起眼的老北京胡同也被开发起来，将现代生活mix到旧时光里。西打磨厂街里的Metal Hands是一间民国建筑改造而成的咖啡店，这个品牌在北京有4家分店，多数开在最有老北京特色的胡同里，我最喜欢去的就是前门这家店。,2
2557,【NO.2】英园：前门楼子下的的正统英式下午茶,1
2558,沈从文曾住过的杨梅竹斜街位于前门大街西侧的一条死胡同，曾经的繁盛时期布满书局，文化气息很浓。现在这里不仅有一些文青喜欢的创意店铺和餐馆，也能看到胡同居民站在街头巷尾聊天或晒太阳的情景，胡同的生活气息依然留存。,2
2559,第一次来这家火锅店吃饭，真心不错，门口儿离正阳门城楼不到100米的样子，在这里开饭馆租金肯定很贵，这里的环境也非常好，服务也不错，热情周到。味道超级棒，值得推荐。,2
2560,下班到这里，几个朋友吃个火锅，这里是老北京铜锅儿，店里的服务员儿年纪都很大，可能是我们口味儿比较重，感觉不够味儿，朋友说想喝啤酒，便宜的一款，没有了，应该是生意好，卖光了。没想到海带和茼蒿非常好吃，肉类特别新鲜，以后下班儿可以经常来吃了。,1
2561,从天安门走过去，路过前门火车站，很快就到这家店了，人非常多，需要等位。服务态度非常好，给我们安排了凉快的位置，每个桌上都有充电器，都可以充电，简直太贴心了，环境又好，菜品份量多，味道非常棒，毕竟是铜锅味儿的味道。主要是肉很新鲜点的辣锅和清汤辣锅，正好儿不是特别辣的，非常香。,2
2562,天气凉快，比较适合吃涮肉，吃的很开心，是一个值得推荐的火锅店，环境不错，菜品食材也很新鲜，地理位置也很方便，下次还会再来。,2
2563,前门大街以前就是整个北京繁华的大街，现在上边汇集了上面，百年的店铺非常的多，包括吃的玩的这里一应俱全，都可以让你享受到。,2
2564,和朋友一起来的，他们家的肉非常好吃，这也要服务生也很贴心的，提示你涮多长时间吃最美味。位置就在火车博物馆旁边的二楼上面，夏天吃可能有点热，但是总体还是挺不错的，值得推荐。,2
2565,我们是提前预定的，来了就坐下，不用等来北京就要尝尝地道的北京火锅儿。大热天的，我们不想吃羊肉，点的鲜牛肉盛起来，也算是体验了一把涮菜的乐趣，味道来自蘸料，据说是秘制调料，很好吃，店面装潢，古香古色。很有意思非常不错，口味儿也不错，非常棒。,2
2566,这里的环境其实还可以，也有很多品牌旗舰店，前门大街上也有很多复古的建筑什么的，而且杜莎夫人蜡像馆也在这里哦，可以去看看，这个人没有的那么多，还需要排队什么的。没有京味,2
2567,喜欢吃他们家的麻酱和糖蒜肉，非常新鲜，味道不错，喜欢他们家的装修风格儿，以后有机会再过来吃。,2
2568,这是为数不多的城楼了，能保存下来，已经很不错了，其他的都拆掉了，很是遗憾，来看看吧，挺不错的。商业化很浓不是很推荐去。浪费,2
2569,前门大街是北京一条非常有名的商业步行街，街道也加宽了，地铁直接到前门大街口，大栅栏和鲜鱼口美食街都在前门大街，购物，游览，美食一体,2
2570,有些店价格贵，也不好吃，建议理性消费，景色不错，食物难吃,0
2571,前门大街绝对是值得一到的地方，在这里细心慢慢逛逛，你会发现一些古老的甚至意想不到的东西，很有趣，很有年代感。逛累了找一家店铺坐下来看看游人，自己发发呆很舒服惬意 【景色】,2
2572,前门火车站博物馆侧面儿,1
2573,北京的那个前门大街还是说也不错，嗯，在这边呢基本就是做买做卖的，还有一些小零碎的东西都学的多，但你要说这片儿吧东西呢相对也还是贵一点点，反正如果想购物的话，自己先考虑考虑。,1
2574,去酒店入住后吃午餐，酒店的走过去一点路就是大栅栏～找了这家店看上去很出名，点了炸酱面，吃不惯，有点咸～,1
2575,都说全聚德的不好吃，选了这家，人气很旺，烤鸭也不错～128半只贝勒烤肉，羊肉～,2
2576,好清丽雅致的一个湖南菜呀！早就点评上看见了，这个周末才去打卡。看起来盘子都不大，但菜量非常实在！,2
2577,就在前门楼子边上，老前门火车站二楼，再没有比这儿更北京的了。老店了算作，再早在步行街，后来搬过来的，不是太显眼，但，别有洞天。大夏天吃锅子也真是过瘾，空调倍儿足，刷羊肉地道，鲜切肉和瓜条也没得说，都是精选部位，麻酱调料地道，韭菜花和腐乳可以添加，一般我都吃两份，这里一份齐活，辣椒油不收钱。,2
2578,这家店位于前门地铁站附近的二层，位置比较好找，地方比较大，而且环境还不错，看起来干净整洁。下面来说一下菜品吧。,2
2579,北京当地人带来吃的京式火锅，的确味道不错。不用排队，点个赞，就在正阳门边上。点了很多糖蒜，肉都很好吃，北冰洋应该是北京特色饮料。特色的蘸料很好吃，感觉回味无穷！最后再说一次，肉很好吃！,2
2580,到这里感觉餐厅不大，工作日中午不用排队，整体挺干净的,2
2581,朋友来北京玩，正好在前门，就附近找了个涮肉，看着评价还不错就决定来尝尝，点了三盘肉和几样菜，居然都没吃完,2
2582,位置很好找，就在前门地铁站，装修风格中国风，每个房间都用故宫的名字命名，手切鲜牛肉，羊上脑，真的是太香了，蘸料没有自助，都是店家自动配好的，很香，双人餐3个人都吃的饱饱的，值得推荐,2
2583,在前门大街 那是老北京的根儿 贴秋膘的日子 正阳门下搓一顿—玺源居 踏进门 红红红色的装修 整个儿设计 各种宫范儿 其实夏天是很好的吃羊肉季节 好吃的火锅调料绝对是点睛之笔 玺源居这家的调料真的很好吃 鸳鸯锅也很香 作为前门人气这么好的涮锅店 这家店绝对正宗 老北京铜锅就得来吃肉 一盘不够来两盘 两盘不够吃三盘 肉的品质相当不错 良心推荐 吃完还可以在前门溜达溜达～,2
2584,今天 和朋友来逛前门，首选就是要吃老北京涮肉呀，这才跟前门配套,2
2585,前门大街当然也是北京一处很有必要去的景点。 前门大街其实是一个很有名的商业街，在北京城的中间。地理位置十分优越。所以也非常的热闹。 一直在想这个是不是和香烟有干系呢？ 很热闹的大街，吃喝逛可以一天，值得来一次。,2
2586,对这里不太熟悉，走着走着就到了这里逛前街，看到的都是一些比较知名的百年老店，产品都是非常的好，但是对于我们来说消费有点高，就走走看看吧。,1
2587,前门大街是北京非常著名的商业街，位于京城中轴线，古时是皇家前往天坛的御路。现在的前门大街是北京必去的景点，中间是铛铛有轨观光电车专用轨道，两对商铺林立，不少是老家号，东面有鲜鱼口小吃街，西边胡同通往著名的大栅栏。在这里可全方位体味老北京的韵味。,2
2588,这是北京的三条百年老街！到时候真的很热闹，经过前几年的改造，了解更加的商业化，而且保留了老建筑的基础上，新建很多新店铺，美食街非常不错。,2
2589,老北京涮羊肉，前门铁道博物馆二楼，挺好找的。,2
2590,北京的前门，是很老的商业街，其历史比较悠久。  前门在保留原先建筑的基础上，经过多次改造，形成现在的模样，步行街的特色也是非常突出。  这里各种商铺林立，是慢步逛逛的好去处。可以乘地铁2号线在前门下即是。,2
2591,前一天很累  今天就在酒店休息了半天  中午才出门  奔前门大街去吃东西,2
2592,第一次吃感觉超级好吃 然后我又带了朋友去吃 第二次吃就感觉味道一样～全程的感觉非常不错， 服务还是蛮好的。,2
2593,玺源居，正经的在皇城根底下前门。。。,2
2594,说是京味比较足的大街，其实也没有什么很多有意思的，都是一些百年老店，里边的东西都是非常的精致，但是价格相对也是比较高的。,1
2595,还不错吧，演员比较敬业，气氛也还不错，孩子和老人也蛮喜欢的。,2
2596,说到前门大街啊，还是挺值得一去的一个地方吧，北京地道的一个打卡地点啊，但是对于我来说可能没有什么特殊的感觉，嗯，不一定去的滋味太多了，偶尔去听听相声啊，也还不错。,2
2597,早早的起床去吃早点，本来打算吃护国寺小吃的，但感觉这里的不正宗呢？而且也没有坐的地方所以果断放弃先溜一溜。来北京很多次，也吃过很多次护国寺的早点但这附近的感觉真的不正宗呢。路遇星巴克，好想有个二楼不知道是什么店铺，可以露天喝东西下次再过来要试一试。穿过好几条带有老北京特色的小巷子最后决定还是在麦当劳吃吧，感觉这附近的早点都不是太正宗,1
2598,饭后我们直接滴滴打车去定的酒店休息休息去因为当天订酒店所以好些以前住过的酒店都没有房间了，误打误撞定了这家，居然好的不得了，交通便利美食也很多，就在大栅栏儿。美美的睡了一觉，已经是下午六点来钟了，我们决定出去逛一逛。就住在大栅栏儿所以出行很方便一个很适合摆拍的小巷子意外发现好些有名的地方都在这条街上偶遇一可爱的小猫，很淡定我们一个劲儿的猛拍人家小猫都不看我们一路走发现了一个景色很好的地方走进了看原...,2
2599,体验一下京味十足的商业街，到了这里就是吃吃吃，其实很多北京当地的特色，菜炒的确实是挺一般的，尤其是这里的毛肚，并没有觉得那么好吃。,1
2600,我觉得还可以吧，我不太喜欢逛这种地方，主要是道路太宽，门头之间离得比较远，所以说没有逛街的气氛，而且这里都是一些百年老店，价格都特别高。,0
2601,比较宽敞的一条大街，两边都是一些百年的商铺，但是由于离得比较远，感觉没有逛街的气氛，而且价格也是偏高一些，不过你要想品尝正宗的一些东西，这里还都能满足你。,1
2602,前门大街是北京著名的商业街，位于中轴线上，也称正阳门街，北京著名的大栅栏也在这，离地铁很近，不需要门票来北京挺值得去的景点之一,2
2603,好多年没去前门大街了，去鲜鱼口吃烤肉季，顺便逛一下，找找曾经的记忆。 地铁二号线前门B口出来就是正阳门，过来是正阳门箭楼，南面便是有名的前门大街了。箭楼前是宽阔的马路，有公交车站也有旅游团的车。 街道宽阔、整洁，两边都是商铺，谦祥益、稻香村、同陞和、天福号、全聚德、馄饨候等等老字号。还有鲜鱼口美食街和大栅栏，里面都是美食。 恰好铛铛车经过，上黄下红的车身很显眼，旅游的人们纷纷拍照留念,2
2604,好多年没去前门大街了，去鲜鱼口吃烤肉季，顺便逛一下，找找曾经的记忆。,2
2605,因为离我们住的酒店近，带孩子去感受一下东北文化。运气好，见到了程野、鸭蛋、王龙，正如大部分网友所说，看的时候挺开心，看完之后啥也记不了。不过这票价680还是12排，挺贵。,1
2606,只能说还可以吧，就像一个古城的商业街一样，街上的很多店都是一些百年老店，很多东西都是非常的经典，除了价格其他的没什么毛病。,2
2607,京位比较重的一条大街上面都一些百年老店，吃的玩的基本上都有，有些比较正宗，有些确实味道不是很好，店铺之间离的比较远，逛起来感觉稍微欠缺点什么。,2
2608,人超多，也有很多知名食品，但基本要排队，北京坊也可以走走！建议八大胡同就不要去了，肯定要失望！,2
2609,有名的路，人气很旺，走走停停的，一路，看看风景，小车车，小点心，调调胡同通京城，路值好走，不容易走错走叉，可惜胡同味不再有。,1
2610,#写点评拿旅行基金#前门大街是以 前的大栅栏，人很多，还有一些老店，建筑不太特别，有不少小吃，吃了桥香园，还是不错的。好多老字号在这里，适合买伴手礼，交通也方便印象里是有地铁到的。,2
2611,这条商业街是比较有意思的，而且是富有一些地方传统，北京当地的气味是比较多的，而且都是一些百年老店，逛起来都是特别有意思，只要你不在乎钱的话，可以买买买吃吃吃。,2
2612,很不错，值得一逛，人多蛮热闹的,2
2613,这里算不上特别繁华的，但是还是属于那种人气比较旺的地方，因为很多店都是一个百年老店，你可以去品尝一下，这里的美味确实是很不错的，只不过价格要稍高一些。,2
2614,前门大街是北京非常有名的一条商业步行街在热闹的市中心，附近还有大栅栏和鲜鱼口美食街等等，前门大街两侧都是商铺，非常热闹。,2
2615,在北京旅游，除了去游玩北京的著名景点外，还要多去体检下老北京的生活，了解传统文化，闲暇时去老舍茶馆喝茶听相声是个不错的选择，支持民族艺术花。,2
2616,北京的前门大街呢，哎呀，都好多年没来过了啊，这也不是说不过就是说没有下去逛的这种意愿了，嗯，大概可能最近的一次还得退到去年的3月份吧，嗯，然后这就是天刚来过，觉得变化还是很大呀，这边现在商业气氛越来越浓，但是作为一个景点来说，她绣的已经越来越漂亮，人文气息。,0
2617,这是一个比较老的购物地方了，以前的时候来过一次，但是这次来到北京之后又来了一次，尝了一些百年老店的一些饭店，真的是味道好极了。,2
2618,去过好多次了已经，前门大街是北京旅游必去的地方哦，很多游客和商铺，都是老字号，非常值得推荐去的哦，吃饭的地方也很多的哦。,2
2619,来北京去了很多的购物点了，还是比较喜欢这里，很多都是百年的大牌。不管是从制作还有食物的味道，都是非常的正宗，从这里逛了一下午，买了好多东西，吃了也很多！,2
2620,前门大街，这里是商业街，经常会有很多国外的和外地的游客来这里，前门大街有著名的老字号餐饮，比如全聚德，都一处，一条龙，吴裕泰。,1
2621,顶着太阳在故宫暴走一上午令人元气大伤，我们决定回去午休后再战天安门降旗仪式。下午四点多出发，时间还早，就先去杨梅竹斜街逛逛。这条巷子比我们住的那条胡同更干净宽敞，又比南锣鼓巷那类巷子少了很多商业气息多了些生活气息，巷子口附近有家网红店“铃木食堂”，近下午六点店门口三四队在等候，人不算多。,2
2622,趣味性挺高的，就是走路太累了，不通车，也没有阴凉的地方，要走三公里多，大太阳底下很累，也很崩溃呀！另外可供人休息的地方太少了,0
2623,到了酒店五点多了，天还亮着​，本着来都来了的原则，我决定去天安门溜一圈，看看降旗，为明天去故宫熟悉熟悉路线，小伙伴们有去天安门的坐地铁1号线到天安门东或天安门西下就好了！,2
2624,前门大街很不错的一条旅游街，古色古香很有国风气韵，很多很多的老字号，吃的喝的，还有伴手礼，在这里买了包装的北京烤鸭，建议还是全聚德的比较好，味道好些，那些便宜的说真的味道是有差的。,2
2625,来这个地方逛街基本上逛的都是一种情怀，上面都是一些百年老店，里面的产品也都非常的不错，价格上肯定是消费也是比较高的那种，但是，相对来说也是尝到了很多美味。,2
2626,前门大街是北京著名的一条商业步行街，街道整修后宽了很多，路边都是商铺和餐饮店，建筑也是老北京的建筑，很多老字号都在这里。,2
2627,前门大街位于帝都的中轴线上，是京城著名的商业步行街。我们是从天桥路口这一侧进入的前门步行街，古色古香的步行街给人一种时空的穿越感，就连地上的井盖都很别致，步行街上的路灯也是古色古香的。我们是沿着铛铛车的轨道行进的，两侧都是老字号的店铺和快餐店。老字号店铺的种类很多，有药店、服装店、丝绸店、京扇子店、鞋店、美食店等等，据说还有鼻烟壶店，胡同里遍布着更多的店铺。老字号店铺的门口都有栩栩如生的铜人雕塑，...,2
2628,出差旅游，到前门搜到这家店，这个店就是环境显得拥挤，其他的真的没得挑！进门之后服务人员很热情，咨询了下美团的套餐，他们也很高兴介绍了下，并没有因为用团购券而区别对待 价格真的非常亲民，而且烤鸭皮酥肉嫩！非常棒！店家生意也很好！跟他们聊了聊，服务员的原话是他们老板要打造最亲民的烤鸭店！好吧 祝你们成功！真的值得推荐！,2
2629,前门大街更像个主题公园，而不是老百姓生活充满人间烟火的街区。这样的恢复宁可不要，打着这样的幌子真是一种利用文化赚钱的悲哀，带着铜臭。,0
2630,在前门有个珠宝市过街楼，所谓不得过街楼就是横跨街的楼，上面可以做买卖，下面走车走人，你看这张照片，上面的屋子的窗户有开着的，有关着的，显然是住人的房子。 过去和现在，北京前门大街都是寸土寸金的地方，在这里的利用率是很高的，即使是现在北京疏解非首都功能，城里住的人，不一定就少于北京郊区。,1
2631,很有名的一条老街，现在已经是一条很成熟的商业街了，和绝大多数城市的古镇比起来这里还是比较大的，也没那么乱总体还是很不错的。,2
2632,前门大街，我还是很喜欢的。 虽然对北京人而言这是个假景点，不过十多年下来，她也还挺有味道的。 现在那里还开了北京坊，简直是潮人汇集地！,2
2633,在北京前门附近有家王胖子驴肉火烧，超级好吃。小小的店面，但里面菜式一样不少，每个菜都分量十足，五个人才吃了一百元超级划算的。,2
2634,前门大街是北京非常著名的商业街。以前的前门还是真正的商业聚集地，现在完全是旅游景点，虽然还能见到若干老字号，但把原来的味道全毁了，没事溜溜就行了。,0
2635,看完表演，正好发现不远有一家四季民福，真是不错。豆汁又尝试了一次，接受不了,2
2636,到了这个地方就是逛街买东西，包括吃一些当地的一些美味，基本这些店面都是非常有名声的，都是一些百年老店，你能买到的吃到的都是最正宗的，就是价格上稍高一些。,2
2637,前门大街是北京非常有名的商业步行街，街道很宽，道路两侧都是商铺和饭店，很多北京老字号和北京小吃都在这里，也有现代化的商店。,2
2638,很久没有到前门看一看了，第一次去还是好几年前的事了。这一次去确实又有了一些变化，铛铛车依旧在，只是一些多了一些店铺，人也似乎比之前到的时候变多了。商业氛围依旧很浓很浓。,2
2639,前门地区的最有名声的地方是大栅栏，由此而演变出来的北京坊，到是没有那么出名，很多北京人不一定都知道这个地方。 外城八坊，今被人们通称的“前三门”(指正阳门、崇文门、宣武门)以南直至永定门，其范围“计长二十八里”(《宸垣识略》)皆为老北京的外城，亦称“外罗城”，老北京人也将它称为“帽子城”。外城坊其特征是:集中在外城南面的正门“永定门”及东西两侧的左安门和右安门之内，有八坊:正东坊，正西坊、正南坊、正北坊...,1
2640,来北京好多次了，一般都是一天的差。南锣鼓巷去过多次了就选择了这里。正好赶上日落，前门的改造也完成了，是一条不错的逛街地点。修的马路大气，旁边的店铺看起来高大上啊，虽然都是老牌子，喜欢这样动不动就百年的店。,2
2641,改造后的前门大街极具老北京特色，仿古风格的建筑，穿梭步行街的观光铛铛车，两边琳琅满目的中华老字号和老北京商品、餐厅、商店、特色美食小吃。,2
2642,前门大街是老北京较繁华和热闹的地方。这里是步行者天国外，还铺设了当当有轨电车。 夜晚华灯初上的时候，整个街道格外美丽，有各种老字号店铺、也有名牌专卖店，还有琳琅满目的小杂货铺。  【前门大街】 景点地址：北京市东城区前门大街 交通 地铁2号线前门站 门票：免费 开放时间：全天开放，店铺营业时间各不相同，大约8：00-22：00左右。,2
2643,前门大街历史很悠久，为了使前门大街恢复往日的景象，重新修整后房屋全是仿古建筑。前门大街也是北京的一条美食街，购物街，很适合看看逛逛吃吃。,2
2644,从小在胡同儿里长大，抬头就是高高的前门楼子，在前门，最有特色的还是一条条的小胡同儿，充满了地地道道的北京味儿，可以做个三轮儿，慢慢遛，完事儿去和平门吃个烤鸭，也是不错的选择,2
2645,我跟着一姐姐逛的，不想动脑，她说去哪就去哪。铜锅涮肉，我还是喜欢川味火锅，但是嗓子疼，也吃不了辣，消费不便宜，两个大人带一小孩300多。最近喜欢德云社，来这打卡，路过三庆园就没进去。前门大街上有观光旅行车50元/人，我交了钱跟着去看鸟巢和水立方了，嗯，晚饭又没吃。来回5天，只玩了三天，进了一次医院，发了两次烧，初五回家。,1
2646,跟过去记忆里的前门大街完全不一样了，现代和传统的气息在这里交融，晚上来的铛铛车已经停了，青石板路很是古朴，还路过了大栅栏和鲜鱼口，那边好像很多仿古建筑。来的有点晚，感觉很多店都关门了，行人也不多了，而且冬天真的好冷了[撇嘴],1
2647,前门大街是北京一条有名的步行街，现在街道拓宽了很多，还有一条观光小火车，基本上道路两边都是商铺，很多的老字号也都在这里。,2
2648,在此之前，我没有去过前门，也没见过真实的北京。那天，排在前面的一位大概30岁的北京男人，对点餐的小姑娘百般刁难，歧视甚至辱骂，只是因为小姑娘是外地人，且没有用“您”称呼他。,0
2649,前门大街非常的热闹，人也比较多，而且很多店都是非常出名的百年老店味道各方面都确实不错，包括一些产品都非常的新颖，但是价格可能稍微高一些。,2
2650,前门大街，北京非常有名的商业街，很多公交都可达前门，地铁也可直达，前门大街老字号云集，每个店面的历史都可溯至明朝清朝，不购物来逛街也很有收获,2
2651,北京每一处都是一个景点，每一个景点都是一段长长的历史，来了北京不想逛街，只想看建筑，虽然看不懂，但内心的敬畏之情还是分毫不减的～,2
2652,说实在的，有的不怎么像，不过工作人员还是很友好的，我一个人过去，会帮我拍照,2
2653,前门大街附近有很多老北京的建筑，古色古香的，前门大街上基本都是商铺，很多饭店，小吃店，还有老字号都在这里，全聚德，便宜坊，瑞蚨祥等等,2
2654,在清朝，正阳门以北的内城是不允许有定商经营商业，所以正阳门以南的前门大街，就成了最繁华的商业大街，既有经营珠宝的珠市口，也有全聚德等餐饮老字号。,1
2655,比较巧的是：中国第一家肯德基旁边便是【老舍茶馆】，记得以前在课文中学到这一节的时候就特别好奇茶馆中的人真是如此有趣吗？在这里可以欣赏到纯正的京剧表演，也能吃到宫廷秘制的糕点，重点是对于喜欢文学的人来说此地会有独特的情感在里面。所以短短一会儿时间我也是看到了数位拿着相机过来只为打卡的游客可惜这天的表演都在晚上，上午过来看不到节目表演，店内冷冷清清的也就没有了坐一会儿的意愿，上面给大家发了节目时刻表，...,2
2656,游览完故宫，肚子早已饥肠辘辘。乘车直奔烤鸭店。我们选择位于煤市街的胡同烤鸭，据说这的味道很棒。,2
2657,大栅栏商业街，原称廊房四条，距今已有500年历史。处于古老北京城中心地段，是南中轴线的一个重要组成部分。很多百年老店坐拥此街，而在历史上大栅栏就是一个繁华的商业区。无论白天、黑夜，这里都是人声鼎沸，大栅栏也成了游人来京必打卡的景点之一。,2
2658,1位置，前门文化区南侧，交通便利，有一定数量的停车场，不过还是供不应求，建议谨慎考虑自驾。,1
2659,吃完早餐，在前门步行街开始探索之旅。清晨的前门步行街，行人稀少。街道两旁店铺林立，各自等待着游人的到来。京城独有的壮美秩序由这条中轴的建立而产生。,2
2660,在大街上非常有气氛，好多好多的人，而且各种各种店都非常的不错，很多有百年历史的老店都非常的多，价格上相对于稍高一些。而且有很多美食也是非常值得品尝的。,2
2661,新明基酒店(北京前门店) Xinmingji Hotel (Beijing Qianmen)    价格：¥436/晚。,1
2662,前门大街从明清起就是繁华商业街，珠市口、煤市口和草场街透着当年的商业气息，二OOO年后前门大街大举拆迁，形成了全新的建筑风格和商业格局。,2
2663,穿过大栅栏，就能达到前门大街，它位于京城中轴线。前门大街历史悠久，造就了许多老字号，比如全聚德烤鸭店、都一处烧麦馆、月盛斋酱肉店。经过饭店时，饭馆都会有伙计站在店门口招徕过往行人，不断传来吆喝声。在这里可以享受地道的京城美食，另外前门大街的中国书店、张一元茶庄则是买书、品茶的好地方。前门大街不可不看的一处景观——广和楼，又名“广和查楼”或“查楼”，这里封存着老北京对梨园文化最初的记忆。曾为京城最早...,2
2664,深藏在前门炭儿胡同里的一家精品咖啡店，玻璃窗对着胡同街道的落地窗，谈话/看书/敲键盘的间隔，也可以抬头看看慢哉悠闲遛弯的人们。另一家分店在后海叫隐海店，面积扩大了也更有设计感。拥有一台明星咖啡机，从常规的奶咖，到45块的手冲和30块的Dirty，网红甜品“杏”和百香果慕斯的颜值和口感也都在线。那杯Dirty是我在京城咖啡馆里喝过的口感最好的一杯！屡试不爽！,2
2665,在天安门那条街安检重重,2
2666,这里是北京最早的商业区，很多老字号都从这里起源的，有全聚德、、瑞蚨祥、都一处、内联升、步瀛斋、马福源等中华老字号，消费价格较高，适合体验京味文化。,2
2667,自从前门大街改造后，做为一个北京人来到前门地区已经是一件很奢侈的事情了，因为，交通不便再加上人多，拥挤，没有什么心情光顾于此。  昨天，看到北京前门的月亮湾公园开放，特意来到这里观赏，没有想到，这里可以看到很多外国品牌的展品以及销售的货物，自然觉得不错。,2
2668,前门大街是非常有名，街道改造后很宽，还有很多胡同和它相交，比如鲜鱼口，大栅栏等等，到处都是商铺，很多北京的老字号，还有很多北京小吃,2
2669,里面确实有很多很多很多的老店，都是百年老店，除了价格高没别的毛病，只要你想吃想玩想买的，这里都可以满足你，只需要你有钱就可以。,2
2670,前门大街是北京历史悠久的一条商业街，现在是步行街，还有鲜鱼口美食街和大栅栏等等，都是商铺还有餐馆，很多北京的老字号都在这里。,2
2671,前门大街是老北京的一条著名的商业街，很多老字号都是这里开始的，全聚德，东来顺，瑞蚨祥等等都有店铺，还有很多北京小吃，爆肚，豆汁焦圈。,2
2672,逛完天坛公园出来直接坐公交车到前门吃午餐都一处烧麦馆，开业于清乾隆三年（1738），创业人姓王，原籍山西。 初为一席棚小酒店，在前门外大街路东，鲜鱼口南。赚钱后，于乾隆七年（1742）盖了一间门面的小楼。经营品种有煮小花生、玫瑰枣、马莲肉、晾肉等小菜。,2
2673,模范书局其实面积并不大，,1
2674,前门大街非常有老北京的特色，街道很l宽，是步行街，道路两侧都是商铺，大栅栏和鲜鱼口跟前门大街相交。饭馆和百货都有，冬天的人也不多。,2
2675,前门大街北起正阳门，南至天坛路，众多北京老字号都云集在此。前门大街西侧的“大栅栏”是北京数一数二的古老街市，在这里可以买到传统古朴的手工艺品，感受北京旧时的市井特色。在京城消失了近50年的“当当车”重返街头北京著名商业街。位于京城中轴线，北起正阳门箭楼，南至天坛公园路口，与天桥南大街相连。明嘉靖二十九年（１５５０）建外城前是皇帝出城赴天坛、山川坛的御路，建外城后为外城主要南北街道。大街长１ ６００米...,2
2676,在这里逛一下倒是挺好的，就是能感受到真正的北京文化，上面有很多百年老店，吃的用的玩的都一应俱全，你可以买到正宗的本地货。,2
2677,北京的著名景点不少，前门大街和大栅栏比较具备代表性，老北京的许多老字号店铺、饭馆、茶楼、药店、点心糖果铺子林立其中，如内联升、全聚德、老舍茶馆、稻香村、同仁堂；还追加了现代时尚元素，如星巴克咖啡、HM等等，无论白日、还是夜晚都具备观赏性。白天有观光有轨电车，傍晚华灯初上、行人如织。,2
2678,茶：人处草木之间。于静中体会天地，于杯中细品人生，是为茶道。,2
2679,参加了去哪网和前门华韵一起举办的活动。以前从来没有来过这个地方，这次来了之后真是不虚此行。,2
2680,挺热闹的，就是东西贵，订的酒店就在大栅栏西街，晚上到前门大街转了下，,1
2681,大城小像就在杜莎夫人蜡像馆旁边，以微缩景观的表现手法表示出北京城的变迁，蛮不错的地方。在游览完杜莎夫人蜡像馆和大城小像之后，差不多已经下午5点左右了，是时候找地方吃饭了。,2
2682,从故宫玄武门出来，已经是下午2：00左右了，在玄武门车站坐公交车来到前门大街，就来到了杜莎夫人蜡像馆。,1
2683,这货真的是一条老街了，上面有各个品牌之间的百年老店，真的是你可以尝到各种美食，买到各种不同的东西，但是价格相对来说也是高了一些。,2
2684,真正意义上体验了一把中国茶文化茶道，也是用刚开壶精巧的紫砂壶喝了一次真正意义上的茶汤。这一次有幸听了印茗老师的茶文化讲课，果然为何古人所说的七乐“琴棋书画诗酒茶”中也会有茶入列，茶之清净，浮生半日，也真的是人生一大乐事😊,2
2685,今天的行程比较轻松，就打算在酒店附近逛逛，去完天坛后，坐车去前门大街逛逛和吃烤鸭。前门大街人多挺热闹的，但是管理的很好，街道很干净，里面的店也不算旧。,2
2686,前门大街从明清起就是一条繁华的商业街，这里有各种老字号，二OOO年前门大街改造，这些老字号又焕发了青春，有全聚德烤鸭，独一处烧卖等。,2
2687,很早之前就在前门大街看到过刘氏竹编，里面的器物非常精致，没想到还可以亲身体验制作精美的竹编，于是周六上午体验了一把。我做的这个是个小竹篮，难度系数应该算相对低一些的，但竹篮的底依然需要很多时间和耐心才能完成。制作过程中能体会到这门手艺需要极大极多细致的工作才能出来一件成品，难怪每件竹编都价格不菲。负责讲解制作流程的老师非常认真有耐心，旁边有学不明白的“新晋手艺人”，她都会一个步骤一个步骤的指导。这...,2
2688,预定很顺利，司机居然还会几门外语，这年头当个司机也不容易呀。哈哈。一次也有可以去这么多景点玩，还是很超值的，看着那些西洋风格建筑和中国建筑的对比，夜晚灯光璀璨，不夜城当之无愧。,2
2689,2008年改造后的前门大街，感觉全国著名大街都是这个样子。 整体感觉还可以，尤其大栅栏这些地点还是比较有北京风味的，正街很烂大街。,1
2690,2008年改造后的前门大街，感觉全国著名大街都是这个样子。,1
2691,这个是风味十足的前门大街，而且是美食一条街，上面有各种你想吃的各个地方的美食，而且还有很多百年老店，真的是非常的享受的。,2
2692,前门大街就是逛吃逛吃的一个地方，里面有各种百年老店，你能看得到的都是一些经典。当然还有很多你是特色的东西消费也是稍微有点高,2
2693,我们去北京玩，就住在前门大街附近的粮食店街，所以来去都得经过前门大街，从正阳门箭楼一直到珠市口，大几百米，街边的楼都是后面修的，虽然是老街，但商业气息很浓，两边很多老字号，逛逛也不错，交通也很方便，离天安门广场不远。,2
2694,前门大街是北京非常著名的商业街。位于京城中轴线，北起前门月亮湾，南至天桥路口，与天桥南大街相连。明嘉靖二十九年建外城前是皇帝出城赴天坛、山川坛的御路，建外城后为外城主要南北街道。民众俗称前门大街。明、清至民国时皆称正阳门大街。1965年正式定名为前门大街。,1
2695,一条浓郁的老北京特色风情商业步行街。著名的大栅栏就在其中。有观光车可以乘坐游览街景。可以一边走一边看，品尝老北京特色小吃。,2
2696,没有抱着很好看的心态去的，没想到有意外惊喜，真的挺逗乐的，本来想着去应应景感受一下现场相声，真的挺搞笑的，特别喜欢尚九熙和他的搭档，当然唯一记住名字的就是这组哈哈，他介绍自己的环节没白费，好评下次还会来的，不过这次不知道买的票直接是后区，网上定的，下次一定要去包厢或者前排，别人挡着真难受，好评,2
2697,北京城很有特色的一条商业步行街。传统的老字号商业和仿旧的建筑风格能够唤起很多老北京人童年时光以及成长的回忆，也能让来北京游玩的游客了解老北京风情。,2
2698,很多老字号汇聚在这里，吃完晚饭正好溜达，杜莎夫人蜡像馆也在这，地铁站旁边就是正阳门，挺有特色的老街,2
2699,北京著名的商业街，传统与时尚元素并存，既有北京坊时尚小资风格，也有著名的老字号商业。可以边走边逛，品尝各种老北京风味小吃。,2
2700,刚下过雨的前门大街别有一番景象的，更加清秀艳丽。,2
2701,刚下过雨的前门大街别有一番景象的，更加清秀艳丽。 前门大街是北京非常著名的商业街。位于京城中轴线，北起前门月亮湾，南至天桥路口，与天桥南大街相连。明嘉靖二十九年（1550）建外城前是皇帝出城赴天坛、山川坛的御路，建外城后为外城主要南北街道。民众俗称前门大街。大街长845米，行车道宽20米。明、清至民国时皆称正阳门大街。1965年正式定名为前门大街。,2
2702,前门大街十分热闹，熙熙攘攘，正阳门依然十分有气势，大街上几乎全是老字号。在鲜鱼口吃到地道的北京小吃，我吃了天兴居的炒肝，感觉不错，许多老北京也专程来吃。,2
2703,66元抢的票，性价比高，国庆节去的，人超多。都没工作人员拍照的，只有我爱豆有，哈哈，还花了68元做了一张我和我爱豆的合照。地址在东城区前门大街步行街上，离天安门广场不远，挺方便的。,2
2704,十一国庆假期接近尾声，来北京旅游的你们，景点逛够了吗？没有的话，去趟这里还来得及。,2
2705,整个前门大街都可以看到很多百年老字号，还有很多北京小吃。,2
2706,这个真的超级好，蜡像馆不用排队直接进，出来还能拿冰淇淋券去吃手工冰淇淋，赞👍,2
2707,前门大街经过静心打造之后，呈现出传统与时尚并存的风格，北京坊中有不少精品时尚风格的店面，星巴克咖啡旗舰店就在其中，假日去客人比较多，还需要在门外等位。,2
2708,挺好的，感觉比上海的小点…,1
2709,步行街，遛弯儿的好地方。  很稀罕看见了一个很大的苏稻。一直也没有搞清楚北京稻香村和这个苏州稻香村到底谁先谁后，谁侵了谁的权。俩字号招牌不一样，但是如果不清楚会很容易搞混。  在北京前门大街这么北京稻香村的地界儿，开了这么大的一个门脸儿。,1
2710,前门大街是北京最著名的商业街之一。前门大街位于京城中轴线，南至天桥路口，与天桥南大街相连。建外城后为外城主要南北街道。长845米，行车道宽20米。现在是步行街。还有铛铛车。,1
2711,要说前门大街上的店都是有板有眼的,2
2712,还记得这些日子，游荡在你手机各个App里的鲲么？,1
2713,徜徉前门大街，走入大江胡同,2
2714,带着孩子，母女两逛了一个下午，买了一堆小玩意，少不了当地的布鞋，手工糖，牛轧糖，值得去逛逛，特别重要的提醒，不要去前门的美食街吃东西，我这脆弱的肠胃简直就是个检测器，非常非常不干净。饿的话沿着前门大街往正阳街牌坊走，有北京坊，在那吃,1
2715,也是在前门附近，有个鲜鱼口小吃街，这条街上的天兴居也是一家老店，其中以炒肝著名。我没有吃过他家的炒肝，但是在其他地方吃过，总体来说炒肝的味道不是我喜欢的味道吧，炒肝里面不止有肝还有肠 心肺，应该是加了淀粉，吃起来黏糊糊的，面上撒了很多蒜粒，吃完了满嘴都是蒜的味道。看很多本地人都是炒肝配包子吃，几口就喝完了。,1
2716,来北京，我吃过不少的卤煮，在前门附近就吃过三家，第一家就是随便在门框胡同附近吃的，第二家是看到花姐对面的那家门框卤煮人爆多，便也去凑了凑热闹，第三家则是最正宗的一家叫做老六门框卤煮，在大众点评上也是排名门框界的老大，老板叫老六，是个老北京 ，去的时候，叔叔很热情地招待我们，吃到一半又帮我们满热汤，给我们介绍很多他们老北京经常去吃的老店，哪家烤鸭哪家稻香村吃不得，正宗的又在哪里，按他的话老说：姑娘，...,2
2717,这家店，其实我从来没有在早上的时候去过。但是因为店里都是卖的些小吃，像粥啊、焖面啊、包子、豆腐脑、豆浆这些，我就把它归为早餐一类。这家店很平常，之所以会去很多次是因为它在前门附近，在前门商业街的小胡同里 ，就前门区域来说，价格很是亲民，店里就只有几张桌子，几个电磁炉电饭锅就是全部行当，不仅是味道还是氛围都很有家的感觉。如果在前门附近逛街逛累了，不妨来花姐粥店喝碗粥，吃两个包子再走吧～,2
2718,北京有很多就算没去过也早就闻名的地方，前门就是其中之一。原先的前门什么样只能在故事里想象一下或在影视剧里窥探一下，现在的前门大街是一条商业步行街，有很多老字号店铺。,2
2719,北京坊在杨竹斜街的东北方向不远，是一个以劝业场为中心、被中西合璧的建筑环绕、以展现文化艺术生活的一座开放式的慢享空间，也是既古典又时尚的全新生活体验区。来自去哪儿聪明旅行家@in老板殷倩吸引了无数高端文艺的商家入驻，著名的Page One书店、星巴克臻选旗舰店、无印良品酒店都在这里，除此之外还有很多创意性的小店、咖啡厅，是一个继三里屯Village之后的北京打卡新地标！来自去哪儿聪明旅行家@Maaaaria来自去哪儿用户@mm...,2
2720,服务不错，陈西西导购讲解也很不错，饭菜口味再加强一点就完美了,2
2721,很值得去的地方。节目很精彩，里面环境很好。比德云社好太太太多了。去北京一定要去茶馆看看喝喝茶,2
2722,午饭是之前就约好吃好吃不贵的网红店铃木食堂！我早上到的时候还傻乎乎的不知道进去拿号，十点半的时候已经可以开始排队啦，进去取个号，留下联系方式就行。外面布置的很文艺，不是导航导到这里我也要像傻乎乎的第三个姑娘一样找不到地儿了。里面的环境也很清幽的感觉，十点半get到号码，9号，老板要我们十一点二十就过来，十一点半就可以吃到饭啦。这是铃木食堂的外观，是不是很低调不容易被发现。我们点了一个牛肉火锅，照烧鸡肉...,2
2723,很难准确定义到底哪里算前门大街，反正我一直有点犯晕。或许是前门附近的那条步行街更靠谱点。这里成了一个商业街，但很有几分不伦不类的味道。没有老北京的风味，也没有王府井的繁华。很失败的一处地方。,0
2724,前门的老电车。很少见的卖布庄了，到现在还分不清一寸和一尺的本人只在门口看看就好了。卡哇伊，小熊猫,2
2725,来到了这，满眼望去人人人人人人人。。。。全聚德门口排队从天亮排到天黑，于是我在路边随便买了份烤鸭尝尝鲜，烤鸭15一份，并不好吃，如果不是饿了我都准备扔了，不过吃了一半，真的吃不下了，因为。。太难吃了！扔了。糖葫芦好吃。嘻嘻，就是贵。我买的草莓的，记得是20块钱一串，我买的草莓的，山楂的会便宜些,1
2726,逛着逛着就到了前门大街，别有一番风味。很有文化感的一条街，不是特别长。路两边有很多铜像，很有特点。还有铛铛车，所以有那么点刹那觉得自己身处上海而非北京。,2
2727,从明朝起，前门大街就一直是商贾云集的地方，这里也形成了众多的市场，如珠市口、鲜鱼口、煤市口等，直到上个世纪九十年代末仍是熙熙攘攘，但自从全拆改建后，人就越来越少了。,0
2728,同样是深藏在胡同里的一家精品咖啡店，有一面对着炭儿胡同街道的落地窗，谈话看书敲键盘的间隔，也可以抬头看看慢哉悠闲遛弯的人们。那杯Dirty是我在京城咖啡馆里喝过的口感最好的一杯！另一家分店在后海，面积扩大也更有设计感。,2
2729,嬉皮美式复古装修风格，混搭文艺复兴的风格，有工业风缝纫机改造的桌子，老式28杠自行车挂在墙上，旧钢琴等等... 赶巧还会遇到外国咖啡师，二楼有露台，还可以看到对面青云阁串联两个胡同的古建，喝杯手冲，穿越回当时民国期间的文人墨客。,2
2730,在民国的时候，这条街上大概有七八家书局，也就是当今出版社的存在，现今被一位热爱雕版印刷的老板租了下来经营着一些国风古城类的图书。,1
2731,开业至今，无论从菜品还是环境上，都值得体验的一家创新餐厅，兼brunch/cafe下午茶/晚餐/bar为一体。还在16年试营业的时候就被这面散落着英文字母的昏暗背景墙所吸引，没想到进到店内更是别有洞天！最有戏的就属拉开铁门那漫天星光的隧道，仿佛每个人瞬间变成了少女，活在童话世界里的星空。,2
2732,相比于在北锣鼓巷胡同里的那家精品咖啡店，北京坊里的这家分店尤为的高大上有档次，大落地窗的采光特别足，配上简约木质桌椅，明亮宽敞的回型操作台，让顾客更亲近咖啡师，一杯优秀的手冲咖啡同样也源自于环境和咖啡师。,2
2733,爆肚，可能最开始是在老北京涮肉馆子里熟知的百叶，也是必点的一道菜。但是在专门爆肚的老字号店里，却有很多细类区分不同的部位，比如肚仁儿、散单、蘑菇头等，同时为了避免自己涮锅的时候火候掌握不恰，按照不用部位需要涮多久的长年经验，端上来吃的顺序也有很大的讲究，呈现在顾客面前之后蘸上麻酱小料入口。还有简易版的放着白菜、水爆羊肉的涮锅。,2
2734,说起正阳门，可能人们都不会有太多的印象,1
2735,位于正阳门下，有中国公路零起点标志，过街要走地下通道。向南有步行街，有杜莎夫人蜡像馆，全聚德起源点。还有各种工艺品及服饰商店。东西稍贵,1
2736,订票很顺利，不是两个小时后才可以用的，买了一会儿就可以进去了，到蜡像馆，好多人都在那里排队，而我们直接就进去了，这是此票的第一大亮点！大人孩子都玩的挺嗨，冰淇淋店很好找，冰淇淋很好吃很好吃，这是第二大亮点！,2
2737,晚上7点半，车辆从前门旅游集散中心准时发出。,1
2738,订票很顺利，由于有事所以发短信说要晚到一会儿，五点多到蜡像馆，好多人都在那里排队，而我们直接就进去了，这是此票的第一大亮点！大人孩子都玩的挺嗨，冰淇淋店很好找，冰淇淋很好吃很好吃，这是第二大亮点！,2
2739,还不错，人挺多的。服务也不错。,2
2740,报着逛逛的心态来到前门 正阳桥这里简直超乎想象一路上都有可以拍照的沿路设施两侧的大栅栏跟鲜鱼口满满惊喜   超级推荐店铺很多,2
2741,导游和司机都比较拽 可能大北京的。没买索道票言语里总是把你往买索道带，什么人挤人，小孩子又摔成啥样了，不坐索道的话能不能挤进长城入口全靠你的本事！（这是原话）这些话可能做为一个游客来说听起来不会顺耳，您是一年有2、300天都要往这个景点去你不耐烦，但是游客是几年年甚至这辈子都只会来一次的景点。坐索道大概排了40多分钟队，上去之后也是人挤人.想拍个照根本找不到你自己在哪.劝大家旺季谨慎出行..,0
2742,前门 商业步行街，有很多中国元素 ，旁边有一条老胡同，算得上是北京最老的四合院胡同了，值得一去。,2
2743,演员表演卖力，总体感觉不错，网上买票要便宜一点。,2
2744,前门大街位于北京市中心天安门南边，前门以南，自古就是北京最著名的商业街。有多家老字号餐馆、店铺，比如全聚德，很有老北京的味道。,2
2745,老舍茶馆，是老北京的茶馆了，大碗茶，2分，没看错，确实是2分。这里不仅可以品茶，还可以欣赏各类曲艺节目，每天都有表演，很有特色！,2
2746,第一次给景点写评，真心好，在优酷听德云社老久了，第一次到园子里听，新鲜！茶水不断，瓜子量足，角儿也是非常棒的，姆们德云社个个都是角儿，云鹤九霄每科都特别棒。这次被姬宝宝圈粉了，放心，下次我还好意思空手来(*/ω＼*),2
2747,很便宜，比自己买票便宜不少，还有汽水喝，暑期9点半就能进了，人很少，随便拍照，好爽呢。,2
2748,北京市的前门经过修建后，千年古建又屹立在北京的中轴线上了。街道整洁、古朴。让人感觉到北京的历史悠久。店铺装修的很有特色，让人回到了民国时期。在前门箭楼下还有一个小公园。设计的很美，有休息的椅子。这里是个有历史的地方。,2
2749,这个地方大家最为熟悉的是 品牌香烟的烟壳上的图案！在北京也是一个标志性的建筑！历史悠久！值得在去北京的时候去看看！旅行社大多是带着游客在车上途径介绍一下！有机会要下去近距离看看不错的！,2
2750,都是北京的标志性景点！又不要门票！来了天安门都会去的！香烟牌子上的图片就是这里！留个纪念不错的！保护的当然好了！就是大前门的地方了！顺便说一下！这里的全聚德烤鸭店是最好了！,2
2751,三禾商标™️的稻香村必买,2
2752,前门城楼以南就是前门大街了，现在东大街开发也已经完成，虽然是仿古建筑，但是集中了一些时尚品牌。 前门大街上老字号还是比较集中，逛个两三个小时也差不多了，可以去尝一下全聚德。,2
2753,第一次在这里买票，真的方便，取票的工作人员态度超好，也很方便。蜡像有几个真的不像，其他都好！,2
2754,因为儿子喜欢相声，所以定了三庆园的后区票，一人一座，环境挺好，感觉前区后区区别不太大，因为场地也不大，的确如网上所说小剧场的感觉。现场气氛很好，演员很卖力，观众很有素质。一直说了三个多小时，如果不是因为怕赶不上车，一定要捧场到底的。感觉很好。小吃饮料不让带进去的。进场有卖的都是10元，买不买随意。茶水50多元起。网上订票后，一定在电话订票，订票员取票员服务态度都挺好。,2
2755,前门大街镇的是一个逛吃逛吃的好去处,2
2756,弘扬民族艺术之花，传承古国茶文化。老舍茶馆俨然已成为北京旅游地标，不能错过到此地签到。原先没有来过，首次到店似乎这里和他人口中讲述的样子不同。看到墙壁上满满的名人到访似功勋墙，每层楼不同拐角设置的商铺，隐隐嗅出浓重的商业和宣传包装气息。,1
2757,大栅栏是北京旅游必去的景点了，只是满满的商业气息已经找不到一丝当年的感觉了。不过网红店打卡摆拍、集中解决对各类北京特色菜品尝的工作，尽管真实体验见仁见智，但也算是节约时间的出游计划了，总之来都来了，还是要逛逛的。,1
2758,挺好的，选三张吧，感觉我的拍照技术进步了，嘻嘻,2
2759,到了茶馆，兑了票，爬到了三楼。得一盖碗茶。用相声里的段子来说，花一百块钱，来这儿就乐一声，跟花一百块钱，来这儿乐一百声，哪个划算？我想想挺有理，就全程跟着乐了，也不压着情绪。相声演员挺敬业，挺喜欢的。这一顿乐，乐完了，晚上回到出租屋，记录下这些，是对活着的知足。我觉得，生而在世，只要能好好喘气，就是最大的幸福。,2
2760,不爱烤鸭行程攻略里也没有准备去，结果感受到了北京的气氛，决定还是凑个热闹。于是又去了前门大街的小胡同里，网红店已经排起长龙。烤鸭并不贵，半只128，配料很丰富，鸭饼很薄，不错。吃好想想又去了昨天去过的门框卤煮，老板娘已经认出了我们，热情招呼。我不太喜欢卤煮里的火烧，太硬，老板娘就没放，贴心的加了块大豆腐，特别好吃。炸咯吱，大概是吃起来咯吱咯吱响？绿豆面做的，蘸醋汁好香。店里喝北冰洋是没有吸管的，大概2...,2
2761,午饭没顾上，晚饭需要美食补充体力了，决定去前门大街。以前每年到北京工作的那几天都住在前门大街旁，非常熟悉。从珠市口东大街也就是前门南开始走的，路上时有缓缓行驶的叮叮车。感觉这么多年还没开发好，好歹也是北京城的中轴线，黑乎乎的什么鬼，路灯都没有，就靠两侧店家的灯照明了。买东西是没什么好买，主街就那样，要走两侧的小胡同，寻找隐藏在巷子里的小店。与前门大街垂直的一条胡同，东边是鲜鱼口，都是小吃，只看了看...,1
2762,正阳门下，一片宽阔平整的土地上，营建出两列四四方方的民居，临街处改造为商铺，熙熙攘攘，人来人往，久而久之，发育为盛名已久的前门大街。有令人耳熟能详的大栅栏，入驻着同仁堂，王麻子，瑞蚨祥等百年老字号，也有鲜鱼口，常年传来店家招揽生意的吆喝声，款待着四方来客。         时光兜兜转转，前门春去春来，变化的是一波又一波的人群，不变的是，它镇守京师的厚重与沧桑。,2
2763,正阳门下，一片宽阔平整的土地上，营建出两列四四方方的民居，临街处改造为商铺，熙熙攘攘，人来人往，久而久之，发育为盛名已久的前门大街。有令人耳熟能详的大栅栏，入驻着同仁堂，王麻子，瑞蚨祥等百年老字号，也有鲜鱼口，常年传来店家招揽生意的吆喝声，款待着四方来客。,2
2764,拿票的工作人员都还不错，很热情，细心，讲解也很周到，没选错，朋友们继续,2
2765,北京坊就在前门隔壁,1
2766,这就是小红薯上的屋顶咖啡,1
2767,带孩子感受中国传统茶文化，观传统曲艺表演，,2
2768,很不错的体验，一部分做的比较像，国外的要像的多。带孩子图个新鲜吧。价格比较合理,2
2769,很不错，赠送了两本蜡像馆游览册，一共三层（-1层，三层，1层）。感觉国外的比国内的要像一点。很不错的体验,2
2770,挺漂亮的，夜景跟不错，晚上值得一去！,2
2771,还是值得去的，京味十足，虽说演员不十分有名，但相声表演水平还是不错。两个小时间是在笑中度过的。,2
2772,据说来北京，一定要去京城的茶馆坐坐，看一场演出，体验地道的北京味。带着小朋友一起来到地处前门的老舍茶馆，让他看看我们中国民族艺术的精彩。,2
2773,前门大街本身在08年奥运会期间就有过一次大修，配备的有轨电车搭上大部分应该是仿古的老建筑成为了南城中轴线的重要商业中心。全聚德和东来顺的旗舰店就可以在这里找到。地铁7号线开通之后南侧道路的人气也好了很多,2
2774,本来计划住一晚的，可是时间太紧了就选择了一日游，不过这一天玩的很尽兴，时间安排的也是恰到好处，该去的地方都去到了，导游小董小姐姐也是很热情，游玩路线和注意事项也是很耐心的讲解的很详细，非常棒，唯一有遗憾的是没有看到古北水镇的夜景，有时间还会再来的！,2
2775,北京应该是吃老小吃最高端的场所了吧。来北京培训，约了几个朋友试了下。炒肝真棒！卤煮更棒！桂花烤鸭简直了！！豆汁也没想象中的难喝啊，我居然喝了两碗。一口豆汁+一口咸菜感觉也不错。焦圈最后一下露底用～好香啊～哦，还可以看皮影戏哦～～上三楼还有相声听～～,2
2776,虽然很值得一去，但是价格真的挺贵的，  期待我的爱豆入驻蜡像馆，到时候再去一次 ☺☺,2
2777,来北京旅游前门大街总是要走走的，尽管感觉上象是逛了个仿古商业街。两侧小巷别忽略了，虽然东西不一定便宜但时不时看到点小惊喜。老字号大多在这一带有分店。,1
2778,朦朦细雨中的古镇真是很美，下一次带着家人一起去！,2
2779,相比一些被曝光的蜡像馆，北京的杜莎夫人蜡像馆算是做得非常逼真了，古今中外各行业的著名人物都有，甚至连神话传说中的人物都有蜡像。不仅重视对人物的塑造，还重视人物背景的烘托作用，让人感觉好真实。孩子好喜欢孙悟空和博尔特。另外，还有现场蜡像制作演示，也算是一点小小的科普吧！不足之处就是我们是暑假去的，游客好多，排队花了好长时间，参观时感到有点挤。,2
2780,人均大概180。号称国家顶级酒家,1
2781,过年前去的，人特别少，平时想必是很拥挤。有一家爆肚很好吃，连着吃了好几天，来北京就应该吃点当地特色，还没胆量试卤煮，下次要试试！！！,2
2782,慕名而来，我到北京的第一行就是“老舍茶馆”听戏喝茶，演出非常精彩，嗨翻全场。,2
2783,导游姐姐人很好，提前会联系询问细节，时间安排挺好的，很顺利的上了车，讲解很清晰，没有强制消费，态度很好，有什么需求都会耐心询问，有不懂的地方也会耐心解答，顺便提一下古北水镇大学生是不半价的，半价的是中学生，景色还不错，北京周边也很近适合有时间出来走走。,2
2784,我们是同事一起进去游玩的，蜡像非常逼真，还有互动的活动，感觉不虚此行，值得一看。,2
2785,老字号一条街，老字号的东西确实是不便宜，但已经成为了一种念想。比如大北照相馆，比如张一元总店的“高碎”-旧时平民百姓的最爱，现在生活好了，但是念想却是戒不掉的。 正宗老北京的风味鲜鱼口的便宜坊，壹条龙的火锅，天兴居的包子，虽然不一定是最好吃的，但一定是最正宗的，几乎每个老字号都有它的故事。,2
2786,前门大街，箭楼，八大胡同，全聚德烤鸭起源店，铛铛车，还有杜莎夫人蜡像馆，还有刘老根大舞台，大栅栏，鲜鱼口小吃街，天兴居炒肝，都不错,2
2787,还不错，不枉此行，网上订票早点。,2
2788,刚开始是看的古北水镇门票，但是自己去还要到东直门去坐公车，还得倒车，比较复杂。怕迷路啊，就报了个小团，看了价格也可以的，挺不错，确实非常满意，非常开心。导游态度好。超级的耐心温柔，一路上介绍了好多水镇的吃的玩的 还帮我们安排时间。第一次来古北水镇，真的是给人宁静安逸，小桥流水人家的感觉。现在真是最美的时候，到处春意盎然。晚上的水镇更是美到哭哇，都不想走了,2
2789,旅游满意，张导很负责，讲解的也很到位,2
2790,新建的仿古步行街，街两边都是老字号，紧邻大栅栏商业街，春节期间尤其人多,2
2791,前门大街现在非常时尚，与时俱进，除了之前的全聚德、都一处等老字号，又开发了北京坊这样的文化艺术区，逼格一下子高了！而且还开恢复了往日的北河沿水系，种了树木、花草，养了锦鲤，绝对是聚会休闲新聚集地。,2
2792,整体还不错 如果人物蜡像再多一点就更好了,2
2793,早上5点导游就打电话安排有车来接，导游很称职旅游车干净，司机师傅车也看得好。一日游很值得。,2
2794,导游很热情，很专业，在有典故的景点都会一一讲解，全程没有进购物店，司机是老司机，全程安全稳定，非常开心一次旅行,2
2795,挺好的，价格有点贵，看个人喜好吧。,1
2796,赵导不错，人美心善，讲解专业，对团友热心。一家子一起，对小孩子照顾有加，时时叮嘱注意事项。,2
2797,玩得很开心，同去的几个人都觉得好，表演的节目经典，赞一下！,2
2798,跟团坐的车。进了检票口就自由行了。整体还可以吧。你们可以自己去看看门票的价格。没去司马台。美食街挺短的。好多人排队。,2
2799,节假日去人满为患，小吃街都要排队半小时，小镇景色还是不错的。要是水镇和司马台一天要完成，团队出发时间最好提前到8点，不然半天时间有点紧张。我们10点出发，到水镇下午一点。,2
2800,挺好的，比较逼真，买错票啦，买贵一点的好了，又该能做个手膜,1
2801,青海～甘肃～七日大环线旅游行程线路……,2
2802,风景太漂亮了  去了就不想走,2
2803,怎么说呢，尹导还是挺幽默的，很喜欢，觉得这次没白来，学到挺多东西呢，很喜欢，尹导给力,2
2804,"早上旅游巴士准时到达约定地点，而且是20+人的小型车，因为51小长假高峰，导演提前沟通让我们自行打车到集合点，并报销了车费。我们的导游是小颖，车上全程他都在讲解，非常尽职尽责，而且介绍了很多北京的民俗文化,景点和小吃。上午游览了定陵地宫，然后中午去饭店吃了午餐，饭菜分量很足，也很满意，下午去了八达岭长城，避开了人流高峰。总而言之，导游是好导游，团也是靠谱的团，旅途非常愉快。再次感谢小颖导演，我这次是带着...",2
2805,第二次去。新增很多新蜡像。虽然没看到小骨。但是看到张PD高兴。好评，好评！,2
2806,第二次去，新增了很多新的蜡像。不错，不错。唯一遗憾的是赵丽颖蜡像去武汉巡展了。但是看到了张PD，好高兴！超赞，超赞。,2
2807,曹导的讲解特别好，人也特别好，又有耐心，车师傅人也特别好，今天正好下雨还借给我们雨伞🌂没有带我们购物，还告诉我们自己想买东西这么砍价，,2
2808,因为女儿爱听相声所以带她来了，没想到昨晚在节目的最后，有幸见到了张云雷，惊不惊喜？意不意外？真人很帅，但太瘦了。,2
2809,铃铛车20/位，拉着你从街这头到另外一头连井盖都很美丽传说中的全聚德,2
2810,地方不大，就三层小楼，门票虚高。故宫那么大才60，感觉就是拍照的地方。适合年轻人，自拍族,0
2811,总体感觉好不错，蛮大的一片区域，这里既有现代元素，也有传统老北京的元素。现代元素，比如:Zara等时尚的牌子，同时也有像内联升等老字号品牌,2
2812,这价格真的超值，杂技表演过后去了世贸天阶 后海酒吧街，南锣鼓巷流连忘返，一路下来吃不停，请看图，值得推荐哦！,2
2813,前门大街北面是正阳门箭楼，大街上吃的玩的什么都有，而且这里有许多北京特产。,2
2814,这次的跟团旅行，整体不错，导游，发音清晰，服务好，中午的团餐吃的也不错，如果有下次还可以跟这样的团。,2
2815,从慕田峪回来正好晚饭时间，我想中国每个城市都有这样的一条商业街，经营着老字号、传统特色商店，而整条街的建设比较古色古香，但其实不过就是游客聚集地。前门大街，在北京应该符合这样的定位。在北京地道的食物中，还被推荐过灸子烤肉，恰好发现前门大街附近小胡同里有一家，就导航过去了。小店隐匿在一个非常热闹的胡同里，附近几家店也都大排长队，而这家灸子烤肉的店面着实太寒碜了，狭窄的空间里摆放着5张餐桌，过道走人都...,1
2816,出行前一晚报的名，下单比较晚，没想到导游及时的联系了我，此时的我还在担心有没有位置，哈哈，这下就放心了。出发导游讲解的很好，是个帅哥，幽默搞笑，还是个抖友，厉害了👍。晚上回来在鸟巢水立方停留。照照照片，导游说可以在这自行散团，要不就跟车回前门散团，当初选择这个时候就是可以回前门附近，离酒店近。选择的套餐是➕杜莎的，比较划算，看单独门票98，（看到杜莎现场卖180，觉得自己赚到了，晚上搜搜团队门票只有...,2
2817,前门大街经过改完后焕然一新。保留了传统的铛铛车，大街两旁好多店铺，既有全聚德这种老字号，也有杜莎蜡像馆新兴的场馆。最喜欢去大栅栏，这里有许多老字号，买茶叶去张一元总店，买咸菜去六必居，吃卤煮去门框胡同的门框卤煮，还有门框锅贴也很有名。另外大栅栏对面的鲜鱼口也有很多小吃店。,2
2818,众所周知，前门大街是一条闻名的大街，重修后恢复了原有的有轨叮当车，这条街上有全聚德烤鸭店，都一处烧卖店，还有丝绸店，总之这是一条很热闹的大街。,2
2819,我们试了全聚德和便宜坊，虽然都说全聚德又贵又不好吃，游客的最爱。但我想帮他平反。一道好的美食，是内涵和颜值兼并，或者取内涵。两家烤鸭店对比，全聚德做的更精细，上的半只鸭子，还分了胸的部分，鸭头，鸭汤，而烤鸭的火候控制的会更好，不油腻，而且不会太干。,2
2820,就在我们玩耍的同时，,1
2821,感受很好！表演精彩！非常不錯！,2
2822,这里是来北京最值得来的地方，吃货们的解馋之地，各种小吃还有各种土特产应有尽有！吃喝住消费也不高，环境优美，悠闲时间还可以看个电影或去听个相声，有机会还会去的！,2
2823,我觉得不错，弘扬传统文化，带着父母来看的，挺多的小节目，感觉下挺好的,2
2824,这里挺好的，可以在杨梅竹斜街闲逛，可以去三里河公园观景，可以去星巴克发呆，百去不厌！,2
2825,谢谢各位亲＾3＾的关注🙏！,2
2826,北京烤鸭真的贼好吃，那个皮啊脆的飞起、沾上白砂糖以后，哇那个味道，现在想起来都流口水啊     半只/98   整只/198,2
2827,大栅栏的旁边挨着就是前门大街。,1
2828,前门有很多卖特色物品的店和满大街的稻香村，想买小礼物的可以转转，在杜莎夫人蜡像馆外面照了两张照片没进去,1
2829,来北京游玩一定要去前门大街逛逛，这里蕴藏了很多老北京文化的特色,2
2830,春节期间的大前门年味浓郁，不愧是古都皇城，吃喝玩乐这叫热闹，不论是老字号还是时尚新店都透着喜庆劲儿，虽然到处是人，可中国人就是爱这个热闹劲儿，这就是中国人过年！,2
2831,透过前门的牌坊，可以看见正阳门。正阳门后面就是天安门广场。前门很热闹，大街开着小火车，两边都是古色古香的老店。小火车,2
2832,下班不知为什么孩子突然说想去前门🏯转转，于是就有了这样的随意走一走🚶大栅栏，是北京市前门外一条著名的商业街。现也泛指大栅栏街及廊房头条、粮食店街、煤市街在内的一个地片。大栅栏地处古老北京中心地段，是南中轴线的一个重要组成部分，位于天安门广场以南，前门大街西侧，从东口至西口全长275米。自1420年（明朝永乐十八年）以来，经过500多年的沿革，逐渐发展成为店铺林立的商业街了。“大栅栏”作为一个有着数百年历...,2
2833,🏯前门大街是北京非常著名的商业街。位于京城中轴线，北起前门月亮湾，南至天桥路口，与天桥南大街相连。明嘉靖二十九年（1550）建外城前是皇帝出城赴天坛、山川坛的御路，建外城后为外城主要南北街道。民众俗称前门大街。  大街长845米，行车道宽20米。明、清至民国时皆称正阳门大街。1965年正式定名为前门大街。明、清至民国时皆称正阳门大街，民众俗称前门大街。1965年正式定名为前门大街前门步行街有这样一种叫“铛铛车”的...,1
2834,住下以后，我想出去溜达溜达，爸妈借口要追剧不愿挪动——正在热播娘娘的那年花开月正圆。禁不住烤串香味，我一个人出去晃悠了。前门大街酒店门前的巷子在装修，更显局促，转角到前门大街瞬间敞亮，有各大商铺入驻。逛了会看见著名的大栅栏，还偶遇了德云社。原是想听一场相声的，父母不大感兴趣，也不定能遇见郭老师，便作罢。郭老师，我是听您的相声睡着哒一直钟爱北方的巷子前门大街和煤市街之间靠很多胡同相通。胡同短小，收进...,2
2835,好迷你的车前门大街前门大街上的全聚德，不过里面吃饭的人并不算多，反而是大栅栏和鲜鱼口这边吃饭的人最多。大栅栏和鲜鱼口是两对面。最热闹的应该算大栅栏了，游客不断，熙熙攘攘。,2
2836,没啥好看的，商业化严重，也没啥值得买值得看的，特别提醒不要去吃狗不理包子，又贵又不好吃。去过一次不会再去了，实在要去推荐去南锣鼓巷逛逛。,0
2837,老舍茶馆的表演真精彩，值得一看，都是真功夫，让人流连忘返，看了还想看！这个票价太值了！下次还会来看！,2
2838,导游服务很不错，一路讲解很给力，路线走的不绕圈子值得信赖。朋友们可以选择龙行天下喔……导游热情似火凑齐了50字,2
2839,真的不错！于导很用心也很负责任！来北京的首选,2
2840,特有京味的一条街，虽然现在已经充斥的很浓的商业味道，但依然是每次来北京的比到之处，这次带孩子来坐铛铛车，孩子们特开心，全聚德、都一处、馄饨侯等等老字号的馆子，廊坊二条的爆肚冯是很比较正宗的爆肚店，看上去很不起眼的外观，味道是很好的。,2
2841,天坛出来，走街串巷，终于来到了购物一条街。,2
2842,来北京是必须要来的地方。前门大街是老北京城最著名的商业街之一，位于老北京城的中轴线上。由于正对着正阳门，过去又叫正阳门大街。现在全部是仿明清的各式建筑。,1
2843,导游于小雷姐讲解清晰，有深度，态度也非常好，耐心，能让我们开心的度过一天，虽然天很冷，但是欢声笑语很热乎，谢谢，五颗星。,2
2844,纯玩团，没有强制消费和购物，导游余小雷对故宫的讲解非常生动有趣，对于时间比较紧张的人比较合适。,2
2845,这边吃的逛的都有，就在天安门隔壁，看完升旗逛完故宫跟景山公园就可以到这边逛逛吃吃的～,2
2846,非常不错，导游小果服务热情周到，游览了故宫，长城，本次一日游不虚此行。,2
2847,四季民福主营北京菜和烤鸭，很有老北京的味道。青砖砌成的墙面、灰色瓦房配上朱红色的招牌，仿佛是一张老北京的古老照片，承载着属于老北京特有的独特记忆。走进餐厅，清一色的长方桌，靠背椅，置身其中仿佛又嗅到了属于老北京的味道。,2
2848,值得一去的好地方，拍照首选，虽然有些波折，但还是很值得去的,2
2849,我觉得很不错，。只不过很遗憾，我想见的都没有，吴亦凡啊！！！哎，不过总体真的是非常棒，到里面真人和假人都分不清了。哈哈哈，好玩,2
2850,小爷想吃烤鸭，所以去了附近的大栅栏，找了家大众点评评价不错的四季民福。到了大栅栏才发现原来德云社也在这儿，早知道就提前订票听个相声了。烤鸭还不错，服务态度也很好，不过不和小爷的胃口，他还是更喜欢火车上卖的口味重些的德州扒鸡。,2
2851,第一次去北京真的很失望、北京人專騙人、問路也不理！景點沒有特別及特色！門前客棧真的很差，只有一張床、基本什麼都沒有....沒有下次,0
2852,很好的一天游，北京小爷讲解很生动。,2
2853,导游是北京人，服务很好，能有北京人当导游，很有融入感，讲解的很生动，不虚此行。只是路线太赶，如果想看故宫文物的应该报深度游，只能下次再来了。还有希望来北京先来这里，导游会告诉你你不知道的北京干货😜,2
2854,让我认真的回顾一下京城之旅吧，虽说过去了好久了，没想到又被我翻出来了，那就想想自己走过的路好了。  交通：最合适的还是地铁、要么公交车，但是京城很堵就对了，不方便；或者打车、自驾，但这附近堵车还是很多的。  历史悠久，大建筑上都能看出来哦，特色糖葫芦，超级大的糖葫芦、其实这些都是假的，真的没有那么大哦；还有很多的扇子店铺，都是连锁的，主要是里面的扇子好好看，质量很好的样子。  吃的店铺总是让我最喜欢的，...,2
2855,老的前门大栅栏已经都拆除重建了。已经没有什么值得游览的|的性价比。你现在北京老字号都在，这里重新建店，但是味道已经大不如前。,0
2856,想逛好玩好吃的就来这里 好吃的多 伴手礼也可以在这解决 还有旧式叮叮车可以做 夏天来 买一根马蒂尔冰棍 绝对美味又解暑  老北京同仁堂 布鞋 都有 还有王二麻子的店 买了两把菜刀一把剪刀 直接给寄回家 很好用 还有德云社前门店 想听相声也可以买票进去 很方便,2
2857,北京的另一条步行街，相比王府井大街，这里有更多的美味在等着各路游客。 前门大街从头到底不长，预计500米的样子。但是道路上有很多好吃的，国庆这种假期人超多。大街上最有名的是横向的两条弄堂。一个叫鲜鱼口，一个是前门大栅栏。最大牌的莫过于金灿灿的全聚德烤鸭招牌。 整条街除了吃的还有杜莎夫人蜡像馆、有轨电车，值得一去。,2
2858,比较舒服的一日游，长城坐的缆车一点也不累，就是风大的可以。导游是龙行天下的何月亮，给个赞。讲解到位，照顾也很周到。责任心很强！愉快的一天真好！,2
2859,如果有自己特喜欢的idle 建议去一下，我去的时候很幸运，门票好像100左右，当时提前2小时在网上订150，到现场之后，前台说当天门票优惠，然后帮我网上退票，现场买票，总之，还是很开心,2
2860,四合园就是从老舍著作中认识的，从攻略中的介绍，集北京饮食和茶文化的一体老北京的特色炸酱面、爆肚尝一下，实际上京酱肉丝千张、橄榄菜更对胃口，量足。正点有皮影戏表演，我去时尚早，人还不多。二三楼有演出，茶社介绍,2
2861,老舍茶馆是以人民艺术家老舍先生及其名剧命名的茶馆，始建于1988年。在这古香古色、京味十足的环境里，客人每天都可以欣赏到来自曲艺、戏剧等各界名流的精彩表演，同时可以品用各类名茶、宫廷细点和应季北京风味小吃。,2
2862,继续一路向北，来到前门大街。到了北京，烤鸭总是要尝的。全聚德大门前外卖处堂吃处全聚德的前世今生全聚德的前世今生烤鸭出炉终于等到位置了半只烤鸭的切份，加面皮、酱料，送鸭汤一碗（纯汤，没料的)；再点1份鸭心(量到不少），2只小点心，加服务费合计315元。,2
2863,非常好玩，看见了各国的名人，玩的好开森哦，哈哈哈，景点位置好找看见了本山大叔，鹿晗欧巴，蜡像做的超级逼真，赞赞赞赞赞赞赞赞赞赞赞赞赞,2
2864,品北京小吃，赏中国文化，来北京特意感受的，值得一去，,2
2865,老舍茶馆位于前门西大街正阳市场3号楼，非常好找！老舍茶馆，不是老舍先生开的茶馆，而是另一位像老舍先生一样钟爱京味文化，钟爱中华传统茶文化的传奇人物所创，他就是尹盛喜！尹老于1979年辞去自己的铁饭碗，端起了泥饭碗，率领着一帮待业青年在前面支起了茶摊，二分钱一碗茶，一干就是八年，由摊变成了现在的老舍茶馆！,2
2866,前门大街从明清王朝起就是商贾云集之地，民国后仍然延续繁华，到上世纪末还人来人往，尤其是大栅栏地区，只是热闹不上档次。进入新世纪，开始大刀阔斧改造，如今街面整洁，个别文物性建筑得到保留，变成一个名符其实的旅游景区。,2
2867,SOLOLIST COFFEE CO. 我去了两家，一家在杨梅竹斜街，一家在三里屯。,1
2868,这条街真的是有很多百年老店吃的，用的玩的都有啊，在这里吃了有名的烤鸭，味道真的是非常的好，但是价格也是不菲的。一只烤鸭好几百块钱呢。,2
2869,很有北京特色的一条商业街，沿着前门大街一直走，就是正阳门。两旁的店铺新旧结合，有H&M Zara等，也有北京传统老店，如全聚德 吴裕泰等。街道两旁的胡同里也有许多特色小店，沿着大街走，又可以拍照，也可以觅食，还可以购买手信，一举多得。,2
2870,这次京津冀之行，去哪儿网可帮了大忙，订机票车票门票旅店一应俱全。一到北京就遇到个黑导游，哪儿黑呢，1、团队中的老人学生享受优惠价的还退费；2、团餐时觉得我们人多菜少又多加了一条鱼(虽然不好吃)；3、赠送项目只剩我一人时，信守承诺用大巴车送我到达目的地……,2
2871,前门大街附近的北京坊，只有一部分开放了，将时尚潮流的内容与古朴典雅的建筑风格相融合，成为城市中又一个人们聚集的地方。,2
2872,地铁2号线前门站下，B出口C出口都可以前往，跟着人流走就可以找到。步行街都大同小异，前门步行街也是，基本就是稻香村，烤鸭这些标着北京特产的，没走几米就可以看到一家稻香春。去吃了四季民福烤鸭，味道还可以，服务不错。,2
2873,这里拥有非常多的百年老店，产品，包括饭店，当然都是非常不错的，就是整体的消费水平比较高的，还不是我们现在能接受的，只能远远的看一下，参观一下,1
2874,#萱萱的旅行# 前段时间去了一趟鲜鱼口的美食街，俨然已经成为游客们的旅游必选地了，不同于王府井小吃街的临街一摆，这里更加商业化。老字号的招牌到处可见，边逛边尝，很多失水准。不过带着娃走一走热闹的商街，逛一逛前门大栅栏还是别有一番滋味的。特别排队去买了吴裕泰的冰激凌，味道还不错。来北京小吃街，感受氛围的话，这里也不错！,2
2875,这里每家店的装修都特别有特色，而且每一家都是这种百年老店，当然，如果消费能力够的话，可以尽情的享受美味与美食，还有各种特色。,2
2876,这个地方非常豪华，各种百年老店都在这里，但是这里的各种价格真的是太高了，虽然说是出名大学太高了。逛逛还是比较好的。也不用怎么花钱。,1
2877,很值得去，全程让我大笑不止，虽然没看到小岳岳，郭德纲，但是徒子徒孙们相声也说的很卖力,2
2878,虽然是为了张艺兴去的，但是其他蜡像也很不错哦，挺真实的。,2
2879,这里还算挺漂亮的，里面吃的东西太多了，各种有名的饭店都在这里，边除了价格高，没有其他的缺点，我感觉，在这里的人都特别多，很拥挤。,2
2880,一次紧凑而美好的旅游，于小雷导游安排的体贴且周到，讲解的也非常好，必须得赞👍🏻,2
2881,前门吃的是最集中的，而且他老北京的特别多，比如说老北京布鞋，还有炒肝儿，都是老北京的特色。,2
2882,整体效果不错，性价比高，网上订票要便宜，地理位置也较方便，坐地铁下车步行十几分钟，顺便连逛街。从楼上开始，分不同区域，不同行业的明星，做的都很逼真，整体参观大约一个小时左右。大部分都是年轻人，带着小孩去的挺多，都是冲着照相来的，每个照相的区域比较宽场，比较合理化。,2
2883,广德楼德云社昨天晚上去看了，虽然没有郭德纲于谦这样的大腕在演出，但是场面也是很热闹的。整个剧场座无虚席。笑声不断，掌声不断,2
2884,趁着今天艺兴生日，去蜡像馆看了艺兴~和本人好像啊！！好帅！！去的比较早，人不是很多，很适合拍照啊~ 大表姐的蜡像也好棒！气场两米八~作为国庆游玩的最后一站还是挺有意思的！,2
2885,为了艺兴去的，非常的有趣，门口有很多艺兴的宣传，制作了艺兴同款手膜，有点烫姿势不太标准【笑】，张大佬真的很帅很白，一辈子不脱饭，1007张艺兴生日快乐。,2
2886,出了天坛，买了酸奶，老北京酸奶5元一杯很好喝，坐公交去大栅栏，都是老胡同很古朴的胡同，感觉真的很简陋，房子很矮，电线到处都是，墙壁都是很破烂的，因为没有带伞差点中暑，所以没有好好的逛这里，这里也是前门大街，就是老北京，听朋友说还有好多逛的，吃的，但是天热头晕决定打道回府，出门一定要注意防晒呀。这些都是很新的建筑，越往里走就看到最真实的老百姓住的胡同啦,1
2887,国庆节放假去的，人有点多，有的蜡像做的还是很像,1
2888,大都做的还是很逼真的，我觉得赵丽颖和杨幂都超像的，适合年轻人去合影,2
2889,只在一楼看了相声，未窥见全貌，不过相声真的是很好看，五段渐入佳境，我超级喜欢第三段的大鹏，听云轩的，看得我笑得都刹不住了，我觉得他一定会红的，票价80，太值了，京城的物价不算高啊,2
2890,这是我第一次喝豆汁儿，在电视上看都说要多品几次，才能品出味道来，才而且会上隐。我真是尽力了，大大小小品了10来口，还是浪费了，导致我接下来的一路上都闻着手上有豆汁儿的味道，晕～～王府井商业街溜了一圈儿，啥也没有，都围起来了像是要整个重新装修的样子。下一站 颐和园亏了北京地铁发达，真是挺远的。颐和园比故宫可能大个好几倍吧。这是颐和园里的苏州街，是一个环形的，挺大，景色也不错。湖边远观颐和园里坐了个船20...,2
2891,特别的超值，好多中国传统节目,2
2892,关于北京的故事好像都有前门大街，很多很多北京老字号都从那里开始。现在的前门大街是修整过的步行街，走走吃吃逛逛，挺好，当然还有像全聚德、瑞福祥、都一处、内联升等等老字号。,2
2893,长峪城长城建于明代，全长8公里。长峪城的烽火台被当地人称为“高楼”，海拔1439.3米，是北京界内海拔最高的烽火台。这里虽然没有八达岭、居庸关、慕田峪那么出名，但是景色绝对不错。,2
2894,印象中北京郊区的山大都光秃秃的，将近十年都没有去郊区爬山了。来到长峪城长城真的是有几个没想到。没想到北京郊区还有这么美的群山峻岭，没想到这么偏僻的山里竟然有很多公共卫生间，没想到这个景点儿竟然是免费的,2
2895,北京昌平长峪城长城，这里不仅有长城，还有质朴的民风，保存历史悠久的山梆子社戏。到这里旅游有吃有住，交通也很方便！,2
2896,"长峪城民俗村位于昌平区流村镇西北部,距昌平卫星城54公里,村域面积1850公顷,这里植被茂密,空气新鲜,素有昌平“小西藏”之称。",2
2897,长峪城长城位于北京昌平长峪城村，全长8公里，是北京海拔最高的长城,1
2898,带足够水 一个人2L左右 景区是环形的 不用折返 转一圈就回到原地 水源头水特别凉 可以带西瓜去冰镇 爽 这天气城区热出翔 但对于这样的山头来说 是避暑胜地 人少景美,2
2899,长峪城长城位于北京昌平和河北怀来的交界处，全长8公里，周围吃住方便，想玩就玩。,2
2900,国家博物馆可以通过网上预约和短信预约获得参观绿色 通道 资格，说白了就是不用排太久的队，因为这次是出发的前两天才决定来 北京 所以我预约的时候网上和短信的名额已经都没有了 ，所以今天第一站就决定来国家博物馆，因为我是早上8：20的火车到 北京 ，坐二号线转一号线几站地就到了这里，很方便快捷。,2
2901,穿越时空的艺术之旅：探秘中国国家博物馆 🏰,2
2902,从古文明到现代巨变：中国国家博物馆全览 🎨,2
2903,揭秘中华五千年：中国国家博物馆珍宝巡礼 🌍,2
2904,上次来发现很多没看过的展览 这次又来了 国博只能提前一天预约 当天来的就别想啦,2
2905,昨天，4月4日，和朋友一起去了国博，自己在北京生活了这么多年还没去过国博真是惭愧。但去过真是不虚此行。我们是提前在网上预约的门票，所以免去了排长队的烦恼。大家要去的一定记得在网上提前预约哦。带上身份证就是免费的哦。国博非常的大，逛一天也逛不完。地下一层是中国古代展，二三四层是现在都有展览，有中国古代书法展，玉器展，青铜器展，铅笔展，近代经典美术作品展等等。非常丰富。馆藏有大量真品...,2
2906,*整体感觉：国家博物馆真的很大，藏品不但丰富而且十分精美。教科书上的照片，这次终于看见实物了。推荐推荐大家来，尤其是有特展的时候，近几年的特展真的是很吸引人。几个小提示：,2
2907,去天安门玩的时候可以顺便去趟中国国家博物馆，天安门附近停车都困难，就算找到车位停车费也非常高，所以建议大家乘坐公交或者地铁前往，地铁一号线天安门东站下车就可到达，或者在天安门游玩的时候直接步行前往。博物馆的门票是免费的，但是如果现场领票可能会面临人多需要排很长时间的队才能取到，甚至有的时候为了保证安全采取限流的方式将不让领取。所以打算去的小伙伴为了保证能够顺利参观，还是尽量通过...,1
2908,个人觉得里面真的好大啊，真应该来逛一逛，里面展览的物品，展现的个时代的文化，也不比故宫长城差啊，1位置，地铁天安门东，下车就是，而且还不要门票，免费参观，但是需要刷身份证来领取免费门票！2，最好别带太多的东西，吃的水带点就可以了，里面安检比较严，打火机，剪子，刀，都会没收！3时间，拿出来3个小时，一个小时一层，足够啦！,2
2909,国博里呆一天都值得。就在广场的东边，凭身份证领票进去，不过安检比较严，背包要经过安检仪，另外水必须喝一口以证明不是有害物。进去以后，里面很大，让人感觉有点茫然。一个展馆一个展馆地参观，有很多熟悉的东西，比如昭陵六骏的石刻，比如龙门石窟的造像，比如中国第一张个人护照，比如应县的木塔，都是珍贵的文物。不管它是仿品，还是原件，这都是一个个时代的印记。去一趟国博，比你在历史书上看十遍都强，因为你是在死记硬...,2
2910,非常值得一看的展览，大开眼界,2
2911,张春华老师讲解的很棒，知识渊博，人也非常热心，nice! 不虚此行!,2
2912,还凑合吧！感觉价格有点小贵，讲解的不是很多噢……带着娃还是不能跟团游，太累了，根本都是在赶场，结果啥景也没咋看👀……还是得自由行呀！,1
2913,很愉快的一次旅行，讲解员很有责任心，讲的也很到位，不错，好评，下次还选这家旅行社。,2
2914,讲解高宇超热情，超贴心，即时调整用小朋友能理解的语言进行讲解，表述明白细致。拍照指引路线等额外工作也热情对待。服务超赞,2
2915,张导很热情，对故宫也很熟悉，介绍的很到位，里面的脊角仙人小冰棍不可错过哈哈哈，可可爱爱的，这次观光时间有限，下次故宫下雪的时候再去看看故宫的雪景，一定美极了,2
2916,免费的，要带身份证换票,1
2917,各方面都挺好的。推荐使用。,2
2918,真的是流连忘返呀，很开心，真的很放松心情，风景好，导游更好，遇到一个热心而且善良的导游也很开心，满意，下次看看还来,2
2919,临时半夜才决定去的，陈状元很幽默风趣，带我游览了三个多小时，虽然故宫的风很冷，不过陈状元的故事还是会让我忘记疲惫和寒冷🥰🥰🥰,2
2920,今天的游客非常多，但是井然有序，凭身份证入场，可以存包，5元一件。馆内的常设展厅是免费的，也有付费的，文物众多，值得游览！如果是仔细的看，估计一天也看不完这也是个体力活儿！,2
2921,感谢本次冯导的国博讲解。冯导提前一天非常贴心的交代了入馆的注意事项，很有帮助。,2
2922,凭身份证能现场免费取票，很快，就是安检排队花点时间，里面很大，但是各层讯息不清晰！只有入口的前台上有个小小的牌写！最好看的就是中外互送的礼品，再4楼还是3楼，一层层上去都没时间看了，外面的牌子写是开放到5点，但是展览4点20分开始都赶人走，5点全部站馆人都准时排队声势浩大的下班了！里面有好几个展览都要另外收费，看伦勃朗要50块！其他都是些中国特有的青铜器木雕书画之类的，感觉还好。,1
2923,国家博物馆|古青铜与佛像 :一览中华文明的辉煌与信仰!,2
2924,国博是了解中国上下五千年历史的好去处，这里有中国各个时期的历史文物，著名的有后母戊鼎、四羊方尊等，这里还有热心的解说为你讲解历史。,2
2925,来博物馆的游客非常多，来之前一定要在官网或官微.上预订门]票。博物馆里有中国历史各个时期.的文物珍品，是一个了解历史的好去处。,2
2926,排了那么长的队才能进去，里面还要安检什么的，看了内容有点失望，展品虽然按照朝代划分，不过竟然没有历史介绍，只有什么时间地点出土的文物然后就完了。那么国家的历史呢？,0
2927,中国古代基本陈列，应该是国博最大的陈列了，从远古时代到清朝，罗列了各个时期朝代的文化政治经济等相关产品。诸多历史课本的插图，来源于此，多少原物在这里终得一见，神游已久终在这邂逅，一个是数百年.上千年的回响，一个是十来年对这些文物的念念不忘。,2
2928,周末，跟室友一起去天安门广场逛了一圈，当然，也去了中国国家博物馆。1、中国国家博物馆位于北京东城区东长安街16号 天安门广场东侧，乘坐地铁1号线在前门站下车便可到达，还是比较好找的。2、中国国家博物馆的开放时间是:9:00-17:00，只是每逢周一闭馆。打算前来的朋友最好早点来，因为要排队、分批次进去参观。3、关于门票，国家博物馆是免费参观的，只要拿上你的身份证，就可以免费领取门票进去参观。4、国家博物馆内部的构造...,2
2929,国家博物馆我只逛了地下一层的古代中国和两楼的白瓷展，当然去复兴之路看了一下兔首和鼠首，没有细逛！古代中国真的首推，好多书本里的古董都展示在那里，等豌豆再长大一点，就给她找个导游慢慢的逛一整天，感受下华夏文明的魅力！国家博物馆入口打卡～安检的话水和充电宝要拿出来，可以带进去，但展区内禁止饮食和使用！青铜方鼎三星堆面具金缕玉衣敲鼓陶俑骑马陶俑唐三彩凤冠兔首和鼠首白瓷展这个真的惟妙惟肖,2
2930,导师讲解的非常全面到位，全程体验非常好,2
2931,#秀才说国博#：张导全程讲解3小时，内容很丰富很精彩，值得下次继续选择深度游👍,2
2932,戴老师马不停蹄不停歇的讲了三个多小时，引申了很多历史知识，信息量很大，辛苦戴老师,2
2933,讲解员高鹏老师普通话标准，吐字清晰，声音洪亮。讲解文物完整准确引用规范用词严谨。讲解技巧通俗易懂富有感染力和亲和力，能够激发我们对文化古物的认知兴趣。让我感觉这次游览非常愉快。,2
2934,周五晚上九点了才决定周六去国家博物馆，因为临时决定，自己根本预约不到，没想到商家两个小时居然预约成功，很给力！而且客服回复很及时，服务态度很好！大家可以放心购买！,2
2935,提前一天才想起买国博门票，果然没有了！抱着侥幸心理买的这个，买完就忐忑啊，还好第二天顺利入园了，定的讲解员也特别专业，张导很亲切，讲得非常浅显易懂又涉及了知识点，非常好！,2
2936,王导棒棒哒，照顾大家周到细致！偶遇故宫下雨，仿佛置身于时光倒回空间，想象各种电视剧的的情节，体验了一次不一样的故宫！,2
2937,导游特别好，人很温柔很耐心，过来玩的朋友，强烈推荐找王导，很愉快的行程，很细致的讲解。,2
2938,非常有意思的讲解，何导讲解非常细致，从展物中旧石器时代讲到袁世凯，穿越古代给我们恶补了历史。国家博物馆非常值得来开眼界，一定要请导游，不然就是走马观花了，非常开心请到认真负责的何导，三个小时一直在讲，非常辛苦非常负责，五星推荐博物馆，五星推荐何导,2
2939,值得一去，能约上免费票更值得去了，特别是带孩子去。,2
2940,"这次的讲解老师很棒，深受孩子的喜欢，不但知识面全,时间的把控也很棒，感谢老师让孩子学到了古代历史知识，有机会下次再来。",2
2941,带孩子来国家博物馆，孩子们非常兴奋，约了专业的讲解，通过对展品详细生动的讲解，让孩子们更加了解历史，了解先辈的智慧。,2
2942,气势非凡的国博，通过秀才导游的幽默风趣的讲解，更能体会到祖国的伟大，华夏文明的磅礴气势。,2
2943,超哥讲解得十分生动有趣，孩子对中华历史文化有更深层次的了解，生为中华儿女感到非常自豪，只是因自身行程的安排，没有听完十分遗憾，建议要留多点时间，下次再来希望还能和超哥一起穿越古今,2
2944,秀才说琪琪很有耐心，带领孩子们和老人参观游览，国博真是国家博物馆中的代表，文物众多，精品更是不少，非常值得参观！,2
2945,王导讲的太好了，深入浅出，风趣幽默。一趟玩下来感觉自己涨了很多知识，五星好评必须的！,2
2946,展品非常的多，导游姐姐非常专业，沉稳大气并耐心的解说，让国博之行倍添精彩，总之这次见识了古文明的浩瀚与神秘，爱我中华！,2
2947,线路安排比较合理，任导游讲解也很好，一路上讲解的都是正规历史，人比较风趣幽默，我们大家都非常高兴，以前参加别的旅游团都没有这么靠谱，这次的旅游团真的值得大家报名，行程靠谱，导游负责，下次还会再来。,2
2948,国博非常非常大，如果想好好逛，建议安排至少6小时。,2
2949,挺不错的～五一故宫门票可太难抢了，丁导讲解很详细，辛苦啦,2
2950,换了宿舍，放下行李后我们就骑车去博物馆。,1
2951,磨磨蹭蹭十点才出门，行李先寄放在前台了。天安门广场附近这边拦住不能骑车，那边拦住要安检，又找不到停车的地方，好难呀，绕了一大圈才到达国博。顺便去了一趟钱币博物馆，在时间线里看货币这种交换工具的变迁，也是有趣，J和我都是学会计的，虽然学艺不精但还是饶有兴致。花了不少时间，结果到国博都已经十二点了，没多少时间。国博真的大，这次只能算是踩了个点吧，至少安排一天过来看。需要提前一天预约，且安检超级严，要开...,1
2952,历史与艺术并重，集收藏、展览、研究、考古、公共教育、文化交流于一体的综合性博物馆。世界上单体建筑面积最大的博物馆，是中华文物收藏量最丰富的博物馆之一。,1
2953,博物馆嘛，是非常出名的地方，在这边逛一逛呢也是非常的好啊，比较适合这个带着这个，特别是孩子上小学的孩子，过来普及普及科学知识也还是一个挺不错的选择。,2
2954,对我国的古代文化瑰宝感兴趣，错过了故宫，来到国博也是不错的选择！平时去国博肯定是最好的选择，必须节假日去就一定要赶早！！,2
2955,玩的很好，解说对历史，有的野史说的都挺好,2
2956,国博是中国最大的博物馆之一。也是世界上单体建筑最大的博物馆。国博的展品之多，一天都逛不完。国博最值得看的展览还是古代中国基本陈列。展出了中国各个时期的出土文物。,2
2957,地下一层是中国历史，从远古到近代，按时间轴把各个时期的代表展示出来，父母带着孩子实地寓教于乐是个很不错的地方。一层是民国历史，二层展示的是绘画展,2
2958,这个博物馆你一定要去！从远古时期一直到明清时期，展览的珍品实在多不胜数。中华优秀传统文化在这里绵延不断、薪火相传。国家博物馆凭有效证件免费参观。,2
2959,一直就对我国的古代文化瑰宝感兴趣，错过了故宫，来到国博也是不错的选择！平时去国博肯定是最好的选择，必须节假日去就一定要赶早！9点开门，8:50到门口已经排了老长的队了。进馆后，我们直奔负一楼。恰逢春节期间博物馆推出讲解，我们的讲解员是梅松松老师，很优秀的讲解员；9:15准时开讲，因为人多，讲解时间比较短，只有一个多小时。,2
2960,中国国家博物馆实在是太大了，进入中国国家博物馆是不可以带上自拍杆的，所以去这里参观的人一定要记得在外面把包或者自拍杆先存了再进去。因为中国国家博物馆实在太大了，而且有一些展览会经常的换，所以我已经来过中国国家博物馆八次的，每次都会带着一个主题过来，例如这一次的话就是为了拍各种瓷器青铜器所以才来的！,2
2961,国家一级博物馆。是了解中国历史的好地方。可以说，这里的没见展品都是国宝级文物。这里展示了中国的各个朝代的展品，非常的不错。,2
2962,国家这个博物馆啊，这东西确实真的非常多啊，包括这个秦桧的这个象什么的，嗯，这个应该都是属于正经的历史真迹啊，像这个，听说以前杭州的这个，嗯已经是被这个人民群众给消灭了。,1
2963,国家博物馆还是非常值得去的地方啊，在这边看到的东西确实跟课本上看到的是一样啊，很长见识，也知道这个中国这个5000年历史的悠久挺好。,2
2964,疫情严峻，宅在家里，翻看上个月去国博的图片。选了三张最喜庆的。第一张，是汉代的：小伙子骑着大马，手里拿着两条鱼，开心！图二的金属枕头，我看着觉得硌得慌。,2
2965,虽然因为疫情，国博暂时关闭了。但还是放一些12月参观的图片，回忆一下。古代中国里，荟聚了众多中国最好的文物。唐代的风土人情尤其精彩。,2
2966,中国国家博物馆，世界上最大的博物馆，中华上下五千年。历史文化的融合。最庄重的博物馆。紧邻故宫。东西是真的多，值得看。,2
2967,博物馆还是非常值得去看的一个地方，在这边能够看到货真价实的一些历史文物铭记，包括它的这个滴水的，还有一些传统模型，还有它的青花瓷的一些真正的好东西啊，看着还是挺不错的,2
2968,万导游带得挺好的，迟到了，很抱歉，故宫景色很精致，古色古香的，珍宝馆印象最深，美得不得了。,2
2969,秀才说—王导，绝对金牌资深导游，讲解幽默风趣，故宫真的需要这样的好导游讲解，自己瞎逛还真的不能参透其中的奥妙！总之，故宫讲解，选王导没有错！,2
2970,出游天气特别好，主要导游孙维人也特别的热情。每人发一个耳麦，声音好听也大声，讲的非常仔细，耐心的讲着我们认真的听着，边走边听着……时而考虑我们是不是累了，需要休息一下，然后坐着听讲解。对太大的紫禁城慢慢了解着，3个多小时的深度游，这样的安排特别合理。,2
2971,非常好的一次旅游，导游讲解很细致让我们听的很清楚，慕田峪长城人少景色确非常好，国外的游客非常多，导游一路上都在给我们讲解让我们都受益匪浅，懂了很多，自己看真的看不出门道 还觉得没意思。导游带着讲解了很多 之后我们又在里面逛了半天 照照相 才出去的。这样很合理 也很清闲。看的比较透彻。推荐这样的玩法,2
2972,北京的博物馆太多了，特别是有故宫博物院和国家博物馆两大博物馆，到北京去旅游的人，几乎没有不去的，往往不会注意到首都博物馆。其实，首都博物馆不管从规模、藏品的丰富和珍贵都是一流的，属中国省市级综合性博物馆。,2
2973,博物馆分为五层，共有48个展厅，是中华文物收藏量最丰富的博物馆之一。 ·陈展体系由基本陈列、专题陈列、国际交流展和临时展览组成，涵盖了从古到今的各个阶段。,2
2974,刘导认真负责，解说很棒，故事深入人心，仿佛带我们穿越了时空。蓝蓝的天空与巍峨的长城真是完美搭配，更让我们感受到了长城雄伟！整个行程足足差不多4个小时，全程安排的很好，给点个大大的赞！,2
2975,一次让我满意的行程，这次有导游讲解如果是自己去根本看不懂，有时候讲解真的很重要，三分看七分说是很有道理的，尤其是北京的景点，没有山水 都是文化古迹。导游很关键。自己理解的网上查的都没有当时一边看一边导游讲解来的直接深刻。满意。,2
2976,第一次来北京，第一次来长城，报的这个团非常棒！车导很幽默，一路上给我们讲解长城的历史以及注意事项，安排的非常好！很不错的体验！,2
2977,这次旅游很愉快，难得带上家人一起来北京玩，这个时候出来玩刚刚好，导游服务态度很好，没有隐形消费，感谢耐心为我们服务,2
2978,中国国家博物馆，很大的一个博物馆，建议专门留一天时间参观。,2
2979,2020年了，去年国庆来过，到处买不到故宫票了，无奈报了这个一日游，于小雷导游超级好，不但帮我们把票都预约好了，还为我们讲解了非常详细的天安门广场和故宫故事，古代与近现代的融合，让我印象深刻，此次带家人来北京，果断还是选择了去哪儿网，选择了金马旅游团，没有例外，这依然是非常不错的旅游，无购物，纯玩团，时间充裕，导游虽然不再是于小雷导游，但是很有素质内涵，讲解安排都非常到位，依然不会例外，有机会来北京依...,2
2980,博物馆各地都有，这个国家博物馆数一数二的，建筑和整个地区的整体风格融合得很好，展馆很大，馆藏也很丰富，各地博物馆选调的精品也很多。,2
2981,时隔两年，再游国家博物馆，海量的国宝级文物蔚为壮观。各个主题的展馆所陈列的内容丰富多彩。只可惜这次还是时间有限，依然是走马观花般的参观一番，每次离开都是意犹未尽。下次去要拿出一整天时间来仔细地欣赏每一件艺术品。,2
2982,国家博物馆，免费参观，可以提前预约。周末和节假日人很多，除了地铁不远就是，就在长安街，安检很严格。里面的展品挺多，可以慢慢逛，慢慢欣赏！,2
2983,首先在官网上预约中国国家博物馆，一共有三层，是中华文物收藏最丰富的博物馆之一，也是单体建筑面积最大的博物馆，喜欢历史的一定要来，镇馆之宝—孝端皇后的凤冠，宝贝都在最深处，地下二层，建议换舒适的鞋，北京旅游基本上任何一个景点都要走上两三万步（如果你打算全部参观完）✨,2
2984,“李可染最后十年作品展”，汇集了李可染最后十年的绘画精品。作品是以山水画作为主，气势磅礴。但我还是更喜欢“五牛图”，五只老牛悠闲自在的或坐或卧，没有半点拘束。,2
2985,北京国家博物馆是不需要够买门票入内的，凭身份证就行了，室内高端大气，藏品非常之多，细细品味要一天的时间，室内有直饮水带孩子去方便,2
2986,国博“大唐风华”特展，集结了唐朝的特色文物，让大家了解了唐代的风土人情。唐朝应该很富强，艺术精品辈出。唐三彩十二生肖做的活灵活现。,2
2987,其实中国国家博物馆在我的攻略里算是一个后起之秀，因为最初我在想要去北京的时候，并不知道有国博这么一个神奇的存在，这一次决定行程之后，也有做北京的攻略，在看到中国国家博物馆的时候，就立马把他加入了必去的行列，不得不说，我也是英明的🙋,2
2988,好玩，热情周到，服务好,2
2989,非常值得去！毕竟是国家博物馆，馆藏文物等级高，规模大，免费！,2
2990,中国国家博物馆是中国博物馆系列中的最高首府，这里的展览也是吸引着全国成千上万的人来参观最近正在进行的中国历朝历代钱币的展览，以及古中国历史文化展览都吸引了众多的游客。,2
2991,中国国家博物馆是我国博物馆系列中最高级别的博物馆，我是第1次来，现在正在进行着多个展览，其中有一个中国古代展览，展示着中国从夏商西周开始一直到袁明清，历代国家的基本情况。,2
2992,国博里的文物非常多，想一次看全是不可能的。这个来国博，我重点看了西汉和东汉的文物。石天禄的脑袋后面，居然刻着字。是图三的石刻，是个人面鸟身的医生，在给病人针灸。太搞笑了！,2
2993,哎呀，这个一写到中国国家博物馆，就让人感觉到心里非常的呵厄，嗯，怎么讲呢，这个感觉很复杂，没法说具体，就是觉着啊人的眼睛真的太重要了，在这儿能够看到的东西，我觉得是什么相机都拍不出来的感觉，尤其像这些珍贵的文物，很多都是不允许用相机拍照的，好遗憾啊。,2
2994,国家博物馆里的青铜器真的是非常不错的，非常而且完全免费，现在支持网上预约进入也非常方便，并且北门也开放了，可以从盘进行网上预约入口的记录，完全不用像以前在广场边上去登记，非常的不错,2
2995,国博，还是应该来看看的，有深厚IDE中国文化底蕴，如果带孩子的话，更应该来看看，国博没有门票，需要预约，身份证或者护照直接可进。国博很大 五层的展区，好像是48个展厅，还是要预备点吃得东西。,2
2996,此次来国博，主要是为了参观“万里同风”新疆文物展。展览中，有一副木制棺材，很有特色。这么多年，居然色彩艳丽。头部还有青蛙纹饰。还有佛头，于中原地产很是不同。,1
2997,知道这边好受比较多，这是偶然在一个文玩群里看到网友发的。据说是在中国出土，应该是秦朝的墓里。我看着有弄弄的希腊神话感觉。有人知道吗,1
2998,中国国家博物馆简称国博，是历史与艺术并重，集收藏、展览、研究、考古、公共教育、文化交流于一体的综合性博物馆。国博藏品数量为100余万件，是中华文物收藏量最丰富的博物馆之一。,2
2999,这次旅行玩的特别开心，景点安排的非常合理，有足够的时间玩每一个景点，而且导游特别有责任心，每个问题都会细细讲解，很有耐心，对游客特别热情,2
3000,中国国家博物馆，不同于各省份之间的博物馆，这里的展品，都是各省最珍贵的藏品，能够一睹真容，实在是赏心悦目的一件事情，哈哈。,2
3001,每天限3万人 建议提前预约 有固定展览和限定展览 可先上网提前了解 作为国博应该是中国最有气势的博物馆了 展厅也比较多 喜欢逛展览的人 要预留一整天的时间 还是非常值得去的,2
3002,提前预定可以很快就进入参观，但因为在长安街所以要安检。博物馆面积太大了，走路要累死宝宝了…穿双舒服的鞋子吧 看了几个镇馆之宝，还是蛮不错的，集齐了很多全国各个地方出土的文物，其中包括有名的孝端皇后凤冠。对喜欢历史的人来说挺有教育意义的,2
3003,我们去宫殿和园林。在北京除了故宫和颐和园，我觉得非常值得去的就是国家博物馆了，这边呢，基本你想看到的景色都能有各种各样的文物，而且很多都是真的。,2
3004,都是历史悠久文物，人物，收藏爱好者可以看看,2
3005,中国国家博物馆，周一是闭馆日，千万别周一去，大多博物馆都是周一闭馆，这里藏品真的是很高级别的，好多精致的青铜器物件，还有礼乐用器也是很高级别的，涨知识了阿,2
3006,这个博物馆建于1959年4月新中国成立10周年的献礼工程。当年的十大建筑。 由中国革命博物馆和中国历史博物馆合并而成。 可以网上预约从VIP通道进入你的价格，当时我是一块钱。,1
3007,大得不得了，有机会要再来一次[爱心]中国国家博物馆真的很有看头，中华五千年历史，再加青铜时代的各种艺术精品，怎么都要再来一次啊,2
3008,网上提前预约了票，人很多～50元买的纪念币～坐地铁去鸟巢～可惜正赶上鸟巢今天闭园，明天再来吧～,1
3009,作为一个中国人，中国国家博物馆是一生必去的地方！！！尤其是B1层的“古代中国”常展，历史教科书上的图片忽然成为眼前活生生的文物，真的超感动！！！红山玉龙、人面鱼纹彩陶盆、鹳鱼石斧彩陶缸、陶鹰鼎、后母戊鼎、四羊方尊、虢季子白盘、大盂鼎、作册般青铜鼋、金缕玉衣、曾侯乙青铜禁、彩绘雁鱼青铜釭、击鼓说唱乐俑、唐三彩载乐骆驼俑、鎏金包玉兽首银带钩、滇王金印、孝端皇后凤冠、昭陵六骏石刻，还有无数其他文物，每一件...,2
3010,"刚去了博物馆人超级多，门口扫码官网预约，我们是上午故宫下午两点去的，北门牌子写着预约排队进馆，排了二十多分钟，排到了告诉我在哪扫码哪里排队， 没办法，又到西门接着排，这次更壮观，得有小200米了,对这个接待能力与处理差评，旺季不能多设几个验票口？趁着放假带孩子来趟不容易，光剩排队了，还有标示不清，害得好多人像我们一样的排了两次队，博物馆很棒，服务就······ 【景色】很棒 【趣味】不错 【性价比】很高",0
3011,这里是来北京玩一定要来的地儿，各个年代的藏品非常丰富，有体力有兴致足可以逛上一天。就是去前千万别忘了提前预约门票，一共三个时段可以选择，进来就可以待到闭馆。顺便看到在门口排队现场预约的几百人的大长队，庆幸提前两天在官微预约了中午12:30的门票，而且不到预约时间也让我们进去了，真好！,2
3012,中国国家博物馆是在原农业展览馆的基础上，拆除老建筑重建的大型博物馆，是历史与艺术并重，集收藏、展览、研究、考古、公共教育、文化交流于一体的综合性博物馆，也是世界上单体建筑面积较大的博物馆，藏品数量超过100万件，展厅数量众多。,2
3013,假期由梵高艺术展，是带孩子的好去处,2
3014,今天刚刚去过，提前预约但现场依旧需要排队进入，人特别多。5个小时的参观，也只是感觉勉强细致地把精华部分地下一层的古代中国看完，其他的完全来不及，所以说嘛，想要细看深度参观，最少预留5小时时间。这是一次扫盲之旅，边看展听讲解边搜索各种历史资料作为补充，受益匪浅。,2
3015,免费，提前网上预约，刷身份证入馆，小孩的也预约了，但是没看身份证。现场也可以登记预约后再入馆。很多东西不能带，外面可以存包，收费，但是不贵。场馆很大，限于时间，只看了局部，以后还会再来。人很多，进去吵吵闹闹的感觉，博物馆大家不是应该自觉小声点？,2
3016,一定提前在官网上预约，一定预约，一定预约。。。重要的事情必须要说三遍。不少人就这样与国博失之交臂。 国博的藏品丰富，大名鼎鼎的后母戊鼎，四羊方尊，金缕衣。。。仔细看来的话，一天都不够,2
3017,值得用一天时间好好玩，在陪伴孩子的同时自己也学到了很多,2
3018,囯家博物馆的藏品很丰富，令人目不暇接，看了后，令人感慨中国五干年文明的灿烂。古时，大多地方还是芒荒之地时，中国已有了丰富的文明 【景色】,2
3019,每天限制人数，提前网上预约很省事。可刷身份证进入。里面很大要早点去，整个全看感觉一天都不够用。我们只看了《古代中国》一下午时间都紧张。好多都是历史书上讲到的文物，带孩子来看看感受下历史文明。,2
3020,我觉得这是非常值得拥有一去的地方，而且可以经常重复的去，里面实在太丰富了，一次逛根本看不完，也吸收不了，值得慢慢逛慢慢品味。,2
3021,你去国家博物馆转转啊，还是说真的非常的好，这个我认为全中国，啊说上下五千年啊，但实际上就是真正3000多年有记载的东西里头，这全都有了，非常的了不得,2
3022,那焦灼的人潮，就是走向中国国家博物馆的通路，小红皮鞋子瞬间思乡情切了。[允悲]逛“天博”的随意感，仿佛是上个世纪的故事了。然，来之，安之。王城脚下自先见王——第一弹之“雄霸”！,2
3023,中国国家博物馆位于北京中心位置，免门票。节假日人太多，基本排不上。平时时间段，人不多，可以很轻松地游览。在这里有后母毋方鼎、人面鱼纹盆、甲骨文龟甲、青羊方尊等我们课本上非常“耳熟能详”的国宝，真正体现了“知行合一”这一方针，花上一整天泡在里面都大有其人。,2
3024,小李导游真的是人美心善，爽快地借了我充电线，始终活力满满的为我们讲解景点，解答难题，调整机器，找地休息。我们站着的时候她站着，我们坐着的时候她还是站着。此趟故宫之旅遇上小李导游，不虚此行！！！,2
3025,有长期展览和特色展览，展品丰富，很受教。展馆建筑恢宏，各种设备齐全，指导指示标志清晰明了馆内不设餐饮，原来的餐饮店搬到外边去了。暑假期间人特别多，提前网上预约方便快捷。,2
3026,博物馆集中了中国主要的古董文物，每一件都是那么精美，仿制品也是唯妙准巧。把中国从古至今的古董形成了系列，一天时间仅仅能走马观花。,2
3027,转了一整天，转了一个复兴之路，古代馆转了先秦，我就想问问，还需要几天？,0
3028,国之瑰宝几乎全在这里：后母戊、四羊方尊、玉龙、玉猪龙、金缕玉衣等等，国之重器尽收囊中。一系列的展出，意义无穷，开拓眼界，增长知识，必去京城之地。,2
3029,【博物馆探秘】国家博物馆～穿越尘封的历史记忆，倾听文物与文明的对话……暑假即将来临的好去处。,2
3030,带孩子去北京旅游的，亲身经历一定要去的景点之一：中国国家博物馆。[愉快] 这里集合了各地的文化精髓，参观时就像翻阅一本活的教科书，穿越古今千年，能让孩子上一堂非常有教育意义的历史课，在现场看到北京当地好多学生都是在现场授课的。而且最重要的是免门票[偷笑]，只要扫下面二维码预约就可以现场预约，不过旺季的时候还是在网上预约稳妥。[微笑],2
3031,必须100分 值得一来  要先微信扫描二维码预约 很方便 很简单！,2
3032,博物馆很大，要合理安排时间。要记得提前预约，如果网上没预约成功，可以到现场预约。本人提前一天网上预约没号了，后来在现场预约的，网上预约只有上午下午。现场预约的号是全天的。,1
3033,种类很全。要想全部看一遍。需要两天时间。,2
3034,最近正在举办心灵的畅想，梵高艺术沉浸式体验。也只有在如此高大上的地方才配得起纯正艺术的展览。实现伟大的成就不靠一时冲动，而是细节的累积。,2
3035,北京 - 中国国家博物馆：再游国博。由于珍宝太多，就把文物等级高的发上来吧。司母戊大方鼎借出展览了，这次没看到。最后一张犹豫放汝窑还是元青花玉壶春瓶，还是元龙要好看点。,2
3036,整个华夏文明千年历史在这里展现在了世人面前，虢季子白盘，四羊方尊，后母戊大方鼎，子龙鼎，五星出东方，利中国织锦护臂。精美绝伦。不过由于位置原因，加之藏品贵重，安检手续繁琐。,2
3037,那个说起咱们的国家博物馆，唉呀，我觉得还是说，最值得去的一个地方吧，这里面的历史啊，文物啊，应该也是最多最全的一个地方，嗯，很适合人们去参观一下。,2
3038,超级喜欢的地方，去过三次，如果不是因为从地铁出来要经过三次安捡，估计会去更多次。太多宝贝了，基础陈列馆和青铜馆简直太值得慢慢的看。一天根本看不完，只有多去几次啦,2
3039,国家博物馆号称穿越千年中国珍宝，位于中国博物馆之首，需要提前预约，也可以现场扫码直接预约登记进入。国博里面馆藏资源丰富。其中中国古代基本陈列展示了中国各时间朝代的代表特色文化，内容丰富，很棒的博物馆。,2
3040,正好赶上最近有几个新展览，去了一下国家博物馆。在博物馆门口就可以手机直接预约。主要看的亚洲文明对话的两个展览和流失文物的展览,2
3041,小时候课本里学过的那些文物和艺术品，真真实实地出现在你眼前的时候，那一种感觉十分奇妙。国博非常非常大，要想仔细逛一天肯定逛不完，馆藏巨大。如果时间来不及，可以只看小册子上提到的精华，比如司母戊鼎、四羊方尊等。,2
3042,对国家博物馆，我们当然要收藏于心。,2
3043,"感谢付导一日的陪伴.天气这么热,真的是非常辛苦噢!",2
3044,这里的面积非常大，至少需要3小时左右才能粗略看一圈。如果仔细观赏就需要一个全天了。建议大家带好身份证可以门口排队免费换票进入参观的。,2
3045,今天照理又要去天安门附近，已经轻车熟路，十几分就到了国博门口！排队的人吓死人！,0
3046,整个一楼都是《伟大的变革》展，现场还有很多互动环节，可以变身为央视新闻联播的主持人，还可以拍照匹配一首适合自己的歌。电影里有句台词，找到那个为你“上九天揽月，下五洋捉鳖”的人，而现在我国的科技就达到了这个水平。 国博的台阶十分有趣，都是一些人和动物的立体画，我觉得一般人都没有留意到～国博里最吸引我的就是清明上河图的3.0版，裸眼3D的效果十分逼真，躺在中央观看效果更好。地下一层是古代中国展，每样展品都很...,2
3047,中国国家博物馆馆藏珍宝无数。拍了一个多小时的队，经过严格苛刻的安全检查，终于进入到博物馆游览大饱眼福。件件精美的国宝，的确令人震撼。,2
3048,去年是纪念改革开放四十周年的大型展览，今年还有中国历史文化展览，中华历史展览，大开眼界而且知识丰富。有小朋友的朋友可以直接来打卡。,2
3049,国家博物馆是一个免费的景点，不过免费不免票，需要提前预约，特别是旺季。如果是寒暑假，这里排队人龙很长，最后早点去。里面文物众多，有耐心的话，还可以听志愿者的免费讲解。,2
3050,国家博物馆现正在举办的丝路大展。策展明确，分为陆上丝绸之路和海上丝绸之路，多个国家博物馆按照地理模块布展。展品选择体现更多是贸易，大陆国家带来近古文物太多，有很多还是元明清的出口再回流。,1
3051,国家博物馆非常大，最值得一看的就是清明上河图，排队看了两次，立体感带入感十足，3月20号就闭馆了，不能带充电宝进入，需要储存,2
3052,北京的景点到处都是人，博物馆就在天安门不远处，免门票。排队排到大街上，博物馆里一楼有免费的饮用水，我冲了药，又饿又累的，随便拍了点小动物。这是个祭祀用的,2
3053,中国国家博物馆，节假日去一定提前网上预约，由于遇到节假日，早上排队一个小时进入，博物馆很大，在一层有展厅介绍，可以选择自己感兴趣的展厅去参观，否则根本参观不完。另外国博经常有临时性的展厅，也有其他国家的展品交流，很有价值。,2
3054,这两天有《伟大的变革一一改革开放40年成就展》值得一看，凭身份证免费参观，人很多。特别推荐在校学生去参观一下，很有教育意义，,2
3055,中国国家博物馆总建筑面积近20万平方米，国博藏品数量为100余万件，展厅数量48个。是世界上单体建筑面积最大的博物馆，是中华文物收藏量最丰富的博物馆之一，在国内“独一无二”，在国际上也都具有极高的声望，让人不禁赞叹历史之奇妙。金缕玉衣、四羊方尊、人面鱼纹彩陶盆……各种重量级文物都能在这找到！,2
3056,带孩子去增长知识，了解中国的历史，中国的发展是一个很好的去处。这次去不用提前订票直接可以进去参观。如果不是平时没时间千万千万千万不要过年期间去北京人真是太多了,2
3057,今天去国家博物馆看改革开放40周年的展览。告诫各位，千万别从正义路进广场，那安检的队伍，老长了。最好坐地铁来，出来后，直接去国博，安检会快很多。,1
3058,馆很大，进馆已经快12点了，到四点钟，只看了地下一层的中国历届古代展，美不胜收，太多的国宝尽收眼底。二层三层根本没时间去，太遗憾了。出来之后还能在天安门广场合影打卡。,2
3059,很充实的一天，很美好的纪念。,2
3060,中国国家博物馆也确实是博物馆里面非常厉害的一个博物馆。在这个博物馆里面能看到很多非常了不得的这个。应该叫馆藏的珍品吧，嗯，其中像有钱币馆啊，这种很了不起。,2
3061,原先是历史博物馆，位于天安门广场东侧，改名为国家博物馆后貌似一直没去过，今天终于成行。免费，刷身份证即可进入。安检很严格，笔、自拍杆、打火机严禁带入，可存包，也很人性化，充电宝可以带入。里面很大，想要全部转下来需要体力。冬天里面很热，一圈下来，浑身是汗。,2
3062,这个可以说我认为是北京除了故宫和颐和园之外，最值得去的景点了，没有门票，但是呢人也比较多，特别值得推荐的是地下一层还是二层的那个就是。中国古代史。,2
3063,中国国家博物馆最近展出了改革开放40年成就展，非常引人注目，其中有一个时光博物馆，展现了40年前，我们当时的生活状况。同时，还有玉器展，瓷器展，古代佛像展，古钱币展都相当不错。 参观免费，刷身份证即可。节假日排队。参观约半天时间。,2
3064,国家博物馆最近正在改革开放四十周年大型展览-很大的变革，通过大量的照片曲线对比，展现了四十年代祖国面貌一曰千里日新月异的巨大变化。,2
3065,中国国家博物馆馆藏丰富，由于筹备《改革开放40年成就展》闭馆了近2个月，11月13日才开放，所以人很多。大唐丰华展很不错。,2
3066,这是一个国宝密集的所在，主要是历史文化方面的展品，可以看到较为丰富的从远古到清代中国文化的瑰宝，特别建议大人和孩子可以一起参观，共同增长知识来国博必看的展览是位于地下一层的古代中国，可以对中国历史有一个全面的认识，看到各个历史时期的不同文化产物。  卫浴四楼的古代青铜器展览也很值得一看，里面有国宝级的后母戊鼎等。以上两个都是长期展览。  国博还会不定期进行主题展览，不如这次正在进行的大唐风华展览，就是...,2
3067,这里豪无疑问是展现中国历史最宏大、最完整的历史文化及自然文化等综合性教育基地。其文物数量之大、信息含量之广令人叹为观止！每次到北京都会想再到这里，这是个让我十分留恋的地方！,2
3068,在青旅认识了一个姑娘，于是我们一起去了国家博物院，这天下了很大的雨，本来打算骑车或者步行去的，但是雨太大，我们选择的搭乘公交，这是我第一次体会北京的堵车！堵的要吐了。。。。到了博物馆门口，排队进去的人超级多，光是排队大概排了一个小时。。想想雨中排队，景象也是蛮“美”的。。在这里逛了一天，进去不要门票，但是里面有许多馆都是需要另外买票才可以进去的。我只想说，花了钱的展览值得看，其他就。。。。国家博物...,1
3069,每年去国博都能得到惊喜，中国历史基本陈列的文物更换力度很大。楼上的其他展览也很值得一看。能避开寒暑假和节假日去是最好的。,2
3070,国博门票提前在网上预约很方便，但要提前一天，预约后带身份证从北门东侧排队进馆。馆里地下层基本陈列展中的古代中国展中具有丰富的国宝及文物。是体验中华文明的必去博物馆。强烈推荐带孩子来一次时光之旅。,2
3071,中国国家博物馆是全国非常大的综合性博物馆，集合了各地的文化精髓。在这里，你不仅能看到陕西的兵马俑，还能看到四川的三星堆面具、圆明园的兽首等，许多课本中的国宝真切地摆在眼前，参观时就像翻阅一本活的教科书。图片来源于去哪儿聪明旅行家@刘小明2012博物馆分为五层，共有48个展厅，展厅面积非常大，而且展品极多，其中不乏罕见的国宝级精品。整个国博细细看下来至少需要一天，不仅是一场长知识的头脑风暴，单是一路走下来...,2
3072,很值得，但人太多，最好找一个解说。,2
3073,国家博物馆是综合性博物馆，集合了各地的文化精髓。展厅面积非常大，而且展品极多，其中不乏罕见的国宝级精品。带着小朋友参观，是最合适的！,2
3074,值得一去 国之瑰宝  最好安排1整天时间 不然真看不过来。以后有空再来,2
3075,比较推荐的必去景点之一，建议官网先预约，持身份证在北门即可进入，不需要排队很方便，里面有很多展馆，大人孩子都可以好好的学习一番，记得带好干粮，因为里面的面包真心贵还不太好次，在里面满满参观可以看两天，太多东西太大了！,2
3076,喜欢历史的一定要去，初中高中历史课本里的插图文物在里面基本都能找到。非常豪华的一个博物馆，汇聚了中华民族的宝藏，看一天也看不完，太精彩了,2
3077,在天安门广场旁边(东)，这要找不到就啥也不说了，暑假周末去的，人巨多，都是带孩子来玩的，很大。主要是去看四川江口沉银成果展览的。门票30元，还不错的,2
3078,这里，，，很不好。我们凌晨两点去看升旗。。。。。博物馆九点才开门。。。足足从六点等到九点，，三个小时。。。博物馆也朝九晚五，，，真可怕。。。。。。。很多人都腿发麻发抖。。。。。,0
3079,经常来这边看电影，经常会有新的展览，收费的和不收费的都有，展厅特别多，十多个，按照专题来划分，一条基本逛不完，暑假人特别多。,2
3080,格格导游要先给个赞，风趣幽默，有耐心。整个流程紧凑，该去的都去了，如果天气好点那就更好了。,2
3081,周五组织过去参观学习，可能是正逢暑期孩子放假，所以人特别的多，排队一直从外面拐了好几道弯才进去，大热天的，真的很折磨人，进去以后才感觉排了这么久的队是很值得的，里面的展品很丰富，博物馆真的很高大上，的确是带孩子过去学习的好地方，好好转的话估计一天的时间吧，里面的人也比较多，好多团队出行的都坐在楼梯上面休息，感觉不太雅观，估计也是没有办法吧，以后有机会再去一定要换个时间，不和这么多人凑热闹。,2
3082,看到马克思展览拉。知道马克思和燕妮是6月19号结婚的。还看到很多外国有人给我们的礼物。我最喜欢那个国际象棋。还看到很多雕塑和美术作品。有空调。。不用网上预约。早点排队。我8点到的。坐60路,2
3083,国家博物馆的历史文化遗产真多，展品丰富，最近的江口沉银特展不错，无问西东展览也不错，文创产品也不错，国博大讲堂据说很好，不过要预约！,2
3084,非常值得去！免费的，用身份证申请即可。里面各种主题馆，主要是我上午有事，中午吃完饭休息一会，就晚了，只能走马观花了，加上我一进去又被纪念品店吸引，所以更加时间不够。喜欢历史的朋友，要一大早进去，至少泡一天。博物馆门口还有一趟公交车去南锣鼓巷，不记得具体是哪一路，我们走了一段路后坐了三轮车了,2
3085,博物馆宽敞明亮，环境舒适。馆内藏品精美，壮观且震撼。馆内工作人员态度良好，工作敬业。更为难得的是，不需门票，免费参观。,2
3086,汇聚了全国绝大部分的国宝级文物，很多国宝级文物在学生时代的历史课本里就看到了，今天能亲眼目睹，太值得游览了。游览几个小时就感觉穿梭了五千年的历史。,2
3087,值得去，这里馆藏着非常多的文物，青铜器。中外交流往来赠礼。瓷器，织品等。见证了祖国的朝代更替，文明的发展。进馆和出馆就是一次古今的穿越。每到一个地方，必去当地博物馆。,2
3088,不要门票只需要身份证就可以了。应该从负一楼开始看，讲中国的历史，有好多著名的文物，安排、介绍的都很不错。其他馆有古代钱币展、美国专利展，还有一个展览要收费,2
3089,中国国家博物馆占地面积极大，建筑雄伟，馆藏文物丰富。,2
3090,王丽姐姐服务非常好，声音好听，耐心，推荐推荐,2
3091,中国国家博物馆总建筑面积近20万平方米，国博藏品数量为100余万件，展厅数量48个；是世界上单体建筑面积最大的博物馆，是中华文物收藏量最丰富的博物馆之一，整体规模在世界博物馆中位居前列。拍了一些展出的国宝。都是在课本上看到的精品,2
3092,国家博物馆就在天安门城楼的正对面，有地下通道可以经过。必须必须【强调】的一点：打火机和自拍杆不可带入展馆，展馆设有付费寄存点。再再再强调，别像我们一样太懒哈，虽然是很守规矩的人，绝对是不会违反规定拿自拍杆出来用的，想着图方便省路程所以没去寄存，但过了安检还是被查出来了，包括我随身带着的便药。555555然后原路返回寄存处寄了自拍杆后再重新进入几道安检，浪费了蛮多时间。。。所以所以哈，规矩一定要遵守哈。这...,1
3093,中国国家博物馆藏品数量120余万件，展厅数量48个，是中华文物收藏量最丰富的博物馆之一。中国国家博物馆基本陈列以中国通史为主，地下一层的“古代中国”展览，涵盖了远古至明清时期的2520件展品，是了解中国历史不可错过的教学经典。图片来自去哪儿网聪明旅行家@梵朴国际博物馆日期间，来到国家博物馆，不仅可以看到中国古代瓷器、玉器、青铜器等常设展览，还可以欣赏《司徒乔、司徒杰捐赠作品展》、《戴泽艺术展》两大临时展览，...,2
3094,当然值得去咯！许多镇国之宝都在这里！,2
3095,国家博物馆是免费开放的，凭身份证就可以免费入内参观，馆内藏品比较丰富，特别是青铜器，瓷器，珍品特别多，让人眼花缭乱，目不暇接，总共逛了5个小时，也只能是走马观花，意犹未尽，如要仔细参观，估计得二天时间，准备水和干粮，相对方便一些。,2
3096,免费景点。建筑很有气势，有很多艺术品。还有许多外交方面赠送的礼品。,2
3097,值得去看，而且是免费参观，正好在天安门附近,2
3098,展馆很大，展品很多。诸多优点不再赘述。 讲几个缺点： 1，同时举办的展览很多，展厅更多，却没有展馆介绍册，展览出入口路标也不明显  2，展品很多，讲解器内容丰富，逐个细看细听实在需要体力。但展厅中没有可供休息的地方，想稍事休息听完讲解，在一不碍事角落坐了一会，被要求立刻起身………不允许随意落座麻烦准备休息座椅,1
3099,展馆很大，展品很多。诸多优点不再赘述。,2
3100,简直就是一本巨大的历史书，翔实的历史资料，丰富的历史内容，让你徜徉在知识的海洋里。不需要预约，只需要刷身份证就可以免费参观。(照片是国博“韩美林艺术展”),2
3101,博物馆最好的地方就是免费对外开放，带身份证即可入内，早上9点开每天只接带几千人得早点去排队，馆内有青铜器和水墨画，还有各式各样的佛像，装修不错，非常敞亮，内部有卖食品和饮料的很便宜和外面一个价。可以溜达一个半点到两个小时，一楼的壁画很漂亮值得看看。,2
3102,免费的排了两个小时的队！终于进去了！里面没有休息的椅子！逛累了的人们都坐在地上！很影响国家形象！藏品很多 喜欢的朋友不要错过！,2
3103,我们是提前一周在国家博物馆官网上预约参观的，免费。博物馆很大，因为赶飞机，我们只安排了1个半钟游览。快步疾奔，也只是走马观花地逛了负一层和F4层的小部分。特地去看了四羊方尊、《天工开物》、司母戊鼎等几件语文书上的文物，十分感慨！北京的小学生从小拥有的见识就比一般孩子多呀~恰逢春节期间，很多家长呆着孩子来学习参观。希望日后有机会再来！注意：1、不要带自拍杆；2、不要带大行李，否则存包麻烦要排队；3、记得带...,2
3104,初3去的，前一天晚上临时短信预约的。第二天去未预约的队伍人山人海，预约的队伍也排了快一小时，才进去。展品很丰富，很震撼，适合所有人群。,2
3105,国家博物馆很大 我是周三下午去的 人很多要排队安检 大概排了半个多小时吧 不需要门票 代好身份证就可以 国家博物馆里设有常设展厅和临时展厅 临时展厅有的需要门票 学生证可以打5折 建议早点去 如果要细看的话一天都走不完,2
3106,国家博物馆非常值得去，尤其是小朋友，就是得早去，早排队早入场，要逛很久才能把整个历史看得清楚明白，记忆深刻，还有自拍杆是不能带的。,2
3107,不愧是国家博物馆，宏伟壮观，再一次见证历史，激励前行,2
3108,小时候来过这里，那时叫中国历史博物馆，现在叫中国国家博物馆了，和过去比依旧是高端大气，宏伟壮观。里面游客很多，如果赶上客流量特大的时候还会限流。博物馆里温度适中，干净整洁，环境舒适，给游客们提供了一个很好的参观环境。里面北侧的复兴之路展览游客最多，其他的还有中国古代史，中国钱币史，油画展览等等，使大家国家的历史，学习了很多知识。,2
3109,国博在广场东边，提前在网上订了票。没有预约就需要排长队，又想为自己的思虑周全点赞。故事会封面的击鼓说唱俑好端庄精致的金饰这只小鹿好萌,2
3110,很值得带孩子去，就是地方太大了，如果想玩的仔细些，就只能捡喜欢的部分看。我家孩子上小学，有些知识太深奥。我比较喜欢一楼的展厅,2
3111,幸亏是在网上预约了，没费时间就进入到馆内，来这里的人好多啊，我们参观了三个小时，馆内的展品都非常有代表性，孩子有时都恋恋不舍，有机会还要再去！,2
3112,超级喜欢啊！！！以后有机会来北京，还要去看。推荐一定要提前在官网上预订门票，这样的话，现场排队时更快捷！,2
3113,只想告诉后面的小伙伴：存包收费5一10元人民币，不存包也是可以进馆的。人超级多的时候，很难静静地看。,1
3114,建议大家有空还是跟着导游去特别选择，可以给你好好讲解的人更带劲。宝贝多。,2
3115,过年去的刚回来，安检了好几次才可以进那条街，然后又排了好久的队才进到馆内，因为人多挺乱的，孩子也没什么兴致了，没看全就出来了。,0
3116,中国国家博物馆最全面.最顶级.最大规模的博物馆。值得带小朋友去 参观.学习的好去处,2
3117,国博免费，展品多，看点多，但是排队频次也是最高的，12点预约乾隆南巡图就没有票了，好遗憾呀，经典真是太多了，提个意见里面没有存包存衣服的地方，去外面存衣服又太冷，导致在里面四小时都热的不行，但因为藏品太好看了，热也得忍着,2
3118,典藏了很多珍品，中华名族艺术的殿堂,2
3119,值得一去，有时间的话可以安排一天的参观，展览活动很丰富。,2
3120,来北京必来，可预约也不预约，取票非常方便，要安检，自拍杆一定不要拿，里面非常大，可以逛一天我都没看够，下次来北京我还要来,2
3121,人非常多 建议大家不要周六日去 排队排三个小时进去后你根本没体力欣赏了 国博我去过好多回 如果想要好好欣赏不可能一回能看完 最好是租个讲解器 慢慢欣赏 如果欣赏不完就下回再来,2
3122,学人文的必须去的地，孩子特别要求参观，从手机短信上预约方便快捷。进去里面先从地下一层开始看中国古代一直看，再上楼看复兴之路。,2
3123,非常值得带孩子去，全世界单体展出面积最大，展品最丰富的博物馆，孩子去非常开拓视野，丰富知识，有青铜器展，佛像展，玉器展，瓷器展，书画展，钱币展，雕塑展等等！！,2
3124,和爸爸去北京一路，一整天沿着地铁沿线走了好多地方。最后打算来国家图书馆看看。先寄放了包包，号码非常好！嘻嘻~图书馆真的很震撼啊！五月底北京也是热得哟，和爸爸在这里小憩一下就离开了，有机会再来北京的话一定要好好感受下氛围。,2
3125,个人认为国博是去北京的必游景点之一，记得早点去，因为要取票，排队，安检，而且里面丰富的历史文化知识会让时间飞一般的流逝！备足吃喝，在国博可以全方位的了解中国从夏商周到近代的历史！,2
3126,人类的文明发展史，和华夏5000千年的演变历史文化底蕴，和古人的智慧结合，妙不可言呐,2
3127,这里是我在北京最爱逛的几个地方之一。周末没事的时候就会关注官网的展览，常常有比较有意思的展览出现，不仅是情侣散步的好去处也是亲子的好地方。,2
3128,中国国家博物馆是全国最大的综合性博物馆，集合了各地的文化精髓。在这里，你不仅能看到陕西的兵马俑，还能看到四川的三星堆面具、圆明园的兽首等，许多课本中的国宝真切地摆在眼前，参观时有如翻阅一本活的教科书。,2
3129,博大精深，我无语，我拜服！震撼！这才是我大中国的文化底蕴。,2
3130,展馆很大，我看了一天，每件都是艺术珍品，提前点去，安检排队要好一会儿，,2
3131,占地面积大，内部明亮，可以存包，里面休息区很多，自动贩卖机也多，还是比较人性化的，藏品比较有体系，这次仔细看了五个小时。,2
3132,遗憾的是，博物馆内并没有餐厅，只有两个插座，出售20块钱一个的菠萝包，对于一个需要逛一天的景点来说，有点鸡肋，最好自己带点吃的进去。,0
3133,一个非常值得用一天的时间去好好看看的地方！外立面高大威武，里面的设计也区别于北京传统的展馆，有一个五层楼高的挑空大堂，凭身份证就可以免费参观，有很多不同类型的展品同时展出，累了还有餐厅可以休息，负一层还有一家书店，功能非常齐全！,2
3134,太值得去了，从古至今都是亮点。里面很大最好备些吃的，否则体力跟不上影响参观质量！,2
3135,十一过来的，昨天太累了忘记点评了！一个字――人，实在是太多人了，排队都排了好久，记得不要下午过去排开放有人数限制的可能没票了，故宫博物院和国家博物馆一天只能去一个实在是太花时间去欣赏了！感觉挺爽的！,2
3136,里面非常大，如果要逛完需要2天时间，有讲解器及整点导览，需要提前到前台去咨询，带孩子最好带推车及热水，里面有些凉，需带外套。,2
3137,每到一地都会考虑去博物馆看看，了解那里的历史文化。在走遍国内大部分省份之后，终于来到我们的国家博物馆。层层安检之后，进入的那刻有点小激动，不过花费几个小时观看了几个重要展厅后却有点失望。,2
3138,每到一地都会考虑去博物馆看看，了解那里的历史文化。在走遍国内大部分省份之后，终于来到我们的国家博物馆。层层安检之后，进入的那刻有点小激动，不过花费几个小时观看了几个重要展厅后却有点失望。  展品绝对没得说，国宝级的太多了！各地区精品文物很多都放在这里。真要细看，怕是得来上很多次才行。但是博物馆的整体空间设计和布展，做的不怎么样，大而空洞，展品和空间的搭配不好。瞬间有点让我有种看老家山东博物馆的感觉，...,2
3139,国家博物馆非常大，同时进行了好几个展览。负一层的“古代中国”值得一看，从远古时期到近代，展出的文物品种数量都非常多，实属难得。复兴之路，开国元勋文物展，瓷器展，非洲展都是很值得观看的。,2
3140,现在去一趟中国国家博物馆也不容易，离开老远的地方就开始人流量高了，到处人挤人… 好不容易排队进去了一看…好家伙！黑压压的一大片，只有看到人头……好不容易能看见展品的匡了…结果后面被推了一下…展馆里还时不时地有熊孩子在和父母吵闹要喝水、撒尿…… 哎！好不容易跑一趟国博，本来就是装一下X…麻痹一下自己而已，好像自己很有修养…结果发现装X的还不少，难道还是大家的修养都提高了？,0
3141,古代陈列从远古到清朝，气势磅礴，很值得一看。不过很累，记得进入前把饭吃饱，还有里面不让带打火机。带包的需要存包，5元钱。,2
3142,免费参观，值得一去，中国上下五千年的历史，博大精深，如果想好好看看，一天的时间都够呛！,2
3143,不错，值得去看！感受中国历史~,2
3144,1.早上9点开门，8点就拍起了长队；,1
3145,展品很丰富，都是非常珍贵的文物，历史悠久。,2
3146,虽然没有预约，正常排队入馆也可以接受，大概20多分钟吧。看了古代中国展就累得不行，内容太多，可惜没有讲解，效果不好，只能走马观花,1
3147,拿着你的身份证 免费 国家性的博物馆 可想而知 都是国宝 好的东西 能搬都搬到这里了。上学时书本上的看到国宝 就能见到货真价实的了,2
3148,值的大家参观了解中国的厉史，还有很多珍贵的文物等。馆内每件文物都介绍的非常细致，无论是远古，直至今日都能让你畅扬在丰富的知识海洋里。,2
3149,早上起床都是在8:30以后，就近去国家博物馆，查攻略不让带自拍杆，不许穿鞋拖。百度地图到了国家博物馆，排队能有一个小时，凭身份证自行换票，参观古代中国的文物展品，楼下，没有讲解员，一路扫二维码识别，服务人员说的话只有不要开闪光灯，不许碰玻璃，然后去二楼看复兴之路，一楼是近现代的各种雕塑，中国文化源远流长。坐地铁2号去前门，大栅栏，鲜鱼口吃吃逛逛，路过护国寺小吃，在前门张一元买茶，张一元里面的北京志愿者...,2
3150,去故宫的路上，走过长安街，路过北京饭店,1
3151,太震撼了，值得一去，尤其是关于国家名人作品展示,2
3152,必须得去，都是国宝。还发现了在家乡出土的一件宝贝也收藏在此，心情大好！,2
3153,国家博物馆位于天门广场东侧，首先进入广场就要经过严格的安检，然后排队领票（参观是免费的），领票凭身份证件。可以在网上提前3天预约，就免去排队领票之苦了，因为人实在太多了。领完票又要排队安检，安检特别严格，自拍杆和喷雾不得入内，自拍杆可以寄存，但是寄存又要排很久的队，喷雾不能寄存，只能丢弃处理。穿拖鞋和衣冠不整者不得入内。经过重重艰难，终于进到国家博物馆内部。,0
3154,非常值得一去，网上没有预约到门票，现场排队然后刷身份证兑换也挺快的，展馆里面挺大的，仔细看了古代展馆，追溯历史，适合各个年龄段的人来观看。,2
3155,一定要去的，网站短信订的票，比现场排队方便点，有固定取票点。倒是人也不少，早点去排队把。里面很大，半天看不完，要一天时间,2
3156,"很值的一去,免门票，展厅很大，没有看完，主要参观了复兴之路，""科技是第一生产力,落后就要挨打""!为我国现阶段取得的成就感到自豪!",2
3157,很大，适合带小朋友去看，可以逛大半天。地下是古代文物，按朝代分的;地上是现代展品。 门票免费，网上预约每天有名额限制，但预约不到也没关系，大门外排队换票就是，只是进去时走不同通道，慢一点而已。,2
3158,很棒！超喜欢！不是时间紧张赶车的话，会到里面呆一天。涨知识，如果带孩子同时学习了历史和地理会很不错的。有时间准备再去一次！,2
3159,狠狠狠值得去的景点，可以了解一下我国历史文化，人很多，不过里面很大,2
3160,很多电视上似曾相识的文物，长见识！一个字，大。两个字，太热。三个字，玩得累。四个字，到此一游！一个字，大。两个字，太热。三个字，玩得累。四个字，到此一游！,1
3161,大热天的北京国博是个不错的选择！古代中国，复兴之路走走看看，一定不能带自拍杆，得寄存，不然又要走一大截去寄存,2
3162,进去要刷身份证换取参观票，博物馆共6层，因为时间紧，直奔地下一层古代中国展区，展区极大，看到许多珍贵展品，比上海博物馆有看头。,2
3163,可以短信或网上提前预约，要比现场排队方便快捷，而且一般的博物馆里是不可以用自拍杆的，博物馆很大，分南北各四层+地下一层，有玉器瓷器等等，像我一样喜欢历史的朋友是必去的地方，看到了一直想看的四羊方尊，还有高中历史书上看到的好多东西，现在还有香港回归的一个什么展览，总之很不错，，哈哈哈,2
3164,下午去逛了下天安门广场，本来网上预约了首都博物馆，原来这边的是国家博物馆搞错了，不过国家博物馆当场也可以领票的，就进去了，地方很大很多逛的，里面也有很多展厅，有空调环境不错看看展品，古代钱币展比较喜欢。,2
3165,可以多抽出时间逛，很值得。一定不要带火机，喷雾，自拍杆！不要穿拖鞋，切记！里面不能用支付宝微信转帐,2
3166,两个小时时间只逛了三分之一，特别震撼人心！从古到近代史，深深体会到今天幸福生活的不容易，都是革命先辈用生命换来的！下次来了继续！,2
3167,挺不错的，不过去的那天人特别多所以讲解器被租光了，只能自己看看那些展品的介绍了。进去的时候刷身份证取票，免费参观，我只去了二楼的复兴之路和B1的古代中国，古代中国还不错，都是一些历史文物，复兴中国就是一些照片,1
3168,国家博物馆壮观大气，馆藏非常之多。门票免费，必须得带身份证。,2
3169,国家博物馆展出了各朝代精美瓷器，许多都国宝级的瓷器。另外正在进行大英博物馆的百件馆藏全世界巡展，可以不允许照像，遗憾了，牢记心间吧！,2
3170,一个半小时仅仅参观了基本陈列馆！集智慧于一体的雕刻，按历史时间的陈列！非常震撼！非常值得一去，犹豫时间原因之参观了三分之一，下次还要来把余下的参观完,2
3171,拿身份证在自助取票机上刷下就可以取票了，非常方便，不过包里带的东西较多，建议先去存包，安检还是比较严的。进去后个人觉得古代馆最有趣，可以去看每个朝代的展品,2
3172,国宝太多！值得细看细品，一天时间以上吧,2
3173,在国家博物馆展出的古代瓷器集各朝代之精华，非常难得，研究者必看。,2
3174,国博瓷器展汇萃国内古代各朝代，是极其难得的一次展览，必看。,2
3175,值得玩一天的地方。中国古代展非常详尽，四楼的青铜器展也很值得一看，就是大英博物馆一百件人太多了，排了一小时队买票进去也基本看不到。,2
3176,千万不要带自拍杆去，是不能带进去的！里面好大，认真看的话一天都看不完！所以，记得带点吃的进去。里面空调好冷的，记得带好衣服！,1
3177,在国家博物馆正在举行古代瓷器艺术展，汇萃了历朝精品，极其难得。,2
3178,可能还不是节假日吧，人不算特别多，快12点才领票，没人排队。占地很大，安检惊到了，首都人民处处都安检啊,2
3179,国家博物馆展出的古代瓷器艺术展，汇萃了从古至今众多国宝级瓷器。,2
3180,在中国国家博物馆里正常举行中国古代瓷器艺术展，展出第三部分给出了釉上彩的出现、发展及辉煌，以及釉上彩的丰富多彩的作品，非常好看。,2
3181,国博展出的古瓷器中，青花瓷是很重要的一类，无论是瓷器的造形，还是青色的着色，件件都是艺精品，国之宝物，保存至今，更加珍贵。,2
3182,中国国家博物馆展出的古代瓷器展，揭示了瓷器的起源和发展历史。从单色瓷到彩瓷。从宋代五大名窑，到后期景德镇瓷器的掘起。非常长知识。,2
3183,当时是早上11点到的，人不多，排队10分钟大概就进去了，他是有自动售票，免费的，拿身份证刷一下就飘下来了，然后进博物馆需要x光机过一下包，本人再正面后面检查一下，这样一套流程，再说博物馆，从远古时代到清朝的展览可看的不多，大部分都是课本上看过的，偶尔会有一些有意思的，建议直接去3楼以上，那里美术馆还有其他类型的展览品，姿势奇异，有点意思，3楼以上会有些需要收费的展览品，30块大概，从外面看感觉值得，但我不...,1
3184,国家博物馆的瓷器展，介绍了从元代起，景德镇瓷器的发源、发展。介绍了元、明、清几个朝代彩瓷的出现到丰富。展览是对瓷器历史的集大成展示。,2
3185,在国博的古瓷展上展出了历代瓷器，宋朝的汝、哥、钧、定比比皆是，还有宋朝特有的白瓷和黑瓷，令人目不暇接，大饱眼福，强力推荐。,2
3186,在国家博物馆看到了汝、官、哥、钧、定，宋朝五大明窑的真品，不虚此行。而且这么集中展出，太难得了。只有国家博物馆才能有如此实力和气魄。,2
3187,国家博物馆北区正在举行明清家具展，展出了龙椅，架子床，罗汉床。还有大柜，屏风，条案。件件真品，价值连城，不可多得，值得细细欣赏。,2
3188,在国家博物馆举行的非洲木雕艺术展，展现了古老非洲的各种木雕图腾，有对爱情的歌颂，也有对母性的崇拜。还有各种精美的木雕盾牌。,2
3189,"就在天安门广场, 国家地标",1
3190,国家博物馆位于天安门广场东侧，是中国最高级别的博物馆，有48个展厅。正在举行的非常雕刻艺术展，展出了极其非洲特色的木雕作品。,2
3191,国家博物馆位于天安门广场东侧，有48个展厅。正在举行我国航天成就展。展出了载人宇航飞船返回舱的实物，展出巨大返回降落伞，展示了我国已参加天空飞行十一位宇航员。还展示了我国月面巡视小车。,1
3192,国家博物馆馆藏丰富，内部也很大。入馆刷身份证就能领取免费票，凭票可以寄存大件。安检较为严格，不带包的话会快很多。整个博物馆分区展出，入馆后可以到引导台具体了解情况。每个分馆都有引导指示以及工作人员，可以很快捷地找到自己心仪的展区。内部硬件设施也不错，环境较好。再说说展品，按类别划分，藏量虽不及陕博，但精品很多。时不时还会有联合展览。我们去的时候正赶上大英博物馆联展，很不错。总之，很值得一去。,2
3193,讲的有趣，生动，讲出很多我不了解的背景故事，去国博需要这个确实不一样，👍👍,2
3194,高大上的去处，位于天安门广场东侧，凭身份证免费取票入场，安检严格。地方很大，一个复兴之路就是2小时，下午4点半即闭馆，建议大家备足时间再去,2
3195,最没有想到的是人很多，排队需要很长的时间，也有可能是春节小长假的缘故把,0
3196,超值，喜欢历史的人去，尤其，中国古代历史区，从夏，商，周一直到明清的珍贵文物沥沥在目，志愿者讲的也很用心，。《复兴之路》也好看。,2
3197,世界上单体建筑面积最大的博物馆，是中华文物收藏量最丰富的博物馆之一。国博的魅力无需多言，四羊方尊，司母戊鼎，等等，但一定要预约，现场排队会死人,2
3198,建筑十分的气派，展览也非常丰富多彩，最好能提前预约，博物馆领票，非常好，我主要看的是历史方面的，人不是很多，介绍很丰富。,2
3199,"Use ID to change the ticket! So, remember to take it with you!",1
3200,翻到了老的展览广告，国家博物馆是凭身份证参观的，免费的，很方便。比较大，要是仔细看，一天不可能看完的，所以要安排充足的时间,2
3201,然后我们去了博物馆，在路上吃了卤煮和炸灌肠，卤煮好吃，炸灌肠不是肠，很素很脆，就是一块饼，不好吃。博物馆分南北区的，我还没去参观南区，很可惜！博物馆是按照时间顺序排序的，你要按照一定的方向参观。晚上去前门大街吃了烤鸭，吃法就是一块薄饼卷着鸭肉、青瓜和芹菜，我觉得味道一般，烧鹅更好吃。今天很早起床看升旗，所以去玩博物馆就回去休息了。,1
3202,国博果然大气。展区的开始自然是原始社会，石器时代，山顶洞人，动物化石，石器工具成了主要的展示，紧随其后就出现了红山，良渚，马家窑等这些赫赫有名的文明起源地，随着对应的出土物也是极其的震撼，第一是大，第二是精。时间的标牌指示着公元前2500-5000年左右，很遥远，但物品的精美超过了我们的预期，硕大的红山玉龙，漂亮的良渚陶盆，各个都是精品，有的在教科书上出现过，有的在电视上看到过，国博展示专业而亲民，不开闪...,2
3203,作为一个中国人，我觉得有机会去北京出来故宫长城，就是要来国家博物馆。在网上排队基本是没有希望，我们还是去哪里排队进去，大约半个小时我们进去了，一个星期是逛不完，這次我们只是匆匆走了几个馆。,2
3204,本次的中国国家博物馆之行用几个字形容一下:大、多、精、挤。非常满意，增长了许多见识，尤其是古代中国、复兴之路展厅很好。提醒一下去之前最好短信预约一下，详见国博官网，最好别带大包，儿童踏板车等，需要去存包很麻烦的而且还挺远；另外，一定要做好时间安排周末过天安门安检需要排队1小时左右的，而且国博里面不提供热水，可以自带水或里面有卖水的。,2
3205,中国国家博物馆是目前国内最大的历史文物收藏馆，里面分门别类的展示了中国各个历史时期的珍贵文物，有太多国宝级的历史文物了，绝对涨姿势。,2
3206,很好，去看看了解中国古到今的历史,2
3207,建议玩上一天，好好体验。收获挺大的,2
3208,非常值得去的一个地方，人不多，参观体验特别好。里面有很多不同主题的展馆，认真看的话可以了解很多历史。去之前记得预约，不然要排长龙。我是通过短信预约的，只要短信编辑正确，马上会收到验证码。到现场刷身份证就可以拿到门票。,2
3209,鉴古知今；继往开来！值得用心去体会！免费开放哦！记得带身份证！,2
3210,非常好，在故宫附近，建议带吃的和水。,2
3211,正好非洲馆和卡塔尔博物馆的交流活动，主要针对古董珍珠的，非常非常美。展示的东西很多，就没法一一发出来了，不过强烈建议大家有机会一定去转转。很有意义,2
3212,"国家博物馆，里面收藏了大量的珍贵文物，记载了中华民族的五千年文明，作为炎黄子孙需要去好好体会我们祖先留下的珍贵遗产。进入场馆需要排队，具体来说不管有没有预约，西北和西南的入口都可以进去，似乎未预约入口的人流要少一些，进去以后在大门右侧凭有效证件免费换入场券，然后就可以排队入场了，除非你带的包包超过40cm,否则不需要寄存。注意：自拍杆不能带进去。里面很大，细细观赏可能需要一整天",2
3213,国家博物馆，馆藏丰富，可以看到中国发展的历史，看到了历史辉煌，看到了复兴之路，真的很有看头，可以了解历史，可以带孩子来看看。,2
3214,去北京必去的地方，特别喜欢，个人是博物馆爱好者，在国博里看到了四羊方尊 司母戊鼎等等 感觉很好 去的时候人不是跟多 当天开的馆逛下来差不多要一天 感觉很值,2
3215,很值得大家去看一看，尤其是带上孩子，庄重，有历史厚重感，非常有意义？,2
3216,非常值得去，我周未去参观了一次，展品很丰富，也很有意义，博物馆本身的宏伟巨大就是个看点。交通方便，免费。,2
3217,可以在网上预约门票，只要带身份证就可以免费去参观，还有各种各样的展览，非常棒！,2
3218,国家博物馆很气派，展品没有陕西博物馆的丰富，不过现代展倒是不错，我们去的时候赶上美林80展。门票可以在网上提前预约，官网预约哦！在博物馆左手边换票进入，不允许拿自拍杆，切记切记！,2
3219,中国国家博物馆馆藏丰富，泱泱大国，气象万千.罗列各时期文物画卷。到国家博物馆最好先网上预约，现场排队很浪费时间，排队的长龙望而怯步。,2
3220,很大很大很大，可以在里面呆一天的感觉，很多分类的展览，让人惊叹的各种文物和民族文化，感觉把这么多年的历史书又再翻一遍的感觉,2
3221,拿身份证就可以免费领票 早上九点开门 排队的人十点多非节假日会少点 带点水和吃的 里面基本没开水提供 卖的零食也比较贵 里面内容很多 建议分几次去 可以先看地下一层 古代中国 藏品很丰富,2
3222,国家最高级别的博物馆，历史书上的插图，在这里都能找到实物。最最迷恋“滇王金印”，一枚小小的印章，印证了《史记》所载的千年传奇……,2
3223,坐一号线在天安门站下车，出来就可以看见首都的大标志！故宫，天安门和博物馆都可以看见，一眼望去除了人就是人...博物馆在星期一的时候闭馆，想去博物馆的朋友们计划好想去的日期一定要预约！一定要预约！一定要预约！有手机预约和官网预约两种选择，我觉得手机预约更方便。方法如下：,2
3224,北京和上海最大的好处就是博物馆藏品丰富精美还不收钱。国博地铁可以到，网上可以预约，去了玉器和瓷器馆，以及收费的珍珠展，精美绝伦,2
3225,首先要说排队，排队，排队，周末保守估计一个小时。今天看了两个收费展，浏览了数不清免费展，琳琅满目，各种展。但人也非常非常多。带孩子学习认识很值得，来了好多次，还会再来，就是排队很烦。,2
3226,赶上威尼斯画展，不让照相，非常高大上的感觉，我是外行就是看个热闹，二十日就结束了！看的青铜器展赶上义务讲解，很不错，服务台说上午十一点前有讲解器，但是下午就没有，不知道为什么！明清家具展厅，木头全是海黄和小叶紫檀的味道好闻极了！可以预订，不是划身份证而要定的号码，找了半天，不过非节假日不用预订，不排队！建议人少的话还是直接身份证取，看展览力气活，不能和故宫是一天，要不没劲走,2
3227,"北京国家博物馆我们一家三口已经去过两次了,每次去收获和感受都不一样，这次是十一去的，里面又新添了不少展区，有复兴之路展区，非洲国家展区等，还买了好多纪念品，喜欢，静静的驻足，观赏着文物，品味历史的积淀，是心灵的一种净化",2
3228,国家博物馆八点半开门，里面都是珍贵文物的原因吧，进去要经过几次排队和安检。想好好转下来得一天，如果挑着看，就快了。,2
3229,这是必去的地方 博物馆控不要放过 文化教育价值极高！！！！！,2
3230,里面真的特别特别大 如果想看全 一整天都不一定够 我们用了大半天 只看完了地下和四楼和一楼的一部分 票是官网预约的 有个刷身份证的小机器 把身份证放上不动就自动出票了 入馆安检很严格 开封的水需要喝一口 包在传送带上安检 往前人还得再被检查一次 像机场一样扫全身 建议带足水和食物 里面卖的有些贵 矿泉水6元一瓶 可乐5元一瓶 面包香肠也比外面的贵 里面还有咖啡馆和茶馆 没进去 不知道都是什么价,2
3231,展品众多，不少的精品，走一天都走不完，值得每一个人去看看。,2
3232,"作为中国博物馆 其中的样品基本上涵盖了大量永久禁止出境展览的孤品和珍品 各个类别中都有厉害的 青铜器的重器 兵马俑 玉器 书画 很多很多 如果时间不够 可以看""古代中国""这个展厅 里面大量的代表性文物 很多都是作为教科书的存在",2
3233,提前了一个星期，订好闹钟来预约门票，人真多，如果国博能够在参观体验和设施方面设计更人性化就好了，导览根本不够，有钱也租不到。。。醉醉的。。。幸好遇见了一位讲解非常到位的工作人员，一个一个的故事构成了精彩的参观，很开心～就是太累……,2
3234,国家博物馆的门票（免费）可以在其官网预约，凭手机短信入馆。进门有非常严格的安检，一道是电子安检门，一道是人工安检。进入后，一楼的展馆大厅气势非常雄伟，让人赞叹。博物馆里分了好多小馆，古今中外，琴棋书画，让人一次看不够的。,2
3235,每到一所城市 博物馆是我必去的行程,2
3236,中国国家博物馆必须给128个赞，免费参观，馆里有来自各个省市的精品。里面的展品真是样样都是精品，每件都值得驻足观赏，慢慢品味。看到了很多在历史课本里出现的藏品，最爱的还是宋代的青釉瓷器，所以看了很久，太精致，太美了，由于去晚了，只能走马观花的四处看看，国博完全可以在里面待上一天，个人认为国博比故宫更有看头，里面东西实在太精美了,2
3237,北京之行最期待的地方！排队，安检都很不容易，但是国宝对得起大家的努力！许多课本上的的宝贝，终于见到真的啦！不满的是那么大的国博，才10点多就没有讲解机出租了，下午听了下复兴之路的讲解，太多人了，听了几分钟就放弃了，好在自己是先也了解了些，自己看还是可以的。,2
3238,内容十分丰富，认真看的话时间不一定够。里面也有许多展览。值得带小朋友去一下。,2
3239,五星五星！最好的博物馆。里面很大地下一层地上四层。一天走不完。里面都是宝物。全国各地的真宝，地方的可能就是复制品。里面的服务态度也很好。进去要安检，别带太多东西。,2
3240,国家博物馆还是很值得一去的，免费的，可以网上预约门票，安检很严格哦！自拍杆不让带，结果安检不过关我又折腾出来寄存，郁闷。里面收集了大量的国宝级文物，重点就是古代中国，逛一圈下来长了不少见识。,2
3241,原本打算今天去天安门和故宫，没想到又接班了一个还在读大三的成都妹纸，便改变了行程，先去了中国国家博物馆。门票免费，但是如果有自拍杆的话要存起来，包太大的话也得存，别想着蒙混过关，会有安检，十分严格，看到前面几个被查出的自拍杆，我们就默默的去存包。用身份证取门票，还是满便捷的。,1
3242,展品很不错，展馆也很大气，逛完一圈很累至少要两个小时，途中有专业人员讲解能让你了解更多历史典故之类的，值得一游！如果想来的话请趁早，不然排队时间很长～,2
3243,需要排队领票，人很多，四羊方尊。司母戊大方鼎在4楼，细看的话需要一天或者大半天时间，不过很值得看看的。,2
3244,提前网上预约，不要带自拍杆！！！存了个自拍杆耽误了时间，知道国博有两个基本陈列，但是不知道革命史改名成复兴之路了，后来找复兴之路找了好久，国博太大了，不是因为我们路痴。找到复兴之路就差不多四点了，没看几个展厅就被清场了，灯都关了，走马观花看了一圈，感觉布置得还是很不错的。,0
3245,这里是中国五千年文明的缩影！人多，最好网络预约！,2
3246,博物馆入口有取号机，取号后排队进馆，有包的再次安检。之前在官网预约了参观，其实不需要预约——因为没有看到配套的特别通道，现场排队即可，约20分钟就进去了（这是一个普通的周六下午3点。如果选的长假出行就不好估计了）博物馆是不收门票的。馆内设计未有见到很出彩的地方，一些展厅的展品是定期更换的。很多展品是走马观花地就过了（纯装饰性的较多）。可能没有全走完的关系，未有体会到别人游记里的一些“奇妙”。4点30开始...,1
3247,科科，没去复兴之路，古代还是很可爱的，下次早点来排队就拍了一个小时,2
3248,还行吧  负一楼很厉害，值得去看看中国的发展史,2
3249,哈哈哈～都不错，就是人太多了！景色不错，空调很凉快！哈哈最重要的是免费的，而且还有文化气韵！！！不错不错，值得看一看哦！,2
3250,非常值得看，可以免费预约，但是要提前三天，我们是临时➕的景点，排队大约1小时，里面古代史和近代历史都有三次免费的讲解，10岁的小朋友都听的很认真，全是瑰宝！,2
3251,今年又去了一趟 免费的欧 感想：永远永远看不完,2
3252,今年又去了一趟,1
3253,国博是一个十分值得游览的地方...展厅非常大...并且里面可以增长见识...要提前预约...可以通过简讯或者网络预约...是免费的...用身份证取票...方便快捷……,2
3254,古代那边布展灯光什么的没的说。现代什么的我没有兴趣也就没有仔细看...注意周一也闭馆，去的时候带着身份证刷一下就可以取票了很方便.,2
3255,很大，免费参观，里面的展览也不错，因为人很多，所以有分流，管理不错，只是不能带自拍杆，还要存包这一点不是很方便，去的话要注意。,2
3256,后母戊鼎和四羊方尊是镇馆之宝，在这里可以见证中国古代文明的绚丽，无论是青铜器，还是陶器、瓷器、饰物，无不令人赞叹，走马观花都可以看上一天，绝对是非常值得一去。里面还有纪念品和书籍出售，推荐《中国国家博物馆展品中的100个故事》一书。,2
3257,太值得去了，不光免费，里面尽是耳熟能详的国宝，就是很大。想细细看完得几天时间。对于行程紧张的游客只能走马观花了。,2
3258,自拍杆不能带进去，所以我整个包都存了，然后无包可以畅通地进去，有包的要排很久队。进去里面也没个地图什么的，直接去了古代中国展厅，真的很大，我粗略地逛都花了一个半小时，后来去青铜展厅。因为时间紧其他的随意看了几个，想看乾隆南巡的数字化展，但放映时间不合适，只能下次再来吧。,1
3259,值得去排队等候的地方，不管是从外观还是里面的内容。,2
3260,第六天，2月11日。今天主要逛北京的博物馆图书馆。坐早上7点56的高铁回北京，8点20到北京南站。,1
3261,很好，高大上。还免费。需要一个上午的时间。,2
3262,近一小天的时间把古代史部分看完了，要想看完整个博物馆，不去两三次是不够，里面的设施很完善，最明显的是卫生间很多，特别干净,2
3263,请记住这幅画，君子报仇十年不晚！出来混，早晚要还的！！！,0
3264,"担心第二天排队人多，前一天就用短信预约过了。（编辑Y+参观日期+姓名,发送到10660208，一条短信预约扣除1元手机资费（如10月22日参观，就是Y1022吴刚）当日短信预约无效）",1
3265,展厅分为四个主题馆，分别为华夏之光，探索与发现，科技与生活，挑战与未来。是科普的好去处。,2
3266,必须全五星好评啊。   1、位置：在天安门广场东侧。  2、环境：因为是免费的所以人很多，有很多小朋友。  3、服务：馆内有志愿者会讲解一些较为著名的，可以听一下了解一下历史文化。   4。关于门票：可以通过身份证或者学生证 免费领取。  5。尽量不要带包，略微有点麻烦带包的话。,2
3267,历史，特别是古代历史，带小孩看看很合适，考中国古代历史多少能有所帮助。 青铜器是这个馆的优势，其他也不错。古代史在地下层。 楼上还有很多展馆，没时间看完，以后再说了。,2
3268,博物馆爱好者必去之地，历史爱好者的天堂,2
3269,国家博物馆也要排队换票，看完升旗仪式才七点过，我和闺蜜溜达着去买了早餐，吃完后再到国博门口依次排队等待换票。,2
3270,我们利用30分钟进去转了一圈，用身份证扫描后自动出票，比我上次来方便多了，上次还需要凭身份证人工换票。只有30分钟，我来到B1层的古代中国，记得上次来博物馆的瓷器展，有一老先生做公益免费讲解，他还负责故宫的某一天的讲解服务。有时间的话按时来听收获一定很大。,2
3271,中国古代最高学府，每个学子值得去的地方。拜孔子老师，感悟国学博大精深,2
3272,这个是必去的，全是国宝啊！以前只在教科书和电视上见到，兵马俑都有两个真货。不说了。上图,2
3273,是中国最大的博物馆，用了三个小时，走马观花也才参观了一层，门票免费，是个值得一去的地方，可以开阔眼界,2
3274,去博物馆可以先提前在官网或者通过短信预约门票，9点钟开门的时候就可以直接在西门进去，因为博物馆是限制人流的，不用买门票，预定好了再去比较有保障，免得排队排很久最后还被告知人数够了就麻烦了。博物馆主要的展馆就是复兴之路，就是介绍新中国一路以来经历了什么，如何成立，以及成立以后的发展状况。其他一些小的展馆就展示一些古代的珍贵的文物。,2
3275,国家博物馆，藏品丰富，高大霸气，让全世界的游客都能直接了解到我们国家的发展如此迅速，太牛了,2
3276,国家博物馆是这次去北京必去的景点之一～国博真是太大了～里面的藏品真的很丰富～很多都是我们在教科书上面见过的～在里面逛了一天还没逛完～真的很值得推荐的地方～,2
3277,本来打算去长城的，然后路上堵车堵得不要不要的，877路，通往八达岭的直达车，排队排的一眼看不到边，黑车贵的离谱，阳光热辣辣，然后，我们就很害羞的连八达岭也放弃了。毕竟，就算没挤死在公交上，也会被挤爆在长城上的 。还是，算了吧。博物馆，这个。我总是要去的。因为。万一看着看着穿越了呢、哈哈哈，在紫禁城里走，我总是有点神经出界。崔大人快受不了我老是把自己想成是皇后娘娘或者贵妃了。哈哈哈、博物馆的话，有空闲建...,1
3278,结果。哈哈哈哈哈哈哈哈哈哈哈哈哈哈。博物馆停止入馆了。化悲愤为食欲。 距离酒店大约二十分钟路程来福士。巴泰厘。还是巴厘泰==。海鲜绿咖喱、水果沙粒、海鲜啥的一个菜、海鲜啥的一个饭。味道都很棒。价格也略贵。200多。我们基本每天中饭晚饭都人均100.果然就是为了吃。人生的真谛。,2
3279,在10月2号学校组织去的。人流量太大，排队排了好久。不过很值得，里面的展品都很珍贵漂亮，尤其喜欢何水法的花鸟画展。,2
3280,非常棒，一天时间根本不够，自拍杆不让带，没收了。,1
3281,这些东西阐述了中华民族博大精深的文化，说明了中华民族深厚的文化底蕴，见证了中华民族的智慧。,2
3282,司母方鼎、子龙鼎、秦砖汉瓦、唐三彩、四羊方尊、明后凤冠各式各样国宝，应接不暇啊,2
3283,博物馆是中国最权威的之一了吧哈哈，很大很大哦，门票是免费的，建议去国家博物馆官方网站先预定，这样到时候领取就能进去了，否则呵呵排队要等好久才能现场领票！你可以问一下站着的那些士兵，网络取票在哪里,2
3284,网上预约是必要的，一人一个号，对照身份证进门,1
3285,躲避炎炎夏日的避暑胜地，当得起国家二字，碰巧遇上了讲解，震撼于这些陈列品的精巧同时也为中华历史感动。凭借身份证就可以领取当日的门票。,2
3286,中国国宝集大成者，确实值得一看，也许你会发现你家乡出土的宝贝或课本里学过的宝贝。:-)一楼有抗战纪念展，四楼有青少年学习体验区；地下厅是青铜器，书画展，二，三楼玉石，佛像，瓷器都非常令人振撼！当然里面个别楼层有卖书，王石店或收费小展，依个人爱好而异。建议1.提前网上预定票，因为免费，所以人超多，而且每天8000张票；2.不要带大箱子或大包，存色收费而且麻烦。3.提前准备好身份证等证件，和合适的鞋子，面包和水，...,2
3287,免费的博物馆，提前网上预约的，现场刷身份证即可。     国博很大，重点看了复兴之路、钱币、青铜器；很为咱们伟大的祖国自豪、骄傲。不愧为东方巨龙，文明古国。      还要多次去看。,2
3288,在天安门广场旁边。里面超大，估计一天都逛不完。,2
3289,前一天精力用得差不多了，第二天赖了一下床，导致8点多才出门，就只能急急忙忙往天安门那边赶。提醒一下童鞋们一定要留意你要去的地方开门关门以及休息时间，这样才能好好安排行程，也不会扑空。去到博物馆已经排长队了，我在那里懊恼自己怎么不早点起床，但那也没有办法了 ，只能乖乖排队。国家博物馆是带身份证就可以刷票免费参观的，所以要记得带身份证哦。这里有得说到烦人的柳絮，飘啊飘没完没了，还好我有预备口罩。没排太久...,1
3290,不是假期、周末去的，人不是很多。凭身份证很方便，一道安检基本就可以了！地方太大了，没注意时间，结果逛了四个小时！！还是值得去的！来国博，看国宝！,2
3291,国家博物馆最经典的是B1层的中国历史馆，藏品有四羊方尊，吴王夫差剑，金缕玉衣，针灸铜人等顶级国宝，另外其他国宝还有司母茂方鼎，凤冠等。国家博物馆是免费开放的，但是下午15:30就停止发票，建议早点进去。,2
3292,小伙伴们去国家博物馆一定要记得网上预订，要不然人超级多，一定要穿一双舒适的鞋，要不然你会疯的。,1
3293,这个一定是要提前订票的，不然排队真的很不方便。只需要在国博官网上提前预约下就好了。,1
3294,国家博物馆的参观时间是9.30分才开始进入场馆，建议可以早起，先参观天安门广场，然后直接进馆。天安门附近没有什么可以吃早餐的地方，只有流动的早餐车，但是冬天在外边吃还是有点冷的，所以最好出发前吃好早点！我们是进入国家博物馆才吃的早餐。这里是允许带食品进入的，但是只能在休息大厅吃，进入到展厅的时候，是不能吃东西的！国家博物馆是一个藏品丰富的地方，如果是对历史有一定了解的话，可以深度游览，我们主要是带孩子...,2
3295,望着对面那大排长龙的人群、心理暗自窃喜幸好提前官网预约了、不然现场排队排死；国家博物馆实在太大、逛了3小时也只是看了皮毛而已。过安检真是比机场还严格、呵呵！,1
3296,免费，网上预约入去。无论建筑还是藏品都很值得看。带孩子去最好。,2
3297,很不错的一个地方，能学到很多历史！到北京很不错的景点之一,2
3298,最喜欢古代中国展，教科书上那些熟悉的东西“活生生”展现眼前的时候，那一刻仿佛触摸到了历史。,2
3299,国家博物馆，敢叫国家博物馆那必定是很牛叉啊，古代那边布展灯光什么的没的说（但是还是感觉不如南京博物院好）现代什么的我没有兴趣也就没有仔细看...注意周一也闭馆，去的时候带着身份证刷一下就可以取票了很方便....,2
3300,免费的，刷二代身份证，过安检就行。里面超级大，很多宝贝，非常好,2
3301,早上9点开馆，，里面真的太大了。可以看的东西太多了，建议有时间的人细细看，真心不错，还是免费的,2
3302,提前一天短信预约门票，免去早起排队之苦。国博安检的严格让人印象深刻。虽然忘了带干粮，饿得顾不上看德国建筑设计所展览，但时隔6年回顾常展依然震撼。,2
3303,国宝级的展品不少。临时展比较多，也比较有意思，就是要钱【哭,2
3304,提前预约进去还蛮快。这次时间紧，只看了三小时不到，还有很多没看到的地方。建议去一整天，不虚此行。,2
3305,网上预约过去的，需要安监，改造后，建设得更好，很有气势，知识也很丰富，受益匪浅，很值得去！,2
3306,国家博物馆很大，我们走了2个多小时也只是比较粗略的看了“古代中国”展馆。非常多的展品，曾今只在课本中看见，大开了眼界。,2
3307,北京的最后一站我选择了国家博物馆，因为里面藏品丰富且精美，没一天时间逛不玩，但也许是对它期望太大，反而没太大的惊喜，头一天我就在网上预约好，怕人多会排很长时间，其实那天进馆的人不多，不需要预约也很快进去了，也因为人少，本来定的14:00的免费讲解居然没讲，博物馆分四层，最大的两个馆是复兴之路和古中国，古代中国从原始人一直到清代共十个小馆，原本这两个大馆每天都有几场免费导游讲解，但没有任何说明和解释，他...,1
3308,挺不错的，预约更方便！很值得一去。perfect！,2
3309,到东单站转1号线到天安门东D出口,1
3310,很好的博物馆，常设展很多，最喜欢的是古代中国，可以了解上下五千年的历史，去年去的时候还赶上LV的展，花了十元钱，了解了一下路易威登的品牌历史。,2
3311,持身份证领票。里面面积超级大，走马观花需要1天，想看的非常仔细的话起码要2天时间，所以最好预备出充足的时间来，否则会很匆忙。环境当然也很棒很壮观，珍品巨多，很多的藏品都非常精美漂亮，几乎个个都是国宝级别的，欣赏的同时也是震撼，还能增加一些知识，绝对是非常值得看看的地方。PS:有些馆可以随便拍照，有些则不允许，馆内不允许用三脚架，不允许带大包。面积大走路会很多，最好穿软平底鞋。,2
3312,北京最大的专业博物馆，有时间肯定是要去的，很多的精美展览，定期有一些国外交换展和国宝展出，需要预约。,2
3313,免费的 用身份证换门票  去上午去 里边很 去的时候不逛外边有多热 去的时候 带件长袖衣服 里边非常非常的冷,1
3314,这么大，这么多珍稀文物的博物馆竟然免费！文物、字画、现代艺术品等等都有。逛一整天也很难逛全，一点不会觉得乏味。,2
3315,首先提示下将来要去的游客们 此处寄存双肩包与大包是要寄存费的5-10大洋 单肩小包可以进入 官方网站可以预定日期参观 当然免费的 不过预约票是国家博物馆的北门进入 如果想领票的就西门进入 建议还是网上预约好 国家博物馆安检很严格 也许首都都这样吧 展厅很多 可看性的东西更多 建议起码安排半天以上哦,1
3316,（9:30—12:30）很雄伟！博物馆免费参观。参观完之后我才知道有免费的讲解，好像是9:40、10:20、14:40、15:20各有一场（可以去查一查，有讲解的，参观才不会无聊）。我看了：复兴之路→古代中国展→非洲展,2
3317,睡到12点退房后，去了天安门广场东侧的国家博物馆，拿身份证免费，空调不错，对孩子的历史知识教育不错！可惜太大看不全了。,2
3318,一定要提前订票啊，同行的同学没提请订，排了一个钟才进来。,0
3319,没有门票费用只用身份证取票。这是我认为最值的景点。因为免费且内容多。（希望入馆者能关闭闪光灯拍摄并不要进入不可进入的区域。瞅着许多游客对周边禁止标志忽视，感慨万千）,2
3320,提前预约的 国家博物馆 本次旅行的最后一站,1
3321,有历史有文化的地方还是需要讲解比较好，这次体验不错,2
3322,高老师讲解非常专业！结合了中小学历史、语文课本里的各种知识，深入浅出，孩子和大人都听得津津有味，收获颇多。强烈推荐！,2
3323,很棒很精彩的讲解，故事引人入胜，每个文物通过马老师讲解变得鲜活起来,2
3324,博学多才的孟老师，讲解细致入微，从一件展品延伸出朝代的特征，让孩子增长见识，通过这次的讲解收获颇多！谢谢孟老师的讲解！,2
3325,王老师老师对国博那是相当熟悉，不仅带我们重点观看了那些淹没在众多展品中的稀世珍宝，全程用时刚刚好，还用他丰富的知识把每件宝贝的来龙去脉、如何鉴赏乃至对当世的影响都讲得非常透彻，让我们领略了老祖宗当年的精湛技艺。这趟行程非常值，下次有机会逛故宫或国博的其他展馆，希望还能请他伴游！,2
3326,感谢张导一路陪同讲解 天热给大家发扇子 有的小朋友口罩丢了 还免费提供 整个讲解游玩过程三个多小时,2
3327,王导风趣幽默，非常的超值,2
3328,不到长城非好汉！现在我也是去过长城的人了！王导人真的挺不错的，很有耐心讲话也挺温柔的。,2
3329,很不错的一次体验，带老妈来的，玩的很开心,2
3330,导游超细心，讲解很详细，也很有耐心，时间安排的特别好，每个景点都参观到了，一整天下来，真的是开心开心开心,2
3331,宝藏之地，值得无限次打卡的地方,2
3332,很多年没来过了 小时候来那会这里还叫历史博物馆 门票免费 凭身份证免费进入 排队入场的人很多 现在正在展出 庆祝改革开放40周年大型展览,1
3333,李媛媛导游，人不错，态度很好，路线规划的也可以，没走回头路，结束的时候还告诉我们怎么坐车，附近有什么景点。,2
3334,今天收获很多，媛媛导游讲解得很不错！才知道电视剧的跟真实厉害相差很多哦，嘻嘻……之前担心故宫博物馆讲解得太少，没想到这次挺深度游的，赞！,2
3335,建筑很雄伟，内容贴合世纪，值得看下,2
3336,自然博物馆出来快中午了，我们沿着天坛路，走到了吉野家和肯德基挨着，进去解决了午饭，然后出发去王府井，看了看人太多就果断放弃，去国家博物馆看看也没进去，人太多太多了，天安门也就是路过，只好打车回自然博物馆，顺路去了隔壁的天坛公园，花费30，我们三口就在公园溜达溜达然后回怀柔,2
3337,需要花一天时间才能仔细看完，很不错的地方,2
3338,带孩子到国家博物馆参观，受益匪浅,2
3339,網上提前預約，免費進館參觀！不用排隊人擠人,2
3340,王府井小吃街，这是最后一站，排版有些问题，本来预定计划是去了故宫，去景山公园纵览故宫全貌，然而遛完了故宫实在太累了，取消了景点门票，去小吃街慰藉五脏庙一下。,1
3341,伟大的文化盛宴，感动人心，另外取票很方便，讲解很丰富，内容饱满！，五🌟赞👍👍,2
3342,博物馆里的展览很多，品味很高。,2
3343,中国国家博物馆位于天安门的东侧，每天9点到下午5点开馆，周一闭馆，不需要门票，凭身份证可以到自动取票机换票，非常方便，馆内比较大，建议游览时间3-4小时，可以看到从古至今的文物，全国各地出土的国宝级文物，很多都藏于中国国家博物馆内。,2
3344,去北京玩的时候偶然路过此处，进去一看刚好有中国古籍书法展览，古色古香，见到了许多大师的作品，不同族人的字迹。人少也挺安静，算是闹市中的一片净土吧。,2
3345,非常有意义的旅游点，尤其对是喜欢人文历史的人。仿佛在历史课本中穿梭了一遍，在这里看到了许多珍贵的文物，是我这次北京之行的最大惊喜。,2
3346,很值得去的地方，里面很多文物，仔细看需要一天时间可能还不够。,2
3347,11月1日早上8:40，火车开进北京西站。办了3张北京市交通一卡通，坐地铁来到预定好的晨源胡同客栈。这里要提醒一下哦~一卡通很有必要办哦~20块押金，随便充值，公交地铁通用，随时可以退卡；不办卡的话每次坐地铁买卡很麻烦哦~比较顺利找到客栈，12:00前不给办理入住，我们就先把行李放前台，直接先出去玩了。,1
3348,免费的，人很多，需要排队。但是，非常值得一去，里面有许多文物，很大，能了解到很多知识。就是人太多了，环境有点乱。里面可以拍照，但是禁止闪光！这样会破坏文物，大家需要注意！,2
3349,看见一件件真实的国宝真实在眼前，真的好激动，关键是可以拍照，与朋友分享，有解说员或自己租一个讲解器，不论只看，要了解国宝的前世、今生。,2
3350,来北京确实很值得去的一个地方上次因为时间关系只去了地下一层有机会还要再去一次,2
3351,非常好，许多国宝，文明的殿堂，非常喜欢,2
3352,免费，走的比较匆忙！复兴之路，进去后，瞬间严肃！,2
3353,在国博上了半年班了地方是个好地方不过让我失望半年。,0
3354,国家博物馆有小学课本里的司母戊鼎和四羊方尊，青铜时代的巅峰造诣。,2
3355,国博真的很大，不要想着一天能逛完，就看你给它留多少时间。细细的看一部分比粗略地看完好的多。都是国宝，不过我更喜欢看临展，一般是一些画展。安检很麻烦，早点去。去时候不要带自拍杆。,2
3356,历史，特别是古代历史，带小孩看看很合适，考中国古代历史多少能有所帮助。,2
3357,值得去，地下一层古代史展馆是精华，每天上午9:30有免费讲解员，一定跟着讲解员边听边参观。大包带不进去，进馆前带点小零食、饮料和水,2
3358,凭身份证可免费入内参观。,2
3359,由于中午12点退房，所以带着行李到了中国国家博物馆。在门口发现有个北京旅游咨询的地方可以存包，于是果断去存了行李箱，40块钱！！！,1
3360,来北京一定要来参观一下中国国家博物馆，因为这个可是建筑面积世界第一，国内中华文物收藏量第一的一个博物馆，这个国家博物馆是由历史博物馆和革命博物馆组成的,2
3361,免费参观，带小朋友的家长注意了，身高有限制的。具体多少有点忘了，我家宝宝140左右被拦住了，不过还好保安放我们过了。,1
3362,国家博物馆的专业讲解十分精彩，一定要提前看好讲解时间，最精彩的地下一层的古代中国展厅，我这天的讲解员非常专业，从9:30一直到快1点，收益匪浅。另外这里还有很多义务讲解员，也非常好，楼上的瓷器展和青铜器展也非常漂亮，还有很多展厅，一直到闭馆也没有看完，这里一定要最少留出一天时间才够细细品味。 对各位想去国家博物馆的朋友们一句忠告，千万不要带各种包包，不要带自拍架，最好也不要带水！这样可以顺利的提早进入参...,2
3363,十一期间没有预约也可以参观，人稍微多一些，但是内容是相当丰厚的，看看很受益匪浅！,2
3364,国家博物馆毕竟不一样，感觉以前看过的这么多博物馆都水的掉渣，但是到北京第二天就华丽丽地感冒了，于是默默逛了一层就走不动了，好遗憾！不过国博外面的杨柳絮超级多，这种季节去建议带口罩啊。,2
3365,讲解员讲解的非常好，三小时全程无停歇，就是感觉时间短了些，意犹未尽，期待下次还能找到你！,2
3366,康老师很负责，与小朋友互动性强，讲的很专业，给我们多讲了半小时,2
3367,早上8：30之前孟老师已经在国博门口等候了，全程3个半小时，讲解生动有趣，以后希望有机会还能参加孟老师的团,2
3368,挺不错的行程，老人非常喜欢，而且很适合老人,2
3369,"很不错的行程安排,还听到导游细致的讲解,很好。很多年之前来过,但是没有讲解，再次游览,一样充满了新鲜感。谢谢旅行社的精心安排。",2
3370,特别好，一日游，又不累,2
3371,这次北京一天的游玩非常好，非常开心，夏导非常好，没有强制消费，纯玩，而且介绍的非常好，谢谢夏导,2
3372,很好，导游很耐心，随时点名每个家庭，没有一个掉队，吃午饭的时候很有耐心照顾每个家庭，纯玩无购物，一天玩了很多景点，超值。一起出行的朋友都很开心，不错呦,2
3373,这次的行程安排的特别紧凑，但是仍然可以不紧不慢，导游一路都很照顾我们哦。玩的尽兴，吃的满足，下次还要来北京！！！,2
3374,今天特别的冷 但是李导的讲解还是非常精彩 特别感谢,2
3375,难忘记的这一幕，抓拍下来,2
3376,国家博物馆真是一级好呀，不用门票，提前预约即可，里面珍藏基本都是真迹，见过许多没见过的古时制作,2
3377,这里全部是刷身份证免费参观，里面的场馆设施，管理，展品都达到了一个很高的地步（甚至厕所的卫生纸质量都很好，嘿嘿）。这一点上，一个国家对于自己最高级别的博物馆的投入和努力也令人感动。图片来自去哪儿聪明旅行家@feiyudestory,2
3378,中华五千年历史文化精华浓缩的地方，必须大，必须多来几次……,2
3379,除了太大走起来太累没有其他缺点，各朝各代的文物，让你领略中华五千年的发展历程,2
3380,第3天7点出门吃了早饭，赶往天安门广场左侧的国家博物馆参观，已经排了很长的队伍了。应该在网上预约门票可以提前进去拿票，否则要排很长的队，8:30开馆后，按照顺序排了半个小时就进入了，要先刷身份证去拿票，然后拿着票再去排队才能进入。博物馆很大，还有个蜡像馆要买票，10元/人，值得参观，里面有很多孩子们比较熟悉的人物很逼真。从博物馆出口出来，正对着就有82路公交车前往中国科学馆，车上人很多坐了将近1个小时在东辰北...,2
3381,又一次来了，这次时间比较充裕，所以看的比较仔细，场馆挺大的，安检严格所以耗费时间比较多。个人觉得展品不算太多，但是展示了中国几千年文明。,1
3382,非常喜欢的一个地方，可惜五点左右闭馆，还想再多待。,2
3383,值得一看，免费开放，用身份证取票就可以，管理人员讲解很好责任心很强！,2
3384,免费的，里面介绍了中国历史，三楼各个国家互送的礼物很棒，,2
3385,很多展览很有档次足手屈一指的地方,2
3386,展品多，地方大，看到了后母戊鼎，激动啊！,2
3387,博物馆这个是带着遗憾走的，闺蜜超钟情博物馆，但我们没有提前做功课，当天两点多才去，可以免费领票，但前面排队的人已经是无法描述！超级多！好有文化底蕴的城市！大概一个多小时吧，终于排进去博物馆，继续排队领票，然后排队进场，排队安检。然后看了20多分钟，闭馆。大概4点半左右就开始清人了（晴天霹雳）。,0
3388,去过台湾博物馆，好东西都让老蒋弄走了！！,0
3389,外观很雄浑的建筑，馆藏和展出许多国宝级的珍贵文物，参观是免费的，每天游人如织，所以必须提前预订参观券，提前等候入场，否则很可能参观不上。,2
3390,参观了国家博物馆的主题展览——《复兴之路》（免费），结合现代化的声光电技术，图文并茂，形式多样，趣味盎然，比起以前呆板枯燥的说教方式有了很明显的进步。观赏了附近新建的国家大剧院，它呈平卧的椭圆型，大半被宽阔的水池包围，倒影随波晃荡，酷似一个蛋壳倒扣在水中，独特的前卫造型备受争议，说它与广场文化不协调，我觉得独立欣赏还不错。,2
3391,很值得去的一个地方，展品大都为真品，而且大开眼界，尤其是司母戊大方鼎，青铜器的代表，跨越千年与我们见面，真的是说不出的感动。入馆时间较长，安检很严格，不允许带自拍杆（带的话需要在大门口缴费2元寄存，很麻烦），总之推荐前往，反正也是免费！,2
3392,国家博物馆，建筑恢弘大气，内容涵盖范围很广，可以带孩子去瞧瞧。,2
3393,非常值得去，有一位讲解员，非常帅的小伙子，讲解复兴之路，讲得非常好！很有收获！我和孩子一直追着听他讲，很多观众都给他以热烈的掌声。非常敬业的一位小伙子！,2
3394,国家博物馆有免费的寄存处，凭门票寄存，身份证领取就可以。紧临博物馆旁边那家寄存处（相片中的）收费很贵不说，工作人员不地道还忽悠人。,2
3395,真的很棒啊！！很震撼！！学习了很多，自拍杆不能带，包没超过40cm不需要存，排队也没排一会儿！总之，非常值得一去的地方！,2
3396,免费的哈，我凭借学生证没有预约直接领到了门票。古代，近现代展品应有尽有。不过我最感兴趣的还是《沁园春·雪》,2
3397,古代文物展！看看小时候在书中的东西,2
3398,走完大会堂，我们基本都开始脚痛腿痛了，刷身份证就可以取票了免费的，接待员说讲解器只有1/5的藏品有讲解，基本意思就是不建议租用啦，都是走一段歇两段，所以逛到中国古代宋朝就已经实在走不动了，只好决定回到北池子大街去吃掌柜推荐的烤鸭。,1
3399,国家博物馆里藏品丰富，种类繁多，要做好在里边待一天的准备，真的是上下五千年，古今中外都包括了。,2
3400,国家博物馆很大，有三层，有很多看的东西，而且是免费的,2
3401,门票免费，提前1天预约的票，官网预约只能是最少3天后的票，等于1号预约，只能是4号之后的，我没了解情况，提前一天上网预约不到，是通过短信预约的，忘记是什么号码了，网上百度到的，最吸引我的馆是：别的国家送我们国家礼物，图片是真象牙，1980几年的时候送的,2
3402,博物馆是免费的，挺大的，可以进去学知识。,2
3403,中国国家博物馆，位于天安门广场旁，也是免费参观的，但是需要凭证件取票，每天都有客流限制，现场排队进场的人数较多，最好可以到官网进行预约，可以安排半天游览，展品很多，多数展品没有详解，但有很多重点展品旁是有讲解员个不定时讲解的。,2
3404,这里是现在全世界面积最大的博物馆，里面的展品以复兴之路为主线，包括青铜器、方尊等国宝。经常也会举办一些特展，凭身份证就可以进去,2
3405,一切皆好！就是地点在北京，如有可能让人足不出户欣赏更好！,2
3406,非常值得去逛，国宝超多，进入时安检很严格，请不要带自拍杆和液体进入。绝对要推荐的地方，没有之一。,2
3407,国博是了解中国历史文明的一面很好的窗户。如果你先在其官网上预定门票，将会节省你更多时间从而把重心放在游览上。,2
3408,对于故宫对面，可以在官网提前预约，预约领票的人比现场领票的人少点。进门需要安检，现在比较严格，自拍棒，喷雾等都不能带入，液体需要现场喝一口。整个展厅挺大的，分为南北区域。不定期有特展。绝大部分展厅是免费的，部分特展需要另外收费。,1
3409,免费参观，可以手机/网站预约 不过实际来说，我去那天并不是假期，所以身份证取票甚至比去窗口取预约票更方便 所以除非节假日直接去就好了，免得预约了还框定了行程 进去之前要安检，完全就是飞机安检的模式了 里面超级大，分为好几个展区 在里面参观收获良多，宝贝之多之精都非常棒 如果要认真看完一天都不够的,2
3410,瓦茨拉夫大道大尽头，矗立着波西米亚最重要的守护神-瓦茨拉夫的骑马雕像，雕像正对着的是雄伟的国家博物馆，这是典型的文艺复兴建筑。,2
3411,国家博物馆就在天安门广场东侧。博物馆很大，看点很多，建议自带干粮用一天的时间参观。总共五层。而我只逛了其中一层的古代馆，就花了两小时，而且还是走马观花的看。现在这里免费参观，但是要带上相关证件去排队领票。,1
3412,身份证领票，免费进入。,2
3413,需要排好长好长的队凭身份证入内，进去以后，全凭个人兴趣了，想看什么看什么，我看大家所拍摄的宝贝确实各不相同，真是萝卜白菜，各有所爱。,2
3414,自己去过一次，带孩子去了一次，要想快速进去，就要提前在网上预约，带身份证到北门换票，很方便。里面很大，主线是按历史的时间朝代，展品非常丰富，环境非常好。,2
3415,将近20个展馆，每个都有特色，都是珍惜物件，很不错，而且是免费的，就是排队太慢了,2
3416,【国家博物馆】这是我此行最感兴趣的地方。可惜只逛了算小时，只逛了古代中国。下次务必再去。逛完博物馆，我们就准备踏上回家的路了。,2
3417,北京的中心，美丽神圣是每一个来北京游玩的人必选之地,2
3418,如果方便最好是提前网上预约，预约过的就不要随大长龙人群进入，直接从入口进入即可。要早去能租到手机讲解器。我们去得晚，没租到。进馆后，如果时间充裕体力好，就从古代中国看起，全部看到，如果不是只看一个古代中国及青铜器展就可以。,2
3419,提前7日预定门票，17:00预约放票，游玩3小时以上。,1
3420,就是人太多了，不过很值得来,2
3421,恢弘大气的建筑，具有时代特色的大厅展和各厅特色展区，很有教育和艺术鉴赏的意义。,2
3422,相比两年前 感觉现在更加高大上了 管理也更好了,2
3423,非常好的教育基地，里面有很多藏品,2
3424,超级大，超级壮观！都是历史的见证,2
3425,去看看吧，国家的力量，总能找到拿出手的东西,2
3426,太大了，标示牌有些少，各个展馆有些什么展览没有明显的说明,0
3427,评分之所以如此低完全是个人感受太不好了！ 疫情期间对参观者的安检竟然还是摸完一个再一个，连酒精擦一下都没有！！！检方人员带了手套，可是被检人员没有任何防护啊！会交叉感染的！馆方对参观者的不友好是从国博开馆以来唯一贯彻不变的！ 几次三番的变动入口之后终于固定在广场外的北门，结果还非要从西门出，以至于不想进广场都不行……极端不理解！ 展品值得看！但是心情极度不好！,0
3428,暑假最后一天带孩子去玩，可开心了，值得去,2
3429,第一个带儿子来，很喜欢，不错，,2
3430,博物馆控，每到一地，必去博物馆。其实中国最好的博物馆就在家门口。 宅兹中国，宝鸡周原博物馆的长铭文青铜器全部现身，就是去宝鸡看，都看不全，有些展品出借，放置赝品代替。 疫情期间，安检更严了，全程戴口罩不舒服，人比平时少。,2
3431,高考后去的，发现里面有很多历史课本上的文物，例如:后母戊鼎，时局图，金缕玉䘥，大观图等等，真的是太好看了😃,2
3432,需要提前预约，免费进入，展品丰富。,2
3433,现在的国家博物馆真的是太壮观了，藏品多，如果仔细看需要好多天才能看完。,2
3434,中国国家博物馆很大，值得去看看。,2
3435,要提前一周预约～～～一定要尽早约～～～有三个时段可以看自己情况～～～早进去不用早出来～～所以早去时间比较充裕～～～地下一层展品和去年年底差不多～～下午一点半那场进的～～楼上就不太来得及了～～里面很冷～～里面很冷～～里面很冷～～～,1
3436,非常好！中华文明上下五千年浓缩在此！,2
3437,文化气息非常浓烈，历史气息非常独特。,2
3438,建议可以看看这里的错金银云纹青铜犀尊。酒器，本身我觉得没啥好说的，犀牛大家都认识。但两千年前在长安附近竟然也有犀牛估计大家挺意外。那时候气候潮湿温暖，我还特意查过有历史记载的长沙曾尽献长安两只黑犀牛。,1
3439,超级棒！去北京必游之地！一定要去。,2
3440,去年十二月去的，当时在展览兽首，还有宋代真迹名画。,1
3441,中国国家博物馆的陈列呢，让人感觉到中国从古代近代到现在的发展史的回忆，特别值得去。,2
3442,国家博物馆一定要去，提前预约，验身份证即可进入。,2
3443,中国国家博物馆非常大，展品丰富，博物馆需要提前预约。,2
3444,不错的一家博物馆 里面东西蛮全的,2
3445,我的最爱，每过一段时间就要去一次？历史，文化，思想，艺术。。。。。集一体的首选地。,2
3446,下次有机会去看看的博物馆，哈哈。,2
3447,文物是历史留给我们的时代记忆。我们可以从文物珍品中可以感受到古人的智慧。国博是来北京一定要去的景点，一定要提前预订。值得推荐。,2
3448,展厅面积非常大，而且展品极多，其中不乏罕见的国宝级精品，整个国博细细看下来至少需要一天。课本里的赫赫有名的国宝，终于得以一见真容。,2
3449,里面真的很棒，超级有感觉。感觉像是考古。文物和历史结合起来挺有趣。建议大家来的时候先在网上查一查，做好攻略。有的文物是不可以拍照的。,2
3450,中国国家博物馆坐落北京，里面有非常非常多的藏品，还是非常值得去的！,2
3451,经常带孩子去，内容丰富，每次可以看个主题，长去不厌。,2
3452,国家博物馆实在是太大了，如果想参观仔细一些一天根本不够，藏品实在是太多了，都是很有价值的精品。,2
3453,来博物馆的游客非常多，来之前一定要在官网或官微上预订门票。博物馆里有中国历史各个时期的文物珍品，是一个了解历史的好去处。,2
3454,超大的一个博物馆，里面若是要全看的话一天肯定是不够的，去参观前可以先挑好自己比较感兴趣的选择性看，还有官网上有写博物馆工作人员讲解时间表，可以根据时间表安排参观，会有讲解员讲解,2
3455,中国首屈一指的博物馆，是历史与艺术并重，集收藏、展览、研究、考古、公共教育、文化交流于一体的综合性博物馆。是全世界最受游客欢迎的博物馆之一。,2
3456,展品超级好！展厅布置合理，特别是圆明园兽首很珍贵，值得一游。,2
3457,很多奇珍异宝，看看挺好的😄。,2
3458,中国国家博物馆现在好像也免费开放了。,2
3459,来北京，务必去国家博物馆去看看。提前做好功课，了解历史。,2
3460,泱泱大国，国宝重器都在此馆，非常值得去参观学习！馆藏丰富，一天根本看不完。下次再去。,2
3461,第二次来国博了，这次提前在网上预订了门票，所以基本没怎么像上次那样排队就轻松地进来了。国博里面的空间范围很大，囊括的专题类别也很丰富，如果单纯走马观花地去看也要两个小时左右才能逛完。特别喜欢的是顶层的外交展品，这个是其他博物馆看不到的,2
3462,不是一般的大...需要整整一天时间,2
3463,国博好东西不少，走得腿软也还没看完，要是旁边有个好的讲解，更是觉得大开眼界！,2
3464,太大了，就是感觉标示太少了，哪个馆什么展览不清楚,0
3465,很大，和妹妹一起去的，很喜欢看这些文物，了解历史,2
3466,如果想了解中国各个时期的历史。那么中国国家博物馆一定是最好的推荐，中国国家博物馆非常的大。藏品还多。都是从全国各地精挑细选上来的。,2
3467,国家博物馆很大！很多个馆。每一段时间都更新展品内容,2
3468,里面有很多古典回去依旧文物，电视剧里的物品很多都有真实存在的,2
3469,国家博物馆非常值得去，提前在网上预约门票，凭身份证安检后进入。,2
3470,虽然还没有去过，但这是大名鼎鼎的博物馆，是博物馆爱好者必去之地，了解前世今生。,2
3471,国家博物馆去北京一定要去参观下,2
3472,国家博物馆有48个展厅，100余万件藏品，是世界上单体建筑面积最大的博物馆,1
3473,我参观了一天，感觉还没有看够。,2
3474,了解一个地方的文化。可以去当地的博物馆，如果想了解全国综合的历史文化，那么来国博吧。这里几乎没见展品都是国宝级，保证你来了之后，会被它迷上。,2
3475,非常值得一去看的地方，值得来。,2
3476,喜欢历史的游客朋友们一定要来一次中国国家博物馆，而且我建议千万不要走马观花的看看，而是花上至少半天的时间好好参观。这边展品太多了。,2
3477,国博办的“改革开放四十年大展”，持续很久。里面让我印象深刻的是人工智能的机器人，还有海龙号潜水艇。潜水艇是个横切面，参观者可以亲自尝试。,2
3478,到了北京一定要去的地方，尤其家里有孩子的应该让孩子多了解了解这方面的知识,2
3479,每到年末年初，国博都会办些应景的特展。比如新春书画展等。一般都是在世的书画名家写的字，画的画。虽然不是非常古朴的展品，但在新春来临的时候，也算是博个好彩头。,2
3480,国博为了虎螢的回归，办了一期特展。特展通过人工讲解，3D等手段，让大家了解虎螢跌宕起伏的回归之路。图二的底座，是乾隆皇帝特意给虎螢配的。,2
3481,非常不错的博物馆，免费，里面有各种缴获的武器,2
3482,国家博物馆来去都方便，最好是乘坐地铁。非常值得一去的地方，带孩子去感受下中华文化的博大精深。,2
3483,经研究决定，中国国家博物馆自2020年1月25日（正月初一）起闭馆，已办网上预约自动取消，不计入个人信用记录，何时恢复开放另行通知。,1
3484,最近抗击疫情，博物馆关闭了实在可惜，什么时候开放还不知道,0
3485,凭身份证免费参观，里面很大，门口有几台纪念币售货机，我选择了一个小猪的纪念币买，感觉很可爱。,2
3486,这次去国博，是因为在读人民文学出版社出版的“西游记”，想看看唐僧取经的路线图。让我惊喜的是，不仅看到了玄奘东渡路线，还看到了法显的取经路，也很精彩。,2
3487,很值得玩，只看了部分古代基础陈列馆，惊叹我们的文明，我们的民族，我们的古人多么伟大，希望吾代继续努力图强，不要辱没先人。,2
3488,这次我是跟着讲解员，参观国博的。图一，是牛车不是马车，当时的士大夫，很注意自己的影响，嫌弃马车速度太快，不够文雅，就坐了慢悠悠，但格外平稳的牛车出门。,1
3489,很多东西，中国的历史，很大，值得一看。,2
3490,走进国家博物馆很容易能看到秋瑾骑马照，我在这雕塑前伫立很久，她明明可以享受优越的家庭生活，却选择救囯救国，实在是女中豪杰。最近囯博正好有红楼梦展，赶紧去看吧。,2
3491,免费的一天也逛不完，非常好。建议家长可以带孩子去。,2
3492,是世界上单体建筑面积最大的博物馆，也是中华文物收藏量最丰富的博物馆之一，整体规模在世界博物馆中位居前列，是全世界最受欢迎的博物馆之一，绝对值得一去。,2
3493,场馆太大了，足足看了一天也没有看完非常值得参观,2
3494,国家博物馆展览内容很多，面积非常大，走完看完要好体力才行。,1
3495,非常值得去的一家博物馆，馆藏文物丰富，参观一天都不够。,2
3496,中国国家博物馆真的好大好大，我们逛了一天,2
3497,博物馆好大，好得没得说，如果不是脚走疼了，转二天也是它，惟一搞的是电子语音中文讲解，7元那个 我是顺手点的 可是在地下时信号不行用不了，上来后一听，全是泛泛介绍，还不如看馆里的图文呢,1
3498,张大千的主要作品，都保存在四川博物院的“大风堂”，是由张大千的夫人，捐献给国家的。这次张大千画作的特展，以大千先生的山水画作为主。敦煌莫高窟壁画也有不少。,1
3499,近年来，假冒伪劣频出，所以国博办了一期“匠心传承”的特展。讲了木偶世家如何坚守品质，如何创新。我觉得木偶不好看，手工又费事，势必被淘汰。,1
3500,中国国家博物馆，我个人认为来北京旅游的话，这边绝对是值得来好好参观的一个地方！时间的话，如果行程不紧张，我建议花上半天时间，因为里面展品特别丰富！,2
3501,国博除了日常展览，时不时推出的特展，也很有看头。“古蜀华章”集结了大量四川文物。广汉三星堆的镇馆之宝：黄金面具青铜人头像算是其中的精品了。,2
3502,国博太大，展品太多，多来几次，每次有重点的欣赏几件旷世奇珍，是最好的。图一是“三花马”，唐代的马中赤兔。李白将进酒中，曾经提到“五花马，千金裘”，那么五花马，就是最上等的良马了。,2
3503,国家最大的博物馆，走在历史的长河中感受祖国的成长,2
3504,国博的展品都是精品中的精品，从各地博物馆征调而去的，一定要去看看，很多载入史册的宝贝珍品都在那儿，上次去北京没有去看真的太遗憾了，图是小伙伴发我的。,2
3505,虽然排队时间有点长，但非常值得，最近有圆明园的兽首展览。,2
3506,免费不免票。先预约，刷身份证换票进入。,1
3507,环境很好，展览馆分类详细，展品丰富，让人乐而忘返。,2
3508,非常非常好，涨姿势啦！趣味性强，知识点多，定期举办孩子都爱听的历史音乐美术课堂等,2
3509,这里是国家博物馆，经常有一些高规格，高级别的展览，最近在举办一个甲骨文主题展览，把发现加固和甲我的历史都记录了下来，还有一些实物的资料，很值得一看,2
3510,通过官网预约或者现场扫码预约后方可进入，里面有很多展厅，可以学到很多的知识，性价比很好！,2
3511,每周六开到晚上九点真的很赞，人也很少，很安静。晚上七点去的现场约票只剩一百多个名额有些紧张，建议还是提前预约,2
3512,最近有新疆和甘肃的文物展，非常好，可以在万里之外感受陌生地方的历史文化美丽。希望多半办这种展览。,2
3513,一定要提前预约，从北门进入人少,1
3514,每个来到北京的中国人都应该去“中国国家博物馆”看看。,2
3515,这次来国博，是为了看看新展“甲骨文”。进去之后，首先被一块埃及石碑吸引了。石碑上刻着墓室主人向神灵祈求面包，啤酒。笑死我了。之后，就都是各种甲骨文的讲解了。,2
3516,中国国家博物馆果然是国家第一大博物馆，逛了一下午，古代馆才看了1/2，很多在纪录片和历史书上看到听到的，今天有幸能一睹真容，都是宝贝，也都很有趣～～～,2
3517,性价比特别高，提前预约非常喜欢,2
3518,今天来国博，恰巧碰到“韩天衡艺术展”开幕式。在一层大堂举报，人山人海的。先听课韩天衡先生的发言，他讲到了孔子以及“不逾矩”。之后就是参观展览了，国博的各种特展很丰富。,2
3519,琳琅满目的文物，各个时期的历史记录，讲述着中国,2
3520,国家博物馆，中国五千年历史记录之馆，中国悠久文化汇集之馆。。。,2
3521,非常值得一去。特别是中国古代文化馆，了解中国历史。,2
3522,需网上订票，有时间段让你选择，直接刷身份证可直接进去，进门后的感觉高大上，呵呵，仔细观摩一个上午逛不下来，非常值得去的地方。,2
3523,春节时去过，人超多，网上先预约好，这样节省时间,2
3524,中国国家博物馆分为五层，是中华文物收藏量最丰富的博物馆之一。陈展体系由基本陈列、专题陈列、国际交流展和临时展览组成，涵盖了从古到今的各个阶段。参观人数众多，去之前可在网上先行预约，以节约时间。,2
3525,每天有很多游人来参观国家博物馆，凭身份证免费进入,1
3526,好壮观，好多珍贵的东西，值得一看。,2
3527,国家博物馆，中国最大的博物馆，藏品非常丰富，慢慢看，得看足一天,2
3528,装修之后更加好看了！适合带孩子游览学习！,2
3529,非常值得去的地方，非常壮观好玩。,2
3530,夫人带孩子去的，很大，很多东西可以看，还是比较值得去的地方。,2
3531,值得带家人小朋友去看看的 真不错,2
3532,特别棒，免费，能逛上一天，记得带身份证,2
3533,国家博物馆值得一去。除了中华几千年的历史文化外。还有各国赠予中国的文物,2
3534,国家博物馆很大。一楼摆了很多建筑物，都是根据活动需要改变，一楼展厅也是，楼上是各种文物。瓷器，佛像，钱币，字画，一大堆，还有各国送给中国的礼物。。,1
3535,场馆大，藏品丰富。但是与国家博物馆不相匹配的是工作人员素质低，缺乏培训。问藏品的号码怎样对应讲解器讲解藏品的号码不知道，问某某朝代在哪一个楼层不知道，而且不是个别现象。发放讲解器的那个女工作人员态度不耐烦。诺大的场馆缺少路牌标识，问工作人员又一问三不知，只能自己找来找去，浪费了很多时间。,0
3536,人真的非常多，但是里面的也很值得看。,2
3537,中国国家博物馆，每个来过这里参观的人都是叹为观止的，作为国内规模最大的博物馆。绝对不容错过。我们逛了两三个小时，感觉好像也没逛是的。,2
3538,排队的第一个关卡就是凭借身份证等有效证件免费领取国家博物馆门票 第二个关卡就是进入国家博物馆大门前要进行全身搜查检查，方可入内参观,1
3539,没得说，国字头的博物馆，太牛了，绝对涨知识，特别是带孩子去参观，非常有意义！建议都带孩子去看看吧！,2
3540,中国国家博物馆，每个人都应该去看一看的地方！,2
3541,一天根本逛不完。很多值得看的东西,2
3542,历史总能让人叹为观止的，总能让人肃然起敬,2
3543,太好看惹！！！就是太大了(╥﹏╥)也许是我看得认真吧(*￣m￣)一整天一个展览都没看完😞 第一次来 没有什么经验 下次来的时候一定会记得选择性的看得！！！还有就是一定要带食物啊 排个自助机的食物都要好久 更何况我看到更多的人在排饭（x_x；）唉╯﹏╰下次一定会再来的！！！！！,2
3544,中国国家博物馆感觉太大了，整整可以逛一天,2
3545,很不错，很向往，一定要再去看看。,2
3546,中国国家博物馆是世界上面积最大的博物馆，免费的，只用预约就行了。人多。,2
3547,免费的，里面很多值得看的历史物品等。若是有时间，建议花四五个小时进去参观。,2
3548,上午也可以预约到当天的票，人真是超级多，展品很多很多，一下午只逛了一层，腿儿都溜细了，还想来。,2
3549,国家博物馆就是最好的学习知识的地方，就是要记得提前预约，不然就不能进去，而且要在预约点等入场。还千万不要和首都博物馆搞混哦,2
3550,好地方，值得一看，前提是相信。,2
3551,这是中国最大的博物馆，里面珍贵文物众多，还是免费的，非常值得一去，去之前要提早预约，还要早一点排队，否则夏天排队一个多小时安检真不是好玩的。,2
3552,博物馆非常大，收藏了无数古代文物，非常值得参观,2
3553,北京首都，标志性建筑，值得一看呵呵,2
3554,暑假到了，早出门不太热，提前网上订票方便，有太小的孩子就不要去了！,2
3555,宝藏之地，值得无限次打卡的地方 【趣味】,2
3556,非常值得去 博物馆藏品丰富 可以了解很多知识,2
3557,这一天是自由行，自己带他们出去玩的，打的滴滴去的，但是长安街不让停车而且很堵，师傅在前门给停了车，我们就坐了两站公交再到的。,1
3558,国家博物馆，壮观，能学到很多东西,2
3559,好大的博物馆 有时间去看看不错的,2
3560,很值得一去，历史展览几乎是中国古代史的缩影，建筑体量也很宏大，推荐,2
3561,里面有国家的发展史，也有其他国家的的发展史小朋友应该会喜欢。去之前留意官网是否是闭馆期间。,2
3562,馆藏太丰富了，大开眼界，涨姿势,2
3563,经常来参观的地方，好展览很多，得天独厚,2
3564,我们的国博规模超过之前的预期，而且经常有流动展览，会让人去了还想去,2
3565,高大上的建筑和展览，就是排队过安检很麻烦,2
3566,值得一去，大概半天时间能转完！,2
3567,我们去的那天人山人海，大家都是慕名来看《伟大的变革》庆祝改革开放40周年大型展览。 中国国家博物馆的外观十分雄伟壮丽，设计也很独特，是世界上单体建筑面积最大的博物馆。进入国博内，直接被博物馆的高大所震撼，室内光线明亮采光极好。,2
3568,免费，很棒，我去了，很多精美展品,2
3569,情侣狗破工作头目多用热水西游新手婆媳培训哦盛一伦任务色系徐敏,1
3570,里面的文物都很有特点，特别是青铜器。,2
3571,值得去，很多东西都是珍藏，小孩可以去,2
3572,带孩子去的国博，整整泡了一天，藏品没的说，尽显大国力量。,2
3573,感觉真的非常不错，好友推荐，比来,2
3574,必须看，不同时间还有不同的展览,2
3575,很好的博物馆，不愧为国家博物馆,2
3576,长见识，好多东西，人也多，值得去看看,2
3577,时间紧  参观了一部分   但是很值得,2
3578,国家博物馆是北京必去的地方之一，凡历史厚重文化丰富的地方是三分看七分听，人少的话可以跟着讲解员边看边听，如果是好几个人一起，建议请一个讲解员，也不贵，对国博感兴趣的走走看看听听下来要三四个小时,2
3579,还没去，就听到“噩耗”，闭馆了。而且预约系统早关了,0
3580,在国博可以看到很多不错的特展，可以考虑提前关注下特展信息。,2
3581,想去国博的同学这两天要抓紧了。官网已出公告，因施工原因，2019年3月20日16:30起，国博将闭馆一段时间，恢复开放时间将另行通知。,1
3582,高端大气上档次，展览走心，展品丰富,2
3583,本来是抱着极大的兴趣去观赏的，但是进入博物馆之前过了三次安检，排队过安检，而且安检人员都很凶，过完安检后对博物馆的兴趣立刻下降。博物馆内部工作人员服务态度也不好，虽然是免费观看，但也不用这么严肃吧！展馆确实不错，有些热，逛久了会渴也会饿，为了一次性观看，带食品哦。最后租一个讲解器，这样会更有体验性~,2
3584,中国国家博物馆是全国非常大的综合性博物馆，集合了各地的文化精髓,2
3585,作为中国人是非常值得去的，里面很大，最好上午去。,2
3586,超赞！提前在网上预约，所以一大早 没怎么排队。暑假带孩子值得一去。,2
3587,好大，奇珍异宝，名不虚传，看得我眼花燎乱大开了眼界还不花门票、太好了拿着身份证排队九点开始，在里转了两三个小时都没看全，还拍了许多照片。,2
3588,国家博物馆我去很多次了，每次去都有新鲜的展，最近很火的伟大的变革，我去了两次，纪念国家改革开放40周年，最最经典的就是每次要排队的清明上河图球幕影院了，看到了最想看的天灯，真的太美了，圆梦了,2
3589,规模、设施有待进一步提升和改进，期待明天会更好！,2
3590,高大上的展品和展厅，真正体现中国文化历史的地方。,2
3591,正在举办改革开放40周年展览，非常好！,2
3592,年年有主题展览，特别好，还免费。,2
3593,去过国博很多次，还是没有全部看完，国博太大了,2
3594,没有吴王夫差剑，越王勾践剑也没有,0
3595,今天来参观国博馆，发现国家博物馆近日都在装修中，还要20多天才开放，来参观的提前计划好行程吧,1
3596,非常非常大啊，走了整整一下午都没走完，最后是博物馆要下班闭馆了才走的。不愧是中国国家博物馆，展品之多、之全、之贵重就肯定了，喜欢历史、古玩等的朋友一定不要错过。,2
3597,展览施工原因，国家博物馆自2018年9月25日起，暂停对公众开放，恢复开放时间另行公告。给您带来不便，敬请谅解。,1
3598,展馆不是很多 人很多 看到了司母戊鼎,2
3599,真的是很棒的体验里面很大很干净，就是太大了东西太多转不完，羡慕北京的孩子,2
3600,下午三点钟才进去，人太多了，里面超级大，展品丰富，只匆匆逛了一下负一层就到闭馆时间了，俩娃意犹未尽，下次再来要安排一整天时间慢慢逛,2
3601,博物馆也是一个值得去的地方，这里有很多历史文化从这里了解。,2
3602,我觉得值得带孩子看，场地很大，外观气势磅礴,2
3603,人很多，排队上厕所，座位少，有时还不让坐地上。安检后没法存包。,0
3604,免费，直接刷身份证进，排队的人多，也许是场地大，进去逛博物馆的人比陕西省历博的人少，坐在椅子上，地上玩手机的人非常多。逛博物馆还是要有讲解才好,1
3605,值得去，孩子喜欢，老中青都可以去欣赏国博,2
3606,值得一去的地方 可以待一天 环境还不错,2
3607,文物主要是瓷器、青铜器。非专业人士看不懂，观赏性不强。,1
3608,展厅内容极丰富，一天都看不完。排队要很久，想要进去得提前做功课办理申请。,1
3609,博物馆里面非常宏达，有中国的文物，还有特色展览，经常变换展览内容。,2
3610,宝贝很多，很有趣味性，就是人太多，体验感不高。。。,1
3611,带孩子可以一去，要静下心来看.一天都不够,1
3612,非常喜欢青铜器，其他展厅也常看常新❤️,2
3613,这里是每个孩子都必去的地方之一。,2
3614,比起北京其他的5A景点，确实有那么一点点的逊色，还是值得去看看的。收藏品不是太多，有很多是从外国回购的，听着特别心酸。,1
3615,國博應該是到北京必到的地方了，置身文物之間，中國歷史的魅力展露無遺。五星推薦！,2
3616,场馆里原始人的生活环境,1
3617,里面东西太多了，看到古人的东西真的感慨。,2
3618,这是国内博物馆的标杆，非常值得一去,2
3619,大爱国家博物馆。如果不是带着小小孩，我一个人可以逛一天。中国历史悠久，每一个文物背后都有一个故事，太有趣，我觉得这是北京最值得逛的景点。,2
3620,凭身份证免费的，最喜欢非洲木雕，很有趣。古代瓷器展也好。,2
3621,展厅面积非常大，看得眼花缭乱，集合了全国各地的精华，非常值得参观。,2
3622,特别大！不要门票，凭身份证换门票，每个展区都有服务人员。展品也很多，老少皆宜适合学习欣赏。,2
3623,收下这份圆明园超全秋日打卡机位,2
3624,去的时候是6月份，也遇到了北京难得的好天气，在去哪儿网上购票要方便一些，价格和现场购票一样25元（套票可以游玩园内所有景点），如果有红包还可返现。因网络购票的人不多，网络取票和现场购票的窗口不同地点，所以减少的排队的等待。,2
3625,【概述】北京游玩，我会选择游览万园之园圆明园，有两个原因：第一，我非常喜欢雍正，二月河的《雍正王朝》看了好多遍，雍正还是阿哥时，康熙就赐给了他，虽然从雏形到后来的万园之园经过了好多次的改建扩建；第二，八国联军火烧圆明园是每一个国人的痛，走进圆明园，看着断壁残垣，告诫自己勿忘国耻。,1
3626,门票：网站上面很清楚的写啦我就不多说了，我只能说如果是学生记得一定带学生证，有任何优惠证件就都带上，我买的学生票圆明园+西洋楼遗址（含大水法遗址、迷宫、全景沙盘)全套10元，便宜哭了；路线：我的亲身经验，一定记得南门进去会比较好，我用坑爹的百度导航从东门进去的，其实也可以，毕竟圆明园很大，三个园子在一起；从南门进去就先看到福海，也就是圆明园里最大的水域，从东门进去就一定要先去看那个...,2
3627,圆明园位于北京市海淀区，清代的著名皇家园林，建于康熙四十六年，最开始是康熙爷赐给雍正爷的园子，而“圆明”两字正是雍正爷的法号。嗯，这些内容喜欢看清宫剧的小伙伴一定很熟悉，比如《步步惊心》里四爷种地的地方和《延禧攻略》里璎珞给老佛爷祝寿使得大猪蹄子封她为贵人的地方，都是发生于此。,1
3628,圆明园遗址公园可谓是耳熟能详了，在这里一定要提醒前去游玩的朋友，景区虽然叫做圆明园遗址公园，但是公园整体是由3部分组成，而其中的亮点是在大水法遗址，便是在长春园，所以在这里提示建议买联票，这样防止在进入景区时因为人多排队而让内心焦躁不安。,2
3629,【游览感受】本来是想去清华大学看看的，不过不知道为什么不让进，于是就来到附近的圆明园遗址公园这里，现在的圆明园遗址其实并不多，和自己想象中的有一点不大一样，不过这里的环境还是非常美的，毕竟这个园林也是属于皇家园林，里面有天鹅湖、有喷泉，园林很大，也可以乘坐游船游览。刚好是夏天去的，湖面开满了荷花，非常美，夏天来逛圆明园是最好的了。圆明园其实是分三个园的分别是圆明园、长春园和万春...,2
3630,圆明园非常大，里面的路标指示也特别明确，强烈建议花上至少半天时间慢慢游览，不必非得按照什么顺序来游览，跟着路标和心情，每个地方都有美景，圆明园离清华很近，大门票10块钱，里面的各个小景点门票10-20不等，建议在去哪儿上买套票，22元包含所有的大小景点，还不用等直接换票，我是从南门下车的，圆明园主要有3个景区，也可以叫3个园子，真的很大，南门靠近万春园，另外还有圆明园和长春园，里面的湖很...,2
3631,圆明园公园很大的，除了在废墟上留影，其实圆明园还有大片的荒野林地和湖水，风景极端凄美，很适合徒步和野游爱好者的趣味。春天可以赏花，柳叶；夏天有荷花，秋天有银杏树，冬天有雪景，可以说一年四季都有独特的自然美景哦，而且门票非常便宜，只要10元。如果第一次来玩，还是建议买套票25元（圆明园大门票、大水法遗址、迷宫和全景沙盘），在去哪儿网预定只要20元，省5元，取票相当方便。建议游玩3-4小时左...,2
3632,同样是作为皇家园林，不管是从小时候课本上，还是组织去圆明园春游，甚至现在去圆明园踏青，都从内心还是有一种隐隐的遗憾感，曾经的历史往事注定成为了圆明园的一道伤疤，留下了历史的痕迹，也让我们总在这里寻找当时帝国辉煌的缩影，和其他的皇家园林不同的是，可能因为圆明园的保护不好，没有像其他的景区那么吸引人，所以相对于其他的景区客流量不算很大，同时门票的价格也会比其他的景区便宜将近一倍左右...,0
3633,一场大火烧掉了圆明园，现在再去能看到的大多也都是自然风光了。每年春天都会去转转，坐在岸边吹吹风，看看春的气息。,1
3634,因为前一天比较休闲，所以为了完成行程这一天又开始暴走啦。一大早就开始出发，打车去了圆明园。圆明园离金宝街我们住的地方还是比较远的。,1
3635,对于圆明园的记忆开始于小学的课本，我还清晰的记得那篇课文的名字叫做《火烧圆明园》，圆明园在北京的海淀区东部郊区，离着清华大学非常近。曾经是一座举世文明的皇家园林。是清代一座大型皇家御苑，占地非常大总面积达350公顷。 我第一次来这里在冬天，冬天里风景也许不是那么美，但还是能清晰地感受到当年圆明园曾经气势恢宏的建筑特点。这里门票不贵10块一张，学生票5块，如果要去西洋楼遗址景区的话，还需要再加上15块钱，西...,1
3636,圆明园现在遗址并不多了，桥、亭子、建筑都毁的看不到过去的样子了，偌大的园子几乎空空荡荡，走在里面欧式痕迹很多，能想象到之前没有被摧毁前这里的另一幅豪华的气派景象。【适合游览的季节】建议夏天的时候来，夏天的圆明园很美，现在圆明园开发了很多的项目，夏天的时候这里都会举办荷花节，荷花盛开，清香扑鼻。【关于圆明园的介绍】圆明园是万园之园，也是皇家园林。曾经的圆明园规模宏大而且富丽堂皇，现在这里也是一个非常...,1
3637,现在的圆明园确实只是个遗址公园了。一直以来，想象中的圆明园太高大上，即使是被烧了，依旧是心中的园中之王。夏季去圆明园的时候，满园的荷花开了，很大一片湖里，远看去蓝天白云绿叶红荷的，不时有游船划过，确实美翻。说实话，圆明园遗址公园里的遗址不多，除了大水法那一带的遗址区遗存的古迹较集中，其他地方都只有零零星星一些桥或地基等，看点不多。相比而言，保存最好的大水法等，和印象中电视上照片中的高大上的形象相比...,1
3638,来到北京，去的第一个地方时南锣鼓巷，紧接着就去的圆明园，一直想去实地看看圆明园公园的遗址，没想到去了之后发现遗址只剩下那么一点儿一点儿了，基本上历史书上有多大，现在的遗址就有多大。一提起圆明园，人们想到最多的两个词肯定是皇家园林和八国联军了，接下来我就从这个两个词来说圆明园。首先八国联军，这个也不用说太详细了，圆明园就是毁到他们手上，这是一段沉痛的历史。然后就是皇家园林。清明上河园完全无愧于其皇家...,1
3639,要看废墟遗址一定要通票才行的，只买门票进不了遗址看。圆明园值得一看，尤其是洗劫火烧后的留下的残垣断壁，给我们后人的感觉还是很震撼，咱们决不能让历史重演，决不能再任人欺辱。.圆明园太大了。马不停蹄走三个多点儿才算逛完。虽然是这个季节，半天没转完，荷花池塘好大，睡莲也那么好看，还有黑天鹅，一点也不怕人，在岸边睡觉，景色有花有水有树的天然痒吧，比故宫里的御花园漂亮。不愧是皇家园林！,2
3640,圆明园被誉为万园之园，世界园林的典范。春季的“踏青节”、夏季的“荷花节”、秋季的“菊花节”、冬季的游园会四季系列旅游文化活动形成特色。北京难得的好天气，出去玩去！！！本来是来清华玩的，不让进，就来了圆明园了，学生票才十块，通票，因为里面有三个馆~~~都要撕小票的，要不才5元！很便宜吧！全票也才25！里面好大的啊！很多湖！都结冰了，很美！不愧是皇家园林！得花多少钱！这些钱要是用来造舰艇买舰艇~~哎！看到了圆...,2
3641,圆明园是清朝的皇家园林，两次去圆明园，给我的感受越来越清晰。这里曾几何时是规模宏大，歌舞升平。自从1860年英法联军入侵以后，它就变成了残垣断壁。包括雨果在内，许多人都在痛斥英法联军的暴行。但是圆明园在火烧之前，又岂是普通老百姓能随便进去的呢？那时候他是咸丰皇帝和慈禧太后呆的地方，再往上它是雍正皇帝和后妃们呆的地方。它是皇家园林。但是自从火烧圆明园之后，自从圆明园开放以后，它就成了普通人买张票随便进出...,0
3642,方便便宜，下雪天又是周二，人少景美，很漂亮，但是遗址看了多少都是心酸阿，国弱就是被掠夺啊。,2
3643,取票挺方便，比正常门票便宜5元，各家网站，属你家**后最优惠了。,2
3644,好玩，人多，不便宜。服务态度好。,2
3645,以为是在门口领取呢，结果是下载在手机上的，流量少的小伙伴们一定提前下载呀。这个系统不是定位后自动讲解，但是这个系统定位不准，园内景点标示又不是很明确，走到相应景点跟前了却不知道改讲解哪一个，而且讲解听起来有点浪费时间。园区超级大，建议大家租自行车，不然腿会走断的,0
3646,非常值得去 就是太大了 走得腿断了 电子票比现场买票速度要快,2
3647,圆明园，他像一座城市那么大,1
3648,虽然很冷，但人很多，还有旅行团。,1
3649,不错，取票也方便，跟着提示走就可以,2
3650,感谢金导用心安排，出行的前晚和当天早晨都有电话提醒，颐和园的详细讲解，幽默风趣，博学多才。沈师傅的驾驶平稳。点赞金马旅行社优质的服务！,2
3651,交通便捷，景区好大，走上大半天都感觉意犹未尽，看了原来的影像资料，觉得这段历史真是沉重。还是应该去看看的，牢记历史，学会自强与担当,2
3652,换票方便，地铁出来就是南门，在游客服务中心换，正是荷花盛开的季节，花很美，可惜圆明园只有大水法剩下一点遗迹了，连满目疮痍都算不上了，悲哉！,2
3653,园子太大了，一天都游不过来，取票不排队，不错的旅游,2
3654,皇家园林景观优美，,2
3655,取票很方便，可惜圆明园已不复当年之景,2
3656,园区太大了，一天只走了一半。但风景秀丽。不愧是皇家园林,2
3657,玩的不错，下了小雨。缅怀了历史，但是沙盘没去看。,1
3658,交通太少，园子太大，走的较累,0
3659,见证历史，亲眼见到之后才发现古人精湛的技艺把一切刻画得活灵活现，只可惜被破坏了,2
3660,景色还可以，由于天气阴，总体还可以吧，也许夏天来会更好,2
3661,下错地铁站从绮春园进的园，有点远了。去之前最好问好在哪里下可以知道圆明园的下车点。冲着西洋楼去的，还看了兽首，走了里面的迷宫。很不错。就是去的时机不太好，这会儿虽然人没有五一多，但是北京柳絮飘飞，很难给人友好的印象啊。上午去的话最好带点吃的水什么的中午找个凉亭吃就当野餐了。景区肯定贵。,2
3662,园子很大，走的脚疼，现存的遗址基本上都在第二次检票后的园子里，前面主要是原址上的公园。,1
3663,来了圆明园才知道什么叫风景如画～估计是春天来的～湖周围绿树环绕特别美～园子也挺大～大水法和课本上看到的一样漂亮～进黄花阵逛了一下挺有意思～逛了四个多小时才逛了两个园子估计是走的太慢了～有机会还会想来第二次,2
3664,看到遗址真的很气氛，感到痛心,0
3665,西洋樓ㄧ定得去看，地方很大，先看好路線，容易迷路。,1
3666,圆明园里面好大啊，景色很不错，如果没有被毁灭，那真是万园之园.,2
3667,清华就在圆明园南门附近、游玩非常方便,2
3668,价格比较实惠，让大家对曾经的“万园之园”有了新的认识，值得一去！,2
3669,入园很方便快捷，在售票处报手机号码就直接取票了，好评！,2
3670,非常好的一次体验，姜导游讲得特别仔细，一路带着我们走着精品路线，由于人数就我和老公两人，意外变成VIP团。感觉很幸运！姜导游还特别会拍照，为我们拍了很多满意的照片。时间安排得也很好，不慌不忙。特别感谢姜导游！辛苦了！以后有机会来北京还会找她。😽👏,2
3671,国庆时去的，取票方便，不错，省了不少时间。,2
3672,最重要的是便宜，西洋楼遗址很好。赞一个。。。,2
3673,应该去看看的，如果你了解圆明园,2
3674,不愧是圆明园，当然人也很多，不过现在比较多的复原景点，有时候都不知道看到的是原本的东西还是现代仿造的。,1
3675,天气很好，眼光特灿烂，孟导讲解很好,2
3676,极速拿票，边排队边下单，到自己的时候正好拿票！,2
3677,辛苦范导了，一路上细心讲解，态度超好，说话温温和和的！不像别的导游这样那样的催呀催的！虽然风大天冷，但是心暖，景美,2
3678,圆明园里面很大，一般旅游团就拉到大水法拍照，然后就没了。但福海和九州景区都很美，值得细心赏玩。,2
3679,天气好好，蓝天白云的。园内人不算多，玩的很尽兴。勿忘国耻,2
3680,圆明圆的荷花很是漂亮，但可能去的时间有点晚，有些荷花败了，但远望拍照还是很美的。里面的其他景观已经被毁坏的差不多了，什么都没有了！园子太大，根本转不完，我们坐的缆车去的西洋楼，坐的游船回到地铁的出口！,1
3681,公园转了主要的景点，有几个地图上的点已经找不到了，工作人员说已经变成废墟，地图要自己买，进门有人卖1元一张，不过作用不大，指示牌不算多但也够用了，留作纪念吧，总体感觉园子有点老久，历史感浓厚，五月办的花展，也没看到，不知道花是不是败了，有指示花展方向的，可去了什么也没看见，十二兽首多数也都是卖东西的，船和电瓶车也都是分段式的,0
3682,孟导很专业，照顾的很周到,2
3683,不错，国庆来的，人比较多，但整体风景很好！,2
3684,圆明园买票处排了好多人，我们还是在去哪儿买的票上去，取票很方便。,2
3685,到圆明园换票进去，挺方便的！园区很大，只逛了一半不到，留待下次吧。,2
3686,圆子不大，粗逛了下一个多小时。有些历史遗迹还是值得看的！,2
3687,不好玩，浪费钱，一堆破石头，不值得去,0
3688,好大的一个园子！可以想像出曾经的辉煌。这是一段多么令人心痛的历史，史无前例的建筑奇迹被英法强盗毁于一劫！勿忘国耻！,0
3689,现在的圆明园，已经没有了当年的光彩，像是一个饱经沧桑的老人，微笑着看着自己的子孙后代。来这里，我们是为了不要忘却当年，更要感恩现在,1
3690,取票很方便，甚至可以到了门口在上客户端购买。现在景色是最好的时候，荷花盛开，凉风习习，不虚此行哈。,2
3691,取钱很快捷，风景很漂亮,2
3692,北京这些地方真是完美，值得一去。,2
3693,李晓军导游特别棒，幽默风趣讲解清晰，深入浅出将圆明园背后的故事娓娓道来，特别棒，推荐找她,2
3694,憋的难受 没事来这里转转还不错 现在人也很少 空气也好,2
3695,第一次去圆明园，感觉挺不错的，里面的大水法很漂亮！真是个旅游的好地方！,2
3696,不只一次去了，感觉还是很好,2
3697,因为去了颐和园的缘故 圆明园给我的感受更多是沉重,0
3698,圆明园很大，可惜的是总共有三个园，我逛了一天只逛了两个。有点遗憾。门票本身不贵，而且还可以逛到很晚。但大水法就关门早了，看到了教科书上的东西，很感慨。,1
3699,很方便 就在地铁出来广场东侧游客服务中心换票 不用排队 是联票 进去都可以玩 很方便 会推荐给朋友！,2
3700,挺不错的  风景挺好  票也挺值的,2
3701,花10块钱去赏荷确实很合算，推荐荷花展时间去,2
3702,皇家气派，荷香满园。去的那天正好有工作人员正在现场发掘。看了遗址公园，面对残垣断壁不由得感慨万千。,1
3703,很方便，凭短信的6位数字入园凭证去绮春园南门东边的服务咨询中心取电子票即可。圆明园真的很大，我们用了一下午时间，也没有看全所有景点，景色还是很不错的，人也不少，最后累的实在走不动了，坐观光车回去的。很不错的一次游玩儿！,2
3704,到圆明园门口用的去哪儿网站买的票。非常方便,2
3705,观赏为主 要是和附近的颐和园比 我更愿意去颐和园哈 观赏玩乐丰富些,2
3706,不错，很便宜，也很方便，希望经常有这样活动,2
3707,很方便，一般没什么人排队，但需要到志愿者岗亭那边去打印。,1
3708,还不错，带两位老人家过去走了一趟，好好一园子被毁成这样，有兴趣的可以去看看,0
3709,很大的一个游玩地方，根本就走不完。,2
3710,风景优美，荷香满园，历史厚重，皇家气派。去的那天正好有考古人员正在工作,2
3711,风景怡人，荷花很美！,2
3712,第一次去，感觉很是震撼，感叹古人的伟大和智慧，不仅感觉到可惜。,2
3713,遗址就是遗址而已，如果没有讲解会比较坑,1
3714,勿忘国耻！一个叫法兰西一个叫英吉利！,0
3715,第一次来北京，报了这个团很满意，一天去了三个热门打卡景点，天坛公园，圆明园，颐和园，节奏轻松愉快的游玩。罗导游讲解清晰详细风趣幽默，听得很满意，比自由行省时间又可以了解更多历史，含餐味道也满意。。很nice的北京游。,2
3716,很好很不错！下次还会来！方便！,2
3717,很好很方便 这时候淡季还好还好,2
3718,纯玩无购物，值得推荐！！！,2
3719,我只能说导览小姐姐就是个行走的历史课本，但不像高中时上课那样让人想睡，反倒非常幽默，口条好的不得了，还会厘清我们对历史的认知，对人生的看法，给我们注入新的想法以及三观，正视自己的缺陷、导正自己的误解，非常喜欢了啦。,2
3720,圆明园好大，好漂亮，好宏伟,2
3721,挺大的，进去逛了好大的湖才到了遗址，建议可以坐电瓶车，春节人很多。价格还是很实惠的,2
3722,公园很大 逛三四个小时没问题 景点不多 但很有历史感,1
3723,为什么去就不用说了吧，必须去看看那些经典的建筑。公园取票很方便，但是其实现场买票也不会很挤，可能是淡季吧，排队的人并不多，在门口看了公园的地图，感觉很大，我们是从南门进的，一直往北走，沿途游览，不过告诉大家如果时间有限只看古遗址的话可以直接从东门进，圆明园的确太壮观了，特别是走进遗址公园我有被震撼到了，古人的手工技艺太伟大了！,2
3724,取票方便，所包含的景点门票也实惠，靠谱。,2
3725,交通:地铁很方便，4号线圆明园出来没多远就是,2
3726,便宜，环境优美，身份证可入园，秋天的银杏大道超美，可以手残拍不出来。,2
3727,应该来看看，看看历史不忘国耻！,2
3728,园区风景秀丽，观园明园西洋楼遗址,2
3729,取票比较方便，现场买好就可以取票,2
3730,景区很大 淡季的人不多，转完很有感触。,2
3731,不错，景点大。本身和别的景区没啥区别，只因为他是圆明园,1
3732,方便快捷支付非常好用,2
3733,还不错取票什么的也方便，圆明园是北京必须要去看的。比直接买票划算点。,2
3734,园子很大，三园交汇处掉向了，福海以西人比较少，西洋楼遗址那片人比较多。门票不贵很好玩。,2
3735,园里很大，很美！玩的很开心！,2
3736,第一次参加了北京一日游哦行程 从圆明园行程到清华北大了解了历史 圆明园虽然是遗址 但是听罗导讲解内容正史和野史 一路给拍照 拿着行李 认识了导游的工作 讲解丰富 行程安排妥当 值得推荐,2
3737,不怎么样，感觉导游太懒，基本没怎么解说，看到旁边的带团导游，别人讲解非常详细生动，以后不会再选择这家，太糟糕的体验,0
3738,遗址是个牌子，我以为真有景点呢，,0
3739,第二次来玩了，这次和老爸老妈一起来的，很开心?,2
3740,还行，比较大，腿都走软了，里面有个点要另收费才能进，就酱。。。。。。。。。。。。。。。。。。。。。。,1
3741,一个字大，走不完，湖面结冰了，冬天是另一种美,2
3742,感受华夏历史，经历历史变迁！虚华浮现，落后挨打，两条永不更替的真理，再次体会，当年奢华今何处！,1
3743,取票方便，园内景色宜人，夏天景色更美，很大,2
3744,这个公园太大，只能选择玩,1
3745,终于来了次圆明园，幼时课本上的残垣断壁真正展现眼前的时候没有了当初的震撼，整个园子还是挺大的，较之颐和园的人山人海这里游客并没有那么密集，这会花红柳绿鸟语花香，不知为何充斥着淡淡的忧伤， 当年的皇家园林,1
3746,感觉很可惜啊，那么好的地方，只剩下几根柱子,0
3747,怎么说，到了这片废墟，感觉是非常负责的，第一感觉是耻辱，接着可惜，悲痛，在看看昔日的宏伟壮观，更是悲上心头，但是心底也有暗暗的鼓舞力量，残缺的美，有时候更让人心动,0
3748,很好的地方啊！需要懂些历史！带孩子去最好，教育勿忘国耻，振兴中华！实现伟大复兴的中国梦！,2
3749,取票很方便，比现场买便宜。,2
3750,一定要用！来了这，不用这个东西学习历史文化！等于白来！尤其是视频！超级赞！！！,2
3751,整个圆明园遗址公园挺大的，看着这些残垣断壁，能感受到当时的凄惨现象，真的很可惜，相信没被毁坏之前，一定是很漂亮,2
3752,❀⚘真༵的༵不༵错༵，历༵史༵古༵迹༵！感༵受༵了༵被༵侵༵略༵的༵惨༵景༵⚘❀,2
3753,挺不错的！取票很方便，圆明园太大了，是三个园子，一天逛不下来，等有机会还得去玩玩,2
3754,圆明园大到不行，但是真心只有那个能看的。。,0
3755,取票很方便，地方太大，走得累。,2
3756,取票非常方便，虽然是冬天，但园子还是很漂亮。,2
3757,便宜好几块，而且完全不用排队,2
3758,第一次买电子票 真的很方便还便宜 关键是可以买当天的票 是最方便的了 当时验证码没有一丝时间发过来 打了客服电话 态度非常好 立刻发过来了 只是我是学生 忘记用学生证买学生票啦 哈哈 赞一个 总之很愉快的一次团购,2
3759,细雨纷飞中抚摸历史的痕迹,1
3760,过年去的北京，天气有点冷，景色也不是很好看，树木都萧条了，但是去感受一下历史还是不错的。来回要走一个上午，还是很累的，要带好水和干粮。,1
3761,节奏很棒的一日游，超划算，早上坐出租车导游给报销，包中餐，全程导游都很和善健谈，中途有老人没跟上团好几次，她都耐心接回，我们在圆明园也走错出口，最终位置共享等我们十分钟，上车还安慰我们没关系，体验感不错，比自己单独出游更划算，时间衔接得很好,2
3762,很不错，挺方便的，推荐购买,2
3763,圆明园遗址公园：靠近清华北大，特别是南门近清华西门-就在一条路上；取票方便，偶是套票，园大、景多、风劲，需要体力，真正可看有价值的并不多，不过可以作为历史教科书来读…（早定早优惠哦）,1
3764,好东西 价格便宜 习惯好评,2
3765,取票方便又实惠，圆明园值得去，看到西洋楼的样子，心里总是不舒服。西洋楼必须要去的。不过院内其他景色也异常秀丽，是额外收获,2
3766,不错，开始不信担心上当，是真的，还好比买票便宜2元钱，圆明园需要导游，北京三分看，七分听，横着导游走就对了,2
3767,圆明园作为遗址公园已经没什么了，看完很让人痛心和气氛，勿忘国耻！,0
3768,铭记历史，㊗️ 祝愿祖国繁荣昌盛！,2
3769,挺好挺便宜的，就是节假日人太多，建议不要节假日去。,1
3770,用了红包便宜了十块  省钱  取票要到服务区,2
3771,很好，好方便。圆明园真的好大好大，走完就累惨了。荷花池很大很大，做个15元的船还是挺惬意的。,2
3772,比门口买票便宜，圆明园满池的荷花，很美,2
3773,我国的万园之园！很值得去看一下，了解我国的文化历史！,2
3774,圆明园太大了，分三个园区，但是大家基本只去绮春园和长春园，真正的圆明园很少去，建议有时间的可以花一整天的时间逛逛，太美了！还有一个小型迷宫，挺有意思的,2
3775,領票快速方便，見證歷史的好地方，冬季人不多景好拍,2
3776,"孩子喜欢! 跳跃! 价格略贵 十年前一样 无新意 送了一只海母,在出口商店领的。",2
3777,非常方便，价格优惠，非常满意。,2
3778,很美，虽然各个小公园都差不多，气派，宏大，只是可惜了，已经没了原貌,1
3779,实在太大了…尊的太大啦...,1
3780,也许 今天的圆明园 不再会有当年的繁华,0
3781,特别好，园内景色好，票也便宜,2
3782,第二次圆明园了，购买的电子票在服务中心买的，挺方便，看到遗址依旧痛心，应该多带孩子们出来看看，牢记国耻。,1
3783,圆明园期清朝时期的皇家园林，游客相对较少，都说圆明园夕阳美，昨天傍晚走起，下面是圆明园九洲景区的夕阳西下的景色。的确不错。,2
3784,圆明园遗址圆明园遗址圆明园遗址,1
3785,好大的公园15一个，吃个乐呵最重要的就是西洋楼遗址断桥，唯一残存的桥野鸭子和它们的鸭孩子很多一大片大片的遗址区，都是类似这样的迷宫，看到好多小学生春游，人家春游去圆明园，我春游去龙湖公园。囧最高的桥，皇帝欣赏风景的,2
3786,参观圆明园是这场旅行中计划之外的惊喜。,2
3787,里面好像导航不管用，走错了好几次路，岔路太多了😭好多的柳树吸引我的柿子树，天气真的好正觉寺的后门。超多美术生在这素描，别有一番风味（正觉寺要从前门进，前门在景区外面，地铁口旁边）景色真的太美了，哈哈哈，就是游船暂停开放了，失落，为了自拍口罩都吹飞了，所以大家游玩记得多备几个圆明园最火的打卡地，西洋楼遗址，看着真的会心痛,2
3788,虽然天气不作美，但是谢导颐和园和圆明园讲解非常到位！！！,2
3789,郭导服务非常好，讲解很到位，知识储备丰富一整天都在忙碌，非常辛苦，但是始终笑脸服务。，,2
3790,今天是韩导带队，语速适中讲解非常清晰，特别照顾一家有位坐轮椅的老人，非常敬业，以后有朋友到北京旅游，还会推荐这家旅行社,2
3791,感谢韩导一路上细致的讲解 耐心解答我们提出的疑问 下次还是会选择他,2
3792,来京办事的空隙去圆明园看了一下，人挺多的，虽然值得看，但是疫情期间建议大家还是小心一点,1
3793,带团的谢导服务到位，讲解详细，知识丰富，讲解流畅。一天下来感觉收获满满。谢谢谢导辛苦的工作。,2
3794,导游非常认真负责一直提醒我们注意安全，人也很耐心，全程微笑服务，整个行程安排也比较合理，爸妈也都玩儿的很愉快。,2
3795,这一次出行感觉真的超级好，行程安排的流畅合理，各个工作人员都特别棒，尤其是导游很棒，总的来说这次北京之旅真的超值，很赞。,2
3796,小郭导游时间，行程都安排的明明白白。非常合理，服务态度也很温和。暑假带小朋友很正确的选择！谢谢。,2
3797,双园不错，可以逛逛。,2
3798,由于这个团只有我们家三个人报名，所以旅行社提前一天帮我们调整成了两天行程。第一天是杨静导游带我们游故宫—八达岭，第二天是鲁欣带我们游天坛—颐和园—圆明园。北京是个非常有文化底蕴的城市，跟着导游可以了解很多景点背后的故事，两位导游都非常认真负责，能照顾到所有人，讲解清晰，非常推荐。,2
3799,罗导全程服务非常好，解说得不错，连我这历史文盲都能听得懂！没有隐形消费，纯玩团！下次还会推荐朋友过来找罗导！棒棒,2
3800,小郭导游讲解专业，认真负责，知识面厂，口才了得。今天的恭亲王府、园明园、颐和园之行非常满意，愉快。谢谢！,2
3801,值得去看，刷身份证直接入园！大家买的时候记得买联票哟！这个大门票是不包含西洋楼遗址的！里面单买遗址公园还要十五。,2
3802,郭导经验丰富，行程中认真负责，讲解专业细致，讲解的都是正史但并不枯燥，中间穿插一些小故事，小朋友说学习了很多知识，非常棒的一次旅游体验。,2
3803,孟导很专业，服务态度很好，整个过程一路讲解，不错,2
3804,服务超棒，孟导很好。北京一日游，选名都国旅!,2
3805,小郭导游很好 讲解仔细 价格优惠 适合出游 今天北京天气很好 有机会还想再来北京 早上9:30到下午6点 参观了颐和园 圆明园 清华北大因为疫情 游客不能进去 在门口留影纪念了,2
3806,4月17号天坛+颐和园+圆明园，导游小郭十分负责，全程步行1万6千步，从早到晚几乎没看到他喝水，嘴巴一直不停地说，确实非常辛苦。专业知识扎实，服务细致入微，把历史讲得通透，最有意思的是团里的小朋友特别喜欢他，一直围着郭导，今天应该给孩子们也算是上了一节生动的历史课,2
3807,天坛，圆明园颐和园，皇家祈福和休闲的地方！郭导的历史非常棒，讲解深入浅出！孩子听的非常入迷！可惜风太大，没有坐游船！,2
3808,很棒的一次体验，，小郭导游经验非常丰富，行程中认真负责，讲解的非常细致入微 更重要的是一直激发大家听讲解的兴趣，准备的图片更加深刻的还原了历史，报团就是冲着导游的讲解，但并不是所有导游都会讲的这么生动细致，讲解的非常精彩，让人回味，引人入胜，团队里的每位客人对郭导都很满意，欢声笑语不断，万分感谢。,2
3809,圆明园始建于康熙46年（1707年），由圆明园、长春园、绮春园三园组成。这样的景色对于一个南方人来说格外的新奇,1
3810,小郭导游讲解的很好，了解了很多历史知识，不再是走马观花的玩了，一整天行程很丰富，很累但也很开心,2
3811,北京市园明园景色很美，里面花很多。我带我老婆去园明园玩，她很开心。她开心，我就开心，因为我爱我老婆。,2
3812,从上午的初次相遇到午后的分离，从彭导身上我感受到了属于京都向导的魅力，绝对的亲和力，责任感，全程为游客考虑，天坛、圆明园、颐和园解说很是到位，不虚此行！！！,2
3813,【景色】金秋时节，风景宜人，漫步园中有益身心，使人获得极度放松！看着那些个残垣断壁又不禁伤感叹息，心中愤然帝国列强的行径！深刻体会“落后就哀打”。,2
3814,圆明园在北京海淀区，是皇家园林，有非常多的建筑遗迹可寻，大家都知道的。其次，园林景观也是相当不错的，同时，也是京城最佳赏花之地，每天四月，有牡丹花盛开。接踵而来的是五一芍药花，国色天香的绽放是圆明园一道靓丽的风景线。,2
3815,圆明园公园不仅有遗迹，它还也是一个赏花的好地方。每年四月中旬牡丹花盛开，接着，芍药花绽放。湖中还有黑天鹅，春季在圆明园走走是不错的选择。圆明园很大，可以玩半天。,2
3816,【景色】不愧是万园之园 长春园和绮春园的园林景色优美 夏天的荷塘和锦鲤更是惊艳 圆明园虽然基本被烧毁 现在留下的是遗址 但是福海周围的景色让人仿佛置身于江南   【性价比】门票十元一位 不含西洋楼大水法 票价很良心 如果想在圆明园参观的话 公园有免费的西部环线车可以搭乘 面积很大 节省了很多体力  【趣味】圆明园以水景取胜 可以在码头搭乘小船 成人25元一人 6岁以下小朋友免费 大家可以体验一下在荷塘中泛舟的乐趣 文创产...,2
3817,都说冰糖葫芦儿甜，原来北京糖葫芦是这么的好吃，下次来一定多多尝试。想必春日的景色一定非常美，才会让帝王不想回宫。战争只能给历史留下伤痛，断壁残垣，只剩下凄凉。一座恭王府，半部清朝史。,2
3818,这时圆明园荷花开的正茂盛，水面也很大，人也不多，别赶上周六、日。遗址的地方还要单收费，好在也不算贵。,2
3819,里面好大，可能要转一天，我下午去的，没转完，只看了长春园里的西洋楼，及大片荷花，第一次见这么大片的荷花，有空再去转另两个园，皇家园林气派,2
3820,圆明园的垂柳与荷花，最适合夏季的时候信步观赏。过去这里不要门票，印象最深的是夕阳下的残垣断壁，偶尔还能看到几个从体院进来跑步的学生。,2
3821,圆明园的迷宫确实很好玩啊，想一想现在的老百姓也能像过去似的，得到这么好的条件，能够在皇家园林里玩一玩，虽然花点小钱，也还是挺有意思啊，这是不是一种另一种成绩的这个突破呢？,2
3822,消夏溜娃好去处，可以坐船游，也可以租自行车，还可以暴走。有黑天鹅，绿头鸭，春夏季还可以看到小鸭小鹅宝宝😊带几个馒头，喂鸭子喂鱼，很欢乐,2
3823,里面真的炒鸡大！因为疫情的原因，里面没有多少人，也没有卖吃的东西的地方，但是游船和卖冷饮的都开了，所以还挺方便的。里面的荷花冰棍真的必须要尝试！各种口味都好吃😋我最喜欢的就是朗姆口味和原味啦～,2
3824,绮春园早期曾是清怡亲王允祥的与御赐花园，名为“交辉园”。到乾隆中期该园又改赐给大学士傅恒，易名“春和园”。乾隆三十四年（1769年）春和园归入圆明园，正式定名为“绮春园”。护花还是偷吃？绿的是莲，红的是鲤荷主题的饮料荷花倒映优雅的黑天鹅在水中游弋。,2
3825,圆明园的荷花开了，最吸人眼球的是今年唯一的一株并蒂莲。员工介绍，它属于自然生长，要求摄影爱好者不要随便制造动静。并蒂莲的梗是弯的，现在在员工的精心呵护下。,2
3826,盛夏时节，圆明园的荷花池百花争奇斗艳，分外妖娆，十分美丽。圆明园的荷花不仅种植面积大，花龄长。而且，游人可以和花近距离接触，人在花丛中感觉特别美好。哈哈😃,2
3827,圆明园的荷花很美，开在圆明园里也是很有意义的。饱受劫掠的残垣断壁中，高洁的荷花正在绽放，本身就象征着一种契而不舍的精神。,2
3828,历史见证了圆明园，现在的圆明园只剩下残砖断瓦，只能从这些残砖断瓦才能回想起来圆明园的美丽，现在很多游客只是匆匆过客，不能详细回味。,0
3829,这两天，圆明园的荷花盛开，引来不少游人观看。当然，也少不了我们这些业余的摄影爱好者。今年的荷花开的格外艳丽，让人不忍离开。,2
3830,圆明园公园是历史的遗迹，历史的见证，只是现在很多到圆明园公园来的游客只是参观，圆明园公园历史遗留的物品已经很少，现在是绿化非常好公园。,2
3831,五一期间的圆明园，芍药花开，花红叶绿，艳丽芬芳，实则也是一处不错的赏花地。还有黄菖蒲围绕在湖边，仿佛给湖水镶上了裙边，绿荫下，孩童们在湖畔玩耍，大人们坐在湖畔赏花赏景，一派静谧，祥和，幸福，美满的生活样子。,2
3832,想划船的大风预警不要去 交通： 圆明园南门是正门，地铁四号线有一站很方便，公交 也有很多路线都到，如果乘坐交通工具的朋友可以简 单查一下。但是人会很多。东门人少，进门后可以直 接前往西洋遗址楼，很近。 推荐理由： 万园之园真的很大，每次玩建议选个主题，要不会很 累，我们这次想去划船但由于大风预警所有船只全停 了，如果想要划船一定要提前听天气预报哦！南门进 景色很漂亮，去年的灯展还在，不知道晚上是否会 亮，小...,1
3833,圆明园是圆明三园，即绮春园、长春园、圆明园。西洋楼景区就在长春园内。现在，长春园园湖边的树已经全部绿了，荷花也开了，沿着湖边行走，非常惬意。,2
3834,一天玩了三个园子，陈导带着我们从一大早就出发，先去了天坛然后去了圆明园和颐和园，陈导一路走一路说，从每个建筑的故事到园区里的各种小细节都讲到位了，我们说想去北大清华门口拍照也都带我们去停车拍照了，而且套餐本来是含餐的，结果因为疫情没有团餐可以吃，还把餐费退给我们了。这次行程我家人也都非常满意，注重表扬陈导👍👍👍,2
3835,【性价比】非常不错。 【景色】虽然都是残骸但是还能感受到这里当年的风韵。 【趣味】【努力生活】奥利给![强] “不要冷漠地走入普通人，每个人都在追求自己的幸福。” “那些原来沉默的大多数就可以不沉默，那些原来普通的人就可以不普通。”  “我们是时间的尘埃，却是自己的英雄。”,2
3836,上一次来是2006年。天气好得不像话。  去圆明园的话，坐地铁还是很方便的。地铁四号线圆明园站下车即可。  圆明园很大，做好走很长时间路的准备。圆明园遗址的话要一直往里走。我们大概走了一个小时，不过一路走走拍拍，也比较悠闲。  看到遗址的时候，还是很惊叹古人的技艺的。但是也有默默的忧伤。,2
3837,一个宏伟的园林在斑驳的火影中无可挽留地消逝了，一个曾经辉煌的庞大帝国在历史进程中飘摇没落，这个宏伟的园林是圆明园，这个庞大帝国是清朝。如今，矗立的几根残柱印照着圆明园这段屈辱的历史。,0
3838,圆明园，2019.冬天去的，推荐！,2
3839,D4：圆明园/颐和园>清华>北大,1
3840,随着北京的天气的好转，绿化度越来越高，北京公园里的动物也是越来越多，圆明园的水面上之前没有那么多的鸟以及小动物，现在的境况是成群结队的出没。,2
3841,在北京圆明园南2门西，有一块不太大的石碑，上面刻有四个大字：不能忘记。逛完圆明园更能体会这四个字的份量，若大的圆明园除了废墟就是遗址，导游图上的中式园林只剩下地基，甚至很难找到一棵古树。,0
3842,以前对圆明园还总是小时候和父母一起来游玩时的映像，就是个公园里有些遗址而已。自从去年带孩子在圆明园九州景区参加了一次定向越野，在圆明园逛了一圈后，发现原来圆明园这么美。很多漂亮的景色，而且很大，所以不会觉得人很多，在里面和亲朋好友一起散步聊天真是太惬意了。孩子也玩得很开心，经常走着就会发现一个惊喜，水里的锦鲤自在的游着，夏天荷花很漂亮。现在我们经常来圆明园。,2
3843,圆明园这边逛一逛还是挺不错的啊，周边的环境特别的棒啊，唯一就是比较遗憾，这么漂亮的石头啊，建筑都被摧毁了，看的只是遗址，嗯，但是从周边的布局什么的能看出来，当年的规模还是真的很了不起。,2
3844,现在圆明园的春花都开了，柳树都绿了，周末踏青的人很多。大家都戴着口罩，可以保持距离，但是还是挡不住春天的吸引，要出来放放风。,2
3845,步入圆明园，可以看到很多的碎石雕刻！让人寒心的是，这些虽然可以称之为碎石的东西，实际上可以作为文物保护起来的！倒是湖中的黑天鹅很美,2
3846,来过一次圆明园，觉得圆明园里最好玩的就是这几只黑天鹅了，这是我第一次见到黑天鹅，感觉他们真的挺可爱的，靠近了又有一点害怕！,2
3847,从灵境胡同坐地铁4号线直达圆明园的南门，60岁以上老人免票，学生半价，成人票25元。我们在南门进入不久便坐船前往西洋楼景区，船票每人25元。,1
3848,翻出来去年夏天，去圆明园观赏荷花的照片。圆明园的荷花，也算是有些规模，一大片一大片的。园区非常大，绿化率很高，走在柳荫下，赏荷拍照，很惬意。,2
3849,圆明园太可惜了，现能参观的地方虽然是很小范围，但也能感受到其规模之大，建筑之精美，可惜被付之一炬，留给我们的只是一片废墟，令人伤心。,0
3850,圆明园毗邻颐和园，由圆明、长春、绮春三园组成，其中绮春园中各处小景点众多，是一个小型水景园的大集合，长春园以大型水景为主体，大家耳熟能详的大水法，即位于此。,1
3851,【趣味】去圆明园坐地铁4号线从圆眀园站下车，最近的入口是正觉寺门。买票最好买全票，西洋楼遗址和圆明园全景图都需要买票才可以游览。进入之后就可以欣赏圆明园的美丽景色。游览之后如果要坐地铁离开，最近的地铁站就是地铁四号线圆明园站。出去还是从正觉寺 门出去，切不可从别的门出来，如果那样要绕很长一段路才能返回圆明园地铁站。,1
3852,夏天来这边逛逛，也算是避避暑相关的东西也都不错，能看到一些挺不错的东西，然后呢，有一些真正的历史古迹吧，也挺有意思。很赞,2
3853,圆明园清代著名的皇家园林，占地面积大，各景点景色非常漂亮，由于清未八国联军的入侵北京，使这一皇家园林毀于一旦。现在的圆明园大部分景点己毁坏，地面留有迹址，据说是要重新修建，期待中。,1
3854,2020年的第一场雪给大家带来了惊喜，一直想去看雪后的大水法，这不昨夜的一场中雪让京城披上了一层白色的棉被，一早便乘车去了圆明园，进园后直奔大水法,2
3855,以为是拿身份证直接刷进去 结果是门口有人拿手机刷二维码进去的 差点以为搞错了 重温历史,1
3856,圆明园又称圆明三园，是清代大型皇家园林，它坐落在北京西北郊，与颐和园毗邻，由圆明园、长春园和绮春园组成，所以也叫圆明三园。此外，还有许多小园，分布在东、西、南三面，众星拱月般环绕周围。绮春园圆明园真的很美 难怪是皇家度假圣地,2
3857,圆明园很大，风景美，但这个套餐里的手机讲解是骗人的，鹿宝文化手机讲解，下单后没有发激活码短信给我，就是发了怎么关注的短信，就是废的，APP上找客服没人应，打客服电话也没人接，问圆明园工作人员说里面就有官方讲解，说是骗人的，到西现场买票也行，网上买就买25的那个就行，这个套餐是骗人的。,0
3858,雪后的圆明园格外美，特别是西洋楼景区 大水法银装素裹的样子，很久都没见到了。在白雪的映衬下，显得更有神秘感。海晏堂的雕花，在雪中看着，与平常就是不一样的感觉。,2
3859,虽经历历史的沧桑，但依旧格外美丽！,2
3860,圆明园离清华北大很近，我一开始只是听闻圆明园有一条银杏大道，但去到之后你会发现遥远出都能看到一片金黄，根本不用专门去找都能看到。,2
3861,圆明园两大区域：福海景区和后湖景区。园内的园林造景设计风格多以水为主题，广阔的湖面，狭窄的小溪，景色独特。福海是当时的皇家御园水上游乐中心。,1
3862,可以选择网上购票，方便快捷。北京值得一看的旅游景点。当年宏大、壮观的精美建筑现在只剩下残垣断壁，令人唏嘘不已，只能在废墟旁遥想当年的辉煌。,2
3863,圆明园一直想来看看，的确很震撼，如果这个庞大的皇家园林群能完整保留那该多好，来的时候正好举办花展，布置得很漂亮。交通便利。,2
3864,毗邻颐和园，由圆明、长春、绮春三园组成，是清朝帝王在150余年间创建和经营的一座大型皇家宫苑。  ·1860年英法联军将主要建筑烧为灰烬，如今游客前来只能在残骸中凭吊，寻找当年辉煌的帝国身影。  ·绮春园中各处小景点众多，是一个小型水景园的大集合。如今，是圆明园每年一届的荷花节主场地。  ·长春园以大型水景为主体，大家耳熟能详的“大水法”，即位于此。,2
3865,挺好的，天气再好点儿就好了，阴天人依然很多，,1
3866,皇家园林圆明园，被称为万园之园，经康熙修建以后，历经雍正，乾隆，嘉庆，道光，咸丰，四代皇帝的不断修建，更是中外园林的经典。,2
3867,圆明园由圆明、长春、绮春三园组成，曾被誉为“一切造园艺术的典范”和“万园之园”。圆明园如今只剩下断壁颓垣，它见证了中华民族的屈辱历史。谐奇趣圆明园遗址公园~绮春园201020102010201020102010,1
3868,圆明园号称万园之园，非常大，园内有电瓶车和船  大多数人是为了看大水法，如果主要看大水法的话，建议从东门入口，走过短短的银杏大道，就是大水法了。残垣断壁展示了过去的历史，现在是爱国主义教育基地  穿过旧西洋景区是长长的银杏大道  夏天的时候，荷花也很出名，有好几个池塘有荷花。周末圆明园游客很多， 逛全园建议请个导游  地铁在南门，也是圆明园的正门，走到大水法法大约有2公里,1
3869,【景色】圆明园四季都有看点，秋季必看的银杏大道。位置就在大水法遗址公园的旁边。大约一公里的距离，千棵银杏树。金黄色叶子随风飘落，遍地金黄。,2
3870,穿越人海，游历故宫，品尝北京的地方美食，最难忘的是不老溪的贵州菜，东坡酒楼、渡娘的川菜，当然麦梗的手工水饺超赞。王府井的美食街和片皮烤鸭No赞，还是广东烧鹅好吃！,2
3871,在圆明园中有一座迷宫。这座迷宫是在乾隆年间时模仿法国的凡尔赛迷宫建造的，被称之为“黄花阵”。迷宫南北长89米，东西宽59米，总长1600多米。墙高约1.2米。它由阵墙、中心圆亭、碧花楼和后花园组成。因为年代久远，所以整座墙呈黑色。,1
3872,春节开北京旅游，圆明园是必去的景点景点的门票不贵，带这小朋友一起亲临其境，学习历史，圆明园是清朝的皇家花园，看记录圆明园非常漂亮，海鸥岛也是珠江的入水出,2
3873,圆明园环境要比颐和园好太多了，想尝试一下园区的网红荷花冰淇淋，怎么的就没开门，里面小桥流水，柳树低垂，检票方便，里面还设有一些活动，树木都已经变黄了，很是好看，就是5点左右，部分场馆都是不让进入了，所以还是规划好自己的时间，距离地铁也不远，还是很值得去看看的。,2
3874,圆明园里面到处都是东一堆西一堆的巨石碎石废墟，感觉荒凉又悲伤，缺乏保护的地方只余下地基了，看一些说明和老照片，越觉得落后就要挨打，这是真理。,0
3875,丰富而又美好的一天，特别特别感谢马导游，人超级温柔，说话和和气气，让人觉得可舒服啦！在车上的时候还一路给我们介绍北京的风俗文化，非常不错的团游，喜欢喜欢💕,2
3876,已经三月底了，天气还是冷！当了一个多小时的狗仔队，黑天鹅妈妈也不肯展示她的豪华游轮！    在湖边遇到了古装拍照，花艳人丰    湖畔偶遇杨贵妃，罗衣欲换更添香。 才饮清茶代三餐，却向花丛寻蜜忙。,1
3877,一堆碎石头，对比着老照片瞅一瞅，被毁灭的人类文明，甚是可惜。雕刻西洋洋枪大炮的石屏风墙，讽刺的是也毁于洋枪大炮…,0
3878,还最喜欢逛的还是圆明园里面的这个小迷宫啊，可能对于他们来说爱国主义教育说的为时尚早，但是看到这个小迷宫，孩子的眼睛马上就要亮了起来啊，也可以想象过去皇家园林皇上人家还是会玩，在自己家里建个迷宫。,2
3879,这里适合感悟历史的沧桑和激发爱国激情。网上订票很方便，也有5号线的圆明园站地铁直达。公园里各处还都贴有免费讲解的二维码，特别贴心。,2
3880,如果這裡沒有被破壞的話，應該會非常的壯觀，真的很難想像這裡曾經是這麼的西洋化，剩下的石頭也記錄的當時的輝煌，雖然只能靠著模擬當時的圖畫，來比對現在剩下的石頭，想像著當時巨大的水池噴泉，以前的皇家生活應該是非常的享受,2
3881,圆明园，说实话，曾经在课本上看到，这里可是万园之园的称号，虽然知道已经毁于了战争，但是真的买票来参观了之后，真的只能用废墟来形容了。,0
3882,其实可以买25元的那个票，并不需要导游。门口有地图或者电子讲解，而且导游都是外面讲不进去，只走了很小一部分路，我都是自己走的,0
3883,绮春园长春园圆明园三园组成了圆明园，清朝三大皇家园林之一，其实参观重点就是其中的西洋楼，而圆明园标志的残破拱门和名扬海内外的十二铜制兽首一起组成了壮观的报时喷泉——水力钟。,1
3884,圆明园景区现在一共分为南边的绮春园，东边的长春园和西边的圆明园(本来还有镜春园后成为北大一部分，熙春园成为清华一部分)。雍正皇帝把这里当做离宫，大部分时间在这里执政。乾隆皇帝大规模扩建，并亲自参与工程设计并给予题词。我们常看到的西洋楼移植，就是乾隆参与设计的，看复原图其实并非完全西洋式建筑，而是融合中西结合式建筑，又是乾隆参与设计和钦定的，容易绝无仅有，被烧毁了，就成了历史。今天是国防教育日，所以参...,2
3885,导游讲的不错，正史野史都说，都是我爸爸爱听的内容，我爸爸跟得可紧了，他高兴我就高兴。游圆明园一定要请导游，要不然走马观花没什么意思,2
3886,圆明园在北京的西北郊，素有“万园之园”之称，是清代大型的皇家园林。最初由康熙建造，晚清时期造英法联军洗劫、打砸，终变成一片废墟。,1
3887,圆明园，皇家的园林！只能感叹皇家的奢华！亦可恨英法联军的毁灭！,2
3888,北京圆明园，是一个拥有沉重历史沉淀的景点，来观光的人比起故宫、长城等更瞩目的景点，相对游客密集度就低了许多～ 进入院内，看着历史遗迹心情变得复杂和沉重起来，有些历史是需要铭记的。,2
3889,小何导游尽心尽力带我们游长城、颐和园和鸟巢水立方。零购物团非常的满意。行程丰富且没有赶鸭子的节奏。导游认真负责、可蔼可亲，讲解非常详细且很有耐心回答团友的问题。下一次北京游还会找她的。给小何导游32个赞！,2
3890,公园很大，即可以游览自然风光，又可以观历史遗迹。赶上中秋假期，公园游人很多。秋高气爽，心旷神怡！圆明园内的荷花很多，成片的荷叶莲蓬，偶有开放的花朵点缀其间，景色很美！,2
3891,明清园林集大成者，皇家园林三山五园的主体部分。 西洋楼一大片圈起来单独收费是可耻的。 风景优美，山林雅趣，荒山中又有古迹遗址。,1
3892,圆明园位于海淀区清华东路28号，这次来正好赶上一年一度荷花节，真是“出淤泥而不染”。而且还能够吃到荷花味儿的冰淇淋，造型也漂亮，真是完全不一样的感受。,2
3893,位于北京西郊的圆明园与颐和园是一个系列的夏宫，是皇帝的避暑山庄，园明园是遗址公园，乘坐地铁可以到达，与清华大学和北大都距离很近。,1
3894,去圆明园的重要性在于不忘历史，铭记历史，落后就要挨打，让我们永远记得奋发图强……景点很美，里面有很多手艺人，距离北大清华也很近。,2
3895,圆明园的园林造景多以水为主题，因水成趣，其中不少是直接吸取江南著名水景的意趣。虽然残垣断壁还在，它也没了曾经的辉煌！但是我还是觉得它美景如画。,2
3896,地铁四号线圆明园站即可直接到达景区，很方便。 在门口可以扫描买票，成人套票25元，儿童10元。不用换票，直接打开二维码扫描进入，很赞！ 可以找现场讲解，也可以扫码手机听讲解，推荐听听，了解当时的历史。 现存的古迹并不多，想起之前看到还原的圆明园景象，基本销毁殆尽。 推荐圆明园特色冰棍，好吃好看，价格也好，15一个。,2
3897,这个属于当地旅游必到景点之一，交通很方便，电视里一直看，没什么感受，但是亲眼看到，还是很震撼，和气愤的，现在只是残垣断壁，如果完好保留多好。,1
3898,人们来到圆明园遗址时，眼前所及只有依稀可辨的石基、曲折的水道和小径。惟有大水法和远瀛观的几根石柱还站立在那里，俯瞰这残垣断瓦，零乱榛芜，如同一座纪念碑。,0
3899,颐和园是至今保存最完整的皇家园林，清朝皇帝住的园子，来皇城北京旅游，一定要来看一看，皇家园林的博物馆，颐和园。感受一下历史的风霜。,2
3900,圆明园遗址公园有10元和25元的门票，如果是第一次去圆明园，请务必购买25元的门票。25元的门票包括了三大部分：大门门票、西洋楼遗址景区（就是这些照片所拍摄的）；圆明园盛时全景模型展。如果是单买，这三个景点相加需要40元。  夏末秋初，据北京当地人说是北京一年里最好的季节，是呀，我所在北京的几天，到处是蓝天白云。  可以想象，如果这些是漂亮的建筑群，而不是我们现在所看到的废墟，那是何等气势恢弘的建筑群呀，可惜了...,2
3901,印象中的圆明园就是那个著名的遗址，没想到看了地图，才知道，里面的园子太大太大了，认真逛的话可以逛一天。  夏季荷花盛开的季节，圆明园东北角的荷花观赏区的荷花开得甚是好看，花15元坐船在水中近距离看荷花、看鸳鸯、看野鸭、看飞鸟，就更美了！  还是那句话：走过路过错过不要错过，静静的享受美景，此乃幸事。,2
3902,【性价比】價格不高，很適合春秋季節走走 【景色】還不錯，可惜的是建築物都被毀的差不多了 【趣味】其實並不有趣，因為就是大⋯而已,2
3903,圆明园属于历史遗址，非常有教育警示作用，亲眼看看，真是很震撼，如果完整保留将是多么宏伟呀。交通也方便，来的时候春天，花朵开得挺好。,2
3904,圆明园在北大清华旁，园区超级大，我们从边上避开人潮绕着走，到处都是湖，湖中开满荷花，有小鱼，小鸭子，还有黑天鹅，迷你黑天鹅。门票带遗址的话是25元，如果第一次来还是应该看看，记住我们惨痛的历史，希望不要再重演。圆明园是清朝乾隆鼎盛时代的产物，就像唐明皇那时一样，到了最繁荣最鼎盛，必然是盛极而衰，谁也逃不过。唯一的缺点是停车费太贵，一般景区停车场都是十元、二十元一次性支付，而北京的景区停车场计时收费，...,2
3905,来北京旅游圆明园一定要来啊，现在地铁可以直接到这里了非常的方便里面非常的大，从大门口到西洋楼遗址需要走半个小时一路上风景也是很不错的。,2
3906,颐和园跟圆明园不远        大概两三站路的距离（北京的一站路还是很远的）      我们坐公交车303，下车对面过个马路就可以看见正门，在下车地方往南走一两百米其实是北大的北门，有家小卖店，可以泡面的，想着景区里面的东西物价高我们在这个小卖店里面买的面包跟水。      来圆明园，若只是想拍照留影，只要到达大水法遗址就可以了，偌大的园子也就只剩这里可以看到当年的繁华奢靡。      建议同时买圆明园大门票10元+圆明园大水...,2
3907,乾隆下江南的感觉 今天在圆明园的荷花观赏区体会了一把[呲牙]  和岸上走完全不同的感受，这里可以在水中看到满目盛开的荷花，河中戏水的鸳鸯，从圆明园的全景模型这里的码头⛵️上船，无论是我坐的电动最高载客数为34人的大船，还是最大载客数为10人的手摇小船‍♀️，都是15元。  性价比超高，在荷花的季节，走过路过千万错过。,2
3908,一直以为圆明园只是破败的废墟，来了才发现，原来圆明园除了断壁残桓。还有美不胜收的荷花池。可想而知，没有被破坏前的圆明园该有多么美丽。,2
3909,园子设计独特，里面都是当年焚烧之后剩下的房子石头，可以观看，还有一个模型可以参观，需要另外购票进入！！。。。。。。。。。。,1
3910,圆明园非常大，如果想看完，走路需要5个小时左右。尽量坐车或坐船吧！这里的景色很漂亮，春天去最好了！另外游客服务中心不能寄存包裹，所以尽量轻装上阵！,2
3911,这里的景色优美，绿化植物有很多，不是太热，夏有荷花池，十分美丽。趣味性很强，了解到了中国的历史，增强了民族的自豪感，也提醒了我们不忘国耻。性价比很高。总体评价非常好。,2
3912,正是一年的荷花节，满园荷花处处可见，如在水中跳芭蕾的仙子，让人禁不住停下脚步，留恋忘返！,2
3913,非常值得一去的景点，很适合带孩子去学习历史！,2
3914,这个还是比较有纪念意义的，去了亲眼所见，还是很触动的，如果没有损坏保留完好那该多好，公园春天去花开的不错的，交通也方便。,2
3915,来几次也没去圆明园，今天终于打卡了，入园迟了，只看了西洋楼，除了可惜震撼没有其他形容词,2
3916,离中关村最近的公园，不能用200园的那种公园年票。门票成人10元，月票15元，如果一个自然月打算去2次以上还是非常划算的。目前正是荷花盛开的季节，还可以看到一些鸟类在哺育幼鸟，挺有意思的。,2
3917,圆明园还是非常震撼的。但是暑期人非常多，一个一个团队，导游的声音都听不到了。夏天游玩要有足够的体力，不管哪个门，感觉都要走很长的路。,2
3918,一直想去看看，亲眼看到还是挺震撼的，如果保留完好的的话，那该多好，游人不是非常多，春天来的，门口鲜花非常不错，五彩斑斓。,2
3919,景色很美，但是并没有什么惊艳之处，荷花很漂亮，重点看的是历史，门票不贵，比较值,1
3920,名气大，但的确不虚此行，除了被八国联军烧毁的遗迹以外，作为公园景色也是很漂亮的，特别是湖面很大，围绕着湖面的景色也很多，让人流连忘返,2
3921,中国古典园林被称为“万园之园”的圆明园遗址公园是前来北京旅游必须打卡的景点。一年一度的荷花节，莲叶田田，画舫摇曳，天鹅振翅，一派江南风光。夕阳西下下的大水法遗址，断壁残垣，更是增添了历史的沧桑和厚重。套票25元，学生半价，60岁以上老人免票，性价比超高，所以，必来！,2
3922,坐船押金必须现金300，现在谁还拿那么多现金?不带够现金根本玩不了 商店，饭馆都在湖的一侧，其他的景点根本没商店，渴死。,0
3923,20年后又重游，尽管匆匆，却甚满意。保持的很好，门票不高，现代化介入的很少，保持老派，员工也多年长，感觉很有古早味！,2
3924,圆明园需要慢慢观赏，花一天时间，细细品味。可能我们对于圆明园的第一印象都是断壁残垣，但其实并不止。对于遗址，要跟随讲解员仔细听，非常建议大家围绕园内的湖走一圈，非常怡人,2
3925,近日北京圆明园第24届荷花节如期而至，荷花在蓝天白云的映衬下更显清丽。一场小雨过后，清亮透彻的蓝天和千姿百态的白云醉了北京人的眼。,2
3926,清代西洋艺术巅峰的园林，如今是遗址公园，来到这里感叹万千，如此精美的园林只能看到残痕断壁，大水法，西洋楼等建筑只能让人想象了！,0
3927,1860年英法联军的一场劫掠，使得一代名园毁于一旦，当年的壮观场景不复存在。长那么大第一次来北京，那自然是要去看看圆明园的。圆明园是清代著名的皇家园林，由圆明园、长春园和绮春园三块区域组成，历史上无比富丽优美，有“万园之园”的美誉。在电视剧中看过无数次的“倩影”，虽然现实中只有历史存留的遗迹……,1
3928,美丽圆明园，最近圆明园大规模割湖边芦苇，炎炎夏日芦苇本是养眼调节气候最好的植物，也是各种鸟类繁衍生息的场所。这个时期正是小鸟出生的时候，前一周已经向公园发出提醒，西区发生捣毁鸟窝事件。昨天，大白桥东南岸芦苇已经被割光了，没有留下一处鸟巢。有朋友昨天发现他们割芦苇，鸟巢已经摇摇欲坠，马上通告大家关注，栗大哥电话管理处，这个时候是鸟类生育时期，不要再割苇子了。我们赶到鸟巢，工人只留了一点苇子，把鸟巢暴...,0
3929,7月初去的，整个园子有大片的荷花，景色一般，遗址用铁丝网围起来了。小孩应该不喜欢去，里面很大走路有点累。,1
3930,太大了 脚痛啊 荷花漂亮 热啊,2
3931,很方便，只是圆明园可看的东西太少了，更像个公园，被毁的太彻底了,1
3932,正赶上圆明园荷花节，散散心挺好的,2
3933,看过刘晓庆的《火烧圆明园》，感怀于珍宝和美景的消亡。去北京游玩的时候，特地去圆明园看了看，和附近的颐和园不同，这里的残垣断壁让人觉得压抑，太可惜了。,0
3934,挺大的……走到脚痛，恨不得截肢。不想去被进行爱国教育，抱着一颗欣赏园林艺术的心去的，但里面的亭楼建筑全没有了，比想象中的少了很多韵味,0
3935,这么多年第一次去圆明园，离家门口很近但一直路过并没有进去。清明节陪着家人一起去，请了导游边走边看边讲，才知道圆明园里面那么大，圆明园只是其中的一个园而已。紧挨着北大，清华，多少人的梦想学府。逛完出来吃个花家怡园的烤鸭，棒呆！,2
3936,购票方便快捷，院子又大又美，既有历史遗迹，又有自然美景，非常适合徒步漫游。当天赶上端午节北京高校龙舟比赛，热闹非凡。,2
3937,值得去了解的历史，虽然只剩残壁断亘。游览期间最好跟门口导游同行，20元/位，不贵,2
3938,游圆明园必须请导游，要不进去就是山、树、水加上一堆残垣断壁，没什么好看的。请导游推荐李晓君（女），讲解很详细，很耐心。如果时间充裕，可以用一天时间游览一下。,1
3939,为了看荷花才过来的，没想到今年的荷花开的不好，还不如颐和园呢。人还特别多，盆栽区的种类及数量都不如往年。这里的绿化比起植物园还颐和园都差远了，夏天非常热。,0
3940,环境很赞，天气很好，华为手机很赞，风景优美，值得一看，赞赞赞。如果复原图和真的一样的话就更好了。厉害了，圆眀园,2
3941,圆明园遗址公园坐落在北京西郊公园众多、风景秀美的海淀区，与颐和园毗邻。圆明园始建于康熙46年(1707年)，由圆明、长春、绮春三园组成。占地面积约350公顷，曾经是世间最繁华的宫殿园林，可惜现在已成一片废墟遗址。,0
3942,西洋楼是重头戏，所以还遇到了旅行团和90％的散客。畅春园稍现安静，基本上见不到游客，很多地方都是保安和保洁人员多于游客。暴走，成了麻痹心灵最好的方式，环福海，找圆明园二十景，都是为了让自己马不停蹄而无暇追忆。,1
3943,圆明园占地面积3.5平方千米，建筑面积达20万平方米，更有150余景，素有“万园之园”之美称。清代的时候，皇帝每到盛夏就来到这里避暑，因此也称“夏宫”。它是清代大型的皇家园林，坐落在北京西北郊，与颐和园毗邻，它的原貌亭台楼阁，美轮美奂。,1
3944,十月中下旬去的北京，圆明园的叶子都黄了，散落一地的样子实在太美了。很爱北京，喜欢北京独有的文化底蕴，每一寸都感觉有百年的故事。,2
3945,今天阳光不强烈，从南门进去圆明园，一直走到三园交汇处再一直向西，过101中学的桥就看到燕子飞，今年我拍到家燕和斑腰燕同框，居然在离我好近的地方衔食泥土，还拍到不少摄影爱好者拍亲鸟喂食小燕子。圆明园门票10元，月票15元，还有年票。不和其他公园通用年票。,2
3946,不错，景色不错，挺有感触，历史沧桑感,2
3947,圆明园里的亭台楼阁，是那么的秀气，小巧别致。坐在小庭里，吹着微风，欣赏着湖面的景色。看看圆明园里介绍，感受着这里的历史变迁。,2
3948,圆明园，既然是清代的皇家园林，其实就是皇帝家的后花园，只不过规模之庞大，确实令人惊叹。而且既然是花园那就少不了小桥流水，湖边的清新雅致，确实令人赏心悦目。,2
3949,世界遗产日去的，门票免费，里面的迷宫都免费啊，非常好。圆明园的遗址里能看到的那些石雕刻，精致，每个花纹都特生动，还有那国宝十二生肖大水法，真真是咱国人智慧的体现。整个园子很大，要全玩下来得四五个小时吧。,2
3950,秋季的圆明园，湖水清澈，少了一丝战后的破败，多了一丝宁静的美丽与安宁的气息。是那么的美丽，来这里感受一下秋高气爽，感觉特别棒。,2
3951,最初被圆明园吸引，是因为它各处名胜的名字，方壶胜境、九州清晏、海岳开襟，皆至美无比。亲眼得见，才觉昨是今非，自然山水仍在，过去名胜只余残破砖瓦，怎不让人心痛？,0
3952,圆明园我们教科书上的内容，当学生的时候隔着书本惋惜这些宝贝，如今来到现场，这里比想象中的大，虽然看到的都是不完整的东西但依然能感受到当年这里的美。 【性价比】五十块的门票其实很合理，来这里是让我们缅怀这个曾经美丽的地方,2
3953,圆明园是真的很大，还好找了个导游带队，一边听讲解一边逛真的挺赞，着重点名表扬我们导游李晓君（女），小姐姐真的很奈斯，讲解也贼好，太喜欢她了。圆明园主要也是区看遗址，铭记历史，砥砺前行。圆明园南门往左走一百米，就是清华大学的门，想拍照的小伙伴别错过了哈,2
3954,圆明园，清代的皇家园林。虽然经历了炮火的洗礼，到处都显得是那么的荒凉。但是依稀可以感觉到当年的繁华。它的规模宏大，是那么的令人叹为观止。,1
3955,很有意义，导游李晓君（女孩哈）讲解很详细，幽默不枯燥，很负责任，不枉带孩子来一趟，感受历史沧桑，勿忘国耻,2
3956,圆明园是一处被烧毁的清代皇家园林，处处遗迹诉说着历史。现在圆明园在遗迹周围修复了很多园林和建筑，景观很美，到北京有时间值得走一趟。,2
3957,圆明园又称圆明三园，是清代大型皇家园林，它坐落在北京西北郊，与颐和园毗邻，由圆明园、长春园和绮春园组成，所以也叫圆明三园。这里还有美丽的黑天鹅,1
3958,阴天的圆明园，从另一个角度看看，戴胜喂的小鸟能飞了，留下空空的树洞，不过还是可以看天鹅湖，又有6只小天鹅在成长中，还有头一次拍到黑水鸡喂小的，太棒了。,2
3959,圆明园景致很美，生机与惨败形成强烈对比反差。导游李晓君（女），细致周到，大方热情，讲解生动不刻板，三观超正。,2
3960,景色优美，风景秀丽，而且看有个鸟瞰图更漂亮，还有看着圆明园遗址，让人心里很是沉重，勿忘国耻啊，都是落后，不自强导致的！,2
3961,当年去圆明园还要收费，没想到现在要免费了，好事。其实并不大，有小段可以坐电瓶车。遗址公园感觉不适合大规模游览，安静肃穆庄严。,2
3962,毁于战火的清代皇家园林，现在的这里，教育意义要远大于参观景色了。惊醒后人，时刻牢记，贫穷落后就要挨打的道理。在这里依稀可以看到古代工匠的艺术造诣。,2
3963,皇家园林圆明园，最近是摄影爱好者聚集地，有六只成长的天鹅学习飞翔，估计在不久的将来就飞离圆明园了，大家每天早出晚归地等着拍，煞费苦心。为圆明园挣人气啊。,2
3964,圆明园，北京最著名的园林公园之一。这些天蓝天白云，还有不少亲鸟喂食小鸟，不少摄影爱好者一早一晚泡在这里，等天鹅学飞，等戴胜喂食，超级喜欢。,2
3965,今天是最后一天，明天就回去了。所以打算轻松一点，毕竟前面几天也太累了，所以打算今天晚起，前一天特意跟我老爸说今天别起太早了，结果我爸还是在6点多就起来了，关键是他起来就算了，他在房间吃泡面啊😭😭😭，简直就是香到不行。本来今天的行程安排是打算去颐和园玩一下的，但是我爸说可以去一下圆明园，所以我就打算先安排去圆明园，查好了地铁路线，也不是很远，所以第一站我们去了圆明园。在地铁上我们意外发现前面几...,1
3966,北京各景区的门票都是相比是很让人接受的，圆明园读书时历史课本上与语文课本上都教过。面对这座曾经的万园之园的，真的心中有种酸酸的。,0
3967,一直想去一睹圆明园的风采，进去之后明没有想象的那么破败，也要感谢工作人员的细心维护，后面慢慢进入院内，残破的建筑映入眼帘，虽然被战争夺取它的容貌，变得满目疮痍，但是还能看出它曾经的辉煌，真的很值得一去,2
3968,导游非常好，讲解详细，引经据典，圆明园这种地方还真得有个导游，不然看上去就真的只是一堆石头，文化背景真的很重要，哈哈,2
3969,不愧是圆明园，风景秀丽宜人！里面拍照啊了解历史啊，哪怕只是散散步都让人觉得心旷神怡。主要是门票不贵，舒缓紧张情绪与压力平衡的好地方！,2
3970,取票进入方便，电子讲解省钱不错。,2
3971,不错，很方便，电子讲解很方便，省钱,2
3972,圆明园因为是遗址所以里面基本上都是树木花草，一定要有导游给你边走边讲当年的历史才有意思，喜欢历史的朋友值得一去。。,2
3973,入园票价格实惠，就是园内景点标识特别是在路口的标识牌少了一点,1
3974,记不清是第几次来圆明园了，这次赶上阴天，偶尔漂着小雨，十分惬意。现在逛圆明园，更像是在公园散步。一般从南门进园会比较好，沿路就可以欣赏大部分热门景色，造访兽首、西洋楼遗址景区等。西洋楼大水法附近有个展览馆，里面讲述了圆明园的历史，简洁生动。迷宫应该是小朋友的最爱了。,2
3975,好大，一天玩不过来。风景特别好，不愧是皇家园林。,2
3976,很棒很棒，园林景观无敌，非常棒,2
3977,圆明园风景还是不错的，面积挺大的，里面的遗迹看着也能想象出曾经的风采辉煌，确实有皇家园林风范，可惜都是断壁残垣了，在这里慢慢参观也要小一天啊。值得看看。,2
3978,适合五一假期去游玩，风景还是不错的,2
3979,圆明园遗址，曾经的繁华辉煌，奢侈热闹，转眼化为断垣残壁，八国联军不但抢走了无数的金银珠宝，最后还一把火烧了宫殿，眼前的一切都在告诫后人不忘国耻！,0
3980,圆明园夏天的荷花塘摇橹船特色游有意境 关裕年 这几年夏天，我们家形成了一个非去圆明园乘摇橹船游荷花塘不可的季节特色游。 话要从前年说起。由于一段时间圆明园整修湖底的原因，我们中断了每年夏天必去圆明园。,2
3981,五一假期的第一天，来圆明园踏青，用人山人海这个成语，来形容今天的圆明园，真是再合适不过了。围着“福海”走了一大圈，真是一步一景，美不胜收。,2
3982,名气倒很大，但是进来觉得没什么可看可玩的，还不如那些免费的小公园有得看。就算是想要缅怀历史，去看看史书看看纪录片，大可不必来这里。门票也是略高。周边产品也是挺多赚钱方法的。,0
3983,真的不错，就是不知道今后还能不能重建？期望重修圆明园！,2
3984,圆明园其实里面非常的大，从大门口走到西洋楼遗址需要很长的一段距离，里面有个很大的湖，可以坐游船看看风景相当的惬意啊。,2
3985,圆明园人们印象中都是西洋楼遗址的样子，但是以前他是和颐和园连在一起的一个超级大公园，风景也非常的不错，西洋楼遗址也都没有复原过。,1
3986,我是十二月初去的圆明园，景色有点荒凉，但是还能看出底蕴，还有美丽的黑天鹅和野鸭。,1
3987,去圆明园，想要看的是苍凉。 朋友说夏日下倾盆大雨的圆明园，雨打荷花，园林空旷而寂静很是美好。 然而我夏天去的时候，福海的水被抽干了，没感受到。 这次是冬日去的，河面结冰了，阴阴的天，后来才出了点太阳看到了一点蓝天。 当年西洋景区的废墟，现在都被围了起来，不能近距离接触了,0
3988,去完颐和园后可以出东门到圆明园西门，两个地方距离不远，步行可达。与颐和园这个保留得比较完好的皇家园林相比，圆明园更大，但是形如废墟，对比着看更让人触目惊心。,1
3989,圆明园，曾经的“万园之园”，如今改为遗址公园，徒留残垣断壁和遗迹供人凭吊。靠近颐和园、北大、清华，可以串在一起游览，非常方便,1
3990,圆明园之前也是一家皇家园林，可惜被八国联军烧毁了……只单单看剩下的残垣断壁，就能想象出来当时的盛况。圆子里面又大又美，真是个好地方。,2
3991,看了《火烧圆明园》之后再去游览和回来之后再看是完全不一样的心境，去圆明园游览核心不是看景，而是去感受中国近代受到的屈辱，只有当你置身其中，你才会深刻体会到落后就要挨打这句话是多么的有道理,0
3992,【交通】交通便利，公交地铁皆可直达。停车场车位有限，10元一小时，自驾不是很方便。 【景色】皇家园林，景色自然不同凡响。园区面积特别大，分长春园、绮春园、九州景区三园。虽然很多建筑当年都被付之一炬，但其景致、布局都足见设计的大气与雅致。花开时节，真是宛若游在画中，尤以九州景区的自然风光最佳。 【性价比】门票10元，相当物美价廉。,2
3993,没有好腿力，千万不要轻易放大话逛完整个园子⋯ 圆明园真的很大，可惜的是被毁的太彻底，每个建筑物都只留着浅浅的一层皮⋯⋯一切靠想像 门票倒是不贵，全当戶外锻炼了,1
3994,3月圆明园真的好美，北京整体给人感觉是厚重的，这个季节路边行道树虽粗壮但都是光秃秃的，一进圆明园眼前一亮，应了那句拂堤杨柳醉春烟，柳树的嫩绿，湖水的碧，清晰的倒影，真美！,2
3995,小馬帶團熱心親切，景點很美,2
3996,游览圆明园分两个目的，一是参观被八国联军烧毁的历史遗迹，二是单纯的游园，欣赏景色。其实圆明园的景色也是非常不错的，人不像颐和园那么多，因此游览起来感觉还是非常好的。,2
3997,圆明园再也不像我17岁时的所见，之前的大水法，观水法遗址都可以近距离的去感受，如今只能站在栈道上远观。小朋友对海晏堂曾经拥有，现在流失海外的十二生肖兽首铜像很感兴趣。,2
3998,夏天去风景不错 小时候在课本上看过多次的大水法 以及平面沙盘模型,1
3999,感受历史的沉淀！下着小雨 遗迹的的残缺与凄凉。慢慢步行在残存的历史废墟中 聆听背后的故事 包括近代 现代的故事。感慨世事无常 国家的兴衰 人的悲欢离合 感慨万千！,0
4000,非常不错的一个皇家园林历史教育非常好 适合带孩子过来参观学习游玩 体现了我国古代工匠的智慧 门票价格非常合适 不贵 导游讲的非常认真仔细,2
4001,到北京必須遊覽的景點，其實也就為了那個歷史課本上的照片那個角度。不然說實在裡面也沒什麼東西，畢竟都被破壞過了。如果票價能更便宜就好了,0
4002,圆明园是我来的第二次 我没有想到我居然会为了一个景点一个城市而来所以我也是被自己吓到了 圆明园就算毁了 但是凄美 也很很冷,2
4003,感觉很好，看一下现场，人不是很多,2
4004,整体不错，人的数量也还可以接受，虽然灯区还是有些简陋。,1
4005,真的是太大了，从绮春园进去直接走到长春园，感觉走了好久好久还在长春园，冬日里小河湖面已全然冰冻，残缺的景致透露着萧索，但是节日装扮又带来些许活力，不需要太多想象力就能感觉到全盛之时这里的美,2
4006,2019年圆明园元宵灯会规划很大，灯彩展示五大板块包括皇家区、民俗区、怀旧区、北方特色区、南方特色区。从南门进顺着灯展西北门出，还有舞龙踩高跷，舞狮等表演，秩序井然，非常热闹！,2
4007,圆明园是一处遗址公园，昔日的辉煌如今只能依靠想象来呈现。白天，冬日的圆明园更加显得凄凉。晚上，正值元宵灯会，在五彩的灯光的点缀下，好不热闹。,1
4008,圆明园元宵灯会正月十五开展，以“福满京城春贺神州”为主题的“最是故园情浓浓家乡愁——圆明园元宵灯会”。此次灯会观光从圆明园南门开始，途径涵秋馆，由三园交界往西到曲院风荷，再往南到西南门出口，整个观赏线路景观精彩纷呈，观赏价值很高。,2
4009,今年的北京年味比较浓，庙会、灯会，红红火火过大年。故宫有夜游，圆明园也有灯会，可是故宫限量售票，好难啊，而且就一天。唉！这次爸妈有时间晚上去看了圆明园的灯会，布置的很漂亮，还有表演，热热闹闹的，把夜晚营造的很梦幻，玩玩转转，寒冷的冬季心里暖暖的，真的挺不错的，希望年年有！,2
4010,专门请了个私人导游200元，边走边聊，八卦了好多皇宫秘事，比听讲解器有趣多了。冬天的圆明园真心没什么可看的，但到了夏天肯定很美。我跟阿宝花了四个小时才逛了绮春园和长春园，圆明园太大，留着下次来看夏景。,2
4011,可以去看看，地铁很方便，就在门口,2
4012,就是奔着西洋楼遗址去的，很里面，遗址要额外买票，所以最好在大门的时候就买好联票，就不用在排队了,1
4013,一处残败的园林，记录了悲催的历史，诺大的方圆流露着无尽的荒凉。记住过往，奋抵前行。,0
4014,刚碰到前一天下过雪，还有雪景看，不错,2
4015,春节假期去的，园内挂了好多灯笼，比较有节日的气氛，从南门进东门出，买了联票，没有找导游所以跟历史联系不起感觉没多大意思，倒是有个迷宫 小朋友玩的很开心，从被破坏的石头上可以看出雕刻的花纹很精致，没被破坏前应该很美吧，，八国联军固然可恨，可皇帝也是够奢侈的。,2
4016,不推荐冬天前往，光秃秃没啥看头，人还很多。地铁站离南门很近，但是离值得看的景点太远。游览车距离南门也远，并且排队人很多，春节期间居然得排队40分钟以上。后来租了双人自行车，但是骑久了费力，并且只能在指定区域骑，也挺坑的，希望能租双人电动车那种，挡挡风，开着省力，体积也小一点。对了，迷宫还挺好玩的。顺便向大家请教下最后一张标语啥意思,0
4017,很好，很好，很好,2
4018,旅行社安排的导游是个很棒的历史老师，给自己尤其是孩子上了生动的一堂历史客,2
4019,小丁导游非常好，讲解仔细，圆明园非常漂亮，不忘国耻，强大祖国才能抵抗外侵,2
4020,圆明园又称圆明三园，是清代大型皇家园林，它坐落在北京西北郊，与颐和园毗邻，由圆明园、长春园和绮春园组成，所以也叫圆明三园。此外，还有许多小园，分布在东、西、南三面，众星拱月般环绕周围。,1
4021,从颐和园出来 直接步行至圆明园西门 圆明园也是超级大  最好选择游览车 还有如果想直接去遗址的就从正常的大门进 不必在绕一大圈 遗址和小学课本也是千差万别了,1
4022,遗址公园，虽然已看不到当年的辉煌，气派场景可以想象，果然是万园之园,2
4023,很壮观，值得一去，进入后直奔遗址楼。里面有免费二维码讲解的，不用买，也不用请导游。导游讲的和二维码讲解的差不多的,2
4024,春节期间去的。带小孩玩。也算是爱国历史教育。途中就遇到北京的小学班级来圆明园游玩。看到历史遗迹心中不由生出无限感慨。想当年何其辉煌的皇家园林。现在就只剩下残垣断瓦。,2
4025,是一个废墟博物馆，原来是皇帝的夏宫之一，后来在战争中毁坏，其中原因很复杂，到现在学术界争论不休，所以到此一游是一种教育。,1
4026,圆明园就在清华大学旁边，建议大家两个地方放在一起去。圆明园门票10元，联票25。,1
4027,景色很好，文化感很强烈！下次还要来！,2
4028,第一次来圆明园，沈逸导游介绍了很多当时发生的事件，收获很多历史故事，很不错,2
4029,一出地鐵店就遇到春雪，李導講解真是太好太清楚了！,2
4030,爸妈一起去的，了解了很多历史,2
4031,姐妹追剧延禧，来到故宫真是兴奋的不得了！为了满足对故宫的痴迷，就报了个团，整体感觉店家故宫颐和园这条线路最实惠最合适。导游讲的很精彩，宫迷清宫剧迷不可错过哦！以后有机会带父母来，真心很赞。,2
4032,真的很好，去故宫跟团很赞，听导游讲解对历史更了解，导游讲的很好，也很耐心细致。颐和园不愧是皇家园林，虽然是冬季来参观也是别样风景，假山加水。故宫几百年的建筑真是涨知识了，感受到国家文化底蕴！很丰富的一天。,2
4033,圆明园规模宏伟，融会了各式园林风格，运用了各种造园技巧，被大多数中国园林学家认为是中国园林艺术史上的顶峰作品 被法国作家雨果誉为“理想与艺术的典范,2
4034,行程安排比较好，比较合理。导游人也很好，一路陪同讲解非常细致，并且非常耐心和细心。故宫还是值得去的，听说春节还有活动，春节去应该也不错，颐和园也很棒，不愧是皇家的公园，哈哈，赠了圆明园门票，一天玩的很充实很开心。下次还会选择这家。,2
4035,风景宜人.柳树成荫.值得游览的好地方。,2
4036,年味十足，很漂亮，值得一去的地方,2
4037,圆明园，带着孩子去看看，感受一下历史的变迁。和电视里看到的感觉还是很不一样的，大水法，迷宫。看了全景模型，原来有那么大,2
4038,冬天的圆明园比夏季的时候少了拥挤的人群，多了一些清冷的感觉，增加了好多休息的座椅,1
4039,没有纸质导揽图，吃的选择很少。,0
4040,来北京了这么久，第一次闲来无事一个人跑到了圆明园，这里紧挨着颐和园，却一直没有来过，这里秋天的景色很美（话说北京的秋天就是很美的），哈哈,2
4041,圆明园秋景比颐和园好看 确实很美。但是零下2度。已经冷晕[擦汗]  还有就是 圆明园比较大推荐一下坐车吧。没必要走路啊。车费也不贵。我们去的时候正好银杏大道啊。美到哭了。,2
4042,在圆明园的仍存遗迹中，能感受到以往的辉煌与现在的不屈.圆明园非常的大，总共有四个门可以出入，来游玩时考虑好园内地图，有效率的游览,2
4043,去园明园看主要的特色景点就是大水法了，最好从园明园的东门直接进，进去就是“园明园遗址”，（这里加引号是为了强调必须是关注园明园遗址的人，最好从东门进去）这样可以省去不少体力，如果从南门进去需要转好长时间，都看不到主要景点。,2
4044,圆明园还是挺值得一去的哦，里面挺大的，需要大半天的时间去逛，拍照也好。,2
4045,里面很大，很多的景点可以去逛，还可以看到很多的历史文明，很是震撼啊.,2
4046,圆明园冬天很冷，景区里面也很萧条，游人不多，玩了大概两个小时就出来了，天气暖和的时候来景色应该会更好。,1
4047,这么大的皇家园林 可想那个时候 皇帝是多么的幸福,2
4048,出票迅速，冬天的圆明园别样的美。下午2点多才入园，时间有些紧张了。转了两个园区，明年夏天还会再来划船赏荷。,2
4049,圆明园是万园之园，可惜被英法联军给毁了。里面还保留了当年的残垣断壁。非常有纪念意义。里面有一个很大的湖，可以坐小游艇绕园子游览一圈。景色还是不错的。里面有一个大迷宫，还有仿12生肖的兽首铜像等等。,2
4050,圆明园又称圆明三园，是清代一座大型皇家宫苑，它坐落在北京西北郊，与颐和园毗邻，由圆明园、长春园和绮春园组成，所以也叫圆明三园。此外，还有许多小园，分布在东、西、南三面，众星拱月般环绕周围。,2
4051,中国历史记忆，曾经的辉煌毁于一旦！不忘国耻！ 园内环境很棒！古建筑，园林，湖水，银杏大道，处处让人留连忘返，美不胜收！ 会再去参观游览，绝对值得！,2
4052,是一个风景优美的大公园，宫殿都烧了，就剩下碎石和后来造的园林，不过风景是真的美，火树银花，落叶满地，主题景点都在东片，如果要走完所有的地方真的要一天,2
4053,直接兑换券就可以了，在门口看到了这个活动，直接就买了进去。,2
4054,一定要去标志性建筑，脑补一下100年前的奢靡，教训啊,1
4055,圆明园靠着颐和园，由圆明园、长春园和万春园组成，所以也叫圆明三园。它的面积很大，陆上建筑面积比故宫还多一万平方米，水域面积又等于一个颐和园，总面积有8个左右的紫禁城。它继承了中国三千多年的优秀造园传统，既有宫廷建筑的雍容华贵，又有江南水乡园林的委婉多姿。同时，也汲取了欧洲的园林建筑形式，把不同风格的园林建筑融为一体，在整体布局上使人感到和谐完美，被法国作家维克多雨果称誉为“理想与艺术的典范”。春天...,2
4056,自然景观挺好的，就是逛公园一样，太大了，得半天,1
4057,非常愉快的一次旅游，中午丰盛价廉的自助午餐，一路有余导幽默风趣的解说和照顾，是完美的一次旅行。,2
4058,历史上非常有名，西洋建筑的典范，面积很大。园林环境，建筑方面如今只能看到残痕断壁，让人无限感慨，在大水法遗址前参观，不由让人感慨！,1
4059,小学课本第一课就是圆明园，勿忘国耻！同一天去的圆明园和颐和园感觉圆明园的天要比颐和园的蓝,0
4060,只剩残垣断壁，但能想象出曾经的辉煌，在里面漫步，体会历史，不胜唏嘘,1
4061,秋日阴雨下去的，就两字，真美呀,2
4062,早上6:30，乘地铁前往圆明园进行游览，电子联票25元在圆明园游览的时候正好赶上菊花展，各种菊花争奇斗艳，开的炫彩多姿，很是漂亮。可惜我得照相水平有限，各位看官看看就好了。被八国联军毁坏的遗址迷宫这是个迷宫，挺好玩的，去的时候正好赶上北京市中小学生做户外活动，挺不错的。大水法法大大水法，十二生肖兽首就是摆在这，可惜了复原的大水法简易景象教科书里的圆明园配图微缩景观圆明园全景复原说真的，在圆明园游之后，我觉得...,2
4063,好很好，了解中国历史，北京值得去的地方，就是大，太大了，走路四个小时以只参观了一小半，累很累，但收货很大,2
4064,沿着清华路走出清华校园，再走个十来分钟，便是圆明园了。不愧是世界园林典范呐，就算是秋风扫落叶，也不难看出圆明园的精致与大气并存。,2
4065,圆明园景色优美，只是想要逛遍公园走路有点累，建议带好水和零食，适当乘坐公园电瓶车。后面湖可以去一下，另外迷宫很有意思，可以去看看。,2
4066,里面分三个区域.时间比较晚.只逛了圆明园中心那几个.,1
4067,我天，今天走了颐和园，圆明园，香山，每个地方都超级大，都没有走完(Ｔ▽Ｔ) 但是强烈推荐圆明园，天气好的时候简直是大片的那种啊，超级大，我在曲院荷风（应该叫这个）拍的照，我天，简直不要太好看。就是有点遗憾，荷叶都枯萎了，夏天估计很好看，但是现在芦苇丛也好好看，赞赞赞！,2
4068,圆明园在遗址的周边修了公园，有湖泊，湖中有天鹅，有小桥，很漂亮，适合人们休闲。只是联票中有个点就是去看全景模型，结果大所失望，模型小、灯光暗、立体感不强。,2
4069,深秋的北京，实在太美！周末趁着好天气，到圆明园走一走，逛一逛。居然发现圆明园公园正在举办圆明园精品菊花展，真是意外之喜。菊花历来是北京人十分喜欢的花之一，“秋丛绕舍似陶家，遍绕篱边日渐斜。不是花中偏爱菊，此花开尽更无花。”,2
4070,18日是圆明园的罹难日，前往缅怀悼念。尽管心中早有准备，但满目疮痍的景象还是再次深深刺痛我的心，离开圆明园，如何面对生活，我依稀中似乎有了方向，与往日相似，但又似不同，不能言表却又格外清晰，都想过好生活，却又在不断的破坏平衡，劫波渡尽，何是泯恩仇！,2
4071,圆明园景区面积较大，所以最好拿出半天的时间来玩。园区里的景点主要包括东面的人文景观和西面的自然风光，推荐从南门进入景区（圆明园地铁站下车即到），这样可以先游览十二生肖、西洋楼遗址﻿等最重要的景点，接着沿福海岸向西游览诸多自然景观，最后从西南角的藻园处离开。北京的垂柳很多，很多公园都是一排垂柳，特别的文艺。去的时候刚好碰到了菊花展，皮皮几乎把每一朵花都闻了。由圆明园、长春园和万春园组成，所以也叫圆明...,2
4072,门票挺贵的其实，当时还有花展，花还可以吧老人家喜欢拍照什么的，以前以为圆明园遗址很大，结果就几根柱子了，一眼看完。。。有点失望，只能脑补曾经的辉煌,0
4073,从北宫门进的，到北宫门地铁站，往西有几百米就到了，还有南门，东门，西门，都可以进，圆明园很大，整整逛了一天，除了中午吃饭，基本没怎么停驻（早9点到晚16:30分），从北宫门→万寿山游玩→大戏楼→文昌园→南湖岛→东，堤→西堤→石舫船→爱山楼→北宫门，基本上沿途的大部分都看了，中间还有好多台阶，这个行程肯定是不适合老人和孩子的，太累。一天的话建议万寿山附近游玩加上南湖岛。基本上景点都在这了。,0
4074,很清新的大园子，可以主要景点破坏没了,2
4075,特别值得一去的地方.大人孩子玩的都很开心,2
4076,圆明园太大了，几个园都逛下来是不可能的。最熟悉的大水法就在西洋楼建筑那里，真的三分靠看七分靠听，有个好导游听听讲解很重要。里面有电瓶车可以圆明园逛一圈，但感觉花这个钱没什么意思。最后看了圆明园模型，才知道整个圆明园真的很大，也能了解被毁的原型。,2
4077,风景伊人，荷叶池塘，柳树飘飘，还有特色吹糖人和皮影玩具摆件，,2
4078,很方便 导游说的非常好哈哈哈哈哈哈好多好多好多好多还是生活都过的故事都很好的呵呵呵呵呵哥哥哥哥哥哥哥哥,2
4079,真的真的不错！环境优美，洁净。服务周到热情，以后还会去游玩！,2
4080,游览圆明园，最主要的景点就是西洋楼景区。步行约二十分钟可到游览车乘车点，在逛完仿制十二兽首陈列室后，乘坐电瓶车去往西洋楼景区。一路上公园驾驶员绕道圆明园四十景遗址，其实就是些散落在田野的石块，难以想像当年的诗情画意的景象。在西洋楼景区除了黄花阵已按原来的模样复原，其他就是残垣断壁，行走其中，能想象当时皇家园林的豪华气派，皇家生活的富贵骄奢。支离破碎的大水法前，已看不到她的精致典雅，看到的是列强百年...,0
4081,真的是怀着沉重的心情来到圆明园，从图片中能够看到圆明园毁掉之前的繁荣景象，可惜现在我们只能看到一大片公园而已，上面的建筑几乎化为乌有，只有残存的几块石头诉说着痛苦的历史。,0
4082,曾经跟团去过一次圆明园，唯一记得的就是西洋楼遗址了，这次来就想再去转一转。北京的门票是真接地气，圆明园也不例外，联票（大门+西洋楼遗址+全景模型），听着很玄乎，25人民币。,1
4083,里面三个园在一起，联票比较好看。西洋遗址公园里面挺好看的，都有简介介绍。园很大，我们晚上4点三刻到的，大致看了下，来不及看完，带着奶奶一起走的，需要游览车去西洋遗址，也看到了游船，感觉路程短，不划算。直接刷二维码，70岁老人免票。,2
4084,圆明园有园内导游，讲解的非常棒，建议大家听听。园子很大，里面有免费和收费电瓶车，真心很人性化，园中的志愿者非常棒！,2
4085,这里是非常非常美丽的，我很喜欢，现在这个季节荷花正是胜开的季节，美的不要不要的，并且圆明园今年种了不少王莲也是很有特色，还有不少回归的石狮石盆等，很有历史特色。,2
4086,可以在门口拼个讲解团  大水法遗址可以在里面单独买票,1
4087,圆明园来北京肯定要去，很大，可以安排多点时间，离清华北大也近。,2
4088,又称圆明三园，是清代一座大型皇家宫苑，它坐落在北京西北郊，与颐和园毗邻，由圆明园、长春园和万春园组成，所以也叫圆明三园。此外，还有许多小园，分布在东、西、南三面，众星拱月般环绕周围。,1
4089,圆明园感觉很大 不过不推荐去 太大了都是树湖 什么都没有 不过去的人少 走一走还是可以的 呼吸空气新鲜,1
4090,跟闺女两人坐地铁过去的，去了很多地方还是觉得北京的景点票价那真是大气，一句话便宜。对于长期生活在长江以南的小朋友见到很厚的冰也是满心欢喜的，里面有不少旅游团，去西洋楼遗址我们是步行过去的，到了那就听导游讲解，不然光看真不能了解，听导游讲后眼前感觉能浮现出那么多年前的完好无损的盛世景象，这还真亏得导游讲的有声有色。里面没啥好吃的，建议多带干粮,2
4091,园林很漂亮，很值得去看看，冬天去湖面都结冰了,2
4092,百姓的圆明园，废旧的建筑很震撼,1
4093,然后去了圆明园，在颐和园跟圆明园我都买了这个手绘地图，十块钱一份，不贵，可以留个做纪念。还是蛮好看的，里面是一张很大的牛皮纸~挺有逼格~圆明园里面也很大，我是下午四点多才到，所以没有很多时间去逛了，于是我跟室友是坐船进去，然后步行出来的，建议试试坐船，能看湖景，近距离接触河面，拍出来的照片也很好看哦~,2
4094,北京真的是一开会 天就蓝的不像话 好看,2
4095,来这里要找个好讲解，否则看了也白看,1
4096,方便快捷，秩序井然，天气晴好，入院快捷，服务态度很好，地面干净，不用怎么排队，很快就进去了，感觉很好！,2
4097,园子挺大的，残垣断壁也值得一看，但是绝大部分就像一般的公园，所以时间紧的话，可以放弃。,1
4098,说实话。圆明园不是一个以观赏为目的的景点。 如果说。大家报的旅游团，导游是不讲解圆明园的话。那还不如不要进去。或者如果大家是抱着。好玩的心态，那也可以不用进去，因为肯定会觉得无聊的。  如果是自由行的话，最好能遇到有讲解员的旅游团。跟着听一听。 圆明园面积真的很大。如果靠双脚走的话太累了。 那个著名的只剩下柱子的照片图原址，是要另外收费进去的。 离大门口还蛮远的。如果走路的话40分钟打底。 所以建议选择坐...,2
4099,说实话。圆明园不是一个以观赏为目的的景点。,2
4100,马导讲解很棒，厉害了，人也长的漂亮，赞赞赞！强烈推荐这个团,2
4101,景区非常干净  进入园区需再买票  看着被破坏的古建筑  心里说不出的滋味  大点的孩子可以是个学习,0
4102,周末带孩子们来到圆明园看看荷花，坐坐小船，吹吹小风，天气也很给力☁️遮住了太阳。也许是快开学了吧，园里人不是很多，坐船的人就更少了。,2
4103,Absolutely remarkable garden in Chinese history.,2
4104,圆明园很大，是皇家避暑圣地。不过经过八国联军的毁灭之后，现在已经难以看到当时的原貌了。现在的圆明园主要是有个遗址公园，不知道是天气关系还是其他原因，总觉得来北京的几天圆明园这里的柳絮是最多的，让人喘不过气.来的当天碰到很多学生出游，应该是作为爱国教育基地的旅行。,1
4105,很好的旅程，也许晚点来会更好。,2
4106,来了虽然第一印象是看石头。尤其看大水法。后来逛到荷花，柳树还有十二兽首。让我感觉历史记录的美好和伤害。后人需要铭记历史,1
4107,今天去圆明园转了转，真美啊，正好碰上彩云美的不要不要的，非常非常喜欢这圆明园的美丽景色，特别是圆明园的荷花现在正当时，花开的特别多特别美，特别是现在不冷不热的晚霞映照的河面荷花盛开的美景！不多说上图吧！,2
4108,2018年8月10日，圆明园门票很便宜，大水法要单独买票。它承载了太多历史的辉煌与伤痛。圆明园很大，全部走完估计要半天，还挺累的，我们只逛了一条主线，坐了下游船，仔细逛完西洋楼景区就撤了。,2
4109,非常好，非常方便，用去哪儿网,2
4110,学生10块钱基本全逛遍了，就是太大了，走的有点累。黄花阵没时间的话就别走了真的，非常累。大水法一定要看，那是乾隆用来秀恩爱的 。,2
4111,从小课文中的地方。所以必须要来看一下。,1
4112,这次游玩园明园还可以，导游带队和讲解中规中矩，无明显特色，还可以吧。,1
4113,人好多，太累，但风景不错，荷花漂亮,2
4114,圆明园遗址公园非常非常美丽，我经常去圆明园玩，太美了，也特别大，里面的游人很多很多，圆明园里的荷花是非常非常美丽的，也是非常多的，到圆明园赏荷花是一个不错的选择，也是圆明园最具有特色的美。,2
4115,游人太多了，景点太小了，管理一般。,0
4116,带着孩子一起游玩圆明园，给她讲讲历史，挺有意义,2
4117,大门口就有地铁站，票价便宜，夏天过去满眼青翠欲滴，荷花很美，水中乘船也很是雅致！带小朋友参观遗址，很有教育意义！北京游必去景点！,2
4118,圆明园，每个中国人心中的痛，一个王朝落寞的背影,0
4119,巴洛克风格，当年的恢宏，今朝仅剩废墟残壁;,0
4120,巴洛克风格，当年的恢宏，今朝仅剩废墟残壁; 古代智慧，十二生肖水力钟，三合土（白灰、蛋清、糯米）; 国运昌时滥用财，自康熙经六朝历150年，集国累世之珍宝毁于一旦，至今四首未现。至慈禧时已无财力，为一己之私欲，却借用北洋水师之军费修建颐和园。,0
4121,正好赶上荷花节，莲叶如碧荷花红，还有吹糖人，画糖画，剪纸和皮影，可以乘坐游船观赏荷花，也可以沿途慢行；西洋楼遗址，真实看到与图片了解，是截然不同的感觉,2
4122,适合情侣散步,2
4123,风景好，累累累累累累累累累累累累累累累累累累累累累累累累,2
4124,美丽的圆明园，良心景点老人小孩不用钱，成人才十元。风景非常美！人又不算多，完美的一天。,2
4125,地方很大，可以推荐进去时可以边走边看，一直到西洋景遗址（注遗址是另售门票的）回来时可以乘坐游船（20元/位）,2
4126,图6是经过3D复原的图片，是十二生肖同时喷水灭火情景，看了遗址大感可惜与愤怒…,0
4127,走走停停，只走了三分之二的景区就花了一个上午的时间，里面的风景很美，荷花盛开，绿树成荫，看了圆明园遗址只剩下一个个历史的印记，值得去看看。,2
4128,勿忘国耻，这是圆明园之行最大的感慨~~本身作为北京最大的园林之一，圆明园的名气和规模都还是非常大的~~人气也很高，去玩的话注意错峰,2
4129,圆明园风景优美，是到北京必去的景点，炎炎夏日，沿着湖边散步，柳叶飘飘，诗一样的画面，还有遗址上的感受让人百感交集，震惊，只是圆明园太大了，玩一天也很辛苦的!,2
4130,收到短信后，点击链接到二维码，直接刷二维码过机闸，特别方便。里面有黄花阵和大水法，可以蹭到导游，非常值得去看。,2
4131,环境很好，可惜我们来的这几天太热了！网上订票入园很方便，直接扫二维码即可。,2
4132,号称万园之园，园子很大，不过很凄凉，感觉快荒废了的样子，疏于管理，太可惜了，感觉没什么看头，西洋楼（大水滤法）得另购门票15块，十二生肖馆的铜像都膺品,0
4133,太震撼,2
4134,这是一天健身篇,1
4135,骄阳似火，绿草如茵，残垣断壁石不语。,1
4136,在这次北京之旅中，圆明园是让我觉得非常遗憾与惋惜的，我们今后一定要认真学习，国家兴亡，匹夫有责,0
4137,来圆明园如果是看景色会有一点失落，毕竟目前是一个普通的荷花公园，没有了当年的风采，不过可以看下情怀，残留的太湖石还有当年的风貌！,1
4138,比正价门票便宜了两元，出票也很快捷，使用方便，到闸机一刷，二维码就能进了，挺不错的。爱国主义教育基地，带孩子过来进行教育的打卡点。学生优惠票五元，65岁以上的老人免票。优惠门票要到售票窗口购买。,2
4139,停车太贵，一个小时 10快，都不敢多玩，好多地方没去，景区 里面挺便宜，不错，,1
4140,在颐和园隔壁，景区分内外两部分，外区不收费，包括著名的大水法遗址在内的内区收费。当年号称万园之园的圆明园如今只有一片断壁残垣，景色凄凉而沉重。这其中是是非非很难用简单的对错来定义了，只是希望悲剧不再上演。,0
4141,刷短信链接的二维码过机闸，非常方便。景区门口有人工导游，20元/人，凑十个人就走。我觉得人工导游讲得特别好。在这里看，一定要找导游，才能明白此行的意义。,2
4142,地图上好多景点损毁，只是表明它原来的样子,0
4143,圆明园，曾经的“万园之园”，如今改为遗址公园，徒留残垣断壁和遗迹供人凭吊。靠近颐和园、北大、清华，可以串在一起游览，地铁4号线有圆明园站下车步行即到，门票10元,1
4144,周末又花了10元门票去圆明园，这里有若干志愿者，但基本问啥都说不知道，还有南门近的一个志愿者服务站，问问题爱搭不理的。在荷花基地更是志愿者多得比游客还多，问双色荷花，都说不知道，结果我问她们不是自愿来的吧，她们一个只冲我笑～扫兴回来，回来的车上有两个年纪偏大的志愿者，跟她们两聊了，知道是学校派来的估计是挣社会实践积分的孩子被老师学校安排来的，试问圆明园管理者，滥竽充数地做公益有意思么？还害人，这么热...,0
4145,圆明园进去之后最好坐他们的摆渡船或者摆渡车去西洋楼，不然你会走得脚软，没力气浏览西洋楼遗址了，而且浪费大量的时间。,1
4146,圆明园的荷花         一则预警“北京市防汛指挥部提示：11日早晨至12日上午，我市将有大到暴雨，请市民注意自身安全，合理安排出行，远离河道和危险山区，注意防范山洪和泥石流等地质灾害”，促使家长们也一再嘱咐孩子们“下班快快到家”；大暴雨就在这不断的预警和牵挂中知难而退，11号只为大北京冲刷了尘埃，驱逐了热浪，浇灌了花草树木。今早天空中的那片雨云悄悄撤退了，北京的七月中旬难得的凉爽，空气清新而舒适，想到那一...,2
4147,大水法这块果然是整个院内的精华所在，非常震撼，值得一游。,2
4148,最近圆明园的荷花盛开，非常漂亮！从东门进去，偏左走，大大小小的荷塘。有些荷花开在了芦苇丛里，离岸边很近，能够看得很清楚…,2
4149,很方便，随买随用，还有优惠，满意,2
4150,虽然有点小雨，预定方便，不用取票，直接扫码，就可以入园了，方便,2
4151,果然是万园之园，面积特别大，想必当年被火烧抢夺之前圆明园该是有多么得富有啊。没有买门票去看大水法，通过围栏就能望见。里面有好几个湖，冬天去看的时候有一种特别凄凉得感觉。,1
4152,坑啊，外面门票10元，没啥可看，圆明园柱子在里面做10元车子单程，15元门票，再乘反程10元车子，一次次收费太麻烦。,0
4153,风清清，雨细细，淡抹轻妆最相宜。有末路皇族的悲哀，有列强炮火的凄切，有游园漫步的淑娴。荷花开欲然，一一风荷举，粼粼碧波万顷开，危危高楼响余音，御辱当自强！,2
4154,圆明园遗迹其实已经被毁的剩下极少一部分了，更多的是对历史的一种反思。除了大水法其他地方可以忽略了。地方很大，脚力不够要注意休息。,1
4155,主要是去看圆明园的遗址的，赶上一场大雨好凉快。里面电瓶车10元有点贵,1
4156,圆明园是清朝皇室避暑、听政的行宫，又称夏宫。与颐和园相邻，园子面积超大，全部逛完最少得一天的时间。,1
4157,圆明园是清朝皇室避暑、听政的行宫，又称夏宫。与颐和园相邻，园子面积超大，全部逛完最少得一天的时间。        第一道门票需10元，如不进入西洋楼遗址只能算逛了逛公园，大水法遗址门票得15元，却能看到圆明园精髓，也令人震撼！令人感叹！……,2
4158,自从去年发现这里的荷花很多很漂亮之后，一直期待再次光临，去年八月底来的时候花儿差不多都谢了，而今年似乎又有点儿来早了。过段时间应该会更美。,2
4159,全被破坏了，只有一块石头，写这几个大字。,0
4160,面积太大了，把腿走废了，门票也不贵，希望多弄些自行车。,1
4161,五月底去的，景色非常漂亮，人不算多，满园花开，赏心悦目,2
4162,去圆明园的时候遇到大雨。拍了下皇后照。圆明园整体不是很大。比起故宫和颐和园相对来说，景点都很少。不过拍拍照也挺不错。,1
4163,皇家园林，湖边古老的杨柳一人才能围抱，地标西洋楼遗迹让人震撼和惋惜,2
4164,我特别喜欢去圆明园，可以说圆明园里非常大，非常好看，可以说是圆明园里的景色是一步一景，美丽的不要不要的，里面的荷花种类太多了，美啊！,2
4165,一步一景，风景优美，避暑圣地，历史,2
4166,出票特别快，临时决定去的，但是马上就买到票了，直接扫二维码很方便。圆明园的风景现在真的是破败，看园区介绍及电脑还原技术可以遥想以前的奢华，想想真的是太可惜了,2
4167,圆明园开创了中国历史上将西方园林艺术融入中国古典皇家园林的先例。,1
4168,小杨导游带我们游览的颐和园，长城讲解的非常棒，对于初次游北京的我们感觉很亲切。,2
4169,圓明園位於北京大學和清華大學附近，有多部公交車可達，地鐵4號線也有圓明園站。門票成人10元每張，西洋樓遺址另外15元每張，坐船單程20元。圓明園很大，是個100[%]的人造園，被毀前很美，現在也很美，如果不被毀的話，那將非常金碧輝煌加上風景優美，那將是人間仙境。,2
4170,第二次去了，第一次就游了遗址那边园子，剩下半个一直没找到，这次特意穿过拱桥去找被遗忘的园子，风景很漂亮，人很少很少！还遇见太阳雨了！不虚此行！一个人慢慢逛着，感觉偌大一个园子就三三两两人，风景原生态！,2
4171,的确是值得一玩的地方，虽然都是残垣断壁，但是依然精美,2
4172,圆明园，在经历了失望的清华、北大之后来了圆明园～只能说被历史课给拐带了～景色感觉很荒凉～不知道为什么地面绿化那么不好，都这么多年了不过是真的挺大啊～,0
4173,过年去的，年味特别浓，而且特别有意义带着孩子去，勿忘国耻,2
4174,圆明园占地35万平方米，建筑面积超过16万平方米，始建于清康熙四十六年。圆明园遗址公园位于北京西郊，是1988年在圆明园遗址上建立起来的，由“圆明园”“长春园”“绮春园”三园组成。圆明园享有“万园之园”的美称，是中西合璧、举世闻名的皇家园林典范。圆明园继承了北京3000多年的优秀造园传统，既有宫廷建筑的雍容华贵，又有江南水乡园林的委婉多姿，同时，吸取了欧洲的园林建筑形式，把不同风格的园林建筑融为一体，是当时最...,2
4175,圆明园特别大，建议坐观光车观看。两次收票，进门10元，进西洋楼遗址15元。西洋楼遗址还是很值得看的，看完了就知道为啥被烧了。皇上昏庸就知道享受，断壁残垣，反思生于忧患死于安乐啊。,1
4176,环境还不错，可惜园太大，时间太短，很仓促地玩一下就走了！只能说是到此一游！,1
4177,圆明园尽管只是遗址，但还是能感受到当年万园之园的风采，因此还是特别值得来感受下的了，如果在北京游玩的时间比较充足，推荐来的,2
4178,国之殇，总有一天，祖国强大了，让他们把抢走的东西送回来!,2
4179,风很大景特美，很好找，交通也很便利，坐着664直接到,2
4180,去的时候正值圆明园纪念日，所以门票都是免费的。园内的景色很美，特别是下雨的时候，闲庭信步，慢慢的逛，你会发现，除了历史遗迹之外，圆明园还是一座非常美丽的公园。,2
4181,夏日里的圆明园，晴空万里，日头当空照，能遮阳的地方感觉很少，所以防晒的措施一定要做足了哦。行程赶的话，用半天的时间来游玩就足够了。,2
4182,来铭记历史的，现在的人们都活的很安逸了，看看圆明园那么大的一片地除了碎石什么都没剩下。想象不到当时到底有多辉煌，大火到底会烧成什么样子。,0
4183,多花15元进去很值得，遗迹保留下来。,2
4184,直到参观完圆明园，我们才知道原来大水法只是公园很小很小的一个小部分，圆明园共有四十个景色。正是因为存在这个认识误区，所以哈哈我们又犯了早上的错误，随便就近找个门就进去了。从西苑这边的南4门进入，绝对的我的天我的天，后来才知道那是离大水法最远的一个门了。,1
4185,圆明园游完了颐和园就坐公交来到了圆明园南门，南门距离北门有一公里左右吧，圆明园的精华部分大部分集中在北门那边，西洋楼景。,1
4186,购票很方便，导游提前发信息通知集合地点。导游讲解的很好，全程一直在讲解。游玩路线安排的很合理，基本上都走到了。最后一定要给导游楼兰公主点赞，文物遗址很有画面感。,2
4187,挺好，就是公园太大，走起来好累,2
4188,圆明园作为万园之园，被烧了很是可惜，里面非常大，门票也不贵，离颐和园很近，一天逛两个园时间还是够的，只是有点累，如果有时间建议一天一个，慢慢逛,1
4189,圆明园又称圆明三园，是清代一座大型皇家宫苑，它坐落在北京西北郊，与颐和园毗邻，由圆明园、长春园和万春园组成，所以也叫圆明三园  著名景点 :大水法 西洋楼遗址 方壶胜境  圆明园的面积很大，圆明园的精华部分大部分集中在北门那边，西洋楼景观，大水法等等的。  门票十元只是进入门口，如果想看这里的精华还需要再支付15元购买西洋楼遗址的门票，才能看到当年八国联军烧毁圆明园的历史遗迹。残垣断壁看着没什么其实里面故事很...,1
4190,圆明园又称圆明三园，是清代一座大型皇家宫苑，它坐落在北京西北郊，与颐和园毗邻，由圆明园、长春园和万春园组成，所以也叫圆明三园,1
4191,感动震撼，还会再去，太大了，真的快逛不过来,2
4192,圆明园 一个记住历史的地方 大门票不贵 里面有两处遗址要买小门票进去的 旅游团的话可以买电动车 不过还是需要自己走一段的 虽然现在只是一堆石头 但可以想象当时美丽,1
4193,期待很久的地方，终于有幸来了一次。门票不贵，值得一去。但是下雨的时候建议去颐和园玩，因为圆明园还是很大的，几乎没有室内可以坐的地方，所以会比较累。,2
4194,作为著名的皇家园林，气势恢宏，大气磅礴。大水法遗址自不必说，对于我们来说也是赏花的好去处。樱花，海棠，碧桃，紫叶李应有尽有，还有若干不知名的野花，值得推荐！,2
4195,圆明园历史悠久，历经战乱。很多慕名而来的参观者，使得园子接待有人络绎不绝。园子还算比较大，小湖水，崎岖的小弯路。把人逮到了那个曾经园子鼎盛辉煌的时代。,2
4196,由三个园组成，面积特别大，带着两个老人没能全部走完。感觉除了西洋楼别的特色不大，如果没有听讲解的话，看不出来有什么。,1
4197,圆明园是清代著名的皇家园林，由1绮春园、2长春园(西洋楼遗址，全景沙盘模型)和圆明园(3福海景区，4后湖景区)三部分组成。个人感觉全区最好的景点主要包括西洋楼景区、福海北岸、以及万方安和，如三个黄色椭圆所示。圆明园大小景点众多，所以合理规划路线十分重要。尽管路线众多，但初始路线都是一样，就是从南门进去一直往北走，三园交界处是重要的节点(粉红色框所示)，往北走可以快速直奔西洋楼景区，往西走很长的大道是圆明园，...,1
4198,非常好！很方便。我喜欢大冷天儿的圆明园，老公没空陪我，自己一个人走走看看，很不错！要知道我外公家可是努尔哈赤第六代传人，我们家以前曾经买下了整个什锦花园呀！,2
4199,进入圆明园，建议请个导游讲解，才能更深了解圆明园。里面景色优美宁静而且面积很大，想要一天逛完挺累的。皇家后花园圆明园的景色和规模都令人感到震撼。,2
4200,景色不错，碧水蓝天，人也挺多的,2
4201,若有时间可以在里面安静的呆上一天，不错,2
4202,电子票就在售票处10号窗口兑换，然后就可以入场了，门口好像能刷一卡通。进去拼了个导游，20一位，10人成团，不到3分钟就拼到了。如果不想等那就是200一家人。主要走东边绮春园和长春园，大概讲1个半小时。大水法看完之后折回二道门门口坐电瓶车8元返回到三园交差口坐免费电瓶车游览西线圆明园。好了，玩法说到这里，再说说遇到的问题。大水法讲完解散，我们就想着折回去看看西线景色。然后返回二道门，售票口的为了卖船票竟然说没...,2
4203,喝着酸奶晒太阳，很舒服,2
4204,感觉就是一个公园，除了湖就是树，并未有特别之处，但是半路上遇上了一个导游团，就跟着导游团走，尤其是到了圆明园古建筑那里的时候，听着导游的讲解，才能感受到当时圆明园的辉煌与气派，所以最好以后出游带个讲解，比自己瞎逛好多了。但是有一点不好，就是里边公厕的卫生实在太差了。,1
4205,总体感觉挺不错的，下次一定会再来哦,2
4206,窗口换取门票入园，因为带着老人和小朋友，所以直接选择坐游览车直接去大水法遗址。。太大了，坐游览车都要好久。景色是美的，值得去～,2
4207,是清代一座大型皇家宫苑，它坐落在北京西北郊，与颐和园毗邻，由圆明园、万春园、长春园三座组成，所以也叫圆明三园。不过现在的景色堪称凄凉了。,1
4208,很快，取票直接进入，很方便，圆明园感觉最主要就是看大水法了，小学语文课本上的经典图片,2
4209,挺好玩的。十二生肖，西洋楼遗址都看看。,2
4210,范伟，太不容易了，讲解一天，嗓子哑了，深有体会你的不容易，我真心给你好评，祝你工作顺利！希望全天下的儿女都能在妈能走动的时候旅旅游！,2
4211,逛园子十二兽首西洋楼遗址圆明园全景模型我们看到的不仅仅是屈辱，也不仅仅是废墟，而是寄托着帝国的雄心壮志和灿烂辉煌的皇家园林,2
4212,圆明园的门票买联票比较合适，因为去里面的西洋建筑必须要买票，有联票就可以直接进入游览，而且建议大家一定要进门里面拼导游给讲解一下、很便宜，每日二十即可，有了导游讲解，才更有意思，不虚此行,2
4213,美仑美奂 美不胜收 巧夺天工 世界遗产 旷世之作 前无古人 后无来者 高大宏伟 金碧辉煌 举世闻名 奇珍异宝,2
4214,坑人！什么解说导航根本没用！迷宫就在遗址里边，不用再购票,0
4215,好多花都没开。感觉都是柳树。好大的园子。逛了一天。都迷路了。找不到路出去,1
4216,曾经的清朝皇家园林，被称为“万园之园”，如今已经满目苍凉。,0
4217,一个去玩就让人深思很久的地方，圆明园真的很大，而且湖水很多，虽然只剩下一些残骸，但可以想象在被破坏以前，这里的景象该多么的壮观。,1
4218,园比较大，有三大园组成，我们赶时间没跑完，景色不错，还看到一些中西合璧的建筑！但是可惜了…断壁残垣的不少！,2
4219,带上小伙伴，踏青还是挺不错的选择。,2
4220,再一次慨嘆有錢就是任性， 一個超超超大的公園， 走走來要半天， 花草繁盛， 應該是 4 季會有不同景像 看到遺址上的石頭， 加上日落， 有種凄愴的感覺,1
4221,历史遗迹，让人颇为深思。景色来说，不是那么有趣味，但是很值得一看，可以想象以前的辉煌。地方挺大的，西边那一区人也挺少，可以过来走走路。,2
4222,这地方走的是历史和文化，不过风景也可以的！,2
4223,这个地方曾经是那么的雄伟壮观，现如今剩下的只是一堆石头，心里其实挺不是滋味的，走进园林当你看见这些建筑物的残躯你可以想象那时候贵族是有多享受,0
4224,历史悠久，盛极一时的清代圆明园又称圆明三园，是清代一座大型皇家宫苑，它坐落在北京西北郊，与颐和园毗邻，由圆明园、长春园和绮春园组成，所以也叫圆明三园。此外，还有许多小园，分布在东、西、南三面，众星拱月般环绕周围。圆明园是历史的积淀，岁月的浮沉，年华的流转，圆明园虽然已经没了，但确实中国历史上绝对不可忽略的好地方好遗产！,2
4225,雕梁画栋已成断瓦残垣，夕日皇家园林气派却可从细枝末节中透露，中国人爱山水园林，故将园林修葺的处处惬意，身处其中，悠然自得。,2
4226,圆明园，曾是清代大型的皇家宫苑，由圆明园、长春园和绮春园这三大园之外，还有许多小园，号称万国之园。园内太大了，真心不建议走，会累死的，坐游览车吧。说起来就有点心痛，看到的都是废墟破石。而今留存遗址所剩不多，建筑、亭阁毁的已不复当年模样。,0
4227,果然古代的皇帝会享受，那么大个园子，亭台楼榭，山清水秀的。就是园子太大，苦了抬轿子的奴才了，要累死了。而且那么大，里面的人不迷路吗？,2
4228,吃完火锅已经是下午2点多了。最后决定去颐和园看看。,1
4229,没想到8月份的天真心热，逛完颐和园公交车坐了几站路到的边门。已经很累了，整个圆明园遗址很大，居然说要走路不坐电瓶车，真的是疯了！,0
4230,非常好，非常值得去！是废墟，都那么美！太多感慨，太心痛！这么好的美景，给糟蹋了,2
4231,2月份的北京还是很冷的，下地铁很方便就到了圆明园门口。一个人走在初春的圆明园，万物复苏，生机勃勃。园区很大，遥想当年应该更是恢宏。残败的西洋楼提醒着国人，铭记历史！,2
4232,天气给力边看边骂英法联军和八国联军！圆明园的残骸就是让我们勿忘国耻,0
4233,园子挺大，冬天去的，主要去看西洋楼遗址。进园的时候是下午两点多了，从南门进去的，沿途风景还是可以的，有不少卖小吃的，个人比较喜欢茶汤，是小时候的味道。由于时间紧，只沿着南门往北，然后坐电瓶车去的遗址。觉得夏天去应该会好吧,2
4234,来到这里听历史故事，让人历历在目。现在这里作为红色教育基地，让我们勿忘国耻，将历史铭记于心。虽然没有美丽诱人的景色，但还是一个值得一去的地方。,2
4235,挺不错的，在门口直接取票就可以进去，但是人真的很多！外面就是像普通的公园一样没什么意思有很多商贩在卖东西，主要就是一个遗址，看到了感觉很心塞。,2
4236,可能因个人钟情山水，感觉圆明园山水好美，正月初七去的，天气很好，虽只是初春，却也感受到了无限春意，福海中午时分半湖水半湖冰，千万柳枝泛黄绿，空旷惬意，基本感觉不到古老与沧桑。,2
4237,地方很大，冬天里景色不多，所谓的四十景纯靠想象，目前只有几个柱子和介绍在告诉我们曾经的辉煌和经历的惨痛。旅行团就去大水法。,0
4238,地铁过去非常方便，门票时带好身份证，老人可以优惠。入园后在借讲解器的地方，有人推销拼导游，20一个，集满15个左右就出发，一会儿就齐了。跟着导游一路走，实打实讲了五十分钟，觉得可以，要不然就是逛公园。解散后，再慢慢拍拍照，随便走走，小卖部吃了午饭，推荐煮豆腐、肉串和玉米，作为旅游景点，价格还是很良心的。到出园，共计游玩了三个半小时，还只走了三分之二的地方,2
4239,还可以吧。就是冬天去荒凉了点。,1
4240,圆明园里景色秀丽，环境优雅，小河流水。,2
4241,从绮春园进入的圆明园风景区，历史上的圆明园分为圆明园、绮春园和长春园，由于是迎新年，所以挂满了大红灯笼。通常会进去不远看到一条长堤通往鉴碧亭，一般都沿路出绮春园，到圆明园的大水法遗址一探被英法联军烧毁的以西洋楼为中心的山水相依、烟水迷离的江南景致。        还有一个有意思的地方就是黄花阵，这是一个考验应对能力的地方，是个方形的迷宫区域，中间是个欧式凉亭，可能是由于进来所耗费的时间较长，出去时直接原路...,1
4242,值得一去。一切造园艺术的典范，理想与艺术的典范。 推荐直接买套票，同时还可以在园内坐船，荷花开的季节，穿梭在荷花中。 紧挨颐和园，可以和颐和园，清华北大，放在同一天的行程中。,2
4243,孩子放暑假来的，铭记历史！学得历史让孩子从汉中能体会到！,2
4244,很大的园林，早点去才能逛完。了解历史的地方。,2
4245,第一次来圆明园是十一黄金周五，人很多，感觉很乱。这一次是淡季，可以好好欣赏冬日的景色。没有那么多的游人，每个地方都可以静静的观赏。,2
4246,园子好大啊！寒假去人不多，门口有讲解员，20元一个人，推荐大家买通票，成人票25，小孩10。坐地铁到圆明园站，出来就是圆明园售票处，非常方便！,2
4247,没想到4月份的天真心热，逛完颐和园公交车坐了几站路到的边门。已经很累了，整个圆明园遗址很大，就花个15块坐电瓶车。这个电瓶车只能坐一次，下去了就不能再坐了。 里面真的都没有了，就像个很大的公园一样。季节还好花开的很多。还有遗址就些石头。,1
4248,初冬季节的圆明园园湖面上冻了一层薄冰，岸边柳树的叶子变成了黄色，水边的芦苇在风中摇动着，当你走在园中的小路上，阳光暖暖的照耀着大地，使你一点也感觉不到冬季的寒冷，完全被岸边的景色所陶醉。,2
4249,周一去的，摩天轮休息，冬天下雪。,0
4250,没有导游，就看残垣断壁，请个导游就能听到一部清宫史。景点是五星景点，门票比游乐园门票还便宜。一天时间也走不完，夏天去更美，冬天是淡季，人少。,2
4251,去的时候正是暑末，荷花满池，虽有点热，但历史带来的冲击还是让孩子收获满满。园子很大，只走了三分之一吧，紧挨着清华大学，离北大也很近，很遗憾的是逢上大学开学，没能进到校园里一睹风光。,2
4252,都是历史遗迹，如果没有讲解真的没啥玩，门票不贵，去里面了解皇家园林历史、在全景沙盘那看看纪录片还是可以的。另外最好不要冬季去，风吹的冻死！,1
4253,夏天去的，绿树成荫，很多荷花接天莲叶无穷碧体会到了，很美。还有喷泉，幸运的话能看到彩虹，我和我的小伙伴都惊呆了。其他的就是遗址了，地方很大。,2
4254,3年前来北京旅游，那时候还没毕业，不像现在是自由行达人了，所以行程安排得有点紧凑也没玩很好。来北京的第二天早上先去了Summer Palace。可能颐和园看够了，就觉得圆明园意义不大了。里面的吹糖人超级坑爹，我还傻傻买了个小马的，15块钱！我爸竟然还没拉着我……,1
4255,从颐和园到圆明园，坐公交即可到达，圆明园很大，但真正看的地方不多，所以没有花多长时间就浏览完了，在门口拼团一人20请了导游，即可听到历史，又可以节约体力直接逛经典部分。,2
4256,真的值得来一次，里面风景很美，棒棒哒。,2
4257,圆明园遗址公园大门票十元，如果要参观大水法遗迹，还需要购买西洋楼景区门票十五元。园内的主要景区都是残桓断壁，一些完整的比较漂亮的景观，都是后期人工修复的。同行的每一个人表情都很凝重，看到举世闻名的万园之园变成现在这个样子，心中的屈辱法言表。,0
4258,"圆明园记载着历史，适合成年人参观游览，鉴碧亭原貌保存完整，,西洋楼遗址震撼，沙盘展现圆明园历史原貌，这些值得观看，冬天游九州景区有点失望，破坏太严重，完全没有原来的影子。总之，了解历史，还是可以游一游的。",1
4259,冬天来很萧条，都是湖，结了冰，遗址只有一点点，院子挺大，爱国教育的话可以来看看走走。,1
4260,圆明园，秋日的午后走进园子大门，沿着曲折小路，望着残墙断石，静静的闭上眼，感受着风从耳边吹过，似乎在诉说着岁月的苍桑 ; 那是曾经辉煌的地方，却被一把火烧得满目疮痍，成了一种永远方耻辱。 走出长春园，来到银杏大道，两边金黄色的银杏叶落满地，却是另一番景色，是恋人的浪漫，是少年的肆意，是游人从历史穿越回当代的甬道，美轮美奂。,0
4261,在门口扫一些一个二维码就能22一张门票，在里面和其他10个人拼了个讲解员每人20，一个讲解员要200。讲解员大概讲了一个小时，然后我原路返回照照相看看石碑上的字。到现在我都不能理解为什么当时八国联军要烧了圆明园，这么壮观的一个园就这样没了，历史不能忘啊，弱了就被欺负。没有讲解员看看就没了，关键是看的都是毁了的历史建筑，这些地方一定要讲解员。今天天气好，照片怎么照都好看。,2
4262,圆明园大家都知道，去那边可以感受历史感受以前中国的辉煌，勿忘国耻！落后就要被挨打,2
4263,和朋友一起去的，门票很便宜，里面挺大，冬天湖水都结冰了，和朋友一起还挺好玩的。冬天的圆明园有别样的风景，那里的吹糖人的师傅还挺幽默的。专门去照了和教科书一样的地方。,2
4264,圆明园，万园之园，曾经这里的风景并非一般人能欣赏到，但是现在说起这里，除了不能说的痛还剩下什么？  我相信这里曾经肯定是金碧辉煌的，慈禧太后如此钟爱这里，英法联军需要大肆抢夺这里，肯定是有他得价值在的。  位置：北京西北郊区，如果你们需要到这里的话，最方便的还是地铁，个人觉得在大北京地铁真的是最棒的出行方式，他不堵车不堵人。  地方很大很大，一天根本就走不完的，估计就算住在这里的人也没有机会走完全部吧，...,2
4265,圆明园位于中国北京市海淀区，是一组清代的大型皇家园林，由圆明园及其附园长春园和绮春园（后改称万春园）组成，通称为“圆明三园”。此外，还有许多小园，分布在东、西、南三面，众星拱月般环绕周围。,1
4266,里面很大，风景很美，适合家庭出游的好去处。,2
4267,门票价格实惠，值得一去看看，感受下。,2
4268,園區很大。很喜歡這個地方。下次還要再去走沒走完的地方。,2
4269,相比毗邻的颐和园，圆明园的景致更显秀美，也难怪圆明园景色以水景为主，另外收费的西洋楼景区绝对不容错过，大水法、迷宫等西式建筑虽然只留下了残垣断壁，但依旧精美绝伦，让人不禁对其清代时的美貌浮想联翩。,2
4270,圆明园的秋。秋游，从上学开始北京就有。秋天的北京，秋高气爽，金秋十月，美的不得了，赏秋的人们出行已经不分周末假日了。天天公园人满，三五成群，二三个结伴，你也来各个公园逛逛吧。,2
4271,交通：圆明园地铁站B往前走200米左右就到售票处。 门票：套票25元，建议买套票。景区有环保车，8元单程，但是进门要走几百米才能上车，下车后还要走几百米才能到达游览的地方，不是特别划算。 景区很大很大，游览要花半天时间，我们去的时候里面有派发景区地图，建议拿一份，不然很容易迷路。里面最值得观赏就是：十二肖兽，大水法，黄花阵，全景模型，夏天还可以赏荷花，里面有大片大片的荷花池。其他的都是园林景色为主，走在圆...,1
4272,交通：圆明园地铁站B往前走200米左右就到售票处。,1
4273,颐和园，北海公园和圆明园，感触最深的还是圆明园，是必到景点，在这里能感受到原来的繁华，现在的苍凉，来了一定比书上看到感触更加深刻，如果来北京时间短，故宫和圆明园一定不可少。圆明园占地很大，但是留下遗迹并不多，所以其实直接去到西洋古迹和九州清晏即可，其他已经和普通公园一样了，看不到原来的模样了，里面某些园林需要另购票，导游证可用。,1
4274,非常的不错，景色秀丽，风光无限，推荐大家去玩，真的不错！还想去的地方，可惜被坏人糟蹋了，要不除了风景，建筑古迹也是世界一流,2
4275,深秋的圆明园，退掉了五彩斑斓的景色，剩下的是金色与绿色互相掩映着，晴空万里，在金色的阳光照耀下，暖意洋洋。静静的福海里偶尔有几只绿头鸭在觅食，在嬉戏着。唯有菊花给略显单调的秋天添加了难得的色彩。看，黄色的菊花，紫色的盘菊花，也争相怒放。,2
4276,北京的秋天真的很美，去圆明园的时候刚好银杏叶都黄了，很美,2
4277,16：00前可以买联票，一过就买不了咯，我刚好踩点买了~圆明园出口就是可以看到清华大学门口~,1
4278,这里值得带孩子去，沿途风景很好，古建筑保存的挺好，每一块砖瓦都会忆及当年那段历史，对比今昔，更加珍惜眼前的幸福生活和热爱祖国。,2
4279,圆明园赏秋。此秋圆明园行，自己感觉这几张照片还不错，放在这里留个影儿，等到明年春天再去拍个春游篇，对比一下。看看哪个季节更能让你心动。,2
4280,值得一去，感受到历史的变迁，确实阳光很好，心情复杂，我觉得能给我很多惊喜，以前非常的伤心，对于圆明园的失守，还有火烧坪圆明园的事件，但是现在更觉得要好好努力,2
4281,去圆明园更适合秋冬季去，因为秋冬时节落叶凋零寒风彻骨更应景，衰草枯杨曾为世界园林典范，如今满目疮痍，勿忘国耻，北京冬季雾霾较多，这里就是天然氧吧！！！,2
4282,夏天赏荷花的时候特别好，荷花品种多面积大，真的是接天莲叶无穷碧，映日荷花别样红的感觉，凉风习习，比外面温度低，可舒服了，秋天的时候有一条银杏大道也很漂亮，特别值得去,2
4283,圆明园赏秋（四）圆明园从春的荷花盛开到秋季的荷花败落，前来拍两季的人不断，但还有更多的人是悠闲自在的闲逛圆明园，谈情的说爱的闲聊的，还有一人发呆的，更有大显身手的。,2
4284,一个历史有而看不出所以然的地方，休闲可以,1
4285,不愧是万园之园，真的好大，摇橹船荷塘还有遗址，可看的地方很多，一天都逛不完，园内有很多奇花异草，假山等，是当年皇上的第二行宫避暑胜地，很棒！,2
4286,圆明园赏秋（三）圆明园内赏秋菊，秋天到来之季，北京各大公园都会举办菊花展，主题各不相同但菊花确是千姿百态，美的让你转了一圈又一圈，看了一遍又遍，品种越来越多，姿色越来越美。,2
4287,圆明园赏秋（三）圆明园的荷，圆明园的荷花有名气，每年荷花盛开的季节，众多摄影爱好者，长枪短炮的纷纷来拍出污泥而不染的荷。而今年第一次拍了残荷，夕阳下残荷的美，你认可吗7？,2
4288,圆明园内赏秋色（一）园内走走看看，非常干净，周末游客不是特别多，也许是十九大开会期间吧，公交车也很通畅，只是稍微早了几天，再过几天景色会更美。,2
4289,去年到北京旅游，特意去了圆明园，曾经的“万园之园”，如今改为遗址公园，圆明园的面积很大，游览了近两个小时，我们游完了颐和园就坐公交来到了圆明园南门，圆明园的精华部分大部分集中在北门那边，西洋楼景观，大水法等等，很多的游客都在看，环境不错，想把整个圆明园逛完一天时间可能也不够，只能选精华部分参观游览一下,1
4290,圆明园适合喜欢历史而不是风景的人去，现在这里变成一个巨大的废墟，基本上除了大水法变没有什么原来的建筑了，但大水法也只是断壁残垣。,0
4291,很大啊，遗址公园,1
4292,很大啊，遗址公园 满目疮痍，触景伤怀,0
4293,好好的园子被糟蹋成这样，真的很可惜,0
4294,慕名而来，请讲解更能学习历史的意义。,2
4295,圆明园遗址公园位于颐和园附近，地铁可直达，园内面积很大，原有建筑除西洋楼尚存残石，其他砖木建筑全毁，目前只能看到当时的基台。,1
4296,非常有教育意义的游园，看着一个个遗址，勿忘国耻，振兴中华，油然而生。单就风景讲，这里非常美，闲庭信步，泛舟福海，很是惬意。,2
4297,圆明园也很大，我们一直想去看西洋楼遗址，走啊走啊，沿路一直走，里面风景也不错，听说里面有一百多个风景建筑群，这就有些遗憾了，一路人群较多，也没有细细去观赏，从前大门走到最后迷宫，看了一些被破坏的遗址群，我脑海里一直闪现的是历史书里面圆明园被烧毁的遗址，但是总是没找到一样的！出来也是原路返回，一直走啊走啊！这些公园应该要花很多时间去观赏去了解他们背后的历史，而我们此次也只是走马观花的欣赏着！,2
4298,非常大非常漂亮的皇家园林，水路四通八达，小桥流水妙哉妙哉！西洋楼风貌区看被毁坏的历史建筑令人心痛不已心情沉重。总的来说，值得推荐5星好评！,2
4299,本来一路走过都没什么感觉，无非就是有水有树，但是一走进遗址便换了心情，开始脑补各种历史，想象当年的盛世与繁荣，,2
4300,好！很好的环境，比较舒服de,2
4301,5号带女儿此地一游．正好这学期学习这篇文章，让孩子看看，感触良多、真想回到那个时候看看圆明园圆明园中金碧辉煌的殿堂，也有玲珑剔透的亭台楼阁；有象征着热闹街市的“买卖街”，也有象征着田园风光的山乡村野。,2
4302,圆明园是清代著名的皇家园林，由圆明园、长春园和绮春园三块区域组成。历史上无比富丽优美，有“万园之园”的美誉。1860年英法联军将主要建筑烧为灰烬。圆明园的园林造景多以水为主题，以水景取胜，圆明园主要由两大区域组成，福海景区，后湖景区。在圆明园游玩的时候会有无限感慨和遗憾，如果和刚建成时一样多美啊！,0
4303,景区很大，性佳比很好，很值。全园游玩需要一天时间，但需要有导览图，百度现在有，方便很多，规划线路就好多了，否则很盲目。圆明园区人太少，有共享车会增加游客，不然时间是不够的，所以这个区域其实就很浪费,2
4304,用驴妈妈买票可以打折，才花了22，这可比部分景区没啥东西却要100多的好多了，至少花20几块钱玩了整整一个下午，看了看历史古迹，听听讲解，讲解费20还可以吧,2
4305,"一直都想去圆明园，只是没有时间，这次赶上放暑假了，才有机会去，先是用手机买的门票，骑着共享单车。圆明园是太大了真,逛了一上午只逛了一半",2
4306,特地过去看看的，圆明园旧址十二生肖可惜有点晚了，四点半过去的只能看旧址了六点没有票卖了只能爬墙啦！进去门票不贵，看旧址还要买票的！圆明园里面太大了，时间充足的话可以玩半天的！旁边靠近清华北大，时间过得去还能去看看！有地铁过去的！,2
4307,曾经的辉煌，现在真的就是些残海而已！很遗憾，很心痛，现在作为游览的公园来说不如去边上的颐和园更好玩。,0
4308,记住历史，看一看世界的繁华。。,1
4309,门票便宜，进去之后可以看到很多荷花池，走一两公里到达西洋楼遗址，就是历史课本上的那里。那边还有一个迷宫可以体验一下。里面没有曾经被抢的兽首,2
4310,残垣断壁之中感受那一段屈辱的历史回忆，值得。,1
4311,景色很不错。以前一直以为圆明园不大，最著名的那个大水法感觉就是圆明园的全部。这次去了才知道原来园子非常大，一天应该是逛不完。爱国教育为主，趣味性一般，有一个迷宫还挺好玩的,2
4312,公园很大，景色很好，尤其是那么大的荷塘。,2
4313,圆明园真的是非常优秀并且很宝贵的景点，在听到对那些建筑的谅讲解后，不仅让我们惊叹古人们对建筑的鬼斧神工，更让我们领悟到了落后就要挨打！勿忘国耻！这是一次很有意义的旅行！,2
4314,很不错！取票方便，偶尔的时候还蹭导游的讲解，非常有意思；在里面花了差不多一天的时间，还是很值得去逛逛的；主要是我家老头子很有兴趣研究石头的年龄😄不嫌热不嫌路多；估计徒步了二十几公里；主要是绕了很多路,2
4315,圆明园是第一次去，里面分了三个园，地铁出来入口就是绮春园，从门口到西洋楼遗址有2公里路，可以选择步行游览，也可以坐游览车，当然还可以坐观光船，方式可以任意选择。园里最大的自然景是荷花，每个湖里都有荷花。圆明园的主题景是西洋楼遗址，一处是大水法遗址、另一处是水力钟，出现都已经被隔开，不能进入了，看看遗址可以想象当年是多么宏伟壮观的。圆明园公园里也是周末休闲的好地方！,2
4316,圆明园，到北京去玩，必须要去的一个景点，虽然只是一堆废墟，但是依然可以感受到它曾经的辉煌，而且也能够让你更加的铭记历史。,2
4317,这里很美，世界那么美，我们应该出去走走，圆明园，景色优美，值得一观，到那里能让我们感受心旷神怡的感觉，让自己全身心的放松,2
4318,捉了只蚂蚱当宠物养，现在还活得挺好。又在小区捉只公的配对，但愿不会影响传宗接代。迷宫让人多走路，虽冤枉却不懊恼，锻炼身体。电瓶车价不贵，摩托艇不环保。,2
4319,环境优美闹中取静，世界遗产，值得一去，,2
4320,免费的电影是值得去看一看的，对整个圆明园原来的模样还原的比较真实，才让人更为叹惋。万园之园-圆明园后来剩下的只是一个占面百分一二的西洋楼遗址……,0
4321,挺好了啊，有厉使价值！风景如画！挺大了！,2
4322,很漂亮，非常非常值得一看哦哦。。。。。。。。。。。。。。。。。。。。。。。。。。。。。。。。。。。。。。。。。。。。。。。,2
4323,下了香山打的去的颐和园，结果闭馆修整，不知道什么时候开，没办法又坐公交车去了圆明园。大水法圆明园修复模型发现圆明园的红叶比香山的还要好看......金灿灿的银杏树,1
4324,一直对景山的 印象都特别的好，在上面可以看到故宫的全景，而且下面的花园也很漂亮，门票2块，拿导游证可以直接进，和圆明园，颐和园比起来景山公园不算大，但是可看的东西却很多，刚开始进园子一心奔着故宫全景去的，直接爬上了一座山，拍完发现其实有好几个高峰处都可以俯拍紫禁城，去的同学注意了，共有5座，自东向西依次为观妙亭、周赏亭、万春亭、富览亭、辑芳亭，个人觉得万春亭位置不错，只不过那天去...,2
4325,景山公园，本人非常喜欢的北京的景点之一，因为这里价格实惠、风景优美、交通便利，综合考虑起来在北京很难找到各方面都比景山要好的景点。爬上景山最顶端，可以充分地享受北京十大美景之一---故宫全景，这里是摄影爱好者的聚集地，总能在这里看到不少扛着像火箭筒一样相机的他们驻足于此。,2
4326,北京下雪啦～景山角楼周边拍照指北,2
4327,登顶望京楼，尽揽故宫全景﹣﹣景山公园旅行指南！,2
4328,🏞️ 景山公园：北京的心脏跳动得更绿了！ 🌳,2
4329,景山公园，一个融合了历史与自然风光的绝佳之地，却常被游客忽视。今天，就让我带你一起探寻景山公园的五大隐藏宝藏，让你重新认识这个美丽的公园！,2
4330,🔥不可错过的紫禁城旁宝地：景山公园的魅力全解析！,2
4331,景山公园位于北京城南北中轴线的中心点上，南依故宫，西靠北海，北与鼓楼遥遥相望，曾是北京城中心的最高点，可俯瞰故宫全景，一览京城轴线，领略整齐对称的布局神韵，品读气势恢宏的宫廷建筑。景山公园内古树参天，山峰独秀，殿宇巍峨，牡丹品种繁多，文化活动丰富。门票只要2元。,2
4332,北京性价比最高、景观最棒的景点！很多人参观完故宫博物馆，从神武门出来后可能就会直接离开了，但如果你有时间，你可以走到神武门对面的景山公园看看，相信你会有意想不到的惊喜。如果本身就对景山公园有兴趣的游客，可以直接乘坐公交到58路; 101路; 103路; 109路; 124路等公交线路在故宫公交站下车，即刻看到景山公园的正门了。景山公园的门票真的便宜得几乎是送的，只需要2元人民币，你没听错噢，是2元噢，...,2
4333,故宫后山，性价比超高！,2
4334,首先，景山公园的门票超级便宜。门票2元，学生半价1元，还是4A景区，算是很便宜了吧。哈哈~~~景山公园西临北海，南与故宫神武门隔街相望，是明、清两代的御苑。在你去玩故宫之后，如果还有精力和体力，这个地方连着去，是个不错的选择。这里很安静，不会有特别的多人。是个适合小憩的地方。景山公园是一座环境优美的皇家园林，绿化什么的很不错。冬天时候，景山顶端看故宫，白雪皑皑，威严尽显。对了，站在景山山顶，远观故宫，别...,2
4335,离故宫近，爬到最顶上可以看故宫及附近的全貌，景色非常不错。,2
4336,是个好公园在市中心有公交5路车直达票价2元门票2元是收费公园里全国最便宜的里面有座山是北京三环里最高的山山上有五座亭子左右对称中间一个最高能看到北京皇城和周围的市井是最佳观赏地山下有松树林是锻炼散步的好地方这个公园里有许多人唱歌锻炼跳舞喜欢的可以看可能有些吵这个公园冬天的柿子树最有名下雪是红黄白相间最美丽是拍照的好地方出了公园南门就是故宫出西门就是北海公园都是北京好的旅游地方景山公园和北海公园中间还...,2
4337,环境不错，空气也很清新。去的时候正好周六，都多一家大小出行的到那里游玩的。,2
4338,里面挺好的，就是太冷了，太冷了，太冷了。,0
4339,立于景山之巅，就身处京城最中心点，看老北京的中轴线从脚下穿过，俯瞰故宫，远眺北海，北京城的昨天和今天尽收眼底,2
4340,换票十分方便，价格便宜，靠谱！,2
4341,2块值得一去。进去以后，我们直接爬到最高的亭子，俯瞰故宫！,2
4342,网上购票2元，现场购票也是2元！公园环境还可以，没有什么特别的拍照的景点。但是可以看到整合故宫的景色，特别壮观。让我更想去故宫游玩一下了，但是最近故宫闭园，9月4号才对外开放，很遗憾没有机会进故宫看看。从景山公园看见故宫的整体，也能弥补了一点我的小失落，这个2元钱花的也是蛮值的。,2
4343,在网上买的票，直接去售票口兑票！进去很单纯”就是为了到顶拍下照片！必须去！,2
4344,就是一个小公园，没什么景点，山顶能看到故宫。,1
4345,不错，就为看个故宫全景上去的，和门口门票一样多钱,1
4346,雪后的景山公园别提有多美了，白雪墙头红色的墙，还有久久不见的蓝天,2
4347,不错，用了优惠卷才一块钱！哈哈哈哈,2
4348,约不上故宫，那就来景山公园远看一下故宫吧，十块钱大门票性价比可太高了，建议一早来，一是还不太热，二是人比较少的，登顶其实也就二十分钟，然后就是找到合适的机位拍照，还是得晴天来，能看到故宫白塔什么的，逛完之后还可以逛一下寿皇殿，总之也能玩不少时间。,2
4349,网上买票真的超级方便的，提前安排好时间，非常好的体验，快捷省时，下次会继续选择网络购票的方式，景山公园看故宫和北京的全景，夜景也超棒,2
4350,绕公园走了一圈，公园不是很大，大多数人来这个公园就是为了看故宫全景，不过大雾埋天也看不出什么效果,1
4351,這個季節雖然沒什麼景色，但是到山頂去看看也是非常好,2
4352,真该去看看，俯瞰故宫特别美，真是容易被忽略的美景,2
4353,景山公园是俯瞰故宫的最好地方，有许多人慕名而来，我们也是。,2
4354,挺好的，可以看见整个故宫！给大家提个醒啊，无论逛完故宫多累，如果天没雾霾，一定要上去看看！我后悔死了，18号天巨好，我贪心的要转整个故宫，出来后门脚疼的要死，在门口看到觉得山好高，就犯懒想着又爬不上去，爬上去可能太阳都没了，干脆19号再去吧。结果19号大霾啊……而且特好爬10分钟就上去了好吗……巨壮观的景色看不到了……伤心啊！！！大家看看我的图，18号和19号，第二张真的是太阳下的故宫全景啊……下次去不知道什...,1
4355,景山公园位于北京市西城区景山前街，坐落在明清北京城的中轴线上，西临北海，南与故宫神武门隔街相望，是明、清两代的御苑。公园中心的景山为堆土而成，曾是全城的制高点。景山公园1928年建园，全园总面积23公顷其中，花卉草坪占地1100 平方米。,1
4356,现在都实行限流预约制  一定关注公众号  提前预约哦可以俯瞰整个故宫的景山公园好多棵柿柿如意～,2
4357,非常好的体验！2点准时集合 ，导游小姐姐知识面很广，整整讲了2个小时 ，还有私家打卡的景色，比自己去收获强多了！非常满意！小姐姐人美心善！非常满意的一次旅行记忆！,2
4358,在前门坐5路公交车，或者骑小蓝车也可以到,1
4359,5月4号再次打卡景山公园，本是为了寻找豆绿牡丹，却被工作人员告知豆绿牡丹已经仙去了，除了黄牡丹等晚花品种其他牡丹已经谢了，芍药还没有盛开。绿幕隐玉牡丹，花苞是绿色的，所以很多人把它当成绿牡丹，其实他不算是绿牡丹,0
4360,4月24日抓紧“五一”假期前的最后一个休息日去打卡景山公园，因为“花中之王”牡丹盛放了，进入五月牡丹除了晚花品种，基本都开败了。景山公园的牡丹涵盖了九大色系、九大花型。其中既有皇家御园传统的牡丹名品，也有久负盛名的洛阳牡丹、荷泽牡丹，还有珍贵的紫斑牡丹、国外牡丹，以及景山自育的牡丹品种。春花节期间公园门票10元荷包牡丹5月3日五一期间去玉渊潭公园看鲁冰花，除了鲁冰花还有猬实花，槐树花，楸树花，金银木等，...,2
4361,景山公园上可以看到故宫全景，门票：2元,1
4362,促成这次北京行的很大原因，是我想来故宫看看。,2
4363,景山公园――北京必游打卡点之一，只因山顶的万春亭是唯一一处可以从正面（其实是故宫后面）一览紫禁城无敌全景的制高点。门票仅需2元，只为了观全景而来。,2
4364,从故宫游览完出来，隔了一条马路就是景山公园！公园是明清时期的皇家园林，有山有湖泊，环境不错，还有非常有代表性的白塔！走走逛逛，很不错！,2
4365,景山公园在故宫的正北面，正处在北京的南北中轴线上，曾是北京的制高点和南北分界点。从这里能俯视故宫，也能眺望北海的白塔，更能望见西山。,1
4366,景山公园可以看到故宫的全貌，喜欢摄影的朋友不要错过。,2
4367,故宫是北京最值得去的景点，明清皇帝的故居。众多的宫殿，高高的宫墙，都是非常值得一看的。而景山公园是俯瞰北京故宫的最佳位置。故宫全貌一览无遗。,2
4368,景山公园是明清两代的皇家御苑，坐落在老北京城的中轴线上，与故宫神武门隔街相望。园中心的景山为堆土而成，曾是北京城的制高点。园内有绮望楼、五方亭、寿皇殿、永思殿、牡丹园等景点。登上山顶的万春亭举目四望，京城美景尽收眼底。,2
4369,景山公园是俯瞰北京故宫的最佳地点。北京故宫是世界五大宫之首。是世界上保存最完整的宫殿建筑群。景山是存放故宫用煤的地方。景山公园北部还有宫殿式建筑，可以很好的看看。,2
4370,景山公园里的苟药花开了，真漂亮、交通方便.,2
4371,故宫的后面就是景山公园，在景山上俯瞰故宫，有一种一览山小的味道。说实话，景山一点儿也不高，可就是能看清楚故宫的整个面貌，所以，就算是为了欣赏故宫的全貌，也不能错过这座小公园哦！,2
4372,景山公园环境优美山顶上可观览北京全景,2
4373,"景山，元代，这里有座小土丘，名叫青山，属于元大内后苑的范围。明代在北京修建皇宫时，曾在这里堆过煤，所以又称煤山。由于它的位置正好在全城的中轴线上，又是皇宫北边的一道屏障，所以，风水术士称它为 ""镇山""。",2
4374,景山公园花草多 门票只要2元的大氧吧 皇家园林典范,2
4375,景山公园来了很多牡丹仙子，牡丹有谷雨花之称，所以谷雨时节赏牡丹，都说洛阳牡丹甲天下，景山的牡丹也不逊色；唯有牡丹真国色，花开时节动京城，有喜欢牡丹仙子的朋友，快去欣赏吧。,2
4376,春天真是赏花的好时节。各种各样的花卉，逐一开放，让人目不暇接。景山公园的牡丹花开得很好，摄影爱好者拿着长枪短炮，记录下美好世界。,2
4377,景山公园每年春天最大的看点就是牡丹芍药了。今年的牡丹已经开了一些。我看到的颜色有深红，粉色，白色和黄色的，都很美。每个人都举着手机拍个不停。,2
4378,景山虽然实际海拔不高，但是有种拔地而起的感觉，从山下看最高处的万春亭，给人一种必须仰望的感觉。景山上有东西一字排开五个亭子。,2
4379,景山是北京中轴线上的标志建筑，也是几百年来京城的制高点 在这里可以俯瞰故宫，远望西山，欣赏北京最美的风景，尤其是蓝天白云的时候。,2
4380,北京中轴线上的一个制高点，出了故宫神武门之后过了路就是，也是一个非常值得来玩的地方，20分钟就可以从公园门口登到山顶，天气好能看到远处的山，景色非常不错,2
4381,景山是著名的皇家园林，她位于故宫的正北面，正门对着故宫的神武门，这里曾是北京的制高点，可以俯视整个故宫，远眺西山和颐和园。,2
4382,景山公园位于北京的中轴线上，紧邻故宫，位于故宫博物院的北面，两门相对，只隔一条马路。景山是明朝修建皇城时，挖出土方堆砌而成。几百年来，一直是京城最高点。,1
4383,北京的景山公园是俯瞰整个故宫美景的绝佳去处之一。站在公园制高点处，故宫的全貌一览无余，让人能够感受到中国皇家建筑的恢宏气势。,2
4384,去景山公园，实际上就是为了目睹一下故宫皇城的全貌。也就没其他更大的意义了，从故宫博物馆出来后，直接往左手边走，下地道，过对面后就能到景山公园了，景山公园的票价非常便宜的，成年人只需要2块钱就可以了，虽然已经来过好多次了，但是之前第一次来的时候就很诧异，居然北京还有这样收费低的景点呀，可能也是因为逛故宫的人逛完太累了的缘故吧，基本上来到景山公园的人是不多的！,2
4385,景山公园是俯瞰北京故宫的最佳地点。很有意思，老铁，奥利给。景山公园还有宫殿建筑，是个不错的景点。也是明思宗朱由检的上吊处，,2
4386,景山公园与故宫隔街相望。曾经是北京城的制高点。现在很多的游客从神武门出来。都会登上景山俯瞰紫禁城，不错的体验。景色优美。,2
4387,今天趁着大风没有来临之前到景山公园一游，景山公园坐落在明清北京城的中轴线上，是明、清两代的御苑。景山公园是俯瞰故宫的最佳之处。,2
4388,在北京住的人都知道在这里可以看到整个故宫，这里也曾经是全北京的最高点。出了故宫的神武门就是这里，这里也算是北京最出名的公园之一了。还有，对了，就是这里的牡丹也是北京非常有名的，每年都会有很多人慕名而来的。,2
4389,上景山最终的目的是看故宫全景，其他没什么特别之处去景山可以刷公交卡哦，只要几块钱哦路途树木拍几张，做留念我们看了地图准备走最近路线，直奔山顶而去间隙中拍几张风景照片台头一看便是另一方风景没错。这就是万春亭，景山最高处，其实爬这座山很容易 不算高，路也平坦，所以一会功夫 就到了远处的风景无处不在快到落日了，在景山一角拍摄此图便是故宫的全景夕阳、故宫，此情此景无不让人流连忘返就在休息时刻，一个老外做我旁...,2
4390,景山公园位于北京城南北中轴线的中心点上，与鼓楼遥遥相望，曾是北京城中心的最高点。公园内古树参天，其中万春亭被誉为北京中轴线上的制高点，可俯瞰故宫全景，一览京城轴线。,2
4391,武汉八点的航班，十点到达北京首都机场。直接打车到了德胜门快捷酒店。这个酒店位于胡同群中，二号线地铁旁积水潭站旁300米，交通便捷，房间小，比较干净。酒店后门就是西海公园内。我们放好行李，中午溜达出后门吃了护国寺小吃，油茶，豆汁，焦圈……然后坐地铁游故宫。去哪儿上定的故宫下午含导游门票，过了景区大门安检后集合游览。1点半开始游览故宫下午四点半闭馆。三个小时走走停停，感觉到冬天的紫禁城可真冷呀！手脚冰凉？...,2
4392,今天计划：早上七点起床，酒店早餐，退房，地铁至三元桥8:30之前，坐雪场大巴，到雪场酒店办理入住后，去滑雪。早上一大早起床，从德胜门坐地铁到三元桥，周一还是早高峰，提着行李挤地铁确实不方便。不过北京早上的公路交通更要命。从三元桥坐大巴约一个半小时就到了雪场。,1
4393,景山公园于1928年建园，全园总面积23公顷。坐落在明清北京城的中轴线上，西临北海，南与故宫神武门隔街相望，是明、清两代的御苑。,1
4394,景山公园，最大的亮点不是里边的景点，让我感觉最好的莫过于站在台上，放眼望去，能够看到整个故宫的全貌。气势恢宏的故宫庞大建筑群，在这里一览无余。真是太享受了！,2
4395,景山公园，也是北京开放了很多年的公园了。公园里面干净整洁，让人看了心情舒畅。公园里花花草草的，绿化做的不错，值得去的公园。,2
4396,景山公园，除了故宫过地下通道就是，面积不大门票白菜价，然后登上景山眺望壮丽的故宫，还有附近的白塔等，特别的壮美，建议晴天的傍晚来看夕阳！！,2
4397,景山公园的万春厅是老北京的中心点和至高点，有地上铜板为证，从这里向南俯视整个故宫，从这里能看见西面北海公园的琼岛上的白塔，向东能看见CBD的中国樽，向北能看见亚运村和奥运村。,2
4398,国庆节去的时候人稍微有点多，如果有北京的交通卡的话就不需要再去门口排队了可以直接刷卡进，门票的就2块钱是一个登高观望故宫的好地方,2
4399,据说景山是挖紫禁城护城河的土堆起来的，风水上让紫禁城有靠山。绝对的内城制高点，故宫、北海公园尽收眼底。清晨黄昏是景色最美的时候。,2
4400,京城第二场雪恰逢周一，与紫禁城的冬雪之约也因为故宫周一闭馆而改在了景山。因为上午雪花飞舞，怕景山因安全问题不让登高远眺，所以先去了北海，下午一点来到景山。此时游人也不少，入园人数近两万了。平时可没这么多游人。尤其是万春亭上，真的是人山人海呀，因为是雪后来此，远眺故宫似乎少了点“一场飞雪，一首诗”的意境，但白雪笼罩下的故宫，依然是美如仙境！ 公园南门向东的道旁，沿路堆了许多可爱的小雪人，形态各异，真...,2
4401,今年北京下的第二场雪了，赶紧约上闺蜜去景山，北京最佳观赏地，远眺观故宫建筑群、鼓楼、北海！天气不是太晴，拍的效果不好！不过我们玩得还是很嗨！雪后的北京银装素裹，美哉！沿途有雅性的人们，堆的各种雪人⛄️，太有意思了！        人也是不少，不过好在今天周一故宫休息，要不人会更多，会有大部队的旅游团的。,2
4402,今天是我在北京的最后一天啦！行程依旧满满！早上一出门，天公不作美，飘了点毛毛雨！不管，就算天上下刀子，我也要去浪！！！青旅离景山公园蛮近的，走了几分钟就到了！景山公园门票居然还可以刷北京市政一卡通，震惊我！,2
4403,每逢北京下雪后，各大公园都会成为市民争相前往的好去处。景山公园位于北京市中心，自然是最佳的选择地。站在景山之上，可以眺望整个故宫博物院被白雪覆盖。,2
4404,现在的公园，都讲究个“办园特色”。景山公园的特色就是牡丹芍药了吧。每年五月，是牡丹芍药盛开的时候。大量游客涌入公园拍照留念。花朵艳丽，真是好！,2
4405,一个可以观看北京基本上全景的地方，不过最漂亮的还是他前面的故宫，景山其实就是修建紫禁城的时候的淤泥堆积而成的一座山，特别适合上去看故宫。,2
4406,景山公园在故宫对面，从故宫出来无论多累，都推荐去一下万春亭，只为俯瞰故宫全景。门票2元，相当良心，营业到7点，  大多数人是直奔万春亭  万春亭朝东可眺望北京站，朝西是北海，后海，朝北是鼓楼，处于整个北京城的中轴线。  我一直想知道北面的古代宫殿是干啥的？ 百度了也无所以然。  在景山公园，我们意外地观赏到了日落，半枚太阳火速吞入云海，日落紫禁城！  纪念品商店也不错，值得逛逛，就在东门,2
4407,【雪后故宫，遥望雪落下的声音】 站在景山公园，遥望故宫，庄严肃穆。红墙绿瓦盖雪，银装素裹，煞是静谧！远眺北京城，亦是美不胜收！ 对于在南方待久的人，北京的冬天已经相当冷了。尤其屋里有暖气，很干燥。要做好润肤。,2
4408,这个公园很美，也是当地历史比较悠久的公园之一，里面小桥流水，亭台楼阁别具一格，绿化树木也错落有致，交通便利，许多人周末来此休闲。,2
4409,一个登高望远的好地方，在日落的时候站在上面可以看见故宫美丽的风景，尔向东望可以看见北京的cbd的美丽，感觉像是北京市区的最高点,2
4410,景山公园位于北京市西城区景山前街，坐落在明清北京城的中轴线上，西临北海，南与故宫神武门隔街相望，是明、清两代的御苑。公园中心的景山为堆土而成，曾是全城的制高点。全熟透了也不往下掉本人很想吃一口本想着拍个美丽的全景，奈何天气不是特别好哇,1
4411,北京城的中心点，在这里！北京，万春亭，景山公园最高的中心亭。“北京城中心点”铜牌标志，在万春亭的南侧 。,1
4412,北京景山公园，这里有北京的中心点。古人的智慧真是厉害，什么仪器都没有的情况下能找到城市都中心，还能划出北京城的中轴线，实在佩服！,2
4413,这个公园很不错的，公园挺大的，绿化挺好的，亭台楼阁错落有致，而且都是老建筑，很有味道，早晨老爷爷，老奶奶早锻炼很多，风景不错。,2
4414,中轴线的最高点，应该就是景山了。从万春亭俯瞰，故宫尽收眼底。算是换个角度看看这座六百多年的宫殿了。门票也是特别便宜，两块钱就可以进去了。,2
4415,来串糖葫芦补充一下体力从故宫出来，正对面就是景山公园，花2块钱买张门票，爬上公园最高点就能俯看整个故宫之前几天天气都很好，唯独这天让我见识到了北京的雾霾天，加上渣像素只能拍成这样了，如果天气好的话应该会很好看。故宫的角楼寿皇殿是历代皇帝后放灵位的地方公园里锻炼的大妈旅行观光巴士，20一位，售票员会介绍沿途的景点，路线大致就是绕着故宫一圈，然后从长安街穿过到达前门。到故宫出口处会等个二十几分钟，基本上...,2
4416,北京的景山公园是北京故宫北边的公园，这里可以看到故宫，也就是可以俯瞰故宫博物院，所以到了这里可以看到故宫博物院的全景，很值得看的一个美丽公园。,2
4417,中轴线有公园吗？京城皇家园林之一的景山公园是一座山林茂密绿树成荫的公园，也是北京城中轴线上唯一的皇家园林，园林中有许多古代的故事，有浓重的文化芬围。,2
4418,门票两元，红墙琉璃瓦，皇家园林，不用去故宫一样可以拍出非常漂亮的宫照，尤其每年牡丹花开的时候，一点不输洛阳城。而且天气好的时候可以站在万春亭上故宫全景和中轴线，也很震撼。,2
4419,景山旧时称作煤山，说是用煤堆起来的，在紫禁城故宫的正北面，山上对称地建有五座亭子。下午登上最高的万春亭，紫禁城的一片金灿灿琉璃瓦顶，熠熠生辉。,2
4420,景山公园在故宫对面，登上亭子可以看到故宫金景，那气势恢弘的宫殿彰显中国人民的聪明才智和帝王们的霸道。每每登顶看着故宫都会有穿越之感，又不禁感叹岁月之残酷无情。建议来景山的时间为早10点前或夕阳夕下之时，10点前人少，傍晚时分伴着日落景色很美。,2
4421,2元钱的门票基本是忽略不计了。故宫神武门出来，过马路，建议打卡，不大的小公园，但是登上景山上的万春亭，可以一览故宫全景，很美很震撼！个人推荐很值得打卡的地方！,2
4422,可惜故宫不开门，只能到景山拍个全景,0
4423,"去完故宫，直接去景山公园。中轴线。看整个故宫全景。大气宏伟壮观。就是十一去人特别的多,建议出游错开高峰期，可以慢慢的欣赏景色。",2
4424,还是非常好看的，不过需要注意季节，如果为了看红叶，十月份左右去刚刚好，我中秋节去的，有点早，不过可玩性还是很高的，票价不高，非常合适！！！！！！！,2
4425,景山公园是皇城最好地，登上景山可以360度观赏四周风景，而且景山门票很便宜，夏天傍晚去散步挺好，看着天空慢慢变暗，四周华灯亮起，南北中轴线闪闪发光，运气极好的话会碰到火烧云，真的很美，去年碰到过一次，满满的都是摄影爱好者,2
4426,一张公园年票在手，逛遍北京大小公园，八月十五北海，八月十六景山，灯光下的万春亭、辑芳亭、富览亭、观妙亭和周赏亭耀眼夺目。,2
4427,D3    早上走路到神武门过马路对面就是景山公园大门，买了2元的门票进去登上景山眺望紫禁城，果然气势不凡，这门票花得最值！一个小时左右逛完景山公园从后门出来对面就是北海公园，门票25，接着逛北海公园，下午两点坐地铁去北大，去到门口保安说只能节假日才可以预约进校，清华大学就在北大旁边，看到门口聚集了很多人，拍了校门照片没有进去，直接去旁边的圆明园，在门口买了门票35，圆明园太大了，里面风景很好，可惜下午才进...,2
4428,景山公园，我个人是强烈推荐的，可以看完升国旗，然后吃个早餐，就去景山公园，这个时候故宫可能还没有开门。景山公园好多人都会忽略，这里可以看到国旗班的“日常”最主要的是可以俯瞰整个故宫，站在景山公园俯瞰故宫，才能体会三朝帝都。,2
4429,公园景致很不错，游人很多，当地退休的老人在此锻炼，休憩也很多，建筑很有当地特色，绿化也做的不错，错落有致，交通也方便的。,2
4430,夏天难得细雨蒙蒙，在这种天气去景山简直天助，难得的游客较少，难得的酷暑中的凉爽天。亭台楼阁十分精致，各种绿色刷亮人们的眼睛，在游览中增长不少历史文化知识。,2
4431,没时间去故宫的可以去景山公园看看，走到最高处万春亭那里，故宫全貌一览无余。10年了，票价还是2元。,2
4432,从北海东门出来，走上五分钟，可以直接进入景山公园西门。爬上万春亭，往北眺望，依次为皇极殿，鼓楼大街，鼓楼。最远可以看到奥林匹克公园的火炬！,2
4433,景山公园。暴走的一天。二进宫，弥补了上次没听讲解的遗憾。天气很给力，太适合登高望远紫禁城。 离京前再来奢侈一顿，烤鸭走起。,2
4434,唯有牡丹真国色，花开时节动京城。牡丹雍容华贵的姿态，很得大家喜爱。每年四五月的时候，各色的牡丹竞相开放，火红的、粉色的、白色的……姹紫嫣红，格外好看。,2
4435,这个公园当地也属于比较有名的景点之一，老建筑很多，都很有年代感，湖水清澈，小小石桥，还有亭台，绿树错落有致，走走逛逛享受慢生活。,2
4436,从故宫北门出来，对面就是景山公园，门票2元钱一个人，非常良心，公园不大，逛逛走走，爬到顶能欣赏到故宫全貌，非常壮观，值得一去。,2
4437,公园很大，建筑都很有皇家园林风范，很有年代感，但是保留保护的很好，公园绿化做的也不错，错落有致，令人流连忘返，交通也方便。,2
4438,门票好便宜啊2元，儿童半价，不知道为啥还要收费，哈哈！公园人挺多，在故宫对门口，景色不错，主要是上山顶，可以俯瞰整个故宫，很赞！,2
4439,公园挺大的，绿化也挺好的，湖水，亭台楼阁，建筑都有一定年代感，有些和故宫建筑犹如姊妹篇。挺不错的，游人挺多的，周末去公园带着孩子走走挺惬意。,2
4440,公园也是当地比较老的，年代久远的公园，很多亭台楼阁，各式明末清初的老建筑，很有意境，拍照取景也是很不错，许多老年人来此休闲娱乐。,2
4441,“景山公园”是一座位于北京中心地带的皇家园林。  每年五月的这里，应该最美的时节，非常适合到这里游玩。  五颜六色的‘国色牡丹’争相盛开，多姿多彩，美不胜收！  品种繁多的锦鲤，与‘景山牡丹’相互映衬，也是缤彩纷呈啊！,2
4442,6月底一场小雨过后，站在景山公园的万春亭里，北望中轴线，奥林匹克公园瞭望塔清晰可见，一派城市绿化与古老建筑有机融合之景。清亮透彻的蓝天和千姿百态的白云醉了北京人的眼。蓝天白云下的北京愈发靓丽清新。,2
4443,景山公园的牡丹北京最美的，院子不大，一个多小时就能走完一圈，从山顶能俯瞰故宫，门票便宜，60岁以上老人免票，能使用北京公园年票,2
4444,景山公园是这次去北京发现的小美好 之前还在奇怪为嘛别人可以拍到故宫的全景 啊哈哈 原来在景山公园的山顶 有个平台 一览故宫全貌 普天之下莫非皇城 有种历史的厚重感 天气好真的很美 景山不高 随便爬爬就上去了  不爱运动的娃也没有障碍 就是山顶人密密麻麻 在上面吹吹风看看故宫蛮不错的,2
4445,可以看到故宫全貌，还是很值的一去。,2
4446,景山公园山顶，能够俯瞰故宫出口，神武门美景。挺震撼的。 夏季炎热，公园南门“游客服务中心”有饮用水提供，自带杯子。门票便宜...,2
4447,从故宫博物院出来对面就是景山公园。游人还是蛮多的。不到半个小时就可以走到山顶了。山顶上有很多摄影爱好者带着长枪短炮+三脚架拍摄故宫博物院。,1
4448,寿皇殿：  九举牌楼：宫门外东、西、南三面各立四柱九楼式牌坊一座（原为金丝楠木梁柱，现已改为混凝土柱，戗柱皆去除），黄琉璃筒瓦庑殿顶。通面阔16.2米，带斗拱，绘以墨线大点金金龙枋心旋子彩画。建于清乾隆十四年（1749年），1947年曾大修，1960年代又曾修葺。2007年再次重修，2007年12月19日修毕。坊额均为乾隆帝所题。,1
4449,景山公园位于故宫正北面，是北京南北中轴线上的最高点。在景山公园中景山的最高处的中轴线上，有一个三重檐的最高规格的亭子，在景山南北还种植了许多牧丹花。,1
4450,景山公园是北京地势最高的公园，景山顶部的万春是北京的旧城制高点。景山公园还是北京种植牧丹最多的公园，每年五一前后这里都要举办牧丹节。,1
4451,景山公园虽然面积不大，只有二百米见方，但确是北京公园里植物覆盖率最高的公园，不仅景山上种满各种树木，景山南北也种植了大量的花卉。,2
4452,景山公园是北京公园里绿化覆盖率最高的公园，赶上天气好的时候，翠绿的大树配上湛蓝的天空，非常养眼，令人神清气爽，心旷神怡，感觉好极了。,2
4453,景山公园起种植牧丹在京城各大公园中而闻名，有上万株上百个品种，每年五一前后，景山公园的牧丹迎风绽放，并举行牧丹赏花节，人们纷纷来到公园拍照。,2
4454,景山公园是老北京城的制高点，也是北京城南北中轴线的标志点，在景山公园的景山最高处万春亭的北侧有一块嵌在地面里的大铜板，写有“北京南北中轴线”字样。,1
4455,景山公园中种满了各种花卉，在不同的季节举办时令花展，五一前后在景山公园观看了牧丹展。景山公园是市内制高点，能看见北海白塔，俯视整个故宫。,2
4456,景山公园位于北京的中轴线上，而且还是北京南北的分界点，从这里能俯视故宫紫禁城，还能向北眺望北四环外的奥运村，看见高高的奥运塔。,2
4457,景山公园历史悠久，春天的牡丹那真是品类繁多，景山公园拥有515个品种的牡丹约2万余株，涵盖了九大色系、九大花型  花期从清明开到五一，因品种不同，花期早晚各异，可是真好看，引来无数游人驻足，还有很多摄影爱好者和画家，大家都想留下这最绚丽的美景。  景山这边属于北京中心区景点，人很多，建议公共交通出行。,2
4458,景山公园位于故宫博物馆的北侧，是欣赏故宫博物馆整体轮廓最好的地方，景山公园是明、清两代的御苑，草坪面积非常大，但是作为游客而言，去景山公园，主要的目的就是登绮望楼，网红的故宫全景就是在绮望楼拍摄的，每天去绮望楼的人也非常多，很有可能拍出来的都是人头。,2
4459,四月份票价2元，可以看到很多郁金香花海，还看到了可爱的小松鼠。五月份票价10元，号称举办月季花展。总的来说还是值得一去，可以登上山顶俯瞰故宫，位置得天独厚，游人也没有故宫那么多,2
4460,景山公园虽然面积不大，但是非常有特色。她是北京地势最高的公园，位于景山上的万春亭是老北京的制高点，这里也是老北京的中心点，可俯视故宫。,2
4461,景山公园是北京封建王朝都城的制高点和南北中轴线的定位点。在景山最高处万春亭的北面有一块嵌在地上的大铜板，上书“北京中轴线”。景山公园内还有大量花卉，非常养眼。,1
4462,景山公园种植了大量花卉，尤其其牧丹数量在北京排名第一，每天五一前后景山公园都要举行牧丹观赏节，爱花人士再也不用远奔洛阳赏花了。,2
4463,景山公园历时4年修善新近免费开放的寿皇殿，以其辉宏的气势迎接八方游客，寿皇殿是北京中轴线上仅次于故宫的第二大建筑群，这里供奉着清朝帝后的画像和遗物，可以说串起了一部大清史。,2
4464,景山公园位于故宫紫禁城的正北面，都在北京城的中轴线上。从故宫博物院的北门神武门出来，向北看正北门不远处正对着的就是景山公园的南门，以及景山上高高的万春亭。,1
4465,景山公园曾是北京城的最高点，现在景山上的万春亭仍然是老北京城(二环内)的最高点。从这里向北仍看见景山公园的万寿殿，钟楼和鼓楼，以及四环外的奥运村。向南能俯视整个故宫，向东则能望见正在施工的中国尊。,1
4466,景山公园与故宫神武门隔街相望，是明、清两代的御苑。公园中心的景山为堆土而成，曾是全城的制高点，万春亭是观景的最佳地点。 景山公园面积不大，但规化设计的景观、绿化很是精致。,2
4467,出了故宫就到了景山公园，皇家园林，非常有名，这里的山水很美，有个大型湖泊，还有著名的白塔，是欣赏皇家园林美景的好地方！值得推荐！,2
4468,景山公园特有的牡丹金鱼展 花期前后很值得一去 芍药 月季 绣球争艳 继故宫 颐和园 玉渊潭相继推出各自品牌文创之后 景山公园也不甘落后 四色口味雪糕 糕点 特色北冰洋也特别吸引眼球 这些古老的建筑焕发出青春风采,2
4469,景山公园是北京几个较小的公园，然而她小而精致，在景山上从东到西一字排开五个亭子。这五个亭子中原来均供奉着铜质镏金的佛像，可惜被八国联军抢走了。,1
4470,景山公园是北京城内地势最高的公园，由于没有水面，景山公园的植被覆盖率在北京是最高的，在夏季走进景山公园，立刻就能被这里的满眼绿色吸引，养眼极了。,2
4471,景山公园是北京市种植牧丹最多的公园，这里每年4月底~5月初都要举行牧丹花欣赏节，人们不用非到洛阳，才能看牧丹，在北京就可以看到不同类的各种牧丹。,2
4472,景山公园是北京的制高点，参观完故宫，向北面穿过马路，就进入了景山公园。一进园，就感到一个高耸的景山矗立在面前，拾阶而上两边的绿树非常养眼。,2
4473,景山公园位于故宫的正北面，是北京中轴线上的公园，也是北京城的制高点，她也是北京城南北的分界线。每年五一前后这里要举行牧丹花欣赏节。,2
4474,景山是北京城的中心，景山公园的万春亭是北京城的制高点。从景山公园可以俯视整个故宫，更能远望西山颐和园。现在这里能望见北中轴的奥运村。,1
4475,景山公园是著名的皇家园林，也是北京市内的制高点，登上景山公园，尤其是上到最高处的万春亭，能一览北京全景，特别是向北望去，能看见钟鼓楼和中轴线最北端的奥运村。,2
4476,来北京很多次了，一直想到景山公园里转转，每次都是先到故宫，再爬景山公园实在是爬不动了，今天早上特意一早到景山公园看故宫全景,2
4477,虽然我们的视频故宫是故宫的城墙和垂柳，可是故宫的美的体现却在故宫北面的景山才能看得到，这种美的叙述就在于含蓄。 这就像是无锡的惠山借景一样，景山借景给故宫，一个世界瞩目的皇宫是需要拱托的，这就像是天上人间是需要多方托起的一样，故宫是需要威严的。,2
4478,虽然我们的视频故宫是故宫的城墙和垂柳，可是故宫的美的体现却在故宫北面的景山才能看得到，这种美的叙述就在于含蓄。,2
4479,游览完故宫，出了门就到了景山公园，环境不错，是古代皇家御花园，登高望远，可以看到北京中轴线上的故宫全貌，很有古城的风情！,2
4480,如果你觉得故宫的人多，无法欣赏到故宫的宏伟壮丽！如果你觉得紫禁城拥挤，无法感受紫禁城的浩瀚无垠。那么景山是观看北京紫禁城最佳的位置。现在景山公园的观景台，一览故宫的美景，你会感觉一切都变得那么渺小！,2
4481,景山公园是北京的最高点，这里向南能俯视明清两朝的皇宫紫禁城，向东能眺望建设中的北京最高建筑-中国尊。景山公园种植大量牧丹和芍药，是赏花好地方。,2
4482,本周末景山公园的几百个品种上万余墩芍药进入了最佳观赏期。公园前山主路南侧，国内传统品种的芍药争奇斗艳，粉盘藏珠、朱砂判、黄金轮等常见的品种已经陆续开放。,2
4483,景山公园赏牡丹，稍微过了一点点时间，想必下雨的那两天正是花开好时节吧。  唯有牡丹真国色，看过景山公园的牡丹，便是真的体会国色二字啦。南门进，牡丹大支大棵，花朵形色各异，好像在争齐夺艳，又显得那么安静。  北园的牡丹比南园品重要更多更名贵一些。晚上有灯光，相比夜赏牡丹也是别致的很。,2
4484,五一第一天故宫人都不多，哪里人多？——景山公园,1
4485,很好，站在山顶可以看到故宫,2
4486,景山公园也不要错过哦，游览故宫后出门就可以看到公园了，公园里面的花花草草真漂亮，完全不同于南方的园林花草。山顶可以眺望故宫，太棒了。,2
4487,去了北京几次都没有去景山公园，一则导游不会介绍，二则也没有做攻略，从故宫出来，夕阳即将落山的时候，这时候爬到景山最高处，可以观夕阳下的故宫全景、北海公园的白塔，重点这里的票价仅2元（牡丹花期10元）。,2
4488,去了北京几次都没有去景山公园，一则导游不会介绍，二则也没有做攻略，从故宫出来，夕阳即将落山的时候，这时候爬到景山最高处，可以观夕阳下的故宫全景、北海公园的白塔，重点这里的票价仅2元（牡丹花期10元）。  景山公园，离北海公园、故宫都非常的近，总共三个大门，南门与故宫神武门相对，仅隔一条马路。  ⛰景山从元朝时期就是皇宫的重要组成部分，其建在规模均按照皇宫规格建设，等级很高。景山旧称之为“万岁山”“煤山”...,2
4489,景山公园门票只有两元，真的是不可思议的感觉，也许只是为了控制一下人流吧，景山公园最有名的看见就是可以俯瞰整个，故宫，因为，景山公园是北京中轴线的最高点，北京每一个景点都是很有历史的，值得细细去品味！这个季节也是景山公园牡丹花开的季节！,2
4490,景山公园曾是北京城的中心和制高点，在这里能俯视故宫的全貌，体验故宫的金碧辉煌。这里还能看见北海的白塔，向北能看见奥运村的奥运塔，东面则能远眺在建的中国尊。,2
4491,景山公园已有八百多年的历史，西临北海，南与故宫神武门隔街相望，是明、清两代的御苑。,1
4492,景山公园已有八百多年的历史，西临北海，南与故宫神武门隔街相望，是明、清两代的御苑。 景山除了众多的名胜古迹之外，还是京城内最大的牡丹观赏园，形成了独特的花季景观，每年5月全园200个品种的2万株牡丹竞相怒放，蔚为壮观。景山的牡丹以其花大、色艳、株高、龄长而名冠京华，品种上既有皇家御园传统的牡丹名品，也有久负盛名的洛阳牡丹、荷泽牡丹。其中，花王“姚黄”、花后“魏紫”、黑牡丹“青龙卧墨池”、绿牡丹“豆绿”、...,2
4493,景山公园五一前后去最好，有牡丹节，大朵大朵的富贵牡丹最吸引人。有红色，粉色，黄色，白色，还有绿色，十分罕见，比较珍贵，叫绿幕隐玉。公园南面即是故宫，西面是北海，北面是什刹海，附近还有鼓楼，南锣鼓巷，火神庙，烟袋斜街等等景点。 门票只要2元，令人咂舌。 可以刷公交卡，免去排队。,2
4494,景山公园位于北京的中轴线上，景山上万春亭是北京最高点。现在景山公园种植了大量的牧丹花，成为北京市欣赏牧丹花最好的地方，欣赏牧丹再也不用非得去洛阳了。,2
4495,老北京中轴线上的制高点，位于故宫正北面，是当年修建故宫时用挖金水河的泥土堆积而成，登上景山制高点可以俯瞰故宫全貌，也能远眺西侧的北海公园。,1
4496,这里的门票只有2块钱，便宜的难以想象。登上最高点可以俯瞰整个紫金城，电㔀《北京爱情故事》就是在这里拍看日出的戏。五一前这里牡丹是北京城最负盛名的。,2
4497,门票2元一张，绝对是良心价格了，公园面积不大，里面种了很多牡丹，虽说败了一些花了，但是还是能闻到花想，去了一定要爬到山顶看一看，很漂亮。,2
4498,景山牡丹太好了，500多品种，两万余株,2
4499,百花争春冠牡丹  千鱼畅游悦景山  谷雨三朝看牡丹   姚黄魏紫比云霞。景山公园展出的牡丹一共有500多种，两万余株。目前在公园的东、西、南、北都能欣赏到大片大片正值盛花期的牡丹，但每个区域的牡丹也存在着些许差异。  南门东、西小路两侧种植较集中，栅栏距花丛较远。北侧红墙是牡丹最好背景；公园东侧整体围住“国色天香景区”（从各地引进的珍品牡丹）；稍微偏西北有大片牡丹群。公园西门附近牡丹相对较少，左边小路越走花越...,2
4500,北京性价比最高的公园，平时门票只有2元，五一前后有牡丹花节，而且开放夜场，是不错的赏花地。而且这里可以登高俯瞰紫禁城全景，游完故宫马路对面就是，一定要去。,2
4501,景山公园占地面积不大，东西只有一百多米，南不到二百米，然而山不高，也仙则灵，这里曾是北京的最高点，既能俯视整个故宫，更能远眺西山和颐和园。这里还是北京种植牧丹最多的公园。,2
4502,♬ ♬ ♬ 《七绝。赞北京景山公园牡丹园二将军柏》♬ ♬ 二将军柏景山站，春夏秋冬护牡丹。叶茂根深扎故土，不离不弃故宫瞻。(祖国山水843),2
4503,景山公园位于故宫博物馆的北侧，景山上的万春亭曾是北京的制高点，从这里向南能俯视整个故宫的全貌。景山公园是北京种植牧丹种类和数量最多的公园。,2
4504,景山公园是用扩建北海公园时挖出的土堆成的，这里曾是北京的最高点，如今这里是北京种植牧丹最多的地方，这里的牧丹有几十个品种，是北京欣赏牧丹最好的地方。,2
4505,景山牡丹甲天下。  品种与数量都是可圈可点的。看到绿牡丹，看到黑牡丹，还有其它各种颜色姿态的国色天香。  南门进去就是满眼的花，登山看完故宫之后下山到北门方向，有更多品种，还有成片的郁金香，非常漂亮。  同时还有一些鱼在展出，不过水比较浑，看不清楚。  可以尝试景山的文创产品，冰激淋还是很像牡丹的。,2
4506,四月的景山公园就是花的海洋，尤其是牡丹花，园区扩大了牡丹花的种植面积，也增加了不少品种。从公园西门进入园区，迎面就可观赏一小片郁金香，五颜六色，花开正艳。沿左边走，一路牡丹花开，不过现在已经快要过花期了，许多已开败了。科普园中的各色小花也已过盛花期，唯有郁金香正当时。走到头就是大片牡丹园，园中画画，拍照的游人如织。公园南门向右走也有大片牡丹花。园中的寿皇殿已经可以入內参观了，直接刷身份证就可入园，...,2
4507,景山公园正好在故宫出口神武门的正对面，门票10元，看攻略门票都是2元，现在收10元应该是正好有牡丹花展，门票可以刷交通卡进去的，非常方便，也不需要提前买票，大概走几分钟阶梯就能到达最高处，可以看清整个故宫，非常漂亮，走下来之后有牡丹花展，都不用去洛阳了就能看牡丹了,2
4508,景山上看故宫那可真漂亮啊，很多北京的当地人都来这里拍故宫，好位置永远是那些人在只能用我像素很渣的手机拍一下这壮观的故宫了。,2
4509,从故宫旁的南池子一路走到景山公园，刚好那天下午是在这个季节里难得的好天气，随手拍出的风景都很漂亮,2
4510,景山公园可以说是拍摄故宫最高的地方了，这里看下去的故宫十分的壮观尽收眼底，天气也非常的给力蓝天白云的故宫真的是难得一见啊。,2
4511,距离上次来这里一晃就是二十多年了，早听说这里的牡丹开了一直没机会，今天终于成行。这里的牡丹无论从数量品种还是质量上看都完整植物园和西山森林公园，确实不虚此行。,2
4512,现在满园都是牡丹花和郁金香，一片花海，超美的。登上万寿亭，可以俯瞰整个紫禁城，太宏伟壮观了，有种坐拥天下的感觉，赞，值得一去，如果你没有足够的时间去逛故宫，景山公园将会是一个相当不错的选择,2
4513,景山公园，多少儿时的记忆，承载着小学、中学的多少欢乐时光… 【景色】岁月匆匆，光阴荏苒，景山公园风采依然。 周末得闲，来此故地重游，看着眼前盛开的国色天香，感受着大好春光，内心不禁感慨良多… 如果你也有曾经的过往，就来看看吧， 或许你也会找回那曾经的此间少年……,2
4514,景山公园现在正是牡丹花展，一直到五一以后都有，公园管理很，现在开了一部分，还有一部分花咕嘟过几天会开，还有一部分咕嘟还没有，过几天会有咕嘟了，这样的话可以一直一个月左右都有牡丹花看，花非常漂亮不用再形容了，公园里还金鱼展，各个品种，五花八门拍照拍的手抽筋，趁早来看。,2
4515,景山公园在北京的中轴线上，在山顶能够俯瞰整个北京城，山脚下就是故宫，另外里面也有很多历史文化景点及自然风光，也是拍照党必去之处。,2
4516,景山公园位于北京的中轴线上，在故宫北面。她是明清修建皇宫时，用挖湖的土堆起的。在封建时期，这里是全北京的制高点，能远看西山，近看故宫和北海。,1
4517,景山往往和故宫北海放在一起说，它不大，但是位置特殊，中轴线制高点，现在成了远观故宫博物院的最佳地点，据说下雪天因为蜂拥而至的游客太多会暂时关闭。,2
4518,北京城的中心。可以看到明思宗殉国处；登上山到万春亭前，往南可以眺望故宫，往西领略北海的风采。值得一游。,2
4519,景山公园位于景山前街，位于故宫北侧，与神武门遥遥相望，所以登高俯瞰紫禁城也成了很多游客爬上景山公园的主要原因。从入口处需要爬15分钟左右到达万春亭，这里就可以俯瞰故宫全景。,1
4520,景山公园是北京城内地势最高的公园，登上景山的万春亭向南俯看故宫，向北一直能看见钟鼓楼，春风送暖，山桃花迎风绽放，赋于万春亭现实的意义。,2
4521,2块钱门票，很值啦，最高处可以俯瞰中轴线，还可以看故宫全景，从故宫出来一定要去景山看看故宫全貌，对故宫的整体结构才能有一个全面的了解。,2
4522,景山公园位于故宫的正北方，从故宫的西北角和神武门能看见不同角度的景山。景山这个帝王时代北京制高点，是旧时代皇城的中心，整个北京的建筑高度从此向四周逐渐降低。这里也是观看颐和园、西山、玉泉山最好的地方。,1
4523,为了看故宫博物院的全貌去的。故宫出来地下通道过马路就是。山不陡，台阶修的很科学，膝盖不好的老人家如我都轻松上去。  山顶自有风光无限。  故宫一览无遗，国家大剧院看上去却很煞风景，在一片金色屋脊边儿上，闪着灰色的光。我娘说，像一口新的大锅扣在那儿。  顺着万春亭往北看，大神钉也在。,2
4524,景山公园位于故宫后面，这个小山是皇城建设时的挖土谁起的，景点是明清日期北京的最高点，远能远眺西点景色，近可俯看整个故宫。景正顶部为万春亭，近日山桃花盛开，非常漂亮。,2
4525,景山公园作为北京的免费公园，去一趟很值得，外国人多的地方，可以航拍故宫的壮观，这就是很值的地方。,2
4526,故宫背面的山可以俯瞰整个故宫博物院，是皇家所在地，属于皇帝的属地，平常人过去也是近不来的，解放后改为儿童公园，我们小的时候就拿这里当做活动场所。,1
4527,每次去北京总是要去景山公园的，山不高，而且可以登高看看老北京城，以及不多的四合院的，有一年正好北京下大雪，景色特别特别的漂亮。,2
4528,景山上万春亭是北京中轴线上的最高点，同时也是北京城的中心。这里是俯瞰拍摄故宫的最美位置，我是早晨前往，游客不多，多是北京当地的大爷大妈早锻炼，能寻找到好的角度。公园内的寿皇殿也免费开放了，是一座十分精美的建筑群。,2
4529,去景山吹风，是我与自己和解的方式。我曾说，如果非要选一种信仰，我会选择时间。它轻描淡写却法力无边，主宰世事的出现和消散；日出日落，潮起潮去；冰雪消融，万物生长；我们在不经意间遇见，在不自觉中老去····这些都基于特定的时间节点，或是绵延的时间长河。在远古时期，景山同北海一样，是永定河故道。可200万年的时间，山河起伏，王朝易主，那些看似坚固的过去和现在，都在分秒变化，在某一时刻变得不堪一击。所以，别急，...,2
4530,从故宫后门出来就是景山公园，爬到山顶上可以看到故宫全景，非常壮观，之前去过，这次路过北京，适逢北京喜降瑞雪，快速赶到景山公园，拍到了雪中的故宫全景，非常幸运。公园门票真便宜，才2元。,2
4531,北京的景山公园是矗立在故宫北面的山，在这里可以俯瞰整个故宫，是外地来北京看故宫的最佳选择，可以把故宫博物院的整个布局看个清楚，是最佳选择。,2
4532,景山公园，一个可以纵览故宫全景的地方。门票2块，还是值得一去哒。,2
4533,景山公园的门票仅仅2元，很亲民，春节前去游人不算多，在最高点处可以俯瞰整个故宫博物院，可惜我们去的时候光线不对头，拍照效果不好。,2
4534,景山公园位于北京市西城区景山前街，坐落在明清北京城的中轴线上，西临北海，南与故宫神武门隔街相望，是明、清两代的御苑。这里也是到北京后，必定要打卡的地方。,2
4535,景山公园可以俯瞰紫禁城，也可以瞭望四周。景山，也是煤山，从前在明朝时，会豢养许多仙鹤。景山的白皮松很多，树种珍贵，值得一看。,2
4536,景山公园位于北京市区中心区，故宫博物院北面，登上景山，可以眺望北京城四面，视野非常好，尤其是一级天的时候，心里是很痛快的。,2
4537,景山公园，今年1月份去的，门票2元，对，你没看错，就是2元，清晨去的，太阳刚刚升起，去最高点看故宫全貌，故宫仿佛刚刚从睡梦中醒来……,2
4538,最大的好处是可以作为一个高点俯瞰整个故宫，感觉还是不错的，门票也就2元，故宫神武门出来过条马路就到了。,2
4539,都说故宫是风水宝地，源于故宫依山傍水，这山就说的是景山。今日特来景山，景山为元、明、清三代御园，走上这北京城的中轴线上，登上至高的万春亭，向南隔街遥望故宫神武门；向北眺望钟鼓楼，西能望到北海、电视塔；东可望到北京最高建筑中国尊。,2
4540,景山始建于金代大定十九年，金章宗在此处建设了行宫太宁宫，开挖了今天的北海，将挖出来的土在此地堆成山丘，并建成为皇家园林。,1
4541,在北京中轴线上的一个公园，南门可以看到故宫。门票很便宜，1-2 个小时可以玩完。可以来爬爬景山，看牡丹，感受一下京城公园的大气,2
4542,景山公园靠近北海公园，景山是北京城的最高点，门票2元。站在山顶可俯视全城，这里是最佳视角，金碧辉煌的紫禁城与尽收眼底，不经令人感叹多么壮观的景色，让人无比自豪。很快我们就爬到了最高处，这里是最佳视角，整个京城都在眼下，十分壮观。只可惜雾霾太严重，如果是蔚蓝的天空一定会更美。很是好奇，这么大的故宫，曾经在这里发生了怎么样的故事呢？,2
4543,寿皇殿的北京市少年宫是供明、清两代皇帝停灵、存放遗像和祭祖之所，即“神御殿”。明代该殿在景山东北，清乾隆时期将旧殿拆除，新修今位于景山正北方。          寿皇殿周边建筑群,1
4544,小时候在东城区少年宫上朗诵课，下课以后，总是跟着爸妈绕到西门爬到景山上看一看。可能是潜移默化，初中有一天忽然看到试卷上有一道填空题，问的是景山五座亭子上琉璃瓦的颜色，我连想都没想就作答了，那是我人生中第一次觉得四处游荡，真长见识。,2
4545,景山公园，北京中心的中心，中轴线上！最有名的原因不是北京中心中轴线，而是明思宗，这个倒霉的末代明皇帝，死在了这里。今天，它已经变成了市民的休闲场所，变成了外地游客在游完了故宫博物院之后的附属项目。山不高，十分钟登顶，下来照个明思宗殉国处的留影，去山后再看看金鱼展，如此而已。,1
4546,景山公园西门，这里冬季开始了，鸟儿的天堂，有柿子树，它们飞来飞去吃水果，真是幸福。公园西门有58路公交，还有南边有109等无轨电车，方便出行,2
4547,石景山公园门票只有两元钱的景点，性价比超高的，爬到山顶后可以看到北京城二环以内的各种风景，包括故宫，钟鼓楼，中轴线等等，不虚此行啊。,2
4548,本来是放在逛完故宫之后去的，因为有时间就提前去了，后来事实证明提前去是对的！进入景山公园后登上佛香亭就能看到故宫全景，周日傍晚人也不算特别多，我们还能占据C位拍到全景跟合照！站在北京城的中轴线上，风景别提多棒了！我们边吹风边看看了很久，做攻略的时候看了很多图片，但是亲眼看又是另外一回事儿，特别震撼。,2
4549,门票虽然只要两元，但如果免费不是更好嘛，我大杭州公园都不用门票的，你们想去哪个就哪个。门口的快餐味道不是一般的差，我看桌上摆着都是游客吃了一点点就扔了，20元的快餐饭菜放一起味道会好吗？30元的水饺都破碎的，坐我们对面的两个老外都直摇头啊，希望景区多多注意一下形象咯。,0
4550,登上景山公园最高处，可远望故宫全景！很适合拍照！但是我去的那天雾霾严重哈哈，而且里面的关帝庙什么的正好装修，都没开放，郁闷,0
4551,景山还是很值得去的，里面可以登到最高处，看紫禁城全景，唯一不足就是空气不好，整个故宫笼罩在雾霾中。下来往后走，还有一片宫殿，忘了叫什么，正在维修。里面还有挺大一片公园，可以随便走走，人挺少的。门票2元。,2
4552,为了登高看故宫的全貌，就去了景山公园，景色还不错，但是碰到有雾霾，故宫全貌不是很清晰，两个小时够了,1
4553,景山公园，从神武门出来过马路就是景山公园的入口，只要2元门票，爬山十分钟就可以看到紫禁城的全貌，所以离开故宫后千万不要匆匆离去,2
4554,景山公园，国庆一游！祝福伟大的祖国母亲79岁生日快乐！,2
4555,2元票价，非常值，故宫全景，鼓楼，北海所有景色尽收眼底，好看！,2
4556,没有雾霾的天气来景山看故宫全景，真的很好。景山与北海公园隔一条马路，可以一起游玩,2
4557,"故宫玄武门的正对面就是景山公园，为元、明、清三朝御苑，也是一座环境优美的皇家园林,距今已有八百多年历史。我来景山公园的唯一目的就是去山顶上拍故宫的全景万春亭被誉为北京中轴线上的制高点，站在万春亭上可俯瞰故宫全景。因为从故宫出来已经快六点了，在景山公园门口又休息了一会，到山顶的时候天色已经比较昏暗了，我从山下跑上去不到五分钟，再加上今天雾霾很严重，天气预报中度污染，但我感觉应该是重度。。。拍摄的效果...",1
4558,在故宫的北边，门票2元，原来的皇家公园，从故宫的神武门出来就是它的南门，最高点万春亭可以看见故宫的全貌。公园的另一大特色是苍柏非常多，好多都有一定年头，值得一去。园子不大，基本2个小时以内可以看完,2
4559,站在山顶能看到故宫全景，真的挺宏伟壮观！,2
4560,景山公园本身的景色并不算出色，重要的是登上万春亭，向南可以俯瞰整个故宫，当整个紫禁城都在你脚下的时候，油然而生君临天下的豪迈之感，向西可以远眺北海公园的白塔和北海,2
4561,门票已经涨到十元了，不过赶在日落时分登上景山山顶，一览北京城的全貌依旧非常划算。都说北京是对称的古都，只有站在山顶，看到东西南北的各个标志性建筑才能身临其境。需要注意的是傍晚山顶游客会比较多，都是长短炮拍照的。天黑下山时路比较黑，带小孩的父母玩注意了,2
4562,景山公园位于中国北京市西城区的景山前街，西临北海，南与故宫神武门隔街相望，是明、清两代的御苑公园中心的景山，曾是全城的制高点。,1
4563,景山公园是京华揽胜第一处，也是北京的中心，站在万春亭中可以俯视整个故宫博物院，视野开阔。带情人来这里爬爬山，看看风景也是很不错哟！图片来自网络图片来自网络图片来自网络图片来自网络图片来自去哪儿网图片来自去哪儿网图片来自去哪儿网图片来自去哪儿网图片来自去哪儿网图片来自去哪儿网,2
4564,可以俯视故宫全貌，登高望远，心情舒畅,2
4565,景山由五座山峰组成，高43米，为旧时北京城内的制高点，东、西、北三面砌有爬山磴道。山顶五亭建于清乾隆十五年(1750)，造型优美，秀丽壮观。,2
4566,"景山公园地处北京城的中轴线上，占地32.3公顷，原为元、明、清三代的皇家御苑。景山高耸峻拔，树木蓊郁，风光壮丽，为北京城内登高远眺，观览全城景致的最佳之处。 在六百多年前的元代，该处是个小山丘，名""青山""。",1
4567,第一站景山公园 爬山观景台 就是为了先睹为快看下故宫的全景。景山公园里绿植很好，景色怡人阴凉的地方挺多的，里面还有金鱼展，孩子很开心,2
4568,《山海经·中山经》：“荆山之首，曰景山，其上多金玉，其木多杼檀。雎水出焉，东南流注于江，其中多丹粟，多文鱼。”北魏·郦道元《水经注·卷三十二》：“沮水出汶阳郡沮阳县西北景山，即荆山首也，高峰霞举，峻竦层云。”,1
4569,清顺治十二年（1655年），命名宫禁为“紫禁城”，后山即万岁山更名为景山。 景山之谓，《诗经》中即有。《诗·商颂·殷武》：“陟彼景山，松柏丸丸。”《诗·鄘风·定之方中》：“望楚与堂，景山与京。”,1
4570,景山公园地处北京城的中轴线上，原为元、明、清三代的皇家御苑。是北京城内登高远眺，观览全城景致的首选地。平时全票2元，半价票1元，遇展览（例如牡丹展、蝴蝶展、金鱼展，多于暑假期间布展），全票升至10元，半价票5元。乘坐公交车前往，步行最少。,1
4571,大蒙古国成吉思汗麾下大将木华黎于嘉定八年（1215年）攻下北京，遂设置燕京路大兴府。元世祖至元元年（1264年）改称中都路大兴府。至元九年（1272年），中都大兴府正式改名为大都路。,1
4572,今天天气无比炎热，第一次体验八月的北京，八月的景山。和老伙计坐在景山的山头儿吹着牛儿，拍拍照，感觉真好。等待路灯的我们………,2
4573,山本身景色一般，但从山顶可全览紫禁城全貌。,2
4574,从故宫另一边的大门出来对面是景山公园，登上山顶可以看到故宫的全貌,1
4575,景山公园坐落在明清北京城的中轴线上，正门和故宫神武门遥遥相对。公园中心的景山，曾是全城的制高点，在这里可以俯瞰北京城区。景山公园又是一座环境优美的皇家园林，红墙环绕，松柏葱郁，古树参天，四季鲜花不断，美丽芬芳。景山公园门票只有2元，是北京最便宜的皇家景点了，也是北京人最常去的公园之一。,2
4576,精致有趣非常棒顶级的公园。,2
4577,精致有趣非常棒顶级的公园。 周末或过节时人非常多，但是为了在山顶看看北京四方的景色，尤其是故宫的全貌，也是非常值得的。 门口停车场车位比较多，就是停车费比门票贵太多了。 园里有老人合唱练曲艺的地方，听听也是非常接地气的。 没事常来的公园。,2
4578,站在景山望故宫，实在是一件美事！景山位于故宫后面，从神武门出来就可直接进园参观，现在的景山基本上已经成为了大爷大妈茶余饭后的散步场所，但这丝毫不影响它的观赏价值，尤其是登上万春亭，远眺 故宫博物院 那几个大字，再看看故宫的整体布局，别有一番滋味，再往右侧走，又可以远远看见北海白塔，真是一处登高望远的好去处，下山后，丛林中是此起彼伏的合唱，静静听着，莫名感受到一种未有过的力量，振奋人心而又充满希望，总...,2
4579,年票逛公园。夏天的午后游客稀少，景山后街景山东街都安静的不像样。在山顶吹风异常凉爽，眺望周一闭馆无人的故宫，眺望只有几只船的北海。,2
4580,景山公园地处 北京 城的中轴线上,1
4581,景山不是第一次爬，但头一回让我觉得值，终于碰上个能看故宫全景的好天气，真是金碧辉煌气势磅礴啊。就是天实在太热了，没怎么逛，找个凉快地方歇脚。,2
4582,俯瞰北京城非常棒，故宫博物院特别漂亮……,2
4583,景山的风景非常不错，在景山上可以观看故宫全景。,2
4584,晚上去逛景山公园，爬上了高处，看看天上的月亮，像一个金色的圆盘，北京城东面要比西边亮的多。,2
4585,到北京来旅游的朋友，除了参观天安门广场、北京故宫博物馆、爬长城、游览颐和园和圆明园，更不能错过的是景山公园。景山公园位于故宫中轴线上，登高能看到故宫全景，如果天气晴朗，蓝天白云，相信看到全景的朋友一定赞叹不已，真的是非常壮观。,2
4586,春节期间来的北京，天气还是挺好的。并且看到了蓝色的天空。在景山上看到了紫禁城的中轴线，蛮开心的。来北京了当然要上景山看看。,2
4587,景山公园紧邻故宫，出了故宫北门，过马路就是景山南门了。门票除了有花展外只需两元，登上最高亭，万春亭后可以俯瞰故宫建筑群的屋顶，金碧辉煌，壮观至极。,2
4588,故宫和景山公园就隔着一条马路，门面很小，小到认真一拍，都会变成售票员的特写。所以不PO照片了。门票是2元/人，公园依然是宫廷后花园风格，所以园内我们也是简单地过了几个点，用时50分钟。TIP：在万春亭可观看到故宫的全景，在万春亭的另一边可远眺到国贸和大裤衩，还有北京城的南北中轴线。出了神武门，景山公园就在马路的对面。进入公园直奔万春亭，除了上面PO的故宫全景外，另个方向就是远处的国贸和大裤衩了。还有站在中轴...,2
4589,本来去看牡丹，结果只剩下芍药了，倒也挺好看的，可是门口还是收的牡丹节的票价，里面的花并不太多，地方也小，一会就转完了，没有牡丹不太值,0
4590,可以先去故宫，让后从故宫后门神武门走出来，正对着的就是景山公园，景山设计的很低，但是尽管低，仍旧可以俯瞰整个紫禁城里的建筑。,2
4591,门票是真的便宜，原价10块钱然后我学生证半价，人也不是很多景色也很好（可能是因为不是节假日的过吧），爬山有点累但是景色是真的好，在倚望楼（好像是，反正是最高的那个）可以看到故宫和北京中线那条街，真的棒，累也值了,2
4592,景山公园位于景山前街，坐落在北京的中轴线上，西临北海，南与故宫神武门隔街相望，是明、清两代的御苑。公园中心的景山为堆土而成，曾是全城的制高点。我们去的时候赶上景山公园办花卉展，各种花卉争相开放，美不胜收。但现在北门正在维修，出不去。,2
4593,景山公园门票10元，价格不贵，主要是登上山顶可以看到故宫全景，景山公园里面也有很多的花花草草很漂亮。,2
4594,现在牡丹花开的非常漂亮，非常值得大家去欣赏,2
4595,在故宫中轴线上，天气好的时候在山顶可以看到故宫全貌，每年4月底还有牡丹花，不过我去的时间晚点，花有点凋谢，只能等待来年春暖花开了！,2
4596,五一劳动节的景山公园游人如织，园内牡丹花盛开，甚是养眼。园内还有盆景展示，很漂亮，有意境。看到芍药花含苞待放，期待过些时日盛开再来欣赏。,2
4597,五一节，去北京游玩的盆友，在景山公园看牡丹是最佳选择。红墙黄色琉璃瓦，再配上一园子的各色牡丹，那叫一个贵族气场十足，今年景山公园全部绿地，基本上种植了牡丹，可以说是满园春色了，包含了多个珍贵品种，满满当当都是大朵的牡丹，尽显雍容华贵，国色天香。今年还增加了灯光夜景，夜赏牡丹。夜晚，灯火阑珊，光怪陆离，牡丹在变幻莫测的灯光下，扑朔迷离，妖娆多姿，来观看夜牡丹的人络绎不绝，门庭若市，人头攒动，赞不绝口...,2
4598,刚刚去过景山公园，太美了！每年春天，这里就是花的海洋，现在国色天香的牡丹已经盛开，沐浴在其中，别提多惬意了！,2
4599,神武门出来对脸儿就是景山，看故宫全景的地儿。真的是公园，里面挺大，好多牡丹，郁金香，还有芍药没有开花！,2
4600,都没有规划在行程内的，走迷路了然后突然发现的景山公园上可以拍故宫全景,2
4601,喜欢看屋檐瘠兽，觉得他们站得高，望得远。而且每一个都有自己的名字，比如说，第一个叫行什，引路的模样。景山亭子上的，最好看，琉璃瓦最亮。,2
4602,去这个公园的主要目的就是想看看当年明朝皇帝是怎么吊死的？可惜什么都没有留下？当地人很不喜欢这个山，称倒霉山，还说这个公园压根儿就没人去。,0
4603,景山公园能看到故宫远景全貌，票价2元，值得一去的公园！在故宫北边，北海南边，反正你要是去北京，不去的话就很遗憾！我长这么大，也是第一次去。有一个拍照的地，可以借衣服，你就可以花很少的钱留下很好的回忆！特别想去尝试一次！,2
4604,故宫的后面，明朝皇帝上吊的地方，当然那棵树已没有了。公园景色很美。登上山顶可以把故宫一览全貌，十分震撼。隔壁的白塔公园也可以看到。,2
4605,在这里可以俯瞰整个紫禁城，实在风景令人不能自拔！是北京之行体验最好的城市之一！此外，园内高树参天，繁花朵朵，绿草如茵，非常适合一家人前往！,2
4606,门票2元现代北京整个紫禁城故宫出来对面就是景山公园，需要走好长的台阶才能看见故宫全貌，风很大，但是景色挺美,2
4607,景山公园位于故宫的后门，地形是个山坡公园，作为市民公园这里门票很便宜才两元，园区不大，部分在整修，作为皇家园林，这里的历史同样有着曲折的故事。,1
4608,景山公园能看到故宫全貌，还能欣赏美丽的日落。拍到一个歪果仁拍照架势专业哈景山公园日落,2
4609,故宫北门出，对面就是景山公园了。票价也算亲民，2元。儿童6岁以下免票。没有雾霾，登高看下故宫远景还是不错的。。。。。。。,2
4610,2018年春节---景山公园  景山公园地处北京城的中轴线上，是明、清两朝的皇家园林，公园内的中峰曾经是老北京城的最高点，中峰上的亭子叫“万春亭”，是来到这里的必去地方，在这里可以俯瞰整个北京中心城区，拍摄故宫全景，非常棒。这个点固然人最多，一定要找个好位置。,2
4611,景山公园可以说是皇家的后花园，出故宫北门五分钟就是景山公园的南门，站在景山公园的最高处，故宫全貌一览无余，有览胜第一处之称。,2
4612,第一次来到北京感受，首都~~魅力~~|ू•ૅω•́)ᵎᵎᵎ,2
4613,景山公园的制高点可谓是景山公园的最精华部分，因为它也许是北京中心唯一可以一览故宫全景的位置。站在这里，故宫全景尽收眼底。而向不同的方向看，能看到很多经典的建筑物标志，譬如北海公园的白塔。图片来自去哪儿网聪旅@娜娜959图片来自去哪儿网聪旅@娜娜959图片来自去哪儿网聪旅@Jason_x1n,2
4614,景山公园还是值得一来的，这边可以看到紫禁城的全景，而且价格不贵，2块钱……【价格】2块,2
4615,盛淮南和洛枳去过的地方，能俯瞰整个北京城。,1
4616,天日云影共徘徊，冬日的景山公园还是很不错的，登上顶亭，可以俯视雄伟壮观的紫禁城，远眺北海白塔，有种不知天上宫阙 ，今夕是何年的感觉。,2
4617,景山公园，应该是最值票价的啦，只要2元就能看到整个紫禁城的全貌，这里是拍摄故宫全景最好的点，任何时候的最高点这里都有很多的长枪短炮在拍照什么的，不管是清晨还是阴雨天还是太阳底下还是夕阳下，任何时候都有很多的摄影师回过来。  我们住的地方来景山公园非常有优势，我们的酒店就在景山公园后面，所以来景山公园是步行前行即可，大家也可以住在景山公园附近，这样去故宫也可以步行哦；    景山公园位于中国北京市西城区的...,2
4618,景山公园位于北京市景山前街，坐落在明清北京城的中轴线上，西临北海，南与故宫神武门隔街相望，是明、清两代的御园，公园中心的景山为堆土而成，曾是全城的制高点。景山公园1928年建园，全园总面积23公顷其中，花卉草坪占地1100 平方米。该公园是国家五A景点，公园内有绮望楼、五方亭、寿皇殿、永思殿、牡丹园等景点。,1
4619,这里是皇帝的后花园，在故宫北面，有一小山，登高可挑望整个紫禁城。,1
4620,很久没有来景山了，这次路过这里，天气不错，爬上景山，看看美丽的北京城。,2
4621,📍这是匈牙利贵族官、在神武门门楼上、免费参观,1
4622,嘴上作为北京的标志性建筑和城中心唯一的一座山是人工的，北京的旅游景点都不贵，应该的成果拍了最便宜的啊，吉林，而且谁来都是这个钱，不管外地人还是北京人，所以我认为，推荐留守都的气质。,1
4623,好久没有来景山了，景色依然是那样，游人如织，半天居多。非常好的天气，虽然今天有点凉，但是照出的，玩景还是很漂亮的，所以，我觉得。来这里走走非常好,2
4624,门票：2元，比较性价比最高的景点 游完故宫，过对面马路就是景山公园，爬到山顶大约20分钟，可以俯瞰整个紫禁城。下山的时候选择了另外一条路，发现下去后是公园的另外一角，公园还是蛮大的。如果天气好，还可以看日落，超赞的。,2
4625,门票：2元，比较性价比最高的景点,2
4626,北京城的制高点，过去在景山的万春亭上，可以俯视紫禁城和整个北京内城。天气好的时候，往西可以看到西山，往东可以看到东三环上那些高楼大厦。万春亭的亭子地上还有个北京城中心的标牌。山顶视野开阔，所以山顶上从来都不缺少摄影的人。,1
4627,门票只有两块钱，站在景山最上面正好可以看见故宫全景。自己一个人玩的很开心,2
4628,逛完故宫出去，对面就是景山公园了，现在景山公园的山顶可以看到整个故宫的全貌，所以早早在网上订好了门票。景山并不大，也不高，爬上去很轻松不累的。俯瞰故宫，感觉很不同，随手拍几张后就下山了。,2
4629,是我没看清楚，70岁以上老人才能半价，我以为是60岁，到了景区，补了差价。,1
4630,地方不大，和故宫连在一起，两小时之内能走完。主要是登高看故宫，看北京城，看日落。夏天的荷花不错，还有各种建筑的缩微模型。,1
4631,景山公园山顶上可以看到故宫的全景，但是全天侧光，拍照效果不好,1
4632,强烈推荐  两块钱的门票 里面除了可以看故宫全景 本身景色也挺美的 绿化很多 性价比太高了,2
4633,景山公园的票价一直是北京自助游里的一个特别观光点，学生票1元，成人2元，没有展览的时候一直是这样。所以大家都觉得这种票价真的很良心了！,2
4634,地方就在故宫北门出口对面，故宫北门几条旅游观光线，园子不大很精致，主要上去可以俯瞰故宫全貌，从上面看故宫确实气势磅礴,2
4635,公园比较小，可以看故宫全景，后门可以溜达到南锣鼓巷,2
4636,景区在神武门后面，面积不大不过挺有趣的，去完故宫博物馆一定要去景山公园门票2元，爬山看整个紫禁城和北京市区，挺壮观的，景色也挺美的！赞，强烈推荐过去看看便宜又有意义啦,2
4637,景山公园，位于故宫博物院北边。等上顶端的万春亭，举目四望，视野极为开阔，天气晴朗的时候，不仅能看到故宫全貌、北海公园，而且能看到鸟巢旁的玲珑塔，甚至西山和北山也清晰可见。走过故宫，不可不来哦。,2
4638,能看到故宫全景，也适合在此看日落哦。,2
4639,因为在故宫博物院北门等人，所以顺便去了一下景山公园，门票两元。还有针对老人的优惠和免费。公园绿化很好，走到最高的地方可以看故宫全貌和很多远处的公园。,2
4640,不错，景色很美，尤其俯瞰整个北京城，自己去了一次故宫，感觉整个人都已经升华了，但是唯一感到遗憾的是居然打不到车，独自在风中凌乱,2
4641,景山公园，风景还是蛮不错的，而且我却觉得，还可以。,2
4642,景山公园也是必不可缺的，然后他是在故宫的北门，他也挨着故宫和北海，其实也可以在里头参观，因为他也确实是能展示老北京的风貌,2
4643,春游景山牡丹园书歌词《牡丹情》二首>景山公园香风吹，牡丹园里蝶双飞，园丁问游人，牡丹美不美？牡丹美不美？不贪图故宫福贵，不羡慕江南水肥，只愿人天长地久，与爱花的人儿紧相随，爱着伊，爱着伊，愿今生常相随。。牡丹园里百花卉，百年牡丹最尊贵。游人赞牡丹，牡丹实在美！牡丹最健美！牡丹花艳丽娇媚，牡丹花国色芳菲。只愿花天长地久，与爱花的人儿紧相随。爱着您，护着您，愿今生常相随，愿今生常相随。,2
4644,出去玩的宗旨：只要有时间，只要还能动，那就继续！(＾－＾)V,2
4645,景山公园景点性价比很高，10元的门票，有的网友买的门票只用2元，不知道在哪买的。里面绿化很好，空气也很清新，在万春亭可以看见四环内的景色，故宫的全景。从公园出来后绕着故宫走到天安门广场，好大的一圈，走的累瘫了。广场人好多呀，快到降旗时间去，因为还有别的事没有多呆。晚上在海碗居吃的炸酱面，味道不错，据说小岳岳就是在这家店做服务员被发掘的，从此改变了命运。,2
4646,几乎每次来北京都去景山公园，门票便宜，更多的还是想看看故宫全景，冬天和夏天我都来过，虽然我的是普通相机，但是照片中也包含着我满满的喜欢,2
4647,登景山公园煤山顶书《景山赞》景山之巅观京城，紫气东来国贸新。两看北海白塔亮，北风吹到鼓楼顶。南瞰故宫紫禁城，金碧辉煌福寿增。北京美景放眼望，不摄全景憾终生。,2
4648,景山景色很美，是傍晚去的，大约6:30（夏季），当时人不多，赏景拍照都好，到晚上故宫很黑，基本没有灯。不像有些评论里说的那么灯火通明。建议秋天去，有枫叶。盛夏就只能看山景。可以选择玩完故宫直接去景山，还是蛮近的。玩的时间大约两个小时。（人少情况）从景山出口出去当时天黑了，没有公交站。附近也没有地铁。是打的回的酒店。如果白天去的可以走路回去。,2
4649,从故宫博物院的北门出来，过地下通道就可以到景山南门，从南门进入之后靠右路走就是皇帝自缢处，登山就是一条可以走过五座亭子的特别路线，非常好。,2
4650,站在上面，360度看北京，风景真的很美！,2
4651,位于故宫北侧，从景山最高处可以眺望故宫并拍摄全景。每年五一前后景山都会有牡丹文化节，到时各种牡丹竟相开放，特别美丽。里面还有明思宗殉国处。,2
4652,景山公园，我每年必须要去的！似乎从哪里才可以鸟瞰整个皇城，急不可待的登上景山，向南望去，是那明清两代的皇宫，气势磅礴。九千九百九十九的建筑群，惊叹古代工匠的高超技艺！中轴线穿过前门，正阳门……雍和宫！我惊讶工匠们如何做到的！,2
4653,景山公园，我觉得它是能呈现老北京的感觉，而且它的一砖一瓦都是能突显以前的老北京的面貌。其实在街上公园，你一边走一边就是能感觉百年的老树，心旷神怡。,2
4654,出了崇文门，正对面就是景山，门票2元。景山不高，20分钟就上去了，站在景山山顶，可以看到故宫的全景，还是很值得一去的。西门那边有很多唱歌的北京老头老太太，很是惬意！也能体验北京人的退休生活。,2
4655,景山公园2元门票，其中最大景点就是登上万春亭的顶上欣赏整个北京城的景点,2
4656,两块钱的门票，你值得拥有！关键是视野开阔，可以俯瞰整个故宫哟！一对特别有爱的老夫妻,2
4657,景山公园门票2元 性价比极高。‍♀️,2
4658,景山公园门票2元 性价比极高。‍♀️ 在这有一处必去的地方 走上去也就10分钟 可以远眺故宫博物院全景（如果天气好的话） 然后上面也有些风（可以歇歇脚）然后在景山公园随处走走体会原来皇家后花园的绿化 然后… 出了景山公园的后门可以直接步行到南锣鼓巷 。,2
4659,从故宫后门出来对面就是景山公园，爬上山也是看故宫全景的好地方，登高之后眺望故宫全景和北京四面的全景，视野非常开阔，天气很好，还看了北海公园那边的日落，夕阳西下全过程非常美。碰到从德国来旅行的学生团，一起唱歌的场景也记忆深刻。,2
4660,故宫神武门出来就是景山公园，这里可以看故宫全景，山不是很高但视野开阔，公园内环境很好，种植的有牡丹和芍药，我们这次去正好碰上盛开，很漂亮。,2
4661,景山公园位于北京市西城区景山前街，坐座在北京城的中轴线上，西临北海，南与故宫神五门隔街相望，门票价格也很亲民，5月份去的时候门票十元。夜幕降临时，吸引了很多摄影爱好者来此拍摄，夜景非常美。,2
4662,很多人想到北京肯定要去故宫里看一看，但很多人却忽略了就一个街道之隔的景山公园，这里肯定要说的是，票价就两块钱，从故宫的后门出来，过了马路就是它的大门，买票进去，直接登顶，最高处，可以俯瞰整个故宫，还能看到北京很多地标性建筑，主要是拍照片的绝佳好去处，人也不是很多~,2
4663,去景山公园只要购买两元的门票，是非常划算的，尤其到了万春亭，可以俯瞰整个北京城的大部分建筑和地标，景色很美，还可以沿路而下直奔故宫，非常的便捷,2
4664,景山公园，就在故宫的对面，可以俯视整个故宫，十分壮观！！！,2
4665,一定要去的地方，不但能看到故宫的全景，还能看到周围景色！！！门票才2元很值得一逛的园子一定要在没有雾霾的那天去哦，要是雾太大就不行了,2
4666,景山公园          平日：2       活动期：10（学生半价）,1
4667,从故宫的北门也就是神武门出来，马路对面就是景山公园，这里曾是明、清两代的御苑，是全城的制高点，也是现在观赏整个紫禁城的最佳地点。（门票2元）站在景山之上俯瞰整个紫禁城，体会几百年前历代帝王的那种感觉，苍穹之下，众生沉浮；悲喜交集，沧桑变幻；人世得失，如何数算？,2
4668,公园的寿皇殿及周边建筑群都在大修，无法参观；观德殿是办公场所，大门紧闭，能够观赏到建筑物就是著名的五座亭子了。五方亭坐落在景山上，自东向西依次为观妙亭、周赏亭、万春亭、富览亭、辑芳亭。万春亭周边挤满了人，拍照实属不易。  到景山公园游览，有几处古树必去观赏。最值得一看的是千岁高龄的“镇山唐槐”，仅“唐槐”二字，已然一切尽在不言中。更有意思的，是古槐中空，怀中抱小槐，非常独特。进景山公园东门向北不远，...,2
4669,公园的寿皇殿及周边建筑群都在大修，无法参观；观德殿是办公场所，大门紧闭，能够观赏到建筑物就是著名的五座亭子了。五方亭坐落在景山上，自东向西依次为观妙亭、周赏亭、万春亭、富览亭、辑芳亭。万春亭周边挤满了人，拍照实属不易。,1
4670,门票两元超值！寸土寸金的首都还为百姓留有2元门票的美丽公园值得称赞！空气很好，不吵不闹，这里溜达的人都很享受，画画的，练歌的，拍照的，聊天的，很多芍药花，可惜只分为含苞待放的，刚刚开过的，突然觉得北京人好幸福,2
4671,从神武门出来就是景山公园，进去就是为了看故宫全景，也确实是值得，简直就是太宏伟，这次正好遇见牡丹节，这10块钱就更值得了,2
4672,景山公园最近有牡丹节，所以票价提高，等牡丹节过了，票价回归2元，夏季有蝴蝶展，一般也是要调高价格的，展览过后还是会回归2元，2元票价时，学生半价1元。,2
4673,景山公园起初是以白皮松而著名的，现在旅行团很喜欢这个景点，平时没有展览的时候，票价只需要2元，一展览会提高。在山顶可以俯瞰故宫和北京城。,2
4674,风景不错不错和孩子去最好不过。,2
4675,比起北京众多的著名的景点来说，景山公园实在是不值一提，但2块钱的门票，可以看到五个古亭，可以鸟瞰故宫全景，公园内古树参天，牡丹盛开，实在是超值,2
4676,景山公园位于中国北京市西城区景山前街，坐落在明清北京城的中轴线上，西临北海，南与故宫神武门隔街相望，是明、清两代的御苑。公园中心的景山为堆土而成，曾是全城的制高点。,1
4677,这个门票感觉很超值，门票价格比公交车还便宜，爬山山顶十几分钟就可以，最最关键是可以俯瞰整个故宫的全景和眺望好多景点，记得这里有北京城中心点噢！白塔也一览无余，绕着山顶走一圈几分钟就可以看见北京超多的景点。,2
4678,这里的牡丹花简直就是绝了，我从来没有看见过这么漂亮的牡丹花了。大概是550多种，公园里的管理员都很负责任，有不文明现象及时制止，让美丽留在人间。,2
4679,景山公园，这个季节最适合去看牡丹。里面的植物都挺好的，还有大片大片的郁金香，各种颜色混搭，非常好看。公园中间有山，山顶可以一览大半个京城。,2
4680,今年的景山牡丹花已经又开了，周末的好天气全家去了景山，满园漂亮的牡丹花和郁金香。不过人也是乌泱乌泱的多。另外每次去景山都要去西门外的干果糕点一条街买很多吃的回来，满满都是童年的味道。,2
4681,景山公园目前正值牡丹盛开季节，品种繁多，整个园子里到处都是，还有郁金香和紫藤点缀期间，只是周六日游人特别多，好几个老年合唱团在练歌，歌声嘹亮。有不少是来此锻炼身体的，如果愿意还可以登上万春亭往南远眺故宫，往东远眺北海。,2
4682,牡丹花很香，老远就闻到了，不过去的有点晚了。,2
4683,景山公园其实也没什么好玩，就是爬到山顶可以看到故宫全景，一北京城,1
4684,又到牡丹花季，景山公园内姹紫嫣红，花香四溢。这里的人气和壮观场面，都可以与洛阳比美。牡丹品种繁多，遍布园中，也不乏老树繁花。,2
4685,故宫全貌尽收眼底，山也不高，还有很多牡丹花，总之10块钱的门票还是很划算的,2
4686,景山公园正在建设一个美好时光，美好美景的城中花园，当然他也是皇家花园。现在就是现在您去看看，瞧一瞧就知道他有多美，多漂亮。花的世界，人的海洋，相机，手机的市场。,2
4687,一块一张的学生票真的超值哈哈哈，从景山可以俯瞰整个故宫，可惜去的是个雾霾天看的不是很清晰。据说在亭子顶端看日落很壮观，可惜去的那天太冷但是距离日落有半个小时。其实觉得景山周围那一片公园也很不错，拍到了很多很好看的照片,2
4688,景山公园映着北京古老的建筑，放着草原民族风的音乐，男女老少在空地上跳舞，音乐在公园上空盘旋回荡，在那看了很久，此情此景下，有种穿越感，莫名感动，让人心驰神往大草原...宝贝在学我拍照。夜晚爬上山顶，在北京南北中轴线上映着紫禁城的夜景来了个侧影...,2
4689,景山公园坐落在北京的中轴线上，是一处至高地，南面俯瞰故宫，北面远眺鸟巢，西面可观北海，东面是现代建筑群，天气好的时候可以看到层层叠叠的西山。,2
4690,今天周末，北京难得的好天气。景山公园如花海般灿烂，那么多，那么艳，一朵朵花在和煦的春风中摇曳着，散发着诱人的芳香，醉人的气息溢满心间，把这美定格成一幅永恒的画面。,2
4691,一个真正可以看到全景故宫的地方门票只有2元，不建议网上购买，因为出票速度太慢，性价比是我见过最高的公园。但是当你想照张全景时你会发现很难，因为人特多。,2
4692,景山公园是故宫的后花园，也是靠山，这里风景秀丽，建筑奇特，门票两元非常便宜的！园内树木花草样式特别多！规划的错落有致！值得游玩！,2
4693,景山公园得去，就在天故宫后面，爬上去就可以从故宫的中轴线观看整个大故宫，那种感觉是非常棒的，好像要几块钱门票吧，上去还能吹风。,2
4694,学生票每人一块，故宫出来马路对面就是。从地下过。景山可以看到故宫全景，所以时间不紧张的话就去呗。里边有崇祯皇帝自缢处，好像景山和煤山是一个东西。这叫什么花？？,2
4695,景山登顶可以眺望故宫以及北京城的东南西北，很壮观。门票也是良心价格，2元，半价票1元，当然赶上蝴蝶展什么的，就要10元了。,2
4696,门票2元，还有学生半价票，性价比挺高。 进来主要是为了拍故宫的全景，紫禁城里到处都是人，内部拍照好难拍，还不如逛完故宫就直接从神武门出去对面爬山,2
4697,门票2元，还有学生半价票，性价比挺高。,2
4698,现在公园高处的亭子可以俯瞰故宫，就是当天天气不佳,1
4699,景山公园，就在朋友的公司附近。本来去是想看银杏，可都掉光了。不过，山顶的亭子但是意外惊喜，登上后可以现在城市轴中心俯瞰京城，壮观。,2
4700,登上景山，从这里看故宫，可以看到全景。,2
4701,景山公园就是我从前北京人最少，但是最壮观的景区！没有展览的时候，成人2元，学生半价票1元！在这里可以俯瞰整个北京城！现在旅游的人越来越多，安静不复存在。,2
4702,北京中轴线上，拍故宫的经典位置。距离不远处东侧护城河边这是拍摄角楼的最佳位置。这两个地方可以一起去。景山公园不高，走起来很舒服，很休闲，但是逛完故宫再来的话估计就没有精力好好体味这里的风景了，所以有时间的话就不要和故宫一起逛了。,2
4703,景山不高，爬一会就到山顶了，可以俯瞰整个故宫博物院，那种视觉效果真的超级壮观，不看就可惜了。尤其是在这里看日落，一定是最佳视角。,2
4704,夜幕下的景山公园可以看到故宫的全景和北海的远景、虽然是夏天但是到顶上以后感觉风特别的凉快、站在景山公园顶上俯瞰整个故宫、心里有微薄的孤寂和沧桑感、古代的时候这座城就是权利和象征...... 你们知道的触景而发...,2
4705,从神武门出来，马路对面就是景山公园。由于是淡季，景山公园没什么人，门票２元。园里有牡丹花，可惜还没到春天，看不到牡丹花开了。直奔万春亭，俯瞰故宫，整个紫禁城真的好大呀！难怪古时候的人说一入宫门深似海，如此大的地方，想见皇帝一面都难呀！,2
4706,从万春亭上，可以南看故宫金碧辉煌的宫殿，北看中轴线的钟鼓楼，西看北海的白塔，东看CBD商圈。,2
4707,【景山有多高】 北京城内有一个可能是全中国最矮的知名小山，景山，高还不到50米，是明朝以开挖紫禁城护城河的泥土堆成，算算也有六百多年的历史了。,1
4708,两块钱的门票真的不贵！！！在这里能看到老北京的全景！皇帝俯瞰自己的城池！大雪中的故宫也是真的美！ 住在北京的摄影爱好者最爱的拍摄地之一！坐地铁只能到南锣下 穿过一段胡同就到了 ！很方便 外地朋友 必去！,2
4709,一早电动车出行，好像现在这个不算是绿色出行了。长安街禁止电动车通行。其实，安全驾驶，牌照齐全，电动车真的是个好东东，方便，快捷。,1
4710,等到京城下雪时，这里是看紫禁城最好的位置，,2
4711,等到京城下雪时，这里是看紫禁城最好的位置， 看到北京，变成了北平，满心欢喜~~,2
4712,喜爱摄影的人都知道雨后必登高的道理，而景山公园无疑是登高望远的绝佳去处~~,2
4713,京城揽胜绝佳处，只要你不遇雾霾！,1
4714,京城揽胜绝佳处，只要你不遇雾霾！ 多次去北京都会来这里看紫禁城的日落，2015年八月带儿子一起来，小家伙被这里的景色震撼了！,2
4715,景山公园是观看故宫博物院的最佳地点，一般参观完故宫之后，都会过道登上景山公园，鸟瞰故宫的景色，特别美，门票比较便宜，2元一位，山特别好爬，不累，可以在山上的亭子里稍作休息，站在北京的中心点，看着远处的故宫，非常惬意。,2
4716,西班牙有一句谚语：这世界上最美好的东西，往往是免费的。,2
4717,这里可以俯瞰北海故宫，算是中轴线不错的制高点，门票2元。,2
4718,景山公园的高点是北京的中心，登高望远：远眺白塔，俯看故宫。如果天气给力，镜头就若君临天下收揽磅礴。景山公园很清幽，进入大门便是满眼的绿意，加上盆景的点缀，生机盎然。,2
4719,就在故宫出神武门外。是当年挖太掖池是堆土而建。是旧京师的制高点。是明、清两代的御苑。公园内有绮望楼、五方亭、寿皇殿、永思殿、牡丹园等景点。但最有意义的是眀思宗殉国处。虽老松树被革命小将劈到。 甲申年。眀思宗城破后在此就义。留“朕凉德藐躬，上干天咎，然皆诸臣误朕。朕死无面目见祖宗，自去冠冕，以发覆面。任贼分裂，勿伤百姓一人”。,0
4720,景山公园人很少，一路的柿子树结满了果实，爬上山顶，一览故宫全貌，赞！可惜去的那天风实在太大了，吹的有点冷～但完全不影响欣赏故宫全貌。,2
4721,今年四月份来过一次，这次因为一点原因又来了，同样的两个人，两次合影。不过这次带了设备，没有失望。四月份刚好遇到牡丹花开（可惜没带单反），票价10元。这次是淡季只要2元，因为赶时间所以走了最近的梯子上到最高点，果然没失望，等了一会儿就来了一大群乌鸦，刚好飞在日落那一圈。（不知道平时是不是这样的）。这让上面好几个摄像师都兴奋了，都举起单反拍个不停。,2
4722,景山公园其实蛮大的，就在故宫对面，个人觉得可以逛个半天甚至一天，这里可以俯瞰故宫的全景，一定要来看看，山顶是整个北京城的最高点，视野很好。,2
4723,本地人常去的公园。园内古柏参天，很有古韵。偶尔能遇见小松鼠窜上树。登上亭子可以俯瞰北京的中轴线。北海、鼓楼、故宫尽收眼底。牡丹、芍药、郁金香盛开时节更为园区增色不少。,2
4724,在没有展览的日子里，景山的门票非常亲民，从前不为人知的时候，参观故宫的人人山人海，景山里静悄悄的，像世外桃源，现如今大家都知道景山的好，从故宫出来就可以看到景山上面亮闪闪没间隔的站满人。,2
4725,站在最高处望去，尽览故宫，登高望远，心情辽阔，特别喜欢,2
4726,本来想看升旗来，结束昨晚上同屋的小伙伴聊的很嗨，将近2点才睡，早上6点多才醒，懒得动了😓,1
4727,长这么大第一次去景山公园（也可能小时候去过记不得了。。），虽然公园不大，山也不高，但一览北京中轴线的感觉还是很棒,2
4728,长这么大第一次去景山公园（也可能小时候去过记不得了。。），虽然公园不大，山也不高，但一览北京中轴线的感觉还是很棒  【位置】在故宫北门，但是离景山公园近的故宫那个门是进不去的。感觉交通不是很方便要走走走（有观光公交，但是好贵！）。我从东门进的，进去直接上山顶，不远，基本20分钟就能走到  【风景】中轴线上的风景还是很好的，有个圆点地标，可以在上面坐一会思考人生哈哈～有帮忙照相的摊位，立等可取。去的时候天...,2
4729,景山公园，风景秀丽，环境舒适，空气清新，到之令人流连忘返。公园内游人不算多，可以走走停停，随心而欲。景山公园不大，但却曾是北京城中心的最高点，登上景山公园最高处可以看俯视北京城，在这里即可以鸟瞰故宫全貌，也可以将北海公园的白塔尽收眼底。然而门票价格实惠，非常亲民。很值得游览！,2
4730,景山公园位于故宫的北面，地理位置好，交通方便，山不太高，景色诱人，空气新鲜，环境干净整洁，站在景山公园可以俯瞰到故宫的全部景！值得一去！,2
4731,就在北海旁边，有北京的大爷大妈们在唱革命歌曲，唱得不赖哦。还看到小松鼠，北京有好多小松鼠，超萌。景山不高，来这最主要看故宫全景，可惜雾霾，看不大清楚。,2
4732,门票便宜，登上最高处，可以看到整个故宫的景色，很是不错,2
4733,站在景山最高处 整个故宫尽收眼底 北海公园也能远远观望 票价两元 很值得一去的地方 还能穿古装照相 比其他地方便宜得多 值得推荐,2
4734,景山公园就在故宫博物馆的后面，也就是故宫博物院的神武门正对面，从故宫博物院步行即可到达景山南门，附近公交站有景山公园站、西坂桥站、故宫站，需要门票，但很便宜，只要2块钱，学生还半价，只需1块钱，超值的，也看到有买年票的，虽然公园不大，但是处在中轴线上，景山也是这皇城的制高点，可以傍晚来，因为晚上故宫不开灯，所以可以游览完故宫后，登高望远，俯视这有着3000多年的城市，将古老的紫禁城与现代化的北京城新貌尽...,2
4735,这是在景山公园拍的照片，进去门票有学生才一元还是两元吧，它主要是可以看到故宫的全景。,2
4736,门票便宜才2元，山不高，山顶可以看故宫全景，有两层可以看，360℃无死角，还可以看白塔公园，公交非常多，公园不大，一个小时可以玩完,2
4737,走着走到就到了景山公园，门票2元，学生票1元，这是小编见过最牛X的门票面值了。。。还见了一个漂亮的京丫头，值得一提的是京丫头各个都水灵灵的，长得可真好看。。,2
4738,除了小伙伴陪伴，还有亲爱的阿姨，因为十月份在大嵛山岛的萍水相逢、志同道合，这次在北京的东道主式的招待简直让我深刻了北京的大气善意。,2
4739,故宫尽收眼底 北海里的船只和白塔近在眼前 蓝天白云绿树红墙 北京电视塔国贸三期大裤衩都可以看到,2
4740,觉得景山公园儿也应该是故宫的一部分能够取票，挺方便的，两元一张，在网上是一元一张。,2
4741,方便，拿身份证去窗口换纸质票就可以了。人不多，不用排队,2
4742,景山公园，因为4月的牡丹花展让我念念不忘！如今虽是8月，还是再来到这，看看故宫全貌。站在景山最高处，故宫尽收眼底，天气非常好，宏伟的建筑在蓝天的映衬下格外美丽！感叹帝王之家的恢弘大气，感叹古代建筑的设计之美！开阔的视野，让人心情愉悦～此时园内的昆虫展也是栩栩如生～2元的票价非常值！,2
4743,值得去啦，上到顶端能俯瞰整个故宫，景观设计非常事宜，设置的动物雕像以及解说动物成语非常生动，带孩子转一圈很是给孩子加深印象。,2
4744,没能赶上去故宫，后去的景山公园，爬上山顶，能看到故宫全景，很好。,2
4745,暑假真的不适合来北京旅游，人比较多，景山上都是旅行团。淡季比较好，安静，景色也美，尤其冬天。而且景山不光好在可以俯瞰北京，还有许多古树，值得一看,2
4746,10元不贵，游人也少，上到小山顶上可以看到北京全景，棒，终于能够明白什么是中轴线了。,2
4747,主要是爬到故宫后山再鸟瞰一下故宫，不料雾霾严重。,0
4748,在景山公园上面鸟瞰故宫，真是太壮观了，阳光下的故宫金碧辉煌。,2
4749,景山公园在故宫背面，与北海公园相临，拾级而上，从不同高度可以看到故宫全貌，最为震撼的是在最高的寿春亭观赏，故宫金碧辉煌，气势宏伟，尽收眼底。,2
4750,这个跟故宫应该是一条路线游览，但是中午从故宫出来的时候人实在是太多，所以就只有先去恭王府，再从恭王府来游览景山公园，因为我们在景山边的车站坐车可以直接会酒店，万能的5路…,2
4751,景山公园虽然不大，但是是北京中轴线城中制高点，不仅可以俯瞰故宫、远眺北海、还可以看到盘古大楼。景山上最值得看的还有白皮松，天气好的时候，完全不需要修图，就能照到最美的北京啦。,2
4752,从故宫神武门出来，上景山公园，可以看到故宫全面貌。,1
4753,就是为了去山顶拍故宫全景,2
4754,景山最高处能俯瞰整个故宫博物院 真的太美了 特别壮观 不去身临其境是感受不到故宫的气势磅礴的 太震撼了！,2
4755,赏完故宫，可以来与故宫相隔一条马路的景山公园。湖南兄弟说这儿是皇帝的御花园。,1
4756,园子不大，经常锻炼の人会很嫌弃的，进园票价2元。。。,0
4757,一直想去景山公园，看故宫全景，那天早上就大摇大摆的进去了，后面才发现原来还要1块钱门票呢哈哈,2
4758,门票才两块钱，就在故宫和北海公园边上，不是很大，从每条路都能上到顶上，能看到故宫全景，一路亭台楼阁很漂亮，顶上亭子里有尊佛像，自愿花十块钱拜拜，送了一串木珠手串，老妈很喜欢，觉得拜了就像开光了一样。,2
4759,景山公园位于北京城南北中轴线的中心点上，南依故宫，西靠北海，北与鼓楼遥遥相望，曾是北京城中心的最高点，可俯瞰故宫全景，一览京城轴线，领略整齐对称的布局神韵，品读气势恢宏的宫廷建筑。景山公园内古树参天，山峰独秀，殿宇巍峨，牡丹品种繁多，文化活动丰富。门票只要2元。　　这里曾是明、清帝后祭祖追思的重要场所，保存着寿皇殿、观德殿、护国忠义庙、绮望楼等古迹文物，散发着浓厚的根祖气息，是传承和发扬中华孝道文...,2
4760,景山公园是我最经常去的地方，好像每年过生日都喜欢现在景山公园的最高点，看着紫禁城，心里好安逸。有时候还会在山顶听着远处的手风琴，吹着风，逗着那里的野猫。每年的春天，是景山公园最热闹的时候，各色郁金香，牡丹花展，门票才十块。所以，每年春天花展都会去待上半天。,2
4761,这里最吸引人的就是可以看到故宫的全景，春天的时候还可以看到牡丹和芍药花，门票很值得,2
4762,牡丹开的姹紫嫣红，雍容华贵，不馈中国国花之名！,2
4763,取票很方便，网上下单之后，直接把短信给售票处的工作人员，用一个类似刷卡机的小机器直接就打出来单子了。进去的时候出示单子就可以。门票单独买也是挺便宜的，两块钱一个人，进去上山顶可以看到故宫全景，挺不错的，有时间可以去逛逛，还是相当值得一去的。要特别表扬一下游客服务中心，提供有免费开水，可能会稍等一会儿。还有报纸可以看，有雨伞，登山拐杖。屋里很凉快。推荐给大家。另外提示，虽然山不高，但是还是有些耗费体...,2
4764,这是看紫禁城最有气势的地方，山顶的风很舒服，夕阳也很美,2
4765,2元门票 非常好的景点 门票便宜 值得推荐 看故宫最佳景点,2
4766,看了北京爱情故事，奔着万春亭去的，公园挺美，适合散步,2
4767,从故宫出来就到了景山公园 买票很方便 我是门口售票处网上订票 后面工作服务人员就打印出来给我了 速度快的很。,2
4768,如果是自助游。一定要出去后门直接去景山公园。一定啊。不去后悔死你,2
4769,景山公园位于中国北京市西城区的景山前街，坐落在明清北京城的中轴线上，公园中心的景山，曾是全城的制高点。从故宫走出来，对面就是景山公园，十五分钟就能登顶，附览整个故宫的全景，颇为壮观。我们去的时候恰好是芍药观赏节，见到不少品种各异的花。,2
4770,景色优美，可以看故宫全景。门票便宜，有历史背景，值得一去,2
4771,现在牡丹节，门票10元，价格也不贵。就是人有些多。,2
4772,一年一度的景山牡丹节日来临啦，美不胜收，眼花缭乱，不比洛阳牡丹逊色呦。,2
4773,上景山公园只有一个目的，就是看紫禁城（故宫）的全貌，但是那天下午不知道怎么突然就起了这么大的雾（或者雾霾），所以拍起来雾蒙蒙，也看不清全貌了。票价2元。,2
4774,看到了故宫全景！非常雄伟！爬的我也够呛！人太多真心太多！太阳晒得很！但是饱饮这样的美景，爬得还是很值得，头一张是故宫出口神武门，看到那个五湖四海的人了吗！,2
4775,四月天 站在景山顶俯瞰皇城 非常美～,2
4776,推荐在太阳准备下山的时候上去，门票2元，学生半价1元，上山大约五分钟，这个时候余晖照落在紫禁城上是金灿灿的,2
4777,非常美丽的公园，从故宫出来正好进去转转，走到顶楼俯视故宫，真的很美，公园里绿树成荫，还有很多花朵争相开放，,2
4778,景山上的万春亭是紫禁城之颠 天气好的时候鸟瞰故宫绝对是没的说 还有明朝最后一位皇帝殉国处 也为这个公园带来些许悲壮 值得一去,2
4779,赏牡丹，赏芍药的好去处，还可观故宫全景。,2
4780,景山主要有两个看点，一是看故宫全景，最好是在有夕阳的时候，更加映衬出故宫的金碧辉煌。二是每年一次的景山牡丹节。这俩都要在意时间节点,2
4781,在北京短暂停留了8个小时。光天化日之下，不仅暴走10公里，还特意爬上了景山之巅，真是吸足了雾霾，牺牲自己弱小的身躯，努力为大北京的蓝天事业默默做着贡献。,2
4782,冬天的景山公园也别有一番感觉，每次都是选择早上去，一是喜欢早起，觉得早上空气最好；二是为了看日出，但没有带单反拿手机拍出来真心不清楚，而且逆光！强烈推荐大家日落之前去，那时候不会影响拍照光线，而且夕阳无限美好时刻可以拍故宫角楼！你会发现北京待久了也会有很多美景值得我们去欣赏.拍摄最佳地点就是传说中的万春亭了，公园四个方向都有到达万春亭的路.,2
4783,故宫博物院对面就是景山公园了，景山公园票价2元，学生价1元，好吧，1元就可以游览先前皇家园林，还是非常不错的，最最重要的是在景山公园的最高点可以俯瞰到整个故宫，视野广阔，只恨我的照相工具是手机，身边很多人都扛着长枪短炮来这里占据了好位置，听说只为拍到黄昏下的故宫！应该很美吧。但是，我不想逗留了，其实这里的风好大啊，吹得脸辣疼辣疼的。{{{(>_<)}}},2
4784,景山公园可以鸟瞰整个紫禁城，票价2元。,1
4785,景山公园要登顶也是蛮累的，不过很快就能上到去。天气好的北京的天空真的很蓝，我的这些照片全部都没有做过后期，北京的天空就是这么蓝，而且没有一朵云，干干净净的,2
4786,想必有游玩故宫的旅客一般都会到景山公园一览故宫全景，而且不光是故宫的景色，北京三环内的大致景点都能尽收眼底。可以看到平常公园里很多市民在活动，也有练发声的老大爷，学生门票只要1元，很值！,2
4787,很棒，登高远眺，能看完故宫全景。太棒了。,2
4788,从广济寺出来，乘公交来到了景山公园大门，与闺蜜的弟弟和弟媳约定的四点半在公园门口集合，结果他俩迟到半小时！,0
4789,春节期间去的，公园里到处都是大红灯笼.人不多,2
4790,总体不错：电子票订、取的方便快捷，就是木有门票作纪念；偶是从东门进滴，出西门就是北海公园，右手边就是去南锣鼓巷的公交，真是方便。,2
4791,非常棒的旅游体验。。。。,2
4792,与故宫一街之隔，爬山山顶，故宫博物院全貌尽收眼底。后面的鼓楼，左手边的北海也都清晰可见。门票还特别便宜，成人2元儿童1元，推荐推荐。,2
4793,故宫出口对面就是景山公园了，一两块门票，登上去可以看到故宫全貌。十几分钟就游完的景点，可以走走。,2
4794,可以看到故宫的全貌，还可以看到北海公园，登高望远，还是不错的，门票很便宜，值得走走！,2
4795,其实就为了上去看看故宫全景，看完也没逛其他的，逛故宫逛累了……,1
4796,门票大人2元，学生1元，超好的性价比！登上万春亭，远眺故宫、北海，老北京的风韵和现代化相融合！,2
4797,景山公园是北京故宫边上的皇家园林，因为地势较高，有一个小山坡，因此也是拍摄故宫全景的好去处！,2
4798,景山公园位于中国北京市西城区的景山前街，西临北海，南与故宫神武门隔街相望，是明、清两代的御苑。公园坐落在明清北京城的中轴线上，公园中心的景山，可欣赏故宫全景。,2
4799,当天天气不错，没有雾霾，正好把整个故宫都能看到，真的很棒。值得一去。,2
4800,取票方便快捷直接报订票单号就可以快速直接领票了，建议自助旅游的驴友们用这样的方式订票旅游完故宫博物院过马路就可以当天在用两三个小时爬景山公园去看故宫的整个风景一览眼底了。,2
4801,这条街贯穿景山公园和北海公园中间出景山公园西门过马路是一条小街街二面都是商铺有卖食品和服装的人很多东西很好都是本市人去买的也有旅游人逛玩完公园买些小吃很不错,2
4802,2元门票，这样的票价制度该推广啊；挺大的几个亭子，还能俯瞰故宫全貌；有个门跟故宫对街；从这儿出发公交到天坛公园半小时,2
4803,雪后来的，就为了拍紫禁城都雪景，果然没让我失望，看的特别清楚，也没枉费我冒着生命危险爬上山。园中的雪松千姿百态，也非常值得一看。,2
4804,门票两元，可以爬山上去看故宫全景，不过这几天北京天气都不好，很大雾！只好随意看看！,1
4805,美翻了，赶上2015年北京初雪去景山公园，看到故宫全貌感觉自己穿越了！,2
4806,银杏金灿灿的，满园秋色，喜欢北京中轴上的对称建筑，对强迫症真是太舒服了，雾霾有点儿重，也挡不住老年人在园内的载歌载舞发挥余热，看起来，人也积极了，门票淡季只需3块钱！,2
4807,听说景山公园的万春亭可以俯瞰故宫，所以不顾雨雪天气路面湿滑毅然登了上去，虽然看不清全貌但古人那份别具一格的匠心还是体会到了！,2
4808,就是想看故宫全景去的，确实能看到，门票很便宜，去的那天天气好，空气也不错，值得推荐！,2
4809,要看到故宫的全景，就必须登上景山的最高点，不会太难走，景色真的很好，2块钱门票挺值得。北门出来之后有个点心街，都是买干果，点心类的特产。,2
4810,两元钱的门票，真是便宜，一般都是游览完故宫，从神武门出来直接到景山参观，从那个最高的亭子上可以看到故宫全景，其实并不高，视角并不很好，公园里有明思宗殉国处，其实到底是哪棵树谁知道，去看一看还是值得的，反正顺路门票又不贵,2
4811,本来想在山顶拍日落，一是到得晚了一点，再是接地处的云层较厚，反正没拍上。,0
4812,本来想在山顶拍日落，一是到得晚了一点，再是接地处的云层较厚，反正没拍上。 方案二是猜想故宫晚上是否会亮灯，来个灯火辉煌。但山上风大，和明月Say个hi后就走了……,1
4813,非常不错的公园，古树如荫，空气中负氧离子非常丰富，令人心旷神怡。登上山顶向南可以鸟瞰故宫全貌，向西看，北海白塔尽收眼底。门票2元，非常亲民，是一好去处。,2
4814,景山公园位于中国北京市西城区的景山前街，西临北海，南与故宫神武门隔街相望，是明、清两代的御苑。公园坐落在明清北京城的中轴线上，公园中心的景山，曾是全城的制高点。,1
4815,两元的公园哪里找啊，真的很不错，风景好，在山顶能一览紫禁城，游客也不太多，喝着老北京酸奶，看看大妈跳舞锻炼，欣赏风景，挺惬意的，不会跑到脚痛，只是几尊大佛被盗走好可惜。,2
4816,北京的中心点就在景山哦，前可看故宫全景，后可看鼓楼大街。票价2元，性价比相当高。,2
4817,是喧闹城市中心的一平静之地，登之山顶俯视紫荆城。,2
4818,团购好，方便快捷，不用排队，对于人多时真的省了不小时间！服务大赞,2
4819,从故宫北门出来就到了，可一起游览。公园不大，站在最高处可俯瞰整个故宫。假期人巨多…,1
4820,感觉棒极了，风景如画，感受大好河山，ni不虚此行，,2
4821,故宫最后一个景点是御花园，出了皇宫就是景山公园。先去吃了个午饭，炸酱面、卤煮，老北京酸奶，喜欢吃猪大肠的我们，也觉得有点腥。。爬景山，嗯，可能没吃饱，咋那么累呢，明明就这么点高度、天气甚好，看故宫全貌。还是不错的。而且，2元的票价真的是绝无仅有啊！！,2
4822,从景山公园的那个万春亭能俯瞰整个故宫 很美还免门票 就是过节出来人太多了 碰到一只小松鼠 说明那里环境好,2
4823,很有自然的味道！景色不错！有两个看点，一个是故宫全景，一个是自然风光！就是上下山有点陡！主意安全,2
4824,值得一去！空气好！很舒服！,2
4825,从故宫出来去的景山，买的学生票，几分钟就爬上景山了。电子票真的很方便，直接取票就可以了，1元钱可以看到故宫全景真的是太值了。从景山下来去的恭王府，感觉很幽静，其中天下第一福，多福轩锡晋斋非常值得去。,2
4826,超便宜～一人2元～能看到故宫全景～公园景色很美～老人还优惠1元～太便宜了～推荐～,2
4827,本来坐地铁直接奔南锣鼓巷的，可是找路找了很久，绕了一大圈，误打误撞来到景山公园，于是便进去了！学生票1块钱～其实就是公园景拉～,2
4828,北京中轴线，非常值得去的地方，我经常一下班就跑过去看北京夜景。美丽尽收眼底。推荐空气好的时候去呵呵,2
4829,门票2元，如有年票是免费的！景山公园最常去的地方，万春亭看故宫全景，看看北京的中轴线！经常会来，感受北京的文化！,2
4830,咦，奇怪，怎么一个人都没有呢？噢，尼玛，听旁边哥们儿说今天周一不开放。我去，我网上查不是说每天都开放嘛，我刚才还心情激动不能自己，一下子心情就跌入了低谷，看来这次北京行是去不了故宫了，怪自己太蠢。,1
4831,公园里特别好，就是订了票以后去窗口换票都没给票就给了一张纸，这点很不满意！景点里面很大很美，怎么也是皇上的地盘，方位很好，可以看见紫京城的全部，心情非常舒畅！最上面还有一樽如来大佛！,2
4832,门票便宜，还能爬山 景色很美，山顶可以看到故宫和北海，天天好的情况下景色不错哦,2
4833,没什么好玩的！里面东西不怎么滴！东西还很贵！,0
4834,这里的最高点还是值得一去的 从故宫出来 一定想看看故宫的全景 再这里故宫的一切全收眼底 就是有时雾霾 会看不太清楚,2
4835,位置就在故宫对面，登上景山顶可以看到整个故宫，非常好，门票也很便宜。景色宜人，相比较故宫里的拥挤不堪，这里确是一个好地方了。,2
4836,参观完故宫从神武门出来对面就是景山公园，入园1块钱门票，划算。入园主要就是登上山上的城楼俯瞰故宫全景，真的非常壮观和震撼！从景山上看的故宫气势磅礴，让人肃然起敬！,2
4837,景山公园就在故宫旁边，门票几乎不花钱，你可以登上制高点看故宫，很壮观的，每年开春的时候花开特别漂亮。附近有很多小亭子可以休息,2
4838,景山公园不大，外地游客来北京可以先去故宫，然后从北门出来过马路就是景山公园，一定要在天气晴朗的时候去。天气晴朗的时候登上景山公园最高峰可看到北京中轴线的标志及俯瞰北京城全景。,2
4839,景山公园还是值得一去的，而且在景山上，可以看见故宫全景，美美哒～,2
4840,在故宫北边，京城中轴线上，在景山可以看日出日落，绿化很好。,2
4841,景山公园位于中国北京市西城区的景山前街，西临北海，南与故宫神武门隔街相望，是明、清两代的御苑。公园坐落在明清北京城的中轴线上，公园中心的景山，曾是全城的制高点。现在的景山公园绿树成荫，空气清新，是北京市民休闲锻炼的好地方。门票也是非常便宜，仅10元！今天正好赶上景观灯开放，在夜色中分外美丽！,2
4842,非常值得去，一览故宫博物院的壮观雄伟，比进去参观更有意义，拍了很多照片,2
4843,日光寥寥，远望砂弥的古老城墙、金碧辉煌的亭台楼阁，车流的声音叫不醒沉睡的历史旧事，我和你在这朱红的墙下散步过，在霏雨里奔跑过。后来的时光里，我再也不敢走那条老路，立秋之日仍不飒爽，时间是走廊，记忆是一道磕绊过却寻不到的门槛。,0
4844,票价是真便宜，北京旅游就是舒服！站在高处看故宫，别是一番滋味！,2
4845,景山公园，从小就经常去。山不高，带着五岁的宝宝一路看风景，很快也到达了山顶。山顶可以看北京全景，不过人很多。相比更喜欢西边山脚下，有花有草，绿树成荫，特别适合带孩子看看。,2
4846,门票很便宜的，儿童还半价，故宫出去，很值得一去，爬上山，还可以看到故宫全景。,2
4847,从北海出来后，顺势就进了景山公园，门票很便宜 那天是除夕，公园没有像其它景点那样只开半天，六点多离开时还有人在可以往里进。管理人员辛苦的！ 现在高处拍夕阳西下中的故宫，很美！,2
4848,两块钱的门票着实让人惊讶了一把，风景也挺美的，里面有老一辈的爷爷奶奶在里头唱着京剧，花两块钱看到了故宫全景，坐在那儿静静看着，再次感叹古人的智慧。,2
4849,门票不贵，山也不高，但是它在北京的中轴线上，可以看到整个紫禁城，雄伟壮观，来北京一定要上景山看看，公园内绿化做得也相当好！空气清新！还能看到结满果实的大柿子树！,2
4850,晚上挺凉快的，和家人都一起去了，有很多人,2
4851,景山一定要去，不高，但是地理位置优越，看故宫全景的最佳位置,2
4852,神武门对面就系景山公园，隔街相望。,1
4853,在景山上可以看见故宫全景，挺震撼的，有座佛像在景山上俯视着故宫…,2
4854,出故宫门就到了是中轴线必去的地方。风景也好。门票才10元主要是要登高看故宫很有感觉。出门就可以去北海晚上再去后海一条街吃喝看都有了。,2
4855,从景山公园上面可以看到故宫的全景，而且门票还超级便宜，好像一块钱还是两块钱,2
4856,建议日落的时候来，真的非常美，其实也想看看太阳下山以后是什么样子的，可惜没等到晚上。,2
4857,爬到山上的亭子可以看到整个紫禁城。又很多荷花。,2
4858,景山公园和故宫就隔了一条马路，门票也便宜，只要5元，重要的是在山顶能看到故宫全景，不错。,2
4859,这个必须5星！！！超级推荐去，景色远比想象的好！登上景山，故宫和北海的全景都在视野中。,2
4860,离开了天坛公园，坐原来的快速公交1线回到前门大街，然后在前门站坐专1去景山公园。景山公园位于中国北京市西城区的景山前街，西临北海，南与故宫神武门隔街相望，是明、清两代的御苑。公园坐落在明清北京城的中轴线上，公园中心的景山，曾是全城的制高点。公园比较小，门票也是最便宜的，才2元。进去直接就上了山。站在北京城的中轴线上，俯瞰整个北京城，感觉还是很不错的。,2
4861,不登万春亭不要去景山！登上万春亭，放眼全北京。故宫尽在眼底，北京中轴线一览无遗。北京城区的中心点就在脚下！,2
4862,妈妈的膝盖不是太好，爬楼梯都很累。可是景山很合适，台阶比较低，山又不高。周围是高高的树木，爬起来不累又很有感觉。故宫去过两遍，可还没有从山上看到故宫的全景，看着很有感觉，另一番感受。还可以从万寿亭的另一面看到北海公园，想着那首让我们荡起双桨。门票又超便宜，成人2元，学生票一元。,2
4863,出了故宫就是这里门票也不贵，上面风景也特棒,2
4864,可以从故宫神武门出来，过一条地下隧道就是景山公园，门票10元/张（旺季：4月-10月），第三站景山公园，就为了故宫全景从山脚爬上图八的山顶，值了，看到了所有红墙黄瓦霸气的建筑，刚好碰巧赶上园内牡丹展太幸运了，用手机偷偷拍了几张没电了，可以登上去山顶俯瞰故宫全景。,2
4865,来北京，不得不来的一个景点，故宫北门出来就看到了。超高性价比，2元可以俯瞰故宫全景和老北京全景，花10分钟爬山山顶，就能被眼前的情景深深震撼。,2
4866,出了故宫，就来到了景山公园。五月的牡丹盛开得正是时候，不愧是国色天香。登上景山公园，可以眺望故宫城全景。,2
4867,景山公园就是在故宫的后面 北京人都很喜欢去散步的地方（特别是老年人）里面可以看到故宫的全景,2
4868,和爱人下午三点半多点儿过去的，在门口售票处直接购的票，购票的人已不多，很顺利购票、进园。先爬上了最高处的万春亭，鸟瞰了故宫，很有气势。远看了北海公园的白塔，有点朦朦胧胧，不是很清晰。下山后由景山西侧转到东侧，最后回到南门，沿途欣赏了牡丹花，季节有点晚了，一些花已经开败了，有一些还是行的。因为牡丹节的缘故，现在的门票是10元哦！,2
4869,从没见过这么便宜的门票，加上学生证只要一块钱😂,2
4870,想看故宫全景的一定要去，门票2元，学生证还有半价的，超便宜。正好赶上景山公园的牡丹节，北方的牡丹和我们南方都不一样,2
4871,从故宫的神武门出来后 街对面就是景山公园了 公园坐落在明清北京城的中轴线上，公园中心的景山，曾是全城的制高点 下午去景山公园登山 然后眺望整个紫禁城 真是太美了 门票只要2元也不贵,2
4872,不错，登上山顶能看到故宫全景，必须去一下！最近花展，门票10元，牡丹园很漂亮！,2
4873,从西门进去的，人还是不少的，尤其以老年人居多，置身里面远离外面城市的喧嚣，花很多，丁香应该快过季节了，没找到关帝庙就走了，观景还是很好的，前几天下雨，这两天空气不错，能见度也很高，可以一览北京城的风貌，不错！,2
4874,性价比高又无比好玩的地方，有花有山，可登高，可远眺，满足游客各方面需求，最值得去看的地方。女儿在这里玩得最开心。,2
4875,门票很便宜，只要一两块钱，俯瞰北京紫禁城，远眺北海的白塔，感觉都要飞起来啦~~,2
4876,景山，元代，这里有座小土丘，名叫青山，属于元大内后苑的范围。明代在北京修建皇宫时，曾在这里堆过煤，所以又称煤山。由于它的位置正好在全城的中轴线上，又是皇宫北边的一道屏障，所以，风水术士称它为镇山。明清时园内种了许多果树，养过鹿、鹤等动物，因而山下曾叫百果园，山上曾叫万岁山。清顺治十二年(1655)，改名为景山。,1
4877,景山公园，属于故宫的后山，天气好的情况下，一定要爬上山顶，就是“万春亭”，在这里可以看到故宫的全貌，非常的漂亮，而且公园内环境很清幽，风景也很漂亮，最关键是门票只要2元哦，太便宜了。,2
4878,从故宫逛完出来正对的就是景山公园，门票1块，象征性的收下。爬上最高的亭子就能俯瞰整个故宫。,2
4879,景山公园是故宫附近的制高点，也是逛完故宫观赏故宫全景的最佳去处。 傍晚时分等候在景山万春亭上观赏落日的人很多。 如果天气晴朗可以观赏到太阳慢慢从故宫边滑落，入夜！时分壮观！,2
4880,位置就在故宫博物院正对面，过马路即到。在景山公园的万春亭俯瞰故宫、鼓楼、北海公园的角度很棒，可惜去的那天雾霾较大，故宫如同仙境一般。不过，门票真的很便宜。,2
4881,天气晴好，周末陪着家人来景山公园玩玩，门票两元每人，很亲民，在万寿山上的视野特好，可以好好看看北京，有时间大家可以去玩玩！,2
4882,景山公园绝对的性价比之最啊、门票才2元、山顶能俯瞰整个紫禁城、实在太壮观了。最后看着夕阳慢慢落下、另外公园外西侧的角楼真是美的让人心醉！,2
4883,从故宫出口出去，穿过地下通道对面就是景山公元。门票2元，爬到山顶可以看到故宫全景。,1
4884,选这个时候来景山公园当然是想看紫禁城的日落啦，景山公园离地铁比较远，所以从北海北坐公交车去景山东门，哪个门进去都一样，反正都是要上山的，上去山顶就能俯瞰整个紫禁城了！山不高，五分钟就到顶了，对于我这些少运动的人，上去当然要十多分钟啦，还气喘喘的。落日虽然美，但紫禁城不在西边啊，不能好好拍落日和紫禁城了，只能全景拍，但好像不太协调。,2
4885,景山公园、近年来好多电影都爱在这取景啊，私人订制北京爱情故事都是在这俯瞰的。,2
4886,北京城中轴线最高点，也就是说北京的正中心。故宫闭馆时间比较早，逛完后可以去北侧的景山公园看看，拍拍故宫的全景。门票超极便宜 学生证1元，全票2元。很安静，很多北京的老人当做散步的地方。貌似也是元、明、清3代的御苑。站在山顶可俯视全城，金碧辉煌的古老紫禁城与现代化的北京城新貌尽收眼底。作为御苑，公园1928年才开始对外开放，1949年经行过一次修复，里面细分了很多不同的园区，学园林艺术的可以鉴赏一下。景山早上6...,2
4887,每次都挑好天气才去，难得中国有观光景点性价比这么高，就是个公园，大多时候2元，不知道会不会涨以后。这里有很好的故宫眺望景色，真的整个都可以看见，还有国家大剧院等等。另一侧可以看到奥体，也就是中轴线的南北端。很适合健身，小爬一下山，拍拍照。风有点大，记得带上外套。,2
4888,景山公园和故宫在一条线上，从景山公园可以俯瞰整个故宫，这个景山最值得游览的地方。,2
4889,景山公园还是蛮值得一去的，门票才2元，站在景山上俯瞰故宫，很是壮观，小公园里有牡丹园，可惜我来的季节不对，估计等春天牡丹开花会更好看！很多爷爷奶奶在公园里耍，特别有意思！,2
4890,2元门票太值了，俯瞰故宫全貌，不愧是京华揽胜第一处,2
4891,冬天的北京，风大的很，空气指数差，好不容易来趟，大多数时间只能呆在室内。,0
4892,早上四点多到达北京北站，简单早餐后，打算去天安门看个升旗，结果走错道却来到了景山公园。,1
4893,中午在日昌吃了个便饭 就去景山公园了 这里你可以好好看看北京大爷大妈的生活,1
4894,"景山的夕阳,一直没有获得恰如其分的名气,也许京城能够招揽游客的地方实在太多。但稍作理性的分析,就会不难对它给予足够的期待,甚至很可能会是中国最美的日落点之一。多次去过这里，一些照片分享。",2
4895,故宫后门出去便是景山公园，门票2元，可以爬到最高处，俯瞰整个故宫全景。爬上景山公园的高处，北面的景色，照得很清晰，当时是正午12点左右，皇宫那边因为太阳正射，反而无法取得好景。,2
4896,在中轴线上，可以看到故宫全景，非常壮观，但是一定要天气好的时候来。,2
4897,走出神武门，隔着景山西街对面就是景山的万岁门。在明思宗殉国处旁拾阶而上，登上万春亭俯瞰故宫一目了然。身后的北海也历历在目。,2
4898,去的那天雾霾很大，看不到很多的景色，又是清晨，有点冷。很多老头老太太过来。不过有条中轴线是故宫建筑群的中轴线，很有意义的。,1
4899,可以在山上面看到故宫的全貌，还是挺气派的，里面有好多唱歌的，文化活动多，体现了北京的文化中心的内涵，里面还有大片的花很漂亮，还有某皇帝上吊的树；,2
4900,小小的一个公园，门票只要几块钱，山不高很快就爬到山顶，但是可以看到宏伟的故宫，天气好的话看起来应该更漂亮，公园里面有很多爷爷奶奶晨练，公园很安静，适合早上去,2
4901,登上最高点，看日落！,2
4902,俯瞰故宫整体，很是壮观，不错的一个公园，环境很好，门票还便宜。,2
4903,国庆出游其实就是看人 但是在北京，可能地方实在是大，也觉得还可以。没有到人挤人的地步。好的拍摄地点都被游客给沾满了。只能凭借身高的优势见缝插针地拍几张。到了景山山顶，有一种不想下来的感觉。去的那天是阴天，故宫远远望去，每个宫墙隐约浮现在迷雾1中，恰似仙宫。,1
4904,景山公园门票2元，超级便宜，站在景山上可以俯瞰整个紫禁城，很壮观，向西可以看见北海的白塔。,2
4905,景山公园位于故宫博物院后方，登上此山便可以一览皇城，一览北京好几环了~要想拍下很好照片的可以上去看看，其内还有恐龙主题公园。俯瞰皇城，很值得去。,2
4906,公园不大，环境优美，古树参天，草坪茵茵，可观故宫全景，票价2元。,2
4907,景色非常好，尤其是黄昏的时候，松针树后看夕阳，真的美的不敢相信,2
4908,登上山顶看故宫 非常宏伟 还看得到北海 白塔,2
4909,景山公园是游览北京必去的地方，因为这里可以俯瞰全北京市，唯一的俯瞰是十分必要的，在这里可以俯瞰故宫，即使你亲自去了故宫，如果不到景山俯瞰，也不能成为完美，还是到景山去一次吧！,2
4910,合适漫步者，登上最顶可以看故宫，挺美的…,2
4911,从故宫出来过了马路就是景山公园 一直爬到山顶能看到整个故宫的全貌 非常之震撼 就是体力太差 爬个山都歇了好几次 == 旅游团很少到的景点哦,2
4912,公园虽然不大，但站在公园最高处俯瞰大北京的感觉超级棒，古老和现代的融合啊，帝都就是大不同。墙裂推荐,2
4913,故宫后门就是景山公园，个人觉得景山公园比故宫风景好，不过爬到最高点确实有点累，但是站在山顶的房子内可以俯瞰正半个北京和故宫，感觉特别好。,2
4914,在那可以看到故宫全貌，门票才1块钱，景色很好，还有北京京城中轴线，赞,2
4915,站在景山最高点，整个皇城都尽收眼底，很是壮观，仿佛身临其境一般。,2
4916,时间多吗，不是，下午游的，景山公园，出了神武门过了护城河后面就是，才2元钱哦，进！爬爬爬，最顶端可以看到北京四面八方，隔离是我下回2进北京的目的地北海公园，我大爱！拍个故宫的全景吧！~又话说后面的远方锣鼓喧天，应该是南锣鼓巷随着风声吹来，好热闹吖！说到风，北京的风大得厉害，我们广东的天气就怎么样也很温柔，北方的就是不一样，什么都大，大风，大太阳，大面积！,2
4917,景山公园在故宫的旁边，爬上去，可以看见俯瞰故宫的，也是北京的中轴线，地面都有标志的。,2
4918,景山的门票票价很亲民。如果可以赶在太阳下山前从神武门出故宫，过个马路就到景山公园，从景山俯瞰落日下的故宫很是壮观。去的那天天气不好，但是也仍然可以感受到故宫的巍峨壮观。景山很小，海拔不过百米，蹬蹬蹬几下就可以到山顶。,2
4919,俯瞰紫禁城的绝佳地方，当年就是护城河的土堆起来的，明朝最后一个皇帝就在这里上吊的！,1
4920,这个绝对很推荐。。爬上去可以看到故宫全景。。挑人少的天去真的不错。。早上大妈大伯都在锻炼。。听北京大爷说相声特别有趣。。  故宫的后山，人挺多的，但是在上面景色非常好啊！还是非常值得一看的，可以拍出不少不错的风景照，建议一去,2
4921,故宫单线行，出门直走就是景山公园，正好碰上牡丹花展，就是第一天上午天气闷闷的不放晴的样子，风景还是不错的，来的路上北京大叔一直建议我们什么地方可能还能看到牡丹，没曾想误打误撞还能在景山公园见到。在景山公园里碰到热情的大妈，给我们介绍景山公园像佛一样的造型，然后去看了歪脖子树。,2
4922,从故宫的北门出来 过马路就是景山公园的售票点 不过请走地下通道才行 大马路无法穿越的 拦截了 冬天的景山公园门票才2大洋 便宜啊 景山公园的主景点就在山顶上可以四周观看到北京的不同韵味 朝南 故宫 朝西 白塔 朝东 北京新电台 朝北 钟楼 一定与故宫一日游里安排到 确实值得看下,2
4923,第六站，出了故宫，直直的走到景山公园,1
4924,出了故宫，过条马路就是景山公园了！门票2元哦！登上景山公园就是为了一览故宫的全貌，脑子里残留的电宫斗剧的情节加上当天故宫上方笼罩着的白雾，突然让人有了一种凄美悲壮的情怀！可能因为我们是午饭时间到的，所以只看到零零星星晨练回家的老人和闲来没事拉家常的阿姨们，奔走的步伐一下慢了几个节拍，没有绿起来的公园却也让人舒心。,2
4925,其实景山公园的景色是很不错的，但我相信更多人都是为了俯览紫禁城才去景山公园的，当然我是其中之一。故宫游玩之后，身心俱疲，鲜有心情在欣赏这些美景了吧！,1
4926,最有感觉的一张照片进不去就在山上拍啦，上面都是进不去故宫的人在拍照😂,1
4927,景山公园风景很好 夏日清晨 徐徐清风 秀才说张导的讲解详细完美 旅游中学习了历史知识 感谢秀才说 感谢张导 给我们一次美好的回忆 下次见,2
4928,被簇拥着离开了故宫，看着时间还早。,1
4929,和故宫博物院隔着一条街的就是景山公园了，门票3元。,1
4930,景山绝对是值得去的地方，风景很美，很开阔。现在山顶俯瞰下面的故宫，很壮观。特别是天气好的时候。,2
4931,最后一天了，今天下午的飞机回去，觉得早上还是应该早起逛逛原本打算去大贪官和珅的府邸看一下，奈何忘记看时间了，北京这边周一很多馆都是不开的最后商量了下，拐去景山公园看一下景山公园门票非常便宜-2元。爬到顶也就花二十分钟，可以在顶上俯瞰整个故宫博物院，真的是磅礴大气,2
4932,秋天景色会比较好看。我是夏天去的。雾气比较大。看不太清。大家就是去看个故宫全景就走了。公园不大。就可以随便走走。可以去看看。,1
4933,炒鸡棒的公园，景色炒鸡漂亮。如果赶上天好拍的景色也会美美哒。,2
4934,景山公园是现在网红观赏故宫整个轮廓最佳的地方。,2
4935,差点拍了，看到20分钟后才能用所以没有付款，到门口买票2元，还能刷公交卡。在这里就是到山顶看故宫的。,2
4936,从庆丰包子铺前门店出来后直接北上步行30min即可走到景山公园南门。登顶后，即可尽揽故宫和北海的景色。来自去哪儿用户@yujiahui1698来自去哪儿用户东篱S：@景山公园俯瞰北京城时间：8-10点,2
4937,依然是骑车，但是！我走错路了！绕了一条远路，不过也有收获啊，路过景山公园，顺便拍了张故宫俯瞰夜景。,2
4938,这里所谓是首都心脏的地方。我挺喜欢的，站在亭子上方，可以看到北京的高楼大厦。还有美丽的故宫。这里可以说是北京游玩的一个亮点。,2
4939,不是门票，就是一张电子地图，不会自动播放解说，需要自己到景点之后手动点击才能播放，同时也有文字版，解说内容不怎么长，通常都是两三分钟，唯一不足的是，定位十分十分不准确，连方向都不准，也可能是我使用的是网页版的缘故，总之1毛钱很值了,1
4940,值得去看看，登上最好的亭子，可以看看故宫的全貌。,2
4941,上次来北京没来景山公园，这次说什么也要看看故宫的全景。,2
4942,网上买的，只要2块钱，超级便宜，山顶景色超级棒,2
4943,景山公园是北京中轴线上的一个公园，属于西城区，在故宫的北门神武门北侧。景山公园以景山为主，公园内松柏郁郁葱葱，还有了从各地引进的牡丹。,1
4944,风景很好 故宫全景入眼,2
4945,虽然只是座小山，但故宫一圈逛下来再去景山公园，还是蛮累的。登顶后才发现里三层外三层的游人，人均密度绝不亚于国庆节的故宫。好多人架着相机抓拍着故宫全景远景。两元一张的门票性价比太高了。,2
4946,5点从故宫出来对面就是景山公园，2元的门票，一定要去，爬上景山就可以看到整个故宫，气势庞大，真的特别大，红墙黄瓦,2
4947,空气好，山顶有大佛，俯视整个故宫,2
4948,门口买票的小姑凉服务太差了！希望能改进！,0
4949,非常满意的一个去处，可以俯瞰整个故宫！感觉不错啊！园子不大，但也精致，好几个古色古香的楼，如果听导游讲讲历史渊源会更棒吧！,2
4950,去完故宫就一定要去景山公园，从那里可以看到故宫全景。门票2元／人,2
4951,觉得还不错 站在最高点儿正南是故宫博物院，西边是北海，北边是中轴线，东边不知道是什么,1
4952,景山公园在故宫出口处的马路对面，逛完故宫可以到景山上看看故宫的全貌，风景挺不错，其它还有一些小景点。还有就是门票太便宜了。,2
4953,走出故宫一定要去后面的景山，那里可以一栏故宫全景，可惜那天有点点雾霾，拍照有点灰蒙蒙的。,2
4954,可以看到故宫全景，但是人也是超多，门票便宜，性价比可以了,2
4955,上面就是景山公园，出来时候两点多，但是脚很累了，我就退了预定1元的学生门票没上去看看，飞鸟盘桓，很美很美这张就是我在故宫里买的仿制珍珠耳环了，感觉挺好看的，带着玩玩，第一次用去哪儿发表游记，不是很会，谢谢大家观看。,2
4956,最大的亮点就是登上最高峰，可以看故宫全景，这个很赞，山顶还有一尊大佛像，现在山顶还能看见北海公园，那种放眼去望北京的感觉也不错！,2
4957,景山公园最值得看的是什么 毋庸置疑 就是故宫的全貌啊 站在景山公园的高处 看到整个美丽的紫禁城 怎么能不心动呢？推荐每一位去故宫的游客一定要去景山公园！,2
4958,It is possible to took photo of the whole forbidden city on the top of Jingshan.,1
4959,出了神武门便是景山公园的正南门。景山中峰上的万春亭，是北京城南北中轴线上最高和最佳的观景点。站在万春亭上向南俯视，故宫一览无余！,2
4960,逛完故宫出来，就去了对面的景山公园，2块钱门票，可以看到故宫全景,2
4961,现在最高处可以看故宫全景，很大,2
4962,景山公园票价很便宜，建议春夏去，因为会有牡丹园，花开应该会很漂亮，而且树木丛生，登上不怎么高的万春亭可以看到故宫全景，并且一进景山公园，地上就有中轴线示意图，不过看你走哪个门了，故宫对面那个门不错，绿化很好，人少，静,2
4963,景山之巅，俯瞰北京，故宫全景。,2
4964,价格公道、虽然可看东西不错，但是2元门票看故宫全景也是值了,2
4965,拍完之后，如果有体力，可以去景山俯瞰紫禁城，顺便看看京城日落提示：整个线路下来大概要走两万步（15km）左右，所以请提前做好心理准备。只能帮你到这儿了……,2
4966,故事就从这里开始。嘻嘻,2
4967,大家都说上景山公园就是为了看个故宫全景，那么我们也去看看呗~,2
4968,从故宫神武门出来马路的对面就是景山公园，不过八点一刻进故宫之后仔细看看就十二点了，出来之后一看景山公园全是人，不过爬到山上能见到故宫全景，也算值了,2
4969,故宫出来对面就是景山公园,1
4970,5好评原因，仅个人意见，不喜勿喷。第一，作为皇家园林之一，景山公园顶部可以一览皇宫全貌，登顶放眼望去的一瞬间，很清爽的感觉有木有啊！第二，在对明朝感兴趣并读了明月的《明朝那些事儿》后，明思宗殉国处这个景点就意义非凡了，尽管那棵歪脖子树不复存在了，但精神引领犹存。君非亡国之君，臣皆亡国之臣。第三，风景真心很好啊，干净，门票性价比还很高。以上，推荐。,2
4971,鸟瞰故宫！最大亮点！一览眼底！但天气有灰灰的！,2
4972,八月十五晚上，在景山上看月亮爬上来，赏月拍摄的人都好多，华灯初上月亮有种朦胧的美,2
4973,里面挺漂亮的一花一草美得不得了而且山顶可以俯瞰故宫远景棒极了推荐大家过来。而且还有北京中轴线的标志，可以过去照相，很美丽。,2
4974,"门票学生证才1块钱, 里面各种各种路通向山顶, 能看见故宫全景, 但没我想的能看清, 只能看见各种黄色房顶, 还不够我想象中高, 在去哪网买完票后, 告诉窗口 码就可以了, 很多人去看, 最好的去看的时间是傍晚太阳下山的时候",2
4975,这里我去过2次，冬天一次夏天一次，可以看到整个北京，但是雾霾，看不清，听说这里牡丹花开很漂亮，但我没见过。这里又不贵，去看日出吧！,1
4976,为了看故宫全景来的景山公园，闺密前两天来门票才一块，这会儿就五块了,1
4977,离开故宫之后，可以到对面的景山公园去转一圈，只有一个目的，那就是：拍故宫全景！景山公园的门票相当便宜，全价2元，学生票半价。我跟达达说，这么便宜，干脆别收钱了吧！,2
4978,公园不太大，但山顶风光很好，俯瞰故宫,2
4979,环境清幽，取票方便，但网络票和实际售票价格一样，到那买就行。在山顶观故宫，感觉挺好，最好带个望远镜,2
4980,景山最大的亮点是可以俯瞰中轴线，还是那一点天气好的时候比较好看赶上雾霾那基本就是啥都看不见了。,1
4981,门票2元／人，那天从故宫出来忘了来景山公园拍一张故宫全景照，最后一天了，中午就要走了，所以来景山公园拍个照，都没来得及在公园逛逛，直接奔万春亭，刚好在故宫神武门对面，礼拜一故宫闭馆所以人不多,1
4982,景山公园是俯瞰故宫的绝佳地方，山峰不高，站在最高点看故宫就是这样的！,2
4983,1110-1140 离开故宫..过对面就是景山公园..那里少了很多旅行团..门票也不贵 2/人,1
4984,漫游的第一站景山后街，吃完午饭，背起双肩包，坐公交来到了景山后街，沿着景山公园的外墙，慢慢向北海公园走去。,2
4985,坐上地铁我和小伙伴直奔景山，到达景山大概才六点半多，为什么首先直奔景山呢？因为第一这个时间景山里没什么游客，人少，照相比较方便，爬到最高处俯瞰整个紫禁城真的是太震撼了，来的早的好处还有就是这个时间短照故宫全景不会有逆光，如果逛完故宫再来景山人多不说，照出来到故宫全景也是逆光灰蒙蒙的。,2
4986,傍晚去的，夕阳下的故宫全景更美！,2
4987,很多人去景山公园都是为了到那个亭子看故宫的全景的，当你看到的时候一定会被震撼到的,2
4988,还行，从神武门出来就到了，要在窗口换票不太方便，其他还好,1
4989,门票两元 学生票一元 可以看到故宫全景 还是值得的 哦还有颗歪脖子树 是什么皇帝上吊的地方,2
4990,景色真赞，登上顶，足矣一览故宫全貌！美不胜收～,2
4991,取票方便快捷，由于是冬季，景色不是很好，去景山主要是看看故宫的全景，而且当天的天气真好，四环的景色都看到了,2
4992,景山公园，最有名的大概是在最顶端的亭子可以看到故宫全貌，去了几次北京无论因为什么原因哪怕只待一天，都一定要去的一个地方，风景真的很美。票价也只是一个冰糖葫芦的价格，十分合适。,2
4993,【景山公园】景山在明清时期一度是老北京的制高点，也是故宫的后花园，只有有一定身份地位的人才有资格进园。关键是从神武门出故宫后，景山公园的大门就在眼前，走过地下通道即可抵达，不仅方便，而且票价还低的离谱~！只需2元，是不是都不好意思拿出学生证买半价票了~,2
4994,一定要登上景山，俯瞰故宫博物院，真的很有沧桑的感觉。,2
4995,位于西城区，西临北海，南与故宫神武门隔街相望，是明、清两代的御苑。公园中心的景山，曾是全城的制高点。曾是古时供游赏的皇家园林，如今作为开放式园区，园内松柏葱郁，游人如织，是北京皇城内独具特色的景色，也称为观赏日落的一处绝佳地。,2
4996,位于北京中轴线，曾是全城的制高点，可俯瞰故宫全景,2
4997,门票性价比简直高啊！就两块钱，我还拿学生证打了半价就一块钱了！山挺陡的，爬上去之后可以看到故宫全貌,2
4998,还不错，跟朋友一起去的。挺好的，下次有机会，还会去的。,2
4999,还不错，挺好的，就是取票的凭证没有，基本上可以直接入园。搞不懂，为什么这么小的公园就收费,1
5000,景山其实一般是作为故宫游的附加点也是结束点，在故宫游玩后还是需要站在景山之上宏观端详一下故宫的，所以，作为这样的游玩用途是很棒的，而它本身的历史典故——歪脖子树，因为本来的已经没了，所以到时没怎么关注，总体来说，门票便宜，公园够大，值得参观。,2
5001,因为故宫是单行线参观，午门入神武门出，路对面就是景山公园，登顶后可鸟瞰故宫全貌，2元门票很值。,2
5002,景山是欣赏故宫全景最好的地方，2元钱门票，只是现在雾霾太多，几次爬景山都看不见蓝天白云有点可惜,2
5003,方便快捷，又便宜，只是当天雾霾，影响看故宫全景的效果,2
5004,门票好便宜 可以看到顾客的全景 值得一去,2
5005,最后一个上午，原本定的是9点出头的火车票，后来改签成了11点多的，就觉得这最后一个早上不做点什么很浪费呀。,1
5006,在故宫对面，能360度看到故宫全景才真的感叹故宫之大,2
5007,景山公园就是旧北京内城的中心，是当时最高的地方，现在也可以很清楚的俯瞰故宫的整个对称布局，对故宫的了解会有一定的帮助，当然光看故宫的导游图也是够了的。,2
5008,站在最高处可观看故宫全景，令人心旷神怡！,2
5009,门票便宜，站在山顶即可俯瞰故宫，那种大气磅礴之感是身处故宫而感觉不到的。山上空气清新，人少了很多，或走或坐随心而动。景山上面目前还有很多建筑没有开放，要是都开的话应该更有看点，当然还可以去跟着历史走走看看。,2
5010,虽然不大     但阁楼眺望故宫     后山郁郁葱葱的树木间松鼠跳来跳去   可见生态保持挺好,2
5011,门票便宜，看日落和看故宫的的最佳地点，万岁山，万春亭。,2
5012,景山公园门票仅2元，风景很美，登顶可以一览故宫。,2
5013,景色太无敌了，皇城尽收眼底，才收2元。感动……去完三亚的鹿回头公园120一个人的门票，对比感觉太值,2
5014,去完北海公园打算回去酒店附近找东西吃以便早点休息的，但是从北海公园门口出来过了马路准备坐公车的，没想到看到景山公园了，原来景山公园就在北海其中一个门的对面，所以计划又赶不上变化我们又转道去景山公园了,2
5015,轻松，一眼望去故宫。,2
5016,这里便是来看，那颗歪脖树以及在亭子上欣赏到的故宫全貌。,2
5017,拍摄紫禁城的最佳角度，一定要来一次。稍稍带了一点悲情色彩，不过历史的沉重感还是显而易见的。,1
5018,看北京建筑群的首选地。门票也不贵，值得去。,2
5019,大北京的雾霾啊，真的只能一声叹息了。 当天下午的雾霾以爆表，实在没啥心情在逛了。景山公园票价2元。,0
5020,本身景色没什么，满山合唱的大爷大婶，不过看故宫全景这里是必到的,1
5021,票价超低 只要两块钱 整个公园很好看 很多古树 还能看到故宫全景,2
5022,在景山公园内可以看到故宫的全景，故宫的人超级多，就选择了这里，上了亭子，看了中轴线，还有开着的荷花，特别美,2
5023,公园不大，但绿树葱葱，春天去很美的。  4月，可以去看牡丹。  登上小亭子，可以俯瞰故宫。,2
5024,景山公园门票10元。就在故宫后门。皇家公园之一。中轴线上的一处经典地方。上面可以看到北京内城全貌。故宫五点闭馆后可以去里面休息一会。然后登高看全貌。推荐自己去。累了一天可以在里面休息纳凉。如果体力容许还可以去北海公园或鼓楼那里。都很近。,2
5025,很赞的地方啊，爬爬小山很有感觉，石阶周围很多树，石阶不高，带着妈妈一点都不担心，妈妈一会儿就爬到顶了，还不累。万寿亭的风景好的很，可以俯瞰故宫全景，还有北海公园。景山公园还可以赏牡丹，可惜我们去时都谢了，4月底去比较好。票价超便宜，一点不心疼。,2
5026,站到山顶 俯瞰整个紫禁城 尽收眼底...... 古代劳动人民得智慧 全在于此......,2
5027,出了故宫北门马路对面就是景山公园，门口好多揽客的黄包车一日游车夫，都说景山公园有什么好去的啦，晦气啊，倒霉皇帝吊死的地方啊哈哈。饶是如此，一家子还是爬到了景山公园顶，一览众山小啊，看这边是故宫，看那边是北海公园，再看那边都是现代建筑，感慨中西医结合疗效好啊不，是现代文明和古代文明融合得相得益彰（乱七八糟的成语汗一个。。）,1
5028,门票10块，景区不大，北京中心位置，在山顶看夕阳实在太赞！还可以看到故宫全景和白塔。,2
5029,爬景山公园就纯粹为了俯瞰故宫，所以我们没有对整个公园多做观赏，直接登顶。终于获得不错的视角就为了拍两张纪念性的照片,1
5030,景山公园是明、清两朝的皇家园林，公园的万春亭是俯瞰故宫和北京城的最高点，雨天就看不到很远，建在北京的中轴线上。,1
5031,山不高，但登上去可俯瞰故宫北海等四周景色，景山本身也很不错!风景漂亮。,2
5032,由于时间的关系，玉河遗址只是顺着河道游览了一小段，并没有深入，即使如此，当我进入景山公园的时候也差不多下午四点。对于来自山城重庆的小锋来说，景山其实顶多算个大一点的小土坡。但在北京城，它还真算得上一个很高的地方，要想俯瞰那座四四方方的紫禁城绝对不在话下。我也没在公园其它地方多做停留，直接一气儿就爬到了顶。这里的风景也的确没让我失望。下图就是公园的至高点。,2
5033,为了看故宫全景去的景山，但是当天天气实在不给力，看的不爽~山不是很高，爬一会就到了。天气好的时候还想再去一次。ps：票价很便宜，2块。,2
5034,王府井步行街是具有数百年悠久历史的著名商业区，在北京享有金街的美誉，客流量约60万人/日，节假日超过120万人。它位于市中心的东长安街北侧，具有悠久的历史。,2
5035,"我打赌来北京玩儿，80%的人都会来这儿,这算得_上北京的老牌商业街了，因为这离市区的那些景点比较近，带你们好好了解了解这儿，别来过了王府井稀里糊涂就走了，最后连这儿都有什么都不知道。",1
5036,全国最大商业步行街，开设诸多老字号店铺，也有不少历史故事。,2
5037,恭王府花园为位于恭王府后的一独具特色的花园，又名萃锦园，位于柳荫街甲14号，建于1777年，据考证是在明代旧园上重修的。全园占地面积2.8万平方米，有古建筑31处。恭亲王为重建花园调集百名能工巧匠，增置山石林木，彩画斑斓，融江南园林艺术与北方建筑格局为一体，汇西洋建筑及中国古典园林建筑为一园，建成后曾为京师百座王府之冠，是北京现存王府园林艺术的精华所在，堪称“什刹海的明珠”。其中园中的西...,1
5038,吃得太撑，决定到王府井散散步。不清楚是因为我们来晚了，还是其他原因，总觉得北京的晚上出来逛街的人好少。每次出游，我们两人的购物欲望都好小，好懒带东西回去。所以都只是漫无目的地瞎逛。一对情侣进入了我们的镜头，这样的感觉刚刚好。接下来单纯想分享一组我喜欢的照片，无印良品的简约风。再来分享个强烈的对比，无印良品的简约和维密的亮眼。今天的行程到此结束了，打开手机，又是行走了20多公里的一...,2
5039,小吃一条街好多美食听说北京人早餐没吃胡辣汤一天浑身没劲我也来试试整天街都是商业化，都是平常逛街店铺的东西一样还要贵些,2
5040,下了火车就在北京站留了个影，这个背景不少小朋友都在这里照过照片吧，给孩子留个纪念，以后她也会想起来的。上了地铁，还有点纳闷儿，怎么人这么少呢，第一次上了北京地铁还有位置可以做。出了地铁站就打破了自己的幻想，那真是锣鼓喧天，人山人海啊，在王府井就是逛逛老字号商店，排队买抹茶冰淇淋在这里溜达了一个多小时就直奔下一个重点了。,2
5041,吃饱，强撑着睡意就来到了王府井。,1
5042,王府井大街，光听这名字就能感觉到历史的悠久，从南至北共分为4段，其中东单三条至金鱼胡同段是北京知名的商业步行街“王府井步行街” 。  作为商业街，王府井步行街自然是道路两侧店铺林立，各种商品琳琅满目。漫步街上，偶然入眼的井盖吸引了我的视线。铜制的井盖风格古朴大气，转圈装饰着龙纹花边，中间的介绍上言明本街道始建于元朝，历史的气息扑面而来。  中午在王府井百货的黄记煌三汁焖锅就餐，满满的...,2
5043,北京王府井逛逛，景色不错，风景宜人，感受一下当地文化和风土人情，吃吃美食，买点纪念品，趣味性强，性价比超高的，棒棒的哦！,2
5044,北京王府井步行街是全中国比较出名的商业街之一，地点也是寸土寸金，房租可以说是非常昂贵，我一次来都可以看见新店开业关闭，不得不说，互联网对实体冲击还是很大的，像GAP马上就要闭店了。这里是来北京必须来的地方，不过建议大家逛逛就好，别乱买东西，乱吃东西。,1
5045,王府井步行街云集了北京城区大量的购物中心，涵盖了各种价位，从高端的奢侈品，到普通白领喜爱的中端品牌，再到价格亲民、充满市井气息的小店，可以满足各种类型顾客的需要。,2
5046,疫情期间 王府井基本上没有太多的人  整个商圈基本都已经复工 走起来还是蛮舒服的  王府中环提升了这篇的档次,2
5047,王府井大街，北京最繁华的地方，其实和上海的南京西路差不多，但是北京的格局和帝都的地位，让我们高看一眼，整体来说还是不错的，很多高档店。,2
5048,如果是来北京旅游我还挺建议去王府井大街的，不是说大街上有多少值得买，二是它相对的集中和囊括各种北京特产，当然受新冠影响的春节，大街上十分冷清，店里面服务员很多，特别一些特产店隔着口罩也会吆喝叫卖，属于为数不多的一点热闹了。希望尽快恢复，大家可以开开心心的逛街！,2
5049,王府井D出口，左转就是王府井有几个特产店，小吃街在装修说是五月份才开业，儿子吃了麦当劳，就这样从王府井坐地铁回珠市口了,1
5050,王府井算是历史悠久的商业街了，王府井百货，东安市场，妇女儿童用品商店，这都是老牌的商场，后来又新开了很多，越来越大，除了保留老的这些，又添了很多新品牌，国际大牌,2
5051,王府井大街，南起东长安街，北至中国美术馆，全长约1600米，是北京最有名的商业街。王府井的日用百货、五金电料、服装鞋帽、珠宝钻石、金银首饰等，琳琅满目，商品进销量极大，是号称“日进斗金”的寸金之地。2012年9月，王府井建设管理办公室工作人员透露，王府井大街5年内将扩容40%。逛的太累啦 鞋子也不太舒服 男友和我买啦一双情侣布鞋这个包包超级喜欢 物美价廉俺们的情侣鞋王府井美食一条街 胡同里人很多 不过我们打算前往东...,2
5052,再次逛王府井，发现不少挂着”全聚德“、”稻香村“招牌的小店，袋装烤鸭、各种北京小吃是这里的主打。一般游人买的多，当地人根本不进去逛。,1
5053,北京非常现代化的商业街区，位于北京市中心，距前门步行街大约一公里。步行街比较长，逛完需要两个小时左右，商品种类丰富，价格实惠。,2
5054,王府井是北京的一处商业区，这有王府井百货店与有名的王府井小吃步行街。步行街两侧有奢侈品店，书店，商店之类的。中间有一个卖北京小吃的更小的街，人特别多。,1
5055,王府井大街(Wangfujing)是北京一条著名的商业街，位于北京市中心的东长安街北侧。南起东长安街，北至中国美术馆，全长约1800米，有七百多年历史。王府井发展更快，从南口北京饭店入街北行，只见牌匾高悬，店铺森然，人头攒动，如流水一般，从早到晚，每天进入这条街的中外顾客多达百万人次。这条大街现在已经拥有了亚洲最大的商业楼宇，密度最大、最集中的大型商场、宾馆与专卖店。王府井还是国内商业旅行社联结最近的大型购物场所...,1
5056,第一次来北京当然要去王府井见见世面。在没有听过各种SOHO的时候，王府井当时已经在我心中当之无愧 商业街 no.1。可惜发现卖的商品跟家里卖的没多大区别。纯粹打卡，来不来都行。,2
5057,全国各地的“王府井”很多，一般都是百货商场，北京的这处名气最大，是北京最有名的步行商业街，享有金街的美誉。处于北京城中心，从步行街南口往西走五百米是天安门广场；从北口往西走五百米能到故宫东门，坐地铁1号线在王府井站下车最快捷。王府井拥有众多的商业楼宇，大型商场与店铺。从景点角度看这里的看点主要有：盛锡福、瑞蚨祥、东来顺等诸多老字号及所在仿古店面展示着老北京的商业风貌，旺季这里还会经常举办一些有意义...,2
5058,北京的知名商业街、游人打卡景点。整修后开辟成步行街，两侧的建筑也都翻修了，除百货大楼外，基本是新建筑。老字号还在，中国照相里还摆着名人照片，显示着证件照的权威。盛锡福的帽子也有，稻香村的糕点也有，只不过大多成为售卖北京特产的地方。新开的王府中环，购物环境舒适，大牌云集，价格不菲。 总之，是一个受游客欢迎的商业衔。路中间有露天茶位，出售的北冰洋与步行街北口的市井塑像，还有些北京旧时风情,2
5059,王府井是北京最老字号的步行街了，也是最是中心的地方了，作为游客肯定是回来这里逛一逛的，虽然和别的地方步行街没什么差别但是还是喜欢来看一看。,2
5060,王府井这里是北京的市中心了啊，第一次来北京睁眼来这里看一看，步行街还算是挺宽的周边的商场和小吃都很多，这里还是挺不错的。,2
5061,在王府井百货大楼的地下二层新开了一家地下空间，复原了一个以改革开放前北京胡同生活为蓝本的人工场景。看着那些熟悉的地方不禁感慨万千，有一种穿越回了几十年前的感觉。         前进副食店，模拟的是当年合作社的场景，门楣上的为人民服务几个大字一下子就能把人带回到那个激情燃烧的岁月。         看到站台和绿皮火车车厢让人有一种即将远行的感觉。         白色冰棍车，儿时最美的记忆，仿佛又听到了“冰棍儿！奶油小豆的...,2
5062,原计划，早起看升国旗，对，没猜错，起不来，真的起不来，起来了地铁没开多不方便，起来了找不到地方白跑了，起来了…怎么可能起来了，对，默默的愉快的假装不小心睡过头了，没有遗憾的走了，哈哈哈哈。每天必经之路，最后一次飘过红配绿，晒狗屁满北京的连锁店，稻香村糕点，颜值在线火车上的豪华顶配火锅方便面，强烈推荐，热气腾腾，爽到没朋友，遭临座白眼。每天两三万步，出来玩，真是累成狗🐶返程北京太大，行程太赶，来不...,1
5063,王府井商圈，空前的热闹，这里的每一寸土地，可说是寸土寸金了，这里有很多老牌的商厦，在北京人民心中的地位，可说是无可取代的。,2
5064,王府井是北京的老牌商圈，也是老北京的代名词，初来北京的中外游客都一定要来看看，也可以来这里逛吃逛喝，有很多老北京的特色美食，也有很多商场，傍晚很多大妈在空地跳广场舞。,2
5065,北京游，王府井商圈过来逛逛。其实王府井估计都是游客过来逛的比较多，北京市最出名的商业街区，品牌多，接地气，美食也多，虽然来过几次了，这次还是来打个卡。,2
5066,王府井大街，位于北京市东城区。很多从外地来京旅游的，这里也是必打卡的景点之一。这里非常热闹，商场林立，还有很多京味特色店，值得一去。,2
5067,北京的王府井就和上海的南京路步行街一样，是外地游客的必游之地，尽管知道没什么好逛的，但还是必须去一次。两边全是特产店，如果要买伴手礼这里可以解决，品牌类的价格也统一，没必要比来比去。印象中的美食街不太一样了，走到门口就不愿进去了。,1
5068,北京菜馆2019.08.10长城脚下的野草拼盘,1
5069,王府井，来北京必逛街道，这里有很多小吃，也有很多商场，然后在全中国也是很有名的街道！商场也非常时尚，购物很方便，也是来北京旅游的必须打卡地。,2
5070,在这里，每隔几米就会有供游客休息的长椅，为了方便顾客，大街上还设有免费的购物手推车。今天的王府井已成为物丰人，商业味道太浓了。,1
5071,坐了七个小时的高铁。终于趁着夜色到了北京~,1
5072,休闲购物，小吃街正在装修，没有几家营业的！百货和商场值得去逛逛！里面卖小商品的也不少，琳琅满目。但是价格有点小贵，没有大栅栏的便宜！,1
5073,北京老牌购物步行街，重游王府井，别有一番风味，北京老字号百货大楼，老字号餐厅，老字号书店等，如今依然焕发生命力，值得好好逛逛！,2
5074,"不敢吃毒虫川流不息的小吃一条街逛累了，在书城坐坐。AM10:30深圳機場,預計PM2:00到首都機場.打出租車至王府井入住附近酒店,如家快捷連鎖店.",1
5075,这是北京的打卡地。这里有最繁华的百货公司，也有街头小食。这里有地铁站，交通方便。这里人山人海，人流如织。这里是美食的集中地。,2
5076,#写点评拿旅行基金#以前去北京必到的地方，人很多也比较热闹，不过后来再去就不觉得好玩了，可能年纪大了，这里人太多，有点吵，街口的东方新天地吃饭还行，逛街的话也变得有些旧了。还是适合第一次去打卡，交通便利还有地铁。,1
5077,王府井一直是北京商业的标志，王府井大街号称“中华第一商业街”。有亚洲最大的商业楼宇，有最集中的大型商场、宾馆、专卖店。王府井步行街上常常客流如潮。,2
5078,王府井是北京知名综合购物商圈，这里的步行街也是全国十大步行街之一。王府井作为北京的十字金街，区位非常好，附近美食小吃、风情街、王府井百货、钟表店、书店应有尽有，傍晚时分开始是最热的，整点也会报时。,2
5079,现在的王府井已不再象原来一样热闹了，一些老店铺还在，比如盛锡福，中国照相，稻香村，吴裕泰，全聚德等，在大街上来回转悠，最高兴的是在吴裕泰买个抹茶蛋卷，在阳光下美美地吃完，然后去王府井书店享受精神食粮。,2
5080,有钱你就来，没钱你看看，总之我是卖不起呀！,1
5081,王府井是北京老牌商业街，90年代就非常有名，如今故地重游，别有一番风味，整体还是不错的，百货商店，饭店，书店等齐全，值得逛逛！,2
5082,王府井大街，类似上海的南京路 无论什么时候来 人都是超级多的 来这里打卡，可能是游客首选吧，就像去东京，一定要去银座走走一样 这里品牌也比较多的 还有很多北京的特色小吃,2
5083,王府井是北京著名的商业步行街，靠近故宫的东边，类似上海的南京路步行街。交通非常便捷，地铁1号线、5号线均可到达。这里聚集了大量的购物商场，以及餐饮小吃，宾馆酒店住宿等等。,2
5084,王府井，北京非常著名的一条商业街，相对更传统一些。很多北京的传统店铺在这里，人气来说这几年不如以前旺了。不过道路挺宽，随便逛逛还是很不错的！,2
5085,王府井也是北京民俗的标志性地方之一，夜幕下的王府井人山人海，里面聚集了众多老北京的特色小吃，来北京一定要去走走看看，吃吃北京特色的小吃。,2
5086,离住的地方不远的一条步行街，还挺有名的，虽然逛的时间不多，但是也算来过了，下午4点多的时候过来逛了一下，人不算太多，坐公交车到门口，然后一路走一路逛，半小时左右就离开了，王府井步行街感觉非常商业化，没什么特色,1
5087,王府井大街并不长，里面还有条小吃街，给人感觉就是人很多，王府井大街类似上海的南京路步行街，比较繁华的商圈，老外随处可见，南北走向，街北头旧时有一座王府一口井，王府井的名称由此而来。,1
5088,都说的北京的王府井相当于上海的南京路，不过，我可真的不怎么喜欢。 王府井小吃街都是骗人的，王府井大街的霓虹灯也不够美。 就记住了那些反映老北京生活的雕像，还有就是有个很漂亮的教堂。,2
5089,北京非常非常出名的旅游景点了（虽然是个商业区域，我觉得已经算是了，我每次去都能看到旅游团）。王府井这边区域已经有一百年的历史了，它还在不断地发展中，我相信会越来越好的。,2
5090,北京比较老牌的步行街区，位置挨着故宫，所以人气很旺。商场，小吃街，配置还算不错，打个卡还是可以的，逛街的话对于年轻人来说可能稍微少了点什么。全聚德烤鸭，天津狗不理，都有。,2
5091,北京金街：王府井大街，商品琳琅满目，游人熙熙攘攘，王府井百货，银泰，新东安，工美大楼等高端大气的商业大厦。金街的夜晚景色更美。,2
5092,吃完逛逛王府井，从南门涮肉走到王府井的一条街，就是知名的长安街，晚上的夜景确实很不错。出门时，发现外面又飘了小雪花，很小，还挺有意境。,2
5093,住在王府井街附近，走路几分钟，大部分餐点都在这里了～好吃的四季民福，东来顺，全聚德烤鸭这些都有～真的是选对了地方～晚上怕跑远就在王府井逛逛步行会酒店也是很好的选择～,2
5094,王府井可谓就是典型的现代大型购物节，各种商业繁华应有尽有，各种商品现吃琳琅满目，年轻人特别值得打卡的地方，如果有机会到北京的话，还是很值得一去的,2
5095,记得第一次去王府井，去看闺蜜。她住在王府井附近，晚上住在她家。吃好饭出来她带我逛王府井，有家百货公司打折很划算，买鞋子排了一会儿的队才结好账。 后面陆续去了几次，每次都是满街的游客和来买买买的当地人。这条街似乎这么多年来都没有冷清过。,2
5096,王府井是北京内城最早的商圈，清朝时商人是不能在内城固定经营，只能挑担叫卖。民国初人们开始在王府井处摆滩经营，后改为大棚经营，改革开放后，新建了东方广场和新东安市场。,1
5097,王府井步行街，是具有数百年悠久历史的著名商业区，在北京享有金街的美誉。晚上的夜景还是很漂亮的，可以好好欣赏一下美丽的街景。,2
5098,王府井最早是因为在这里的王府里有一口甘甜的水井而得名。清末随着帝制的结束，内城不能经商的条例取消，在王府附近开始出现摆滩的，后来发展成集市，并形成了大棚式的东安市场，改革开放，港商在此大兴土木，兴建了东方广场。,1
5099,王府井位于北京的东城区，是北京老城内最大的商业区，今年是改革开放四十周年纪念日，在这里设立了花坛，展示“道路自信，制度自信，理论自信，文化自信”。,2
5100,王府井是北京最繁华的商业区，改革开放后，港商在王府井至东单的两百米路段，修建了东方广场，这里从此变成我国北方是繁华的巨型商业区。,2
5101,王府井是个商业飞常集中的地方 购物天堂,2
5102,王府井位于东城区的东单附近，这里有一座王府大院，院内有口甜水井，这地区故名王府井。清末这里开始发展商业，从游商发展到地滩，后建起大棚。现仍是繁华商业街。,1
5103,王府井现在也变化了，新开的王府中环非常时尚。圣诞节即将到了，商店都竖起来圣诞树，非常有节日的气氛了。年轻人也越来越多，不光是游客。,2
5104,王府井是北京唯一的步行街，这是北京最大的购物天堂，也是外地人来京必须要到的地点，人山人海，北京当地人一般不来这种地方购物娱乐。,2
5105,王府井是北京最繁华的街道，王府井商圈起始于清末，当时人们在这里摆滩经营，又盖起了大棚，解放后盖起了王府井百货大楼，使这里成为现代化的商圈。,2
5106,最后一天的旅行了，怎么的也得搞点北京特产啊。,2
5107,北海很快就逛完了，坐公交车来到了王府井也来看看北京的步行街，很像上海的南京东路步行街，答应给皮皮买玩具，就在王府井百货对面有个专门卖儿童商品的商场。小朋友在里面可开心了，自己选了好些礼物，要买个复兴号纪念一下。,2
5108,南起东长安街，北至中国美术馆，全长约1600米，包容古老的商业文明，创立了闻名天下的许多中华老字号，吸收外来的西方文化，不过，现在的王府井已经商业化了，没有以前那种味道，说实在，在这里的东西不好吃。,0
5109,王府井大街，对于来北京的外地游客来说还是非常有名的，感觉整体跟上海南京东路没什么太大差别，很多的国际品牌商场，一样的人流如织的步行街，不同是这里还有一个美食街，这种面向游客的美食街好不好反正就那么回事儿，总之可以逛一下。,1
5110,北京最繁华的商业区之一，里面的小吃街，商场很多。最近是冬季旅游展览，有很多吉林的地方旅游介绍，去看看也挺好的。也有很多特色产品。,2
5111,王府井是北京最繁华的地方。每天从全国各地来北京旅游的人们都要到这里转转，就象去上海，一定要到南京路一样。这里有百货大楼和中国照相等老字号，也有许多世界各店。,2
5112,18年9月北京出差两周，周末偷得半日闲来感受下北京最著名的商业街，地铁1号线可以直达，交通便利也是作为商业街必须具备的  王府井小吃街人很多，周末去真感觉被挤着了，各类小吃，炒栗子、酸梅汤、酸奶、烤鱿鱼～看到了活生生的蝎子，我是没胆量下嘴  步行街主干道基本是各类商场和餐饮，部分餐饮在分支的小巷中，比如全聚德烤鸭等，中午在王府井找个不用排队用餐的地方真是难,2
5113,我们19号当天下午3点多到的北京南站，然后先去的我们预约的民宿，放下东西第一站就是王府井，各种逛 吃 吃 吃  带娃娃们吃了给全聚德烤鸭，然后小吃街冰糖葫芦总之 首都的第一站 就是吃芥末鸭掌小鸭酥我们的烤鸭上来了切片中开始吃喽王府井小吃街来个冰糖葫芦,2
5114,对王府井已经没什么概念了，只记得有条小吃街，小吃街上比老北京小吃印象更深的，是各种炸昆虫。所以这次来北京，就让朋友带着来回味一下。步行街两边都是商场，老的、新的交替着。小吃街上还是人山人海。,1
5115,从景山公园对面坐公交车103路可以直接坐到王府井很方便 就是 北京 的公交车着实不如地铁 等公交等了将近20分钟，太伤了。。。,0
5116,北京的王府井和上海的淮海路都是值得去的购物玩乐的地方。感觉王府井太短了，有些分散，跟日本大板的心斋桥比起来实在还应该再扩大。,2
5117,中午和朋友在王府井的东坡湄洲酒店吃饭，吃完饭到王府井步行街逛逛，逛了东安市场和北京百货大楼，还真买到了件裙子和一个大外搭的套装，很满意。,2
5118,小的时候来过王府井，因为正值春节所以人很少。相隔六年再一次来到这里，不得不感慨北京惊人的发展速度。小吃街熙熙攘攘，美食比较有特色，驴打滚敲好次强推(●°u°●) 」但有些小吃像臭豆腐和章鱼小丸子就一言难尽…,2
5119,我去了北京好多次，一般都在海淀区学校附近，这次抽空去了趟王府井大街，看到现在的王府井还在改造，比以前更时尚了，还有小吃街，因为人太多只是看看就没买吃的，等改造后再去看看。,2
5120,王府井的夜色很美 繁华都市 京城的亮点。王府井书店值得一去，还喜欢小吃街的酸梅汤和老酸奶,2
5121,吃的有点多，王府井步行街溜溜本来只是想随便溜达溜达看看，消化一下食物，晚上好完成宝宝的另外一个心愿。但是不知道怎么走的，无意间就发现了这个——王府井小吃街看看吃货的表情,1
5122,王府井大街小巷里人头攒动，热闹非凡。,2
5123,王府井在北京最繁华的地段，步行街人流量很大，各种大型商场林立，高档奢侈品众多，不花钱能听京剧，只是小吃街的小吃很一般，不建议买。,2
5124,来北京学习培训10天，就在王府井。豪华大街啊，商场林立，夜景很美。这是一条步行街，行人巨多。几乎每个商场都有美食店，吃的是应有尽有。单单吉野家就有不下3家分店。美食从人均几元到上千元都有，吃饭是不愁。,2
5125,北京的一条特色商业街，堪比巴黎的香榭丽舍大街，是老北京的传统商业街，有许多传统老字号分布于街道各处。其中的王府井书店和外文书店值得一看，有许多中国传统文化图书的英文版出售。,2
5126,王府井是北京城最知名的步行街了，经过数次改造升级，越发有活力了，街道两边满满的都是大商场，购物美食两不误，新开业的王府中环很有皇家气派，美食风情街也更有规范有序了。,2
5127,第一次看见油炸昆虫，有炸蝎子，炸蜘蛛等等，喜欢的朋友可以尝试一下,1
5128,到京再到旅店就是已经是饭点了，放下行李，骑车去的四季民福（烤鸭店），已经第二次进京的我终于可以尝尝这地道的烤鸭了，这可是很多网友亲自实践相对好吃还便宜的地方，也是我坚持5年看的综艺节目（吃货俱乐部），推荐的地方，跟着我新晋男神jason刘哥，吃北京，哈哈哈！,2
5129,除了建筑外观看起来还不错说实话 王府井也就沾了清朝皇家的光 吸引点人 具体有多坑呢 唉！本人可第一次去北京啊 听说王府井有好多小吃 我也是超爱吃小吃的人 我就直奔那里去了 这里先丢个️ 一进去的时候看到有个啥来着 卷春饼好像 看着还不错 哈哈 就买了两 一口咬下去 ️ 谁能告诉我 十块钱买一张煎饼卷绿豆芽是什么感觉 羊肉串就别提了 贼拉的硬  寻思着吃点饭得了 被拉到一个店里 确实 外面招牌也不错 点了份土豆牛肉盖浇饭 这...,1
5130,路上拍的感觉一般，没有上海的南京路步行街好看熙熙攘攘的街道回到酒店，又冷又累～明天去吃烤鸭吧！,0
5131,北京算是最有名的步行街了，有书店、大商场、品牌店、特产店，还有个小吃美食城，及各种饭店。最早有个王府花园，园内有口井，后来就被称为王府井了。游人很多，老外随处可见。地铁直达，公交也很多。但感觉没太大意思，不是古城古镇，没什么建筑特色，只是商业街而已。,1
5132,来到王府井，第一眼看到的便是高大上的北京饭店，走进王府井，必然少不了串串王府井小吃街 ，美食诸多，臭豆腐，鸡排，各种烤串，不得不说蝎子串，尝试需要勇气，臭豆腐是真的美味，还有各种北京美食，糖葫芦，果脯，吹糖人，等等等等。,2
5133,北京王府井是挺热闹的，但是对于我这种去过很多小吃街古玩街的人来说，腻了，这是我有史以来评分最低的一次，对不起了，后台小编大人～,0
5134,王府井是北京著名的商业街，乘坐地铁1号线到王府井站即可到达。这里有着各式各样的百货公司，十分繁华。 王府井小吃街也很是热闹，它位于王府井大街好友世界商场的南侧。这里聚集了北京及各地风味小吃、旅游纪念品、民间工艺品等。种类繁多的小吃，让人无从下手，看起来很是诱人，可以从头吃到尾， 还有活的蝎子，把外国友人吓得不轻。,2
5135,大家千万不要去这家黑店，门口写的矿泉水一块钱进去是俩块还让你扫码付款，你不买开口就骂，而且点心100块钱3盒全部都是假的根本不能吃！,0
5136,王府井步行街，是具有百年悠久历史的著名商业街，它并不长，，它的特点在于北京的老字号特多，让它享有金街的美誉，很吸引游客来此。,2
5137,这站是王府井大街……王府井是北京最有名的商业大街，今天是工作日这里的人并不多、来北京之前总说北京的烤鸭、不理包……现在如愿以偿！我只想说这包子真心的贵，你们猜猜多少RMB[偷笑],2
5138,大冬天的去好冷哦 ，很多人，很有意思，还有小吃一条街，也挺有意思的，等夏天了，还要和朋友在去一回，好好的大吃一下。哈哈哈,2
5139,走一走还是不错的，因为是步行街，不用担心避让任何车辆，还是比较放松的。  喜欢街边的雕塑，仔细看，面部表情非常动人。  又还有新加的玩具店的雕塑，跟传统文化比起来，高下立见。  看到了一个全聚德，门脸儿非常气派，彰显它的老字号地位。,2
5140,作为一个男同胞，并且是不爱购物的男同胞，来到王府井，只能是为了吃。从东华门出来，步行十多分钟就到了王府井的全聚德，对面还有狗不理包子铺，喜欢吃美食的朋友不要错过。,2
5141,全是小吃店，喜欢吃的朋友可以去看看！这蝎子，反正我是吃不下口，还有臭豆腐、爆肚、羊杂汤、鸡汤面、小饰品、袋装烤鸭等等很多！,2
5142,王府井附近应该是北京的中心了吧，这里是一个很大的商业圈，还有一条小吃街，但是我不建议大家去吃，因为很贵，而且不正宗，反正我是去一次看看热闹，再也不想去了，这里有很多卖的东西，基本你想买的东西都能在这里买得到，来一趟是要去逛逛的,1
5143,北京老牌商业街区，各种老字号商场，王府井百货，王府井书店，工美大厦，钟表店等，游客量非常大，住的酒店靠近王府井，步行到这里，感受热闹的气氛，品尝特色美味，购买特色商品！,2
5144,在建8号线，所以挺多地方围起来建设了，通路了肯定方便。王府井小吃街里有一口井自称是王府井的井，走到路中间又发现了一口写清楚说王府井只有这一口井的井，也是神奇。就跟满大街稻香村全聚德烤鸭不知道是不是真的一样，李鬼李魁ヽ（・＿・；)ノ,1
5145,王府井百货商场历史悠久，附件的小吃街同样的有名 ，一进去就看到各类京城小吃，满满的京味儿扑面而来，真是视觉和味觉的双重享受啊。,2
5146,王府井大街，南起东长安街，北至中国美术馆，全长约1600米，是北京最有名的商业街。王府井的日用百货、五金电料、服装鞋帽、珠宝钻石、金银首饰等，琳琅满目，商品进销量极大，是号称“日进斗金”的寸金之地。,2
5147,晚上溜达溜达，发现胡同里也是国庆飘飘。走着走着不小心来到了王府井，接着不小心买了件厚外套，再一个不小心抽中了个奖[尴尬],2
5148,不错啊 值得去 可以去好好看看,2
5149,中间的王府井小吃街感觉略贵，其他和大城市的商业街一样，不过可以很好的反应首都的商业大繁荣，很多品牌小城市没有，可以下单，景观车三十一位，有导游服务，值得坐坐，因为很多地方一一去看，很费时间,1
5150,挺热闹的！王府井大街，升国旗完过来吃早餐只肯德基和麦当劳啦，不过大多数的都是过来睡觉的！嘻嘻……,2
5151,王府井曾经是北京著名的商业街。如果是有一定年纪的人可以去走一走，来个想当年，看看变化。如果年纪青的朋友建议可不去，不适合口味的。,1
5152,王府井是北京最有名的步行商业街，享有金街的美誉，坐地铁1号线在王府井站下车最快捷。王府井拥有众多的商业楼宇，大型商场与店铺。王府井沿街有很多工艺品店，有景泰蓝等京味特色的礼物，比较贵的，购物点推荐新东安市场和东方广场，品种较齐。王府井大街还聚集了小吃街，里面真的有卖蝎子的，活蝎子插在竹签上不停地动着，还有虫蛹。还有全聚德，中午11点开始营业，早早就开始排队了。去北京旅游还是要转转，感受不一样的步行街...,2
5153,北京有名的逛街地儿。南起长安街，步行街两侧排满了各式商铺、饭店，有小吃一条街，也有北京最老牌的百货商场，及王府井新燕莎商场、东安市场等大型新潮商场。世界各国名牌产品大多都能在这里找到。吃喝购物逛街的理想地带，不论是否节假日、工作日，这里永远是熙熙攘攘、人气旺旺。,2
5154,王府井大街上云集北京的老字号：同升和布鞋、盛锡福帽业、瑞蚨祥绸缎、建华皮货服装，有APM、银泰百货、东方新天地等购物中心，还有不少有趣的雕塑。,2
5155,百货大楼，7点开始有喷泉。小吃一条街，有烤蝎子。,2
5156,汇聚北京地道小吃美食、衣服、书店酒店的一条街，可以算上是北京的招牌景点了。整整一条步行街，从头走到尾也不需要太久，如果一家家逛，怕是一天都不够。,2
5157,1号线王府井站下车上去就是长安街，转个弯就可以看到王府井百货，马路比上海南京路步行街宽，晚上很热闹，特别是王府井小吃街挤都挤不进，适合逛逛吃吃，买点北京土特产,2
5158,买买买的好去处，品牌很全，基本折扣不大,1
5159,王府井是不折不扣的商业区了，这次只去了东方新天地和王府井小吃街 前者环境不错 各类店铺齐全是中高端消费的去处 里面也有很多美食 外边的王府井小吃街 就不敢恭维了 吃的很贵不说，味道也不是很好 一进门就看到一大排老北京酸奶 十元一瓶带走十一 买了一瓶味道还可以 类似老酸奶 老北京卷饼 真心没走早上的路边摊卷饼好吃  还很小 十元一份，炒年糕在我这也没有好评 个人觉着就是把年糕煮熟在放上劣质番茄酱 其他比较有特点的就...,1
5160,比较有名气的商业街，离前门不远，购物的好去处，但是商场卖衣服的牌子所有的地方都有，旅游为何要舍近求远的呢？一瓶雪碧要8块钱！宰人的！特色小吃街东西不好吃，平常五块钱一分的臭豆腐要15块钱，坑外地人的地方,0
5161,去了王府井买了好多吃的！赶在末班地铁回了酒店！吃了吴裕泰，吃了海碗居，我妈说炸酱很香，我觉得有点小咸，我口味偏轻淡！,2
5162,商业街好比上海的南京路吧。完全的商业化了已经  还有大家要吃小吃。最好别去王府井小吃街。我觉得被炒出来的  如果吃小吃还是其他不出名的路边摊也比王府井好。第一划算。王府井小吃很贵而且不健康      如果购物可以来这边逛逛,0
5163,满满的都是吃的，吃货的世界你们懂噻。哎呀不说了口水都流出来了。,2
5164,王府井大街并不长，中段有一部分是步行街，王府井的特点在于传统的中华老字号与国际品牌的碰撞和融合，这是新兴的商业集合体不能取代的。还有来了一定要逛逛小吃街，满足了味蕾再离开。,2
5165,很不错的地方，遍地都是好吃的，交通方便，附近就有公交和地铁，晚上是特别好看，小吃街晚上的人比白天多太多，特别挤，apm里的衣服好看，楼上好吃的也多。,2
5166,人多繁华，到处都是商城和特色小吃，有好多家稻香村，各种纪念品店，还有小吃街都值得推荐，没事来逛逛是个不错的选择，很不错。,2
5167,王府井是指王府井大街为中心的一片区域，是北京老牌的最富盛名的购物场所，就象上海的南京路，汇集了多家大牌的购物中心，不过现在在实体店购物的不多，大多数人是在这里体会一下氛围的吧。,1
5168,北京的王府井，人总是那么的多，人满为患，但是作为老北京文化的代表，以及北京最具魅力的旅游景点，他真的是再好不过了！糖葫芦很好吃！,2
5169,很喜欢来这里购物去北京图书馆看书，特别棒。来这里感受老北京的气氛是当之无愧的。但是王府井小吃街里边的东西很贵，又很难吃。,0
5170,怎么说呢。王府井毕竟有名，肯定要去。 只是没想到。 首先位置好找。地铁下车走一段就是。 远处观看还是比较有特色。 北京老百货，外面可以看看。 小吃街怎么说呢，人山人海不为过，可是里面的小吃真是不敢恭维，卖包子卖小吃的之前都要问好一个人一个价，你不问价格他也不说问了也不说就一直给你往里面放，最后告诉你价格。吃不了也得买。 生煎包千万别买，吃了一个就扔了。 酸辣粉只有辣和油。 其他也别说了，里面的小吃在别的地...,1
5171,去不去都行，商业街，没啥太大的意思，想吃路边小吃摊，可以去溜达溜达，感觉吃的东西不是那么卫生，有洁癖的人还是算了吧！没什么新鲜感！,0
5172,适合逛吃逛吃，南锣鼓巷也不远，很多好吃的能买的东西也很多。去北京逛街必去的地方就不多说了。还是那句话，选个阴天，大晴天只能在室内逛了，因为北京夏日暑假非常热。,2
5173,王府井是北京著名的购物街，汇集了多家大规模购物中心：东方新天地、APM、银泰、北京百货大楼等，购物比较集中，该有的品牌基本都有，这里就餐也非常方便：中餐，西餐，星巴克，肯德基选择很多。王府井在故宫东边，交通非常便利，地铁1号线、5号线都可以到达。,2
5174,王府井很热闹，就是商业街性质。各种老北京小吃，老字号以及品牌店应有尽有。步行街很适合夜间漫步，或者傍晚寻寻觅觅找家老店打尖也不错，价格略高。总之值得一逛。,2
5175,王府井的全聚德烤鸭一定要去吃哦，堂吃好吃,2
5176,老街建築值得一看，就是吃的不道地，又貴一倍起跳，人又好多，逛逛可以，在那裡吃東西就不必了，糖葫蘆一串10元，不如去南鑼鼓巷來的值得,0
5177,很好，尤其是喜欢相机的朋友，这里有尼康，索尼。佳能，三大品牌旗舰店。,2
5178,不算大，还行吧，人不多，衣服也没看到好的。没想相中好，没觉得多繁华也没看到特别好看的衣服，有点失望奥，打车特别不好打。不好看,0
5179,王府井听说是北京最繁华的一条街，挺失望的，东西和西单前门大街一样，一进门买了瓶老北京酸奶，6块，还稀的和水一样，在西单才五元，很浓稠，好喝，重点是买了好多特产，第二天在北京南站一看，居然比车站卖的还贵，当地人都说王府井是专门旅游的地方，好多假货～(￣▽￣～)~希望我买的全聚德烤鸭千万不要是假的～不过该有的东西倒是都有,0
5180,北京的王府井虽然名声大，可是并非人们想象的那样华丽和张扬，因为实在没有什么更奢华的商店。比起上海和曼谷，北京的王府井实在是太小气了。,0
5181,来北京必去的地方。逛街购物都行。北京标志性的地方。值得一去。。,2
5182,北京的王府井步行街还是很大气的。我很喜欢步行街上的一家书店，有售进口原版书籍的。进去到三楼看了看儿童书，真好！真羡慕北京的小孩子，好多英文原版的书啊！插图很精美，故事也有趣，我要是在这里常住，就天天泡在这里了，看都看不完啊！回到步行街，走到尽头之前，会看到王府井小吃街，进去看看，可能会找到你喜欢的美食哦！商城没逛，就不评价了。,2
5183,大部分卖衣服，如果你住在王府井，推荐住锦江之星，300多，价位好，门口有公交站到各个景点，我是走的时候发现的，我都是走很远坐地铁，王府井小吃最好到里面一个道子里有吃的，不过晚上会比中午便宜很多，当然不排除你很有钱！,2
5184,北京城最有名氣的一條街，有著全國各地的小吃，也是觀光客必到的景點之一。,2
5185,玉顺奋斗在路上:王府井大街，南起东长安街，北至中国美术馆，全长约1600米，是北京最有名的商业街。王府井的日用百货、五金电料、服装鞋帽、珠宝钻石、金银首饰等，琳琅满目，商品进销量极大，是号称“日进斗金”的寸金之地。,2
5186,群过的步行街大同小异，王府井走了一半就走了，没觉这有什么吸引，都是商场。,0
5187,今天工作结束之后，正好在王府井大街。所以在apm吃的洪师傅牛肉面，之后去王府井图书大厦看了看书。其实小时候功利化的读书真是不应该，有点范进中举的趋势啦。书籍丰富的是内心，不一定需要什么外部包装。,1
5188,很多网友都写过王府井的许多小吃， 还有购物。 大家还是要注意有鱼龙混杂的事情， 我在王府井入口右手边第一家稻香村专卖店（红星超越食品店）买了促销点心京八件，100 元三盒。 回家后才发现不是稻香村的， 完全就是假的， 打开盒子八块点心全部是玉米粉加糖。根本不能吃。 这让人很是气愤。 还有东来顺的羊肉火锅很赞， 可惜就餐环境太差， 天热吃火锅不开冷气， 吃吃就没有胃口了。还有要吃就不要点那个糖蒜了， 真心不好吃， ...,0
5189,有得逛又有得吃，我的朋友来北京每次都要去王府井的我全聚德吃烤鸭哈哈哈哈，其实北京很多地方都有全聚德！～～,2
5190,类似于上海的南京路你懂的，只不过是回旅馆路上路过而已。,1
5191,王府井一条街里有各种美食，人也多的挤不动，印象最深的是烤蝎子，有点怕怕的感觉。,1
5192,北京著名的步行街，商业中心，有很多老字号，人头攒动，非常热闹，夜景挺美，边走边看，还能尝尝各色小吃。,2
5193,热闹的步行街，美味的小吃，是您外出的最佳选择,2
5194,北京王府井就像重庆解放碑，上海南京路，商业街commercial street！天太冷，买了双护膝，住附近吃了北京烤鸭！弄一盅参汤去去寒，补中益气！,2
5195,这里和一般大城市一样，没什么特别的。很商业化模式，都是买北京蜜饯的。,0
5196,王府井位于故宫东侧，是指以王府井大街为中心的一片区域，这里汇集了多家大规模购物中心，是北京的老牌购物胜地。另外还有集结各地美食的小吃街、夜市，古老的王府井教堂等，是到北京购物逛街、品尝美食的好去处。,2
5197,商业街，就跟上海南京路一样，都是游客，有亲戚托带东西，顺道逛下,1
5198,北京最重要的商业大街，热闹非凡，本地人外地人购物首选，现在也造了好几个高档商厦，升级了！,2
5199,闻名一时的大街，冬天去的时候似乎没夏天那么热闹。繁华却并没有因为天气有丝毫的打折。边上小吃街好贵，尤其是蝎子串,1
5200,奔着电影去的！极盗者！3D效果很棒！好看的不行！,2
5201,王府井就是购物的一条步行街，其中有一些过去的【老字号】，吃喝玩乐比较齐全，可以游玩的地方可圈可点，到这里主要就是以购物为主，购物档次比较高，价格也偏高，走走看看就好，真正买东西也不一定到这里，到北京来可以一看。,2
5202,有很多的百年老店，著名的北京百货大楼，王府井百货，内联升，瑞蚨祥，全聚德，东来顺等。,2
5203,和上海的南京东路步行街差不多，购物的地方，随便逛一逛，吃点传统特色的小吃。旅游景点吧，买东西其次，逛逛拍个照，就算来过了。,1
5204,王府井大街，南起东长安街，北至中国美术馆，全长约三华里，是北京最有名的商业区。这次北京旅游，只是晚间在北京apm，王府井百货用餐后，兜了一圈。,1
5205,来北京最喜欢购物的地方之一就是王府井最喜欢吃的地方是南锣鼓巷,2
5206,王府井的小吃真是太好吃了，各式各样的小吃简直就是吃不过来啊。,2
5207,王府井吧，其实就是人看人，一般都是去购物，要不就是去看妹子，那的妹子多,1
5208,王府井in88这家舌尖记忆值得一去，味道不错，价格也相当便宜。,2
5209,王府井的美食街大家应该都知道了但是现在越来越不好吃了我们一般都会自己去发掘一些小店找找童年时候那些美味,0
5210,第一次走进王府井，现代气息浓厚，商场都没逛（主要是兜里没钱）去了趟小吃街感觉味道就那样吃了北京特色小吃炒肝，爆肚，味道一般但是很贵，北京人民真的很贵赚钱。,1
5211,有名的地方 值得一去 但需要花时间慢慢逛 带着孩子 逛的很仓促 以后再去 小吃街跟以前一样 那些吃的不是很特色 别的城市也能吃到 卖的很贵 还不是很好吃 不建议在那吃东西,1
5212,王府井书店很好，然后品尝一下王府井的美味小吃,2
5213,无聊闲逛还可以，小吃街的东西很一般……！,0
5214,性价比是挺好的、不需要费用但是真的一点都不少花钱！优惠卷在哪里都不能用。凭银子呀！,1
5215,去王府井买稻香村，一定要到王府井百货负一楼买。那个才是正品,2
5216,王府井大街有很多小吃，可惜那些蝎子什么的无福消受啊，太恐怖！大街两边的商场还挺不错的，逛街买衣服很多选择！,2
5217,走到尽头，还有一排小吃街，东西也不错，还不用排队,2
5218,这街很大很长很繁华很有特色不过最有意思的就是那个王府井小吃街别的都没什么意思走着都累,2
5219,王府井很热闹，道路宽阔，周边很多大型商场，跟上海南京路差不多,2
5220,及其繁华的地方，不过东西不便宜啊，比外边超市还贵,0
5221,好吧，我承认这里是吃货的天堂...没办法，我作为一名广东人必须把看起来怪得东西都吃了,2
5222,无论什么时候人都是那么多，小吃街可以参考，步行街走走逛逛挺好，百货大楼，新东安市场，都是很不错的,2
5223,大阪天气7月是最热的季节！如果不是这个季节非常适合旅游的一个城市,1
5224,烟雨蒙蒙，王府井仿佛处于梦中，但是过往的人民已经开始了新的一天。特别是坚持锻炼的叔叔阿姨们，值得点赞！,2
5225,游客必须要逛街就来王府井吧，吃喝玩乐都很多选择，amp商场里都是吃饭地方。,2
5226,小吃街很多人  周六去的  很是热闹  在确定胡同里觉得北京特色浓厚  但是街上商业化蛮强的  吃的很不错  但是好多炸的爬行动物实在不敢恭维,2
5227,第二次逛了，只是没有记录行程，这次跟上次的略有不同，有整修的地方没有逛小吃街。下次好好品尝一下美食！,2
5228,春暖花开，旅游的人明显多了许多，差一点就人山人海啦，希望五一的时候就尽量不要来啦，那时就只能看人啦！另:天气炎热，请注意防暑！,1
5229,什么都有，买东西很方便，吃东西很方便！有点像上海的南京路…稻香村现吃比带回浙江老家口感赞，推荐现买现吃,2
5230,北京虽然阳光明媚，但是感觉还是比较冷，步行街的人还是不少的，吃喝玩乐也比较齐全，很适合逛一逛！,2
5231,到王府井已经5点半了，其他三位伙伴已经坐上午的高铁到了，于是我们约在王府井地铁站集合准备去觅食~ 不得不说，王府井真是很有南京路步行街的味道啊~晚饭在王府井周围的一家私人饭店解决，同行的老饕朋友号称此店的烤鸭一级棒，于是我们呼噜呼噜全吃完还打包了一些菜准备回酒店当宵夜~王府井后面还有一条小吃街，实在吃不下了，拍了一些照片解解馋~,2
5232,王府井商业街是北京很出门的商业街，小吃是这里的主要吸引游客的地方。,2
5233,王府井大街旁边有一个小巷子。，全部是吃的，就是人太多了，，然后其他就是步行街一样的。。没有什么的特色的,1
5234,临近新年，王府井大街的夜景装饰得很漂亮，就是部分商场关门的时间有点早，九点多的时候好多吃饭的地方都关门啦！,2
5235,圣诞夜的王府井，还是相当漂亮的，人也比较多，就是刚刚九点半，个别商家就关门啦，要是吃饭逛街的话就不要太晚啦！,2
5236,为迎接圣诞与元旦，王府井的灯光装饰已经布置好了，还是相当漂亮的，会一直持续到元旦后，有时间还是值得去看一看得！,2
5237,王府井，给我的印象就是：华丽而辉煌的购物中心+一堆奇怪的动物烤串。OVER。各种吓死人的“食物”，实在没胆量尝试。,0
5238,一帮子吃货组团横扫王府井，还吃到了传说中的蝎子，我是没有吃，他们说味道还很好的呢。,2
5239,利用最后一天的晚上去了一下王府井，和上海的南京路步行街差不多。,1
5240,这是北京最繁华的街道之一啊，吃喝玩乐应有尽有；个人觉得购物和其他地方大同小异，都是大商场、奢侈品店等等，比较推荐去小吃街去尝尝来自全国各地的美食，一次吃个够，绝对大饱口福。。,2
5241,感觉没上次来热闹了，不过街面很干净，有不少名车展示，车离老百姓越来越近了。,1
5242,不花钱，随便逛逛，晚上看看人不错，不过有几点，别去小吃街，所谓老北京名吃都是外地人，灯市口四季民福烤鸭真心不错，比全聚德好吃！买稻香村去居民区，王府井街什么都翻倍了！烤鸭不要买，真空的回家也不好吃，果脯现在没人爱吃，因为那是没有新鲜水果的替代品。唯一觉得还可以的就是稻香村！二锅头估计很多人不爱喝，以前有钱的都喝头曲，这是二锅头，自己考虑吧！,1
5243,外地人到北京必去的地方，，很多小型店好和不好的都有，要小心。几个大商场当然是可以的，但是物价不便宜。这条街还在改建中。,1
5244,这里是购物者的天堂，国内国际的大牌，更是美食街，时尚，国际，流行，在这里得到最好的表达。,2
5245,每次来北京，都会逛逛王府井！北京最大的商业街，有美食街，老的百货大楼，还有个教堂，挺美的。,2
5246,也适合晚上来逛，比较高端的商业街，王府井本身还是一个小吃的地方，不血拼的可以直接去吃小吃。,2
5247,每个城市都有的标志性步行街，有美食街，老的百货大楼，还有个教堂，挺美的。美食街上的爆肚遍地是，卫生情况堪忧，但是老酸奶可以尝试一下的，感觉蛮好的。,1
5248,北京王府井商业步行街！是北京最为繁华的商业区。百年老街！,2
5249,原图，还是几年前的，灯火辉煌！,2
5250,吃的，逛的，都很多选择，我们选了火锅吃，不错啊。王府井小吃街还有炸蚕蛹和蝎子什么的。,2
5251,王府井作为北京的一个象征性的商业黄金地带，感觉繁华远不如想象，和上海南京路必相差太大!,0
5252,梅竹胡同，原名“母猪胡同”，位于王府井大街西侧，呈东西走向的死胡同。,1
5253,又换地方住了，定了故宫附近的青旅，因为第二天是周一，室友要去上班了没办法陪我继续玩了，我从这天开始了一个人旅游的行程。早上先去了住的地方，结果半路遇上封路，没办法只能去王府井先吃饭，然后下午回去了青旅。在王府井其中的一个商圈吃了一个咖喱饭好好吃，映像中是叫澳门什么还是香港什么，反正是一家类似茶餐厅的店,2
5254,出去旅游心情最差的一次，王府井步行街的服务员不要太拽，看东西的时候说，你看，看好了给你包装好，你说不买了就说你把东西弄乱了，看那么长时间不买，态度及其恶劣，不怎么喜欢写评论，真的是气不过。,0
5255,大家注意了，这个人是现在王府井小吃街街口的，牌坊下面，方式我们贪玩找他拍照，他也很配合的摆姿势合照，什么也没说，我们拍完要走了，那个人就说要30块钱！其他你们懂的！,0
5256,王府井指的是王府井大街，南起东长安街，北至中国美术馆，全长约三华里，是北京最有名的商业区。形成了以东风市场和百货大楼为主体的繁华商业区。王府井小吃街是北京及各地名优风味小吃的荟萃之苑,1
5257,吃货可以去小吃一条街，值得去。,2
5258,著名的王府井，北京必游地，仁者见仁吧，要来一次，其中滋味自己体会,1
5259,周边商铺蒙骗游客，京新旅大厦楼下华为手机维修店进去的三星、苹果手机维修店有宰客现象。,0
5260,这是一个吃喝逛街的好地方，王府井百货大楼六、七楼是吃货的世界,2
5261,王府井大街建筑也是一大特色。非常值得推荐,2
5262,现代气息太浓，卖的特产品种单调也集中，唯一亮点是小吃街有戏曲表演，舞台虽小，但演员很敬业，声情并貌，足见功底。小吃的味道就不敢恭维了,1
5263,过去王府井，是小时候我爸爸口中说的！去年来北京我就是想亲自去看看！一天大街！很多烤鸭店！这里比较集中，晚上逛街比较多！周围还有几条小巷！小吃多！这里消费很高！,2
5264,商业气息浓重，有一吃东西的街道，可能是因为暑假人很多，所以并没有感到一种北京都市的繁华反而吵闹的很，不过吃的挺好，当然，价格很高。,1
5265,王府井是老牌的商业街，跟上海的南京路一样，人流是熙熙攘攘的。我们去了王府井的东来顺吃了顿，大概是为了应付太多的客人，服务员都是推荐套餐的，味道也就那样了，关键是一扎酸梅汤贵的让人乍舌，100元！下次绝对不会再去吃了，也就是吃个名气，一次足矣。,0
5266,这里是非常繁华的商业地段，你要的手信，奢饰品，这里都应有尽有，而我唯独喜欢这里的美食，冰糖葫芦必须吃的，不过词地段的东西都比其他地方偏贵一点，特别是老北京布鞋！北京的地铁去哪都方便的！,2
5267,晚上去看夜景。当时我是遇到下雨天去的 一点都不好玩。,0
5268,王府井是北京商业区。很多大商场。特别推荐小吃一条街，崔记爆肚，挺有意思，边卖边唱。特有京味。老爽奶进门就有，味道真的不错。还有其他的一些小吃,2
5269,喜欢里边的店铺，还有好多好吃的,2
5270,北京最繁华的一条商业街！值得推荐！,2
5271,6年前来过，6年后再来，感觉规划的又完善了很多！这里有的吃的很难吃，也就是游人必来吧！小吃种类也多，我是大连人，看着那些大连铁板鱿鱼，真心觉得，一点也不新鲜，都是药水泡的，还是吃吃当地爆肚吧！,2
5272,王府井外马路边的小吃什么都有，可以尝试。,2
5273,小吃太多了，还非常好吃，也有很多的北京特产，,2
5274,王府井步行街，这条街的大名如雷贯耳，几乎是外地人到北京都会去逛逛的地方，地理位置上和“西单”相对，不过明显的，西单偏年轻化，王府井偏怀旧一些。,1
5275,王府井大街有很多吃的东西卖，有北京的特产店，各色小吃，还有些帽子、饰品等杂货，应有尽有！,2
5276,地方挺好来北京好长时间了第一次去玩，吃了好多小吃，还拍了相片美美哒。,2
5277,爱你 祝愿我们幸福不吵不闹不炫耀,2
5278,非常繁华有很多商场还有一条小吃街，东西都还不错。最值得去的是教堂。,2
5279,不错啊里面小吃很多，人文文化等也很多、、,2
5280,中国的特色吧 很不错啦 里面有吃的 和 用的小东西 萌萌,2
5281,王府井就不用说了，购物吃饭的天堂，那边可以买到经济实惠的北京特产，可以好好去发现下，不过人也很多。注意安全。,2
5282,故宫东华门出来直接走去过，很干净，只是没以前热闹了。走走停停，感覚也不错。,2
5283,王府井大街云集了众多的综合性商场，体育用品专卖，著名的北京烤鸭及美食街，各种美食诸多。每到夜幕降临之时，各大商场的霓虹灯。观景灯燃气。人流把整个步行街推向了高潮~。,1
5284,商业街人来人往好多旅客购物休闲的地方不过这里对我来说就只适合解决吃饭呵呵,1
5285,王府井就像上海的南京路，都是赫赫有名的一个购物商圈，其实购物商圈都差不多样子，卖的商品也都差不多，在物流极其发达的今天，这种大都市的商圈其实已经不是那么吸引人了。,1
5286,我对商业街一直没有什么太大的赶脚，主要原因我估计是看中了没钱买，如果我有很多钱的话估计我也会喜欢逛街喜欢买东西的。既然我没有钱，那我对这些地方就没有太大的感觉，光看不买多没意思是吧？长安街全长有1600米，是北京乃至中国最有名的商业街，简直到了家喻户晓，妇孺皆知的地步。王府井大街以前叫做丁字街，那个时候并没有现在这么热闹。后来元世祖忽必烈定都北京之后，这个地方才渐渐热闹了起来，并慢慢发展成现在这个样子...,0
5287,临近圣诞和元旦，王府井步行街正在进行装饰，届时晚上会特别漂亮，有时间的朋友一定要过来转一转，不过，要做好人很多的心理准备！,2
5288,这么难得的好天气，来王府井转转呗，逛逛王府井书店，吃吃王府井小吃，顺便锻炼锻炼身体，改变改变心情！,2
5289,这是外地游客聚集地，本地人很少来，路边旅游纪念品也好，食品也好都比其他地方贵一些，小吃街的小吃大同小异，只有老北京酸奶值得推荐。,1
5290,步行街，小吃街，人一般比较多，可以去凑凑热闹！！！,2
5291,无论什么时候去都人满为患的地方。对于外地游客来说可以在这里选购特产，可以尝尝那一些餐馆，但是强烈不建议去小吃街，具体你去看看就明白了。,2
5292,"王府井大街，南起东长安街，北至中国美术馆，全长约三华里，是北京最有名的商业区。王府井的日用百货、五金电料、服装鞋帽、珠宝钻石、金银首饰等， 琳琅满目，商品进销量极大，是号称""日进斗金""的寸金之地。闻名遐尔的王府井大街形成于元代，在上个世纪二三十年代，就以“全、新、高、雅”四大特点跻身于北京四大商业区行列。",2
5293,高铁上就已经没电的小朋友，原本还想在清河下，去清北看看，一方面是没约到入校（这个需要提前一周的早上八点约），另一方面豌豆小朋友确实太累了，就选择回酒店休息，晚上带豌豆去王府井逛了逛，尝试了下铜锅涮肉和烤鸭～吃的那家味道一般就不推荐给大家了！王府井大街闲逛的豆姐和豆妈！,2
5294,王府井大街是北京的一条知名商业街，大概跟广州的北京路差不多吧哈哈哈,1
5295,一条步行街，有些历史，有些商场，平时人不多，周末比较热闹，交通还算便利在市中心。,1
5296,好吃，好玩，好多人！总体来说不错，祖国的首都✌️,2
5297,北京的步行街 和其他城市的也差不多 老品牌挺多的 可以去看看,1
5298,人非常的多，特别热闹，就是东西有点贵啊,1
5299,王府井大街是很热闹的一个区域，他汇集了多家大规模购物中心，是北京的老牌购物胜地。还有很多美食小吃，是到北京必定要去的地方。,2
5300,人好多，也就逛逛街的去处！还行吧！,1
5301,第二次去了，就是小吃和特产！好玩！,2
5302,值得，大人可以购物，小孩可以玩，商业气氛强烈，但反正都是商场吗，比起其它北京商场，好一些，物价比还好，贵的不太贵，但都不便宜，但玩的地方不多，人很多，所以建议大人们自己去，别带小孩，小孩要闹，除非非常听话，还有卖玩具的，孩子脚都迈不动了，所以尽量大人们自己去。,1
5303,住在附近，仔细逛了几个晚上，买纪念品的时候发现好多山寨货：村香稻，全福德，真的一不小心就中招，我拿了好多村香稻准备打包时幸好看了一眼。美食街就见人多，吃东西还是去大栅栏好,0
5304,不适合我的胃口，不过东西挺多，价格有点贵。,0
5305,开始来北京的时候来过一次，后来单位就在王府井。小吃街的这里的羊肉串都是鸭肉的，东西统统可以讲价，他们就是瞎喊价的，买纪念品的老外很多，说实在的卖货的很不地道，忽悠外国人，估计遇到好骗的国人也会忽悠的，吃的很一般，就是夜市的感觉。还有些商场，就都是一般商场了，要是想逛街还是去西单吧。,0
5306,个人觉得如果不是要购物没必要去   里面小吃街人太多  味道也不好  不喜欢,0
5307,五年后的今天又来了一次，感觉没有太大变化，人潮还是那么多，购物的好去处。尤其是小吃街，还是油炸蝎子和蜈蚣最吸引眼球，还有不少特色小吃,2
5308,北京最有名的步行街之一，是外省甚至外国旅行团必到的景点之一，有一些很历史悠久的商场，比如东风市场，王府井百货等，还有不少老店,2
5309,还不错，小吃街里小吃很多的，但是不如簋街,1
5310,王府井位于故宫东侧，是指以王府井大街为中心的一片区域，不错，是北京市最繁华的商业街，到此一游。,2
5311,环境很好，好吃东西只流口水，东西琳琅满目。,2
5312,王府井是很有名的商业街，但是白天去的时候貌似很冷清，街不是很长，林立着各式老字号的店铺。东西不错价格就是挺贵了。如果不是购物不去也可以。,1
5313,王府井步行街真的很繁华，特别是小吃一条街，里面居然有好多东西我没见过的，什么炸蜘蛛啊，炸蝎子啊，蝎子串在竹签上还会动的呢！,2
5314,漂亮的王府井大街，宽敞明亮时尚潮流舒适！,2
5315,就内样，在里面吃饭了，地铁很方便，有献血车，，很多人，里面有小吃街。但是脏乱差，地上都是小广告，一边扫，一边发，一边扔。,2
5316,很热闹的地方，有很多特色的东西,2
5317,一个商业街，商品齐全，人也多，很好的地方，吃饭逛街都可以。,2
5318,跟上海的淮海路差不多 各大品牌都有,1
5319,王府井现在商业味太浓，老式建筑越来越少，失望。,0
5320,王府井纯粹商业化了，只能看看，东西很一般，没有特色,0
5321,北京地道美食的天堂，吃货们注意了,2
5322,出差过来的，非周末时间也好多游客，不愧是首都。步行街两侧的有许多老字号的商店，比如瑞蚨祥、稻香村，当然也少不了现代化的百货商场和时尚品牌,2
5323,小吃很多，买了15瓶酸奶带回家，味道老棒了，晚上人很多，就是环境有点儿杂乱，有点儿像上海的城隍庙……,2
5324,和上海南京东路步行街好像啊，走了一小段，这里的稻香村专卖店是北京看到最正宗的,2
5325,东来顺的涮肉，全聚德的烤鸭。好吃。,2
5326,夜景很美！小吃不错！购物非常方便！北京好去处！,2
5327,逛了一圈，就随便在这家西餐厅用餐了！瑟意哇啦,2
5328,王府井大街本来就是购物的地方，与南京路步行街，芜湖步行街差不多都是游人慕名而来又有点失望的地方，毕竟可以拍照留念的地方不多～,0
5329,商品小吃一应俱全，购物环境好，繁华商圈，值得逛逛,2
5330,王府井被誉为“金街”，这里和上海南京路、成都春熙路一样主要就是熙熙攘攘来玩的游客购物，倒是街道点缀的教堂、北京百货等建筑别有一番风味,1
5331,小吃很多不过价格有点高纪念品希望别买小吃街的臭豆腐还是可以的前提是找对地方,1
5332,是个购物的好地方……还有小吃！应有尽有！,2
5333,购物品尝各种小吃确实不错人来人往好不热闹,2
5334,中华第一街 百货大楼必须去 中国建国第一店 王府井工美大厦 中国艺术第一店,2
5335,这是个吃喝玩乐的一条街，东西特别好吃，有好多非常有名的老字号……,2
5336,石板还是古代的，很古朴。很有好觉。赞赞 喔,2
5337,值得一去，不过逛的地方实在不多，都是一些很一般的店面只能走一走。人确实很多。,1
5338,仅此于上海南京东路步行街的商业街，不过也一样，外地人为主，乱哄哄的有点。但是很多老店在此，也有全聚德，,1
5339,王府井是国内最著名的步行街了吧，景色谈不上，但是像北京百货，王府井百货还保持了以前的外观，有时代特色。商场里的东西也比较贵，在王府井百货看了一件外套，四折，一万多。吃的还行，商场上有餐饮不算贵，还有王府井小吃街，外地人可以一去,1
5340,感觉挺不错的蛮喜欢的有机会一定会在去的哪里晚上挺不错的,2
5341,王府井主要是购物的地方，什么都有，旺季人很多，来这里吃烤鸭一定要预定，地下美食街还行，价格20-30吃饱。这边有个书店，非常大，消磨时间的好选择,2
5342,王府井和朋友一起去的，去的那天下雨了，而且好多商店都关门了,0
5343,之所以性价比高，因为是免费的。没什么好看的，感觉大城市的繁华街道都差不多。不建议大家去，购物的除外！还有，王府井小吃好难吃！王府井小吃好难吃！！王府井小吃好难吃！！！重要的说三遍。,0
5344,好吃好玩热闹，反正大家都说去北京必须去王府井,2
5345,王府井大街是每一个来到北京的人必去的地方，哪里应有尽有来过绝不会让你失望的。,2
5346,值得去，有很多美味，而且还价钱低，，，，，,2
5347,东西太贵了，只有看看的份小吃很好吃！！,2
5348,最热闹的购物场所，童年的回忆，来北京必去的地方之一，王府井百货大楼,2
5349,王府井非常热闹，一条街小吃也非常多，商场也很方便，应有尽有，值得一去。,2
5350,还可以，就是东西太贵了，不过对于一些是吃货的朋友还是可以接受的,2
5351,北京知名的街道之一。非常热闹，游客较多。离故宫大概一两公里的样子。穿过正阳门就能看到了。北京著名的百货公司，比如王府井百货。北京市百货大楼，东华金街购物中心等都在这里。,1
5352,王府井不仅有百货可逛，最值得的就是坐观光车了解北京的胡同、还有就是吴裕泰的茶味冰激凌，绿茶、花茶，都好吃！,2
5353,真心不觉得有什么好去。。。就逛了下小吃街，物价是天价,0
5354,已经完全没有了旧时的气息。  街道两边都是大楼，除了小吃街上有些雕梁画栋。 即使东安市场也只是屋顶有些飞檐。 街道两边有不少的椅子可以休息。 隔一段距离就有一个饮料赞助商赞助的售卖饮料的亭子，其实卖的饮料都差不多。 有电瓶车接驳，只是不是很长的距离真是完全不必要。 有名气所以人多，一队一队的团队游客。 大街上熙熙攘攘的，很是嘈杂。 沿街的商铺有一些老字号，也有不少现代的品牌。 每家店铺里都好多人。  一般逛王...,0
5355,有吃有喝，逛起来十分方便，适合带老人小孩来旅游 累了就有吃的喝的,2
5356,王府井的来历是这条街有很多王府，而街的一端有一口甜水井 现在已经是著名的步行街，上面有北京市百货大楼等 不过总体来说跟其他城市的步行街布局、规模差不多 最感兴趣还是有一条北京小吃街，里面有好多北京小吃 遍地的酸奶、冰糖葫芦等等一次性吃个饱 小吃街的尽头还真的看到了王府“井”！已经围起来了，可是来来往往的人很少注意到 有些小吃店门口会有北京吆喝听听挺有意思,2
5357,王府井大街是北京最有名的商业区。这里高中低档商店都有，商品琳琅满目，小吃街很好，逛一圈出来就吃饱了。,2
5358,也是醉了，下午两点多去的 ，竟然需要检查身份证了,0
5359,王府井大街是北京很繁华的街道，吃喝玩乐都不缺，尤其爱他的小吃街，不过价格小贵咯！,2
5360,王府井大街，南起东长安街，北至中国美术馆，全长约1600米，是北京最有名的商业街。 清光绪、宣统年间，这里开始繁华，街的两旁出现了许多摊贩和店铺，还有一个“官厅”，成为当地有名的一个市区。,1
5361,北京最有名的小吃街-王府井。作为吃货的我早早赶来。准备大显身手了！,2
5362,北京著名的步行街，有很多百年老店，可以买到很多土特产，如麻花、茯苓饼、布鞋等等。外地人多，本地人估计不在这里买东西。感受一下气氛还是有必要的。,1
5363,位于北京的长安街上，最繁华的步行街，新东安，东方新天地，比较大的nike实体店，可以定制，化鸦，都在往王府井，能满足各种消费能力的群众，,2
5364,到王府井逛了一下，小吃这里各种脏乱不敢下嘴。 一般的商业区，随便看看，吃吃喝喝可以。,0
5365,这是一条近百年发展起来的商业街区。路西有全国闻名的北京百货大楼，路东有著名的东安市场，这条街上还集中了许多大型专业商店，王府井还有不少老字号和有经营特色的新兴商店，王府井大街东侧联结着繁华的东安门商业街和东黄城根市场街，使得这一商业街区热闹非凡。,1
5366,北京最有名的步行街，有许多有特色的雕塑，商场小店林立。,2
5367,购物好地方，人多热闹，美女多多。。。。。。。,2
5368,地铁刚刚出闸机还没有出站，我就已经看到了辣莫多人。找了个能坐会儿的地方，然后我们一行五个人就坐着，看商场屏幕上的新闻，看了差不多看了一两条，我们又意思意思走了点路就原路返回了。,1
5369,下午的时间，我们乘车去了王府井采购特产，最后回酒店拿行李。  再去王府井小吃街吃美食。虽然做好被宰的准备，不过还是被坑了。。。一碗臭豆腐要了我们15块~~当然5块一碗的也有，只是我们买的时候没问价钱。所以还是要问好价格后再下手啊！,0
5370,"在王府井主街边上有个""风情街"",发现一家专卖跟甜玉米相关的(玉米华夫、玉米杯和玉米汁），尝了尝相当不错，整体也比较干净。店铺不大，就一处小亭子。值得一试。主街我们就看个热闹，没敢试...",2
5371,从天坛出来已经4点多了，我乘坐公交来到王府井大街解决晚餐。王府井的古建筑已经一扫而光了。取而代之的是高楼大厦不建议大家前往。,0
5372,非常不错，中国第一的商业街，周边商场林立，吃饭购物都很方便。,2
5373,现在这里人越来越少了，不复当年之勇,0
5374,北京市的地标，商业中心区，购物方便。,2
5375,商业中心，生活非常方便，购物天堂。,2
5376,非常方便，吃穿住用行全部一站式解决，附近五星级酒店林立，商务旅游都很好,2
5377,北京著名商业街，现在是商业步行街，商厦林立，游客如织！,2
5378,去年元旦小朋友很开心，去逛王府井中环的时候发现商场的装饰非常喜庆，适合小朋友玩。还有一个寻宝地图，走遍商场后领了两块硬硬的饼干，但小朋友很有成就感。,2
5379,老北京的步行街，人气满满，非常热闹,2
5380,热闹繁华的商业中心，是北京市的地标。,2
5381,北京的老牌步行街，人气一直很旺,2
5382,北京老商业中心，这里的人气旺盛。,2
5383,北京最有名的商业街，现在改造成了步行商业街，汇聚了王府井百货大楼，东安市场，工美大厦等几十家商城和专卖店，号称金街。,2
5384,王府井大街――白天比较普通，还是晚上漂亮多了，想不到北京百货大楼的钟楼亮灯后如此靓丽出众，成为地标性建筑，观赏性更胜于东京银座的钟楼啊。,2
5385,热闹非凡的地方，游客会在这里打卡。,2
5386,来北京经常住这，但是没有以前热闹了,1
5387,公司旁边，北京的景点之一，虽然没什么好买但也算是情怀吧,2
5388,北京的金街，古老的商业街，环境相当优美，值得一看。,2
5389,购物的天堂，小吃的海洋；百货大楼、外文书店、新华书店、同仁堂、东安市场等等，百姓所需、应有尽有。,2
5390,北京最著名的商业街，外地人的必来之地！,2
5391,王府井是国际友人来北京必走的游览线路，北京的小吃和特色兴的小物品应有尽有。,2
5392,真是北京的地标啊！热闹繁华，好去处！,2
5393,来北京必到的旅游景点之一人比较多。大牌云集，是逛街的好地方。地铁八号线修通之后会有王府井北对战来以后来王府井就方便了。现在的王府井往北又延长一段。来的美食夜市也取消了。现在晚上过来是广场舞大妈们跳舞的好地方。,2
5394,华夏第一街，王府井步行街很不错。,2
5395,王府井步行街！百年老街！！！！,2
5396,太普通了，我是不建议去，名气太大，明显跟不上,0
5397,王府井是去北京必玩之地了，老佛爷百货，奢侈品，大牌，应有尽有，沿路小店也不少，还有北京百货大楼，有历史意义的，路很宽，都是行人，车不能进去，很美丽的地方。,2
5398,外地人必去的购物地方，繁华热闹,2
5399,很喜欢王府井步行街，保留了很多老北京特色,2
5400,去北京游玩必去之地，王府井里面是真的有一口井，旁边有个雕塑，大家都去拍照，整个一条街都很热闹，非常有古代气息的建筑，风景独特。,2
5401,【趣味】清晨的王府井步行街，历史的痕迹在这条街上依稀还能看到的一点点记忆、也许有一天它们也会被抹去！老北京，趣味儿多z 【性价比】早餐很不错呢。,2
5402,北京市中心的步行街，很老到很有特色。值得观光游览。,2
5403,景色不错的好地方，值得一去，周边景点多,2
5404,最繁华的商业街，很漂亮的建筑。,2
5405,王府井在北京市东城区，是北京著名的商业中心，是游客必须打卡的地方！,2
5406,附近好多礼品店、火锅店.人不是很多、可以逛下奢侈品店,1
5407,步行街。疫情期间人还挺多。商场商品非常不错,2
5408,这儿吧，人太杂，也没啥好看的了,0
5409,著名商圈，很多商场可以逛，也可以逛到老北京特色的商品,2
5410,王府井步行街规划的越来越好了，人来人往,2
5411,北京热闹的商业区 还是上市公司 去北京可以逛逛,1
5412,北京有名的王府井，也是地标之一，去可以去打卡，玩玩逛逛，还是不错的，京味很浓。,2
5413,王府井是北京很有名气的一条步行街，非常值得去,2
5414,受疫情影响很大，现在没什么店在营业。,0
5415,交通便利，南端紧邻东长安街。步行街两旁皆是商家，吃喝购物设施齐全。,2
5416,王府井是各地游客来北京旅游的必经之地，这里保存着最全面的老北京文化，还有很多当地特色小吃，虽然口味不一定是最好的，但是品种却是最齐全的。王府井大街两侧都是购物中心和各种店铺，很有种繁花似锦的旧时风情。,2
5417,其实就是普通的商业街，没啥特别的，外地游客多,1
5418,北京有名的景点，商场比较多，购物方便,2
5419,大家去北京，有时间一定要看看的地方。,2
5420,北京的著名商业街 不过价格一般疫情期间更是显得冷清不少,0
5421,这里是北京市东城区商业中心，商家非常集中，各种品牌聚集，是花钱的地方。,1
5422,北京市最热闹最繁华的步行街，我最爱去。,2
5423,一个北京人现在不爱去外地人到北京必逛的地方！一个南腔北调喊着卖北京特产的地方！完全没有了东安市场模样的王府井。,0
5424,王府井是北京很有名的商业街，里面有很多老字号的商家，还挺不错的。很多游客会去这里逛街，挺不错的，可以去看看，买点好吃的东西。,2
5425,到北京来，必逛的商业街，走走，逛逛，吃吃喝喝,2
5426,这里太热闹了，我很喜欢来这里。,2
5427,中国第一街，当属北京的王府井大街。,2
5428,当前最繁华一条商业街，也是全中国第一个步行街。,2
5429,王府井，全国人民来北京都会来王府井步行街购物，也可以去看看，确实特色突出。,2
5430,挺不错的，去景点挺方便的，距离都不是特别远，还有小吃一条街，不过吃的不是特别正宗,2
5431,北京王府井小吃街，发现原来仍有很多照片还未贴出来，那里的食物种类还是很多的，特色和口味就看个人了，图中的没记错是蒙式羊脾，没多少肉，烧烤特式，刚好我在呼和浩特市某有名餐厅吃过，当然不感兴趣啦，那彩色棒棒榚点很难吃，个人口味啦，游人也不少,1
5432,来北京必到的一条街，商场多，特产店也多，游客也多，很热闹。,2
5433,比较时尚高档的步行街，商品都比较贵,1
5434,超级繁华的王府井，一定要看看的。,2
5435,不值得去，就是没卖点，不建议去，😌名气大而已,0
5436,这里太好玩了，感觉就像第二个南京路。,2
5437,已经成为一个旅游景点了，全是人。,1
5438,中华商业第一街，老字号的品牌。,1
5439,王府井很繁华！去过几次了，还有小吃街，,2
5440,王府井大门口就是北京饭店。，离故宫也就几百米,1
5441,王府井百货大楼在这里，人来人往的很多的。,1
5442,北京著名景点，打卡圣地，人气超级旺，值得去。,2
5443,北京著名的商业街和上海的南京路步行街差不多,1
5444,每次去首都都会去王府井，转一转。,2
5445,王府井人挺多，名店也多。不过逛的主要是情怀，有点贵。背后小吃街游客很多，没有本地人,1
5446,东安商城北面的教堂非常非常好看，走累了可以去教堂外面花园坐坐，很舒服的,2
5447,王府井小吃街是北京王府井上的一条以北京传统小吃为特色的特色小食街，在这里可以吃到老北京爆肚糖葫芦，油炸蝎子等等具有北京风情特色的美食。,2
5448,王府井步行街是购物观光的好去处，有很多北京老字号的门店，晚上夜景很美！,2
5449,王府井大街保留了很多老北京的老字号门店，又有新东安等现代商城，是北京游的好去处！,2
5450,空气质量：上海北京 繁华程度：上海北京 高校数量：上海北京 交通状况：上海北京 基础设施：上海北京 旅游景点：上海北京 历史文化：上海北京,1
5451,王府井小吃街，是两年前去过的地方，应该没改变吧？有很多各式各样的美食，色彩缤纷的，但说是特色，卻和其他美食街道没有大分别,1
5452,说实在的外地人最爱去北京的一个地方。但是吃饭价格确实有点贵了。,2
5453,小吃街挺好的，狗不理，北京烤鸭也都有。,2
5454,王府井步行街延长了，不错，可以在这里逛逛,2
5455,美食多多，人山人海，个人觉得还是不错的地方，值得一去，毕竟是北京的标志地！,2
5456,小时候经常去的地方，就住在附近，现在变化很大，没什么意思,0
5457,北京最有特色的小吃街，很多种，,2
5458,北京繁华的商业步行街，外地人到北京的打卡地,1
5459,北京的商业地标，来了必去。还行，游客多,1
5460,外地人到北京必逛，金街，南边有东方新天地，王府中环，中间是百货大楼，北部新东安商场。,1
5461,王府井步行街被誉为中国第一金街，沿街王府井百货大楼，新中国儿童商场，有百年老字号盛锡福，也有时尚前卫的新天地广场，不论购物、餐饮、休闲娱乐应有尽有。,2
5462,中国最有名的商圈兼步行街，地价贵，门面贵，东西自然不便宜。可以去看看走走逛逛，吃点小吃，买串冰糖葫芦，至于奢侈品，土豪可以下单买买买。,2
5463,不错，购物的好地方，环境很好的,2
5464,很有名的一条街，有很多好吃的！,2
5465,最出名的王附近大街和美食街，首都一道靓丽的风景线！美不胜收,2
5466,繁华喧闹之地 有特色 美食街也有很多好吃的,2
5467,来北京必须转一转啊，商业金街火爆,2
5468,北京著名的商业街 餐饮店生意不错,2
5469,非常值得去 汇聚了各种品牌，交通也方便，只是上次去的时候 刚好修路 所以也没有怎么逛  有时间还会去的,2
5470,北京著名的一条商业街，商店林立。,2
5471,王府井步行街，虽然没有了以前的味道，但是依然游客众多，熙熙攘攘。,1
5472,北京王府井真的很好 晚上的高楼大厦甚美 特别喜欢  喜欢喝王府井家一家Coco 得饮品    总之就是真的特别的美  一定来转转,2
5473,北京著名的商业街，百货大楼和东安市场都在这条街上。,1
5474,高端大气上档次的购物中心，商品品质不错,2
5475,这里既有历史传说，也有现代商业气息，传统与现代化很好的结合。,2
5476,繁华，炫目，高档，时尚，居家旅行必选好去处,2
5477,北京很古老的一条商业街，年代久远。,1
5478,北京很古老的一条商业街，很有代表性。,2
5479,繁华商业街，街道干净整洁，慢步街头，悠闲自得的感觉！,2
5480,热闹非凡的王府井，每天人来人往的！,2
5481,王府井步行街，北京市中心著名步行街,1
5482,北京的地标，外地朋友采购必光顾的地方,2
5483,每个城市都有他的一条步行街！！,2
5484,我是晚上去的，说是夜市，弄得也很大，但是有什么？全是吃的，而且还很贵，东西还不好吃，都是一些挂羊头卖狗肉的商贩，其他北京特产店也都是些有名无实的东西。,0
5485,王府井白天小吃街人多，这里小吃的品种很多，不仅仅有北京的，还有重口味的，各种各样的，还有点小贵呢！个人建议还是不要在这里吃吧，来王府井玩，可以来这里感受一下氛围，老北京的吆喝声！,2
5486,北京商业一条街，清朝有王府吧。,1
5487,王府井大街是一条具有数百年悠久历史的商业街，号称北京 的金街，因明朝这里有多座王府而得名。王府井是外地游客到北京必打卡的地方，多数不为购物，只是想感受一下氛围。,2
5488,北京的高端购物街，价格不便宜啊,1
5489,步行街上人来人往，每天都很热闹,2
5490,北京最热闹，最有特色的一条商业街,2
5491,历史悠久，传统古朴，有极具现代气息，是有着数百年历史的商业街，号称北京的金街，其中一段的步行街，更是北京知名的步行街，小时候常去，这些年已经成外地游客游览的地方了,2
5492,打卡黄金地段，标志性建筑，尤其是晚霞批身那一瞬间，美翻了,2
5493,王府井大街值得一去看看，确实不错,2
5494,很大，我们去吃的负一层小吃，还是有点小贵的,1
5495,北京最热闹的街道，很繁华，很现代,2
5496,十一国庆节来的，人太多了，平时应该会好玩吧,2
5497,整条街很繁华，里面左侧还有小吃一条街。人流量特大,2
5498,上中学那会儿还挺爱逛王府井（此处必须有儿话音）的,2
5499,老北京著名的金街又焕发了光彩。,2
5500,北京老商业街，有教堂可观，最近百货大楼里新开和平菓局，满满的回忆,2
5501,应该是中国最高端的奢侈品商业街，随便一件可能顶有人打工半辈子,1
5502,步行街环境优美，值得去看一看。,2
5503,很繁华的一条商业街。各大品牌都有。。,2
5504,商场里很多美食 值得一逛 如果第一次旅游肯定要来的,2
5505,全国知名步行街，来北京必玩，人气火爆,2
5506,这条大街上有很多可以逛的地方，可以到百货大楼，现在地下还有一条仿老北京的一条街，也可以看看现代的大商场东方新天地,2
5507,王府井书店值得去一看，小吃街不怎么样,2
5508,老牌商业街，土特产，小吃街，适合外地游客过来玩。,2
5509,在这附近上班，经常去逛一逛，值得一去,2
5510,作为北京人好多年没去王府井了，交通不太方便，现在都是外地人去。,1
5511,中国著名的购物场所，步行街很好,2
5512,【景色】来北京必到的地方，东西死贵的死贵的,2
5513,北京人不多，外地人挤破脑袋的地方，几乎所有的店铺都听不到北京音儿的地方！,0
5514,来北京必逛到地方，这里是北京差不多最热门的地方了，地铁直达，交通方便，好几个大型购物中心，还有不少好吃的餐厅。买一下纪念品会去也不错,2
5515,毕竟还有老书店，值得大家去看看吧,2
5516,每年都会去一次两次，确实很繁华。,2
5517,老地方，老字号，老了以后更喜欢,2
5518,书店和老字号很好很喜欢，值得一看,2
5519,值得一去的地方，许多老字号不错啊,2
5520,中国第一街，有店，有景，有人，有趣,2
5521,中国的第一条商业街，每天人来人往很热闹，到北京必须来的地方。,2
5522,老街，也有很多便宜商品可以掏，离西单也比较近,2
5523,众多百年老字号！感受浓浓的历史气息！,2
5524,全国著名的购物街、步行街，适合闲逛。商场购物选择很多。,2
5525,北京的南京路 感觉没上海的好 人蛮多的,0
5526,哪个城市都有一条这样的购物节，但没有王府井的底蕴,1
5527,王府井大街建成步行街以后比以前漂亮多了，每天都吸引很多国内外游客来此。,2
5528,北京王府井大街就像上海南京路一样都是全国有名的商业街，每天都是人流如织，街两边有很多百年老店，还有一些国际大品牌店，很吸引人,2
5529,北京王府井世界闻名，就像巴黎的香榭丽舍大家，伦敦的牛津街一样，到了晚上王府井大街打上灯光笑的更漂亮了，又许多各地游客来黄,2
5530,北京王府井真是太热闹了，都是全国各地游客甚至国外游客，整条街又许多百年老店，特别是晚上，人更多，灯光一打，街两边更美丽了,2
5531,喜欢这儿的书店，还有老字号可以逛逛吧,2
5532,喜欢逛一逛北京的老字号，新店也不错,2
5533,外文书店变化不大，最喜欢的地方,2
5534,虽然去过多次，还是很喜欢这个地方,2
5535,来北京必逛的地方，喜欢老字号！,2
5536,购物逛街还是不错，挺棒的地方！,2
5537,很值得去遛一遛，有很多可以尝试的美食,2
5538,世界名街，永不衰落的繁华商业街区，好吃的小吃街，流连忘返……,2
5539,衣食住行，曾经高档消费场所呀。,1
5540,王府井是一条步行街，这边的商城和美食也很多，就是一个繁华路段。,2
5541,北京最著名的步行街，午休遛弯好去处。,2
5542,现在的王府井跟以前大不相同，有很多新进靓丽的风景线，大商场又时髦又知性。对游客和北京市民来说都是好地方。,2
5543,漫步在王府井步行街，安逸，休闲，放松，路边有随时累了都可以休息的长椅，北京小吃一条街,2
5544,可以说是一个繁华的购物街，吃的，买的，玩的，穿戴都有,2
5545,还行吧，并没什么特色，名气太大没办法,0
5546,冰糖糖葫芦串倍儿棒，吃货应该去。 景色】一般,2
5547,很值得去一下，离西单也比较近.,2
5548,逛街是可以，小吃街就算了吧！都是骗外地人的还不怎么好吃！晚上很热闹,0
5549,首都著名景点，看看老字号，品品美食，很有意思，有味道的地方。,2
5550,离北京协和医学院比较近.有好多商场,1
5551,王府井不太适合逛街，更喜欢西单,0
5552,北京最有名的商业街，但多是外地人了,1
5553,吃的逛的很多，相當適合出遊的地方,2
5554,如果时间很充裕，可以去逛一逛，里面有一条王府井小吃街，商业气息浓，东西比较贵，且不是很好吃，当然啦有可能是个人口味不同的原因。,0
5555,口袋没多少银的我们，就在王府井买了两个麦当劳的甜筒……随便逛了逛，走断了腿，卒,0
5556,很大一个步行街，非常热闹，但东西的价格不便宜。,2
5557,商业街很繁华，人流量大。品牌种类齐全，餐厅等级丰富，总有适合你的。,2
5558,王府井商业街感觉不怎么样 不是很热闹,0
5559,东西挺贵的，就这一个感受，周围在装修，没有什么意思,0
5560,这一条街上什么北京小吃都可以看到。。印象最深刻还是炸蜘蛛。。。,1
5561,好多百年老字号 很有历史氛围 不错,2
5562,生活一条龙  去一趟王府井绝对值得。,2
5563,也就购物了，小吃太垃圾了！,0
5564,是我向往的地方，神圣的地方，32赞赞赞,2
5565,真是人山人海啊，这么冷的天不一样人多，繁华呀。,2
5566,非常喜欢这里，北京的各种小吃特色都有，人特别多，非常喜欢,2
5567,我去的是小吃街，里面的东西很一般。人很多，东西很难吃。,0
5568,小吃街不错，而且有很多油炸各种小虫的。吃完还可以各类购物中心逛逛，看看美女。离协和医院、北京饭店都很近！,2
5569,北京非常有名的一条步行街，非常有名……商业氛围很浓,2
5570,就是逛商场，买东西，剩下的就是吃，吃，吃，热闹极了，,2
5571,到了北京不来王府井来看看不叫到北京了。,2
5572,千万买东西前去网上查查价格，御食园的全部36元，网上有的24，有的19.9元！！！吐血！！！,0
5573,emmm 感觉不如上海南京路繁华呀,0
5574,勉强吧，就是为了凑够十五个字！,0
5575,小吃街，全聚德烤鸭，狗不理，夜景也不错，大都市的气派,2
5576,商业街，美食街还算有点样子，但是各地美食街都差不多，已经不是特别有趣，其他大商场都一样了,1
5577,5号转乘1号线，看到王附井，要不要顺路去逛逛？,1
5578,出来以后，出口处有公交车站可以坐车去王府井，一站路，很方便，司机还会提醒，什么时候到王府井，提醒游客下车，不要坐过站了。,2
5579,挺好的 有音乐喷泉 就是小吃街街道太窄了 很挤很挤很挤,2
5580,王府井街尾的爆肚，据说很好吃，吃完当天晚上就胃疼，坏肚子，吐了之后舒服一点，真的是不卫生,0
5581,去凑个热闹吧！千万别吃那里的烤串，我们吃了两串羊肉串，没多久就吐了，胃难受，另外一个羊杂汤，估计不干净，比正宗的差十万八千里，全是羊膻味！景区的东西不干净或没熟透很正常，因为人太多了！着急！胃不好不坏千万不要在那随便吃！,0
5582,赫赫有名的地方，北京打卡必到之处。购物天堂。,2
5583,很繁华，人也很多，许多北京老字号都有,2
5584,有名的步行街，商场云集之处，美女众多之地,2
5585,冲着名气去的，但是个人觉得不怎么样，里面有条美食街，有点特色，但是东西我没吃，因为网评不是很好,0
5586,车子上远远看了一眼，挺好的吧！,2
5587,亲们！你们看到这个评论，一定要小心骗局。王府井，除了王府井百货之外，有些小商场，我忘了叫什么名字了，好像是友谊商场。我陪奶奶去买衣服，一件短袖，他说299。我心想这是正规的地方，而且喜欢，就买了。但是交钱的时候不是去柜台而且直接交给那个服务员。其实有点怀疑了，但还是买了。后来在其他地方一模一样的衣服，89…… 一定要小心啊。防火防盗，最终没有逃过这一劫,0
5588,值得去，确实很不错。下次继续去。,2
5589,人多 各种各样的物品都有 吃的也多   蝎子,2
5590,夜景还是不错的，逛逛街，散散步，和喜欢的人一起。,2
5591,王府井的小吃一条街里的商家太坑人了，我看了价格，羊杂汤28一碗，结果他问我吃羊肉的还是羊杂的，我以为是一个价格，就说吃羊肉的也行。结果买单就是78，我说菜单上没写羊肉的多少钱只写了羊排汤78一碗5块。骗人的商家位置就在王府井北京小吃街进去左边第一个胡同，靠搭戏台边上的清真管，有时间我去拍下照片，望各位游客不再上当受骗。,0
5592,环境真好，很值得去玩！很有意义的旅游！,2
5593,王府井百货大楼有好多的商品，也有好多的百货。和亲朋好友(✪▽✪)走在王府井大街小巷，感受着，现代快节奏的气息扑面而来，就觉得时不我待，时间是那么的珍贵。长这么大了，祖国的大好河山也没游览过多少呢！俗话说，读万卷书，行万里路(●°u°●) 」。好爱好爱我的祖国！！,2
5594,我喜欢热闹，在王府井闹市的美食街里，人潮拥挤的有点要让我窒息，不过品尝着特色的小吃算给我点安慰,1
5595,不错吧 小吃一般 汇集了北京多个老字号,1
5596,值得一去，只要出去，一如既往！！！,2
5597,吴裕泰茶店的服务员态度很差，爱搭不搭的，想让介绍一下商品，就让自己看，就一句话越贵越好喝，让人印象很深刻啊,0
5598,很热闹的地方，交通也便利，帝都的标志性地点,2
5599,王府井其实没什么了，就是步行街，这次来王府中环这个商场真是给力，有一个三层的维密值得一去,2
5600,好吃的，好玩的！都有！逛夜景更爽！旁边有个小吃一条街，全是卖北京特色小吃！北京东来顺涮羊肉，北京烤鸭这里都有！北京特色在这里尽显！,2
5601,去北京总是要去的地方，有钱去这种地方自然很好，购物是最重要的。,2
5602,在北京，这是相当著名的一片商业区,1
5603,北京著名的步行街，商场购物中心店铺林立！非常繁华！世界奢侈品大牌布满了广告霓虹灯！人群密集！川流不息！,2
5604,现在新建了很多大型购物中心，餐饮多，品牌多，相比以前，可逛性多了不少,2
5605,我喜欢冬天的时候去王府井步行街晃悠，但是晚上的话天会很冷。曾记得在那里吃过一个纯酸奶做的冰淇淋，花了近二十元，汗。可惜前几个月刚换了手机，找不到照片了。,2
5606,各种吃的很多。各种商品。各种商场。,1
5607,逛逛还行，可能之前期望太高，所以到了之后感觉有点落差,0
5608,挺不错的地方，购物方便，配套设施齐全。,2
5609,现在天太冷了，游客比往常少些。街上的雕塑比较吸引游客，是反映老北京的，曾有不少游客与之合影，为旅途增减乐趣。,2
5610,一天古老的商业街，随着时代变迁，不断更新，越来越现代！,2
5611,环境还不错，挨着步行街，购物美食娱乐一体,2
5612,购物天堂，商业中心，小吃纵赏，虽然价格偏贵！,2
5613,很一般的一条街，晚上吃好饭散散步不错,2
5614,北京步行街，人超多，旅行值得一去的地方,2
5615,来京游玩，西单和王府井是必到的景点（满足购买欲望）,2
5616,王府井大街非常热闹，有世界各地的游客,2
5617,很好，必去之地，很好，物品很全,2
5618,北京市内的最有名的商业街，很多商场鳞次栉比，很多老字号，想逛街可以到这来。,2
5619,购物天堂，种类繁多，有时间一定来看看,2
5620,热闹，东西贵，天气热，人多，还有啥呢？,0
5621,人非常多，尤其是美食节那，东西也卖得挺贵，走走看看还不错。,1
5622,人来人往，北京必去的地方，就是小吃街，谈不上好坏，就是一种象征！,2
5623,一条老街，很多老店都在这条街上，还是值得溜达溜达滴,2
5624,来的时候正赶上下大雨，坐公交车等了很久。,0
5625,北京特产店比较多，性价比一般，可以去看一看,1
5626,感觉东西都挺贵的和一般的街道没什么区别,0
5627,游人如织，店铺林立，老字号店铺很多。,2
5628,人很多，很热闹，喜欢逛街的可以去，那里的特产卖的会贵一点，小吃特别多，小吃街上的人都是人挨着人,2
5629,"作为北京的标志性商圈，这里每天都吸引着成千上万的游客，我偶尔也会去那里逛街 ,新东安商场是年轻人的聚集地，",2
5630,王府井，指的是王府井大街，是北京市最著名的商业区。明代，这里修起了十座王府，王府井也就初具规模，改称十王府街。清代废十王，改称王府街或王府大街。,1
5631,附近有间护国寺小吃，专卖地道北京小吃，味道好，价钱，适中，卫生尚可，值得推荐。就在万豪行政公寓北面。其他购物点，对我来说，无什么吸引。,2
5632,全聚德，狗不理，有银泰呀，还在建地铁,1
5633,老名字  新街道    可以买到好吃的高点 但是要求不要太高了 到处都是稻香村   分不清楚  只要味道不错 价位合适就行了,1
5634,总是没事儿的时候来这里逛逛很好！,2
5635,感觉商业化太严重，东西比较贵。,0
5636,吃的挺多的，炸面有点干，还卖果脯，烤鸭,2
5637,著名的商业一条街，商铺，商场林立……步行街，非常繁华！,2
5638,北京市的商业中心，各种商品应有尽有。,2
5639,多看少说、不问不买，是逛种类地方的原则,1
5640,王府井百货的质量不错的！价格也不错！,2
5641,东西贵的要死，人还很多，坑人！,0
5642,可以逛逛但是不值得留恋，下水道的味道充斥着整个街道,0
5643,非常不错，值得一去，吃喝玩乐。,2
5644,王府井可以说是北京最繁华的地方了，每次来北京都去王府井玩，地理位置优越，旅游的好地方，就是东西有点贵。去了很多景点，都非常不错。,2
5645,类似上海的南京路，一路上都是商场，购物+美食,2
5646,没啥逛的，就商场和纪念品小路。这里的全聚德烤鸭死贵，但一点不好吃。,0
5647,美好的地方。可以流连忘返。真心想留下来生活,2
5648,晚上去的王府井，灯光比较美，步行街马路比较宽，貌似和南京路差不多，没在那里吃过饭。,2
5649,北京繁华的商业街，值得看看，北京最后一站,2
5650,到北京就应该去的地方，购物各种需求都能满足。,2
5651,王府井是外地人最爱来逛的地方。,2
5652,外地人来北京都要走一遭的一条街，商品真的比较贵，质量还可以。,1
5653,说是北京最繁华的商业街，主要还是看看一些老字号，和上海的南京路步行街根本无法比，小吃街更是不敢恭维，去那里旅游走一圈看看就可以了，其实不去也可以。,0
5654,不错，逛逛就行了，买还是去专卖店。,1
5655,北京出名的大型的购物商圈，有很多店铺,1
5656,都是大商场，购物的话还好，里面的小吃街也并不好，王府井旁边有个美食城，去那找吃的比较好。,1
5657,商业购物街，我们也是走了一圈，拍个照片，感受一下,1
5658,2013年初为去盐城经过北京，顺道来王府井逛逛。,2
5659,本来已经觉得一个商业味很重的地方不太值得造访，去了后更觉失望，那里基本是让游客们缅怀北京老城区，但是那里的京味已经不大明显了，尽管如此王府井还是保留了北京最有代表性的商店。,0
5660,北京值得去的地方，王府井大街商业气息特别浓。只要用心，你就会发现，会有属于你的东西。,2
5661,北京最知名的商街，全国瞩目的地方。,2
5662,北京最繁华的商业街，外地人必到。,2
5663,没啥亮点…北京真的土，骨子里有一股土气,0
5664,人特别多，大多都是游客，小吃街人气特别高，周边商场也很多,2
5665,逛街购物必去之地，还有特色的王府井小吃街，建议去。,2
5666,王府井大街是著名的“中国第一街”，和巴黎的香榭里舍大道为姊妹街，是北京最有名的商业区。王府井的日用百货、五金电料、服装鞋帽、珠宝钻石、金银首饰等琳琅满目，商品进销量极大，是号称`日进斗金`的寸金之地。步行在王府井大街，八百一十米长的主街宽敞平坦，红色的花岗岩铺成的地面干净整洁。是一条充满现代气息、高品位、高标准的国际化中心商业街。,2
5667,各色小吃，特产百货齐全的很，还有很多北京特色的小纪念品也都能淘到，还可以讨价还价，能不能便宜淘到好东西就看还价的本事啦,2
5668,不要钱，商业街，去了王府井百货感觉蛮好的，可惜时间太紧没来得及好好逛，旁边美食一条街据说没什么好吃的，好多坑人的特产，也没有去,1
5669,可以的可以的可以的可以的可以的,2
5670,世界大都会，商场林立，名品繁多。,2
5671,怎么说呢 因为在上海呆惯了 所以看着也没特新奇 不过毕竟北京特色 看看还是可以的 不过五月份真的很闷热晒 小吃值得一试 注意安全小心被宰就好,2
5672,像上海的南京路，外地游客比较多，东西需要自己淘 像上海的南京路，外地游客比较多，东西需要自己淘 像上海的南京路，外地游客比较多，东西需要自己淘,1
5673,是经典的商业街，川流不息的人群，热闹非凡。高楼大厦，夜晚灯火辉煌，商品琳琅满目，店铺多多，不愧为商业区。总有你喜爱的东东哦。,2
5674,北京的繁华商业街。有很多的北京小吃，但是已经不是以前老北京的味道了，差远了。,0
5675,地方有很多好吃的，也有很多买东西的地方，奢侈品等等，品牌很多，还有小吃街……就是价格较高。总体来说，值得去那里逛逛，玩玩。,2
5676,小吃街，有好多小吃，然后购物，东西都比较贵！,1
5677,王府井大街上有一个天津狗不理包子，劝大家不要去吃，直接是坑人。味道差极了。好像还蒸不熟。面都发粘。价格更是贵的离谱。,0
5678,去过三次，最近一次，过年去的，特别喜欢北京！,2
5679,招牌景点游客非常多大家都喜欢来转一下，买不买东西不重要,2
5680,现在的王府井大街，真是脱变得很。,2
5681,来北京不能错过的地方，小吃，购物，特色。消费稍高，但吃的开心,2
5682,北京著名的旅游景点之一，北京的,2
5683,不知道是不是让我评价那口井，在路中间，免费参观,1
5684,北京王府井商场多，外地人必去购物。,2
5685,招牌景点 游客非常多 大家都喜欢拍照留念,2
5686,王府井热闹繁华，北京必逛之处！！！,2
5687,没觉得多好，商场，别的地方都有的！,0
5688,北京的老字号品牌之一，人很多……,1
5689,王府井小吃街还行就是太累没进去逛有机会再去吧,1
5690,人很多，多家大规模购物中心，各地美食。,2
5691,回忆中的王府井，20年后更加繁华,2
5692,东西都很贵，没什么好玩的。只有一个书店，没有美食街。,0
5693,逛完商场拐弯到小吃街看看，尝下老北京小吃，完美,2
5694,本次去到王府井，觉得变化很大，非常多的新店铺开张。,2
5695,逛逛看看就好，不要在这里吃小吃，不要买纪念品，新东安市场地下有个展示老北京风情的一条街，可以看看，高端连锁的名店可以吃一吃。,2
5696,购物的天堂！到这里什么都想买，方恨钱包不争气而己！,2
5697,进去看看，购物的商场挺多的。找了半天吃的，最后吃了个鱼头泡饼，味道将就吧。,1
5698,人来人往的购物天堂，在不断的发展中档次也不断提升。,2
5699,购物好地方，众多的商铺和品牌，能满足各种不同的需求,2
5700,觉得没有传说中那么好，就是人多，东西贵,0
5701,与前几年的王府井之行相比，王府井堕落了，刚一进入王府井街区，遍地垃圾，感觉不好，地下的美食广场，环境差，味道差，我可能逛了假的王府井？,0
5702,其实挺一般的一条步行街，吃喝玩乐都比不上西单，只不过历史比较悠久。,0
5703,这里汇集老北京的传统美食与现代商业圈的结合体，感觉很有人文气息，充满着北京的文化，各样小食人简直就是肩并肩，买手信也便宜，性价比也高，值得去，推荐一个,2
5704,王府井小吃一条街真的很好，各种好吃的，越往后面越便宜，不过一路吃过来也要百八十的，纪念品就不用买了，哪都有！吃的还可以！,2
5705,值得一去，美食街各种老店铺林立,2
5706,王府井的夜市小吃非常好，喝着酒，吃着串，呵呵。,2
5707,步行街一条，小吃街越来越差。。。不建议消费,0
5708,北京商业街，很有特点和氛围，喜欢。,2
5709,王府井，浓浓的民族怀旧风，每次去北京的必去之地。,2
5710,王府井美食节最尾部有一家爆肚非常好吃，排长队，店老板好像是上过电视吆喝声很大，这家爆肚对面有一个现做北京龙须酥的，25一盒，买二送一，大家切记切记这家龙须酥卖的是假货，你看到的和你买到的不一样，回家就变成了干块块，太恶心了太恶心了，一直以为北京人现在的素质提高了，没想到还是这样坏，去了很多地方真是北京人最坏最坏，现在网络这么发达还在卖假货欺骗外地人，我想你很快就会破产了，做缺德事是不会得到好报应的！...,0
5711,百年王府井，五十年步行街，几经变迁几经沧桑,1
5712,曾几何时是每个来北京人必去的地方，但是好多地方关了，不景气了,0
5713,王府井是逛街的好地方，什么玩意多有，小吃也多。,2
5714,王府井不仅是一个商业街，也有小吃一条街。不管是夏天还是冬天，王府井小吃一条街都会被形形色色的人挤得水泄不通。不过有些东西只能看看，价位有点高,2
5715,各地小吃都很全但是味道都不地道，不建议吃,0
5716,王府井区域有东方新天地、APM、银泰、北京百货大楼等多座大型的购物商场，汇集了国际、国内各大品牌的商店和众多饭店，购物、就餐都非常方便。还有瑞蚨祥、内联升、盛锡福等一众百年老字号，让人感受到浓厚的民俗风情。 品尝美食 除了购物外，品尝美食也是王府井游玩的重点，在大纱帽胡同北侧有王府井小吃街，再向北一点还有著名的东华门夜市。街上有老北京风味的炒肝、爆肚儿、豆腐脑、冰糖葫芦，有天津的狗不理包子、西北的羊杂...,2
5717,帝都最中心的商业街 有各类商场卖家 还有一条永远人挤人的美食街 在最北面能看见那口王府井 逛完广场后走路来这里也是很好的选择,2
5718,好热闹！很长的一段步行街！两边商铺很多！,2
5719,相当于上海的南京路，商贾云集，霓虹灯闪烁，热闹非凡。,2
5720,北京著名的步行街，各种出名的美食都在这，很多商场，很干净,2
5721,从故宫东边出口直接就到，值得逛一下，顺便购物～,2
5722,北京的一个景点之一，是一条商业街，很热闹的,2
5723,一直都喜欢的王府井还是那么高端大气上档次,2
5724,购物观景小吃应有尽有，北京必去的地方,2
5725,这里相当于上海的南京东路步行街吧。就是一个城市比较热闹的购物的地方。,1
5726,王府井百货什么都要，商铺很多，餐饮很多。,2
5727,北京的商业街，街道干干净净，商业化浓郁，今天去了正在建地铁，不过都围了起来，没有一点土。 街上有两书店值得去，其他稻香村等遍地都是，表店也多，人们逛街的好去处。,2
5728,去过很多次，城市的代表，环境很好，东西很全。,2
5729,环境不错，人多热闹，性价比一般！,1
5730,在王府井美食城吃了一次，感觉食物一般，不知道是不是没有找到好店家，好喜欢那个小吃街。,2
5731,滿是遊人的步行街，很難找到休息地方... 難道只有催人進入百貨店消費...？,0
5732,现代化商业街，但是有的东西居然比其他地方的价格是双倍，服务员都是因为这里是王府井,0
5733,现在不值得去了还没有15年前好,0
5734,建筑很独特，商品齐全，比较热闹,2
5735,北京最有名的购物街，各大百货商场和小摊小贩应有尽有，步行街，很热闹，可以走走看看。但是注意王府井小吃街很乱。里面卖的小吃基本不正。很难吃。要吃地道北京喂。推荐前门大街。都是店面干净老字号。,2
5736,这里很出名，但是消费价格总水平很高,1
5737,繁华的旅游区，人流量很大，老的百货大楼聚集地。,2
5738,以前经常转，有很多大品牌，就是人总是太多！,1
5739,北京的繁华街区，商场林立，不过卖的东西跟其他地方的商场差不多,1
5740,王府井大街是一条集商业美食为一体的综合性商业街。这条街有著名的北京市百货大楼。东安市场。王府井书店。工艺美术商店。从小就去哪里购物。商品齐全。服务态度超好。,2
5741,出差过来逛逛，想给老婆买东西，结果发现太贵啦,1
5742,上午逛的故宫，所以到王府井的时候就没有力气逛了，在apm吃了点饭，就回酒店了,1
5743,王府井？说的是那口井吗？没啥看的,0
5744,里边的小吃不错，挺好，人好多的,2
5745,北京名气最出名就是王府井一条街。,1
5746,和奶奶爷爷弟弟一起旅游时去的回忆,2
5747,商业非常繁华，是到北京购物逛街、品尝美食发好去处。,2
5748,王府井在中国很出名，我想大家都应该知道，它位于北京的东城区，往里面走商铺林立，还有一条美食街，上面的美食都很好吃，很有特色,2
5749,购物天堂，既有高端商品也有北京特色商品。,2
5750,有钱人的天堂，穷人的地狱。因为没去过想去看看，也不知道在哪里看北京的夜景，晚上吃饭吃了个半饱花了298，一个狗不理包子20，全聚德烤鸭298我的天呢玩不起回去了,1
5751,不错，都是一些小吃，挺多的，人也挺多,2
5752,很一般，跟想的一点都不一样。还是去别的地方转转吧。失望,0
5753,适合购物，高端大气上档次的商业街，应该是跟上海的南京路差不多吧。,2
5754,一直聽說，去看了不值得一去，有點破,0
5755,王府井是北京著名的商业步行街，历史比较早，来北京必去景区。,2
5756,聚齐着很多的美食与奢侈品。是首都的一美地方。,2
5757,王府井位于市中心，这里有很多的老字号，商业聚集，是旅游购物好地方。,2
5758,商業中心和游客聚集地，堵車沒商量,0
5759,王府井位于东城区市中心，这里是国际化大型商业街，这里有很多的老字号。,2
5760,值得去的经典地方，好吃的大大的,2
5761,来北京一定要走一走王府井大街！,2
5762,随便遛一遛吧，挺繁华的，和平路差不多,2
5763,王府井位于东城区，这里是大型商业街，有很多老字号，小吃，是购物最全的购物场所。,2
5764,王府井大街，这里是购物和旅游为一体的好地方，人也很多哦。,2
5765,怎么形容现在的王府井堕落两个字更贴切一些吧高楼林立商业气息浓重所有商品都可以冠名为专卖外地人估计很多人来王府井都是想体验一下老北京的感觉可以很明确的告诉你现在这里没有有的只是失望失望的我连照片都懒得照,0
5766,很好，来北京一定要来这里感受一下,2
5767,每个地方几乎都有一条繁华的步行街，北京也不例外，就是这里了，不过说实在没什么特别，没有特别购买欲。,1
5768,王府井是北京比较大的商业街，这里有很多的老字号，还有很多的国际大品牌，欢迎大家来北京要去王府井看看，,2
5769,北京必去景点之一，不过外地人偏多,1
5770,王府井是北京最有名的购物街，这里人太多了,1
5771,来北京没去过的一定要去，吃喝玩乐都有，还有一条特色小吃街，很有名，但是味道很一般。,1
5772,一个繁华的商业区，对吃货来说是个好地方！,2
5773,北京的王府井一定要来看看，人很多，商店和餐厅也很多，很热闹，夜晚很美，适合购物，就餐，溜达。来北京的人一定要来看看，我很喜欢。,2
5774,名气响当当的王府井大街一定要去，可以采购一些特产！,2
5775,中华商业第一街上人烟稀少，感觉名不符实。王府井小吃街啥都没有，甚是失望。,0
5776,就是商业街，东西很贵，想买特产还是去超市比较好,0
5777,对吃货来说已是一个天堂！ 各种好吃的。。。什么都有，在市中心，交通非常便利。来北京一定要去。,2
5778,小吃一条街可以去溜达一圈，可以在那的稻香村糕点店选些喜欢的糕点味道非常不错，附近的全聚德烤鸭是一定要吃的，但是一定要在总店里吃不能买真空的完全不是一个东东,2
5779,商业街，东西特别多，高低档都有，特别是小吃街，很多特色美食,2
5780,人多，东西价钱还可以，餐厅种类少,1
5781,热闹的步行街，挺不错的。可以逛下,2
5782,要购物总要到王府井大街逛逛的。,2
5783,商业街，里面有很多老北京特色小吃和农产品，稻香村和全聚德礼品都在这里有卖的，就是价格小贵哦,2
5784,商业繁华地段啊，这没啥说的，得去，哈哈,2
5785,一条路都特别有特色，东西很齐全，不过对于我个人来说，不是消费的地方,2
5786,也就游客来这，东西不好吃，而且死贵，问问价格有些老板就说，买不起就不要买嘛，至今记忆犹深，不推荐,0
5787,街上忽然有人找我拍照，说服装搭配很棒！果然之后几年都在一个网络上看到其他街拍的达人。觉得是一件新鲜事。已经过去有8年了吧,2
5788,就是人多，毕竟名声在外，南头儿的王府井书店和北头的外文书店还有中间的百货大楼还是老样子。,1
5789,说实话王府井现在已经特别现代化，找不到那种老北京的味道了。不过还是有一些中华老字号。小吃街还是很好的。,1
5790,北京著名的购物区，两边商铺林立，完全是国际化大都市的繁华，知名品牌很多,2
5791,小吃街。还有爆肚好吃，各种各样的小纪念品。,2
5792,夜色很美.商家云集.王府井百货大楼很大.御食园.稻香村等应有尽有,2
5793,很多特色小吃，非常好。值得一去。,2
5794,有很多好玩的，很壮观。有很多商场，还有买特产的。,2
5795,没有想象中那么好，和一般的商业街差不多，没有什么京城特色,0
5796,东西好，多，靓，齐全，是购物的好去处。,2
5797,如今全国各地都有类似的步行街，看多了也觉得麻木了，其实也差不多，这里就是历史悠久一点而已，逛逛也无妨吧。,1
5798,北京的王府井就好比上海的南京路 很繁华的 很多店,2
5799,京味小吃很多，老字号的商店很多,2
5800,这里有很多从前的传说很多故事，现在这里是非常繁华的商业街，北京王府井大街不论谁都会去逛的地方，从大的商场到小的纪念品商店，另外小吃纪念品最全的地方，让人无时无刻都有一种拍照的冲动。王府井，不要只有主路，走走小路有很多不一样的味道。,2
5801,无论是趣味还是性价都比别的地方要多，便宜！而且东西多！逛街的地方也多！吃得也还不错哦！,2
5802,东西很多，但是很贵，如果你不看清价格就买的话，绝对会被坑死，而且味道还不怎么样,0
5803,在古代只有和皇上走的近的王爷才有资格在这里开府，但现在搞成商业步行街，完全没有北京王府的特色，这种商业街哪里没有？,0
5804,这里小吃街里面的饭馆超级黑！！街边的美食很不错,0
5805,去了就购物的节奏！还有好多小吃，逛街真的不错,2
5806,中国最知名的商业区之一，就如上海的南京路。无论是白天黑夜，无论是节日平时，永远是人山人海。沿街商店林立，各有特色，但真正值得买的不多，就作为景点看看就行。,2
5807,王府井步行街特别热闹，人也特别多，吃喝玩乐都有地方，很方便，也很有意思。,2
5808,烤鸭 不好吃 还好贵 还不好坐车。还是我们大北屯好,2
5809,北京著名的购物商业街，和其他城市商业街差不多，大同小异，小吃一条街倒是可以去看看，不过东西没以前好吃了。,1
5810,北京标志性的步行街，如同成都的春熙路重庆的解放碑，但是这里的东西稍微贵一些。,1
5811,太差了， 别去小吃街， 完全就是坑爹， 说话15 买单变成45，小吃是分开点的 骗你是配套的， 那里完全就是骗子！,0
5812,这是第二次去王府井大街了，第一次是去在2013年的4月份，那次是在白天，这次是在晚上，晚上王府井景色很美，人熙熙攘攘的，看到了很多小吃，买了两串羊肉串，花了10块，不算贵吧，和家人们去那里走走蛮好的，感受下百年老店们的魅力，只是东西好贵啊，一瓶茉莉花清茶要元，比别处贵一半a，,2
5813,现在王府井建的越来越好了，来了很多国际大牌这些，再不像以前那样土了，而且这边吃饭的馆子也越来越多，很好很好！,2
5814,商场很多，购物很方便，在这儿能买到北京特产带回家，很方便的。,2
5815,北京比较知名的一条街，繁华，喧闹。小吃，工艺品，大型商场一应俱全，值得逛一逛。糖雕也有，很喜欢。,2
5816,王府井永远那么繁华，但是商业味道太重，北京人说这里就是糊弄外地人的地方,0
5817,奔着小吃一条街去的，逛了两三个小时，收获不小！,2
5818,这里的夜景很美，晚上人也特多，小吃比较好吃，也是旅游买特产的好地方。,2
5819,推荐一家800米海鲜自助，就在王府井入口。很不错。小时候的样子，只是很多店铺变成了外国品牌连锁。本来想去吃东来顺，结果排队要等超级久，如果有人想去，可以先排队，逛逛再去吃,2
5820,这里的小吃真是一级棒，看都看花眼了。哪个都想品尝一下，就是肚子不给力，实在是放不下了。,2
5821,类似于上海南京路步行街，钟表店比较多。北京地方味道也有。规模上不如南京路。,1
5822,我觉得王府井大街也没什么好玩的啊，除了购物就是购物,0
5823,景色非常漂亮 景点非常迷人，人不多，也不贵，性价比很高,2
5824,王府井百货大楼，四联理发店，苹果装卖店，王府井书店，是这边的特色！高端名牌店比比皆是！,2
5825,著名百货和步行街，但是现在越来越平庸，跟其他地方差不多了,0
5826,京城繁华之地，游人如织必去之处，借居附近六载，终要离开。,0
5827,一条商业街，有一段改成步行街了，有空可以看看。不用专程赶来。,1
5828,没来过北京的得去一次，去过北京的呢。。。呵呵,1
5829,老北京特色，各种百货，小吃，很值得一逛。,2
5830,一条全国最有名的步行街 商场很多 就是停车很麻烦 还很贵,1
5831,特别要说一下王府井小吃街，怎么这么脏兮兮的，脚都下不去，再也不会去了！主干道也是没什么特色，根本和上海的南京路，淮海路不好比~~都是特产店，大同小异的。毫无意义！,1
5832,现代化商业街，人太多了，名气大，连外国人打劫都选在这里,0
5833,来北京一定要来王府井，逛商场，品小吃，玩得很开心。,2
5834,跟大多数旅游城市的繁华的商业街一样吧，很多就是针对游客开的,1
5835,很热闹，店面很多。是购物休闲的好去处，值得一逛。,2
5836,王府井的商场还都很贵的，底商那些小店可以转转，品种多,1
5837,人多热闹，。  来这里购物很好，，，，，,2
5838,逛逛就行别买东西，别吃东西，工艺品都一样那里比较贵,0
5839,繁华热闹，商店林立，商品齐全，人也非常多。,2
5840,非常热闹，卖小吃的和卖小玩艺儿的都挺多的。,2
5841,其实就是因为这里有一口井，才叫王府井的，不过现在发展成了跟上海南京路一样的步行街～,1
5842,外地人与歪果仁来北京必去的一个地方，带上钱就行！,2
5843,北京必到景点之一，步行街两边都是百货商场，想吃性价比比较高的饭，就到apm里，好吃的东西很多，都是连锁，不会黑钱。王府井的小吃街还是别去吃了，那里卖的小吃贵，而且不太干净，想吃，就去鼓楼那边的老北京小吃店去吃。卤煮，炒肝，要啥有啥。带着孩子来的，可以去儿童城里看看，买点喜欢的玩具。,2
5844,热闹繁华之地，店铺林立，鳞次栉比，百货、服饰、餐饮、工艺品......,2
5845,值得去看一看，看风景、吃美食、买东西一样不拉。,2
5846,在王府井逛街的时候看的多，卖的少，逛完之后直接到小吃一条街，看着各色小吃直流口水。还好每一份的分量都不是很大，吃了好几种，味道好极了。,2
5847,很好。干净宽敞，货物齐全，服务周全，性价比高，人多但不拥挤。,2
5848,去到了，据说是北京最热闹的地方，来到北京，一定要看看的，很好的商业区！,2
5849,很多游客都从这里买特产 北京人来这里一般只是吃,1
5850,就各种物品琳琅满目。真是让人眼花缭乱。钱少不要到这儿来。,1
5851,购物天堂，整条街都是购物步行街，还有小吃街，不过晚上才开放，价格有些高，不是很推荐来这吃小吃。,1
5852,人那叫多啊…住在了附近所以晚上可以逛逛，很热闹,2
5853,到王府井一定要到步行街，还有的是要看看金街的。,2
5854,小时候经常来，后来被旅行团承包了……来的就少了。现在住在附近，会经常去新东安上面转转，年轻时尚的牌子还是有一些的，价格都不贵,1
5855,兜兜商店还可以，其它的实在不敢恭维，人多，北京烤鸭和刷羊肉有些失望,0
5856,这里的小吃街小吃很多 酸奶 烧烤 涮肚 烤蝎子 有几家的味道还是很好的 一般街中或街尾的性价比高 出了小吃街两侧有商场 小吃街对面的新光天地里地下一层也是有家很好吃的甜品冰淇淋 还有一些特点的餐馆,2
5857,几年前去过，人太多了！商场东西都不便宜，转转看人玩吧！,0
5858,王府井在全国也算有名的商业街了，来北京除了到王府井逛街外还可以吃各种好吃的！,2
5859,老字号的商业街，基本上什么都有但都没啥特色，游客一般都会去吧，真逛街还不如去旁边的东单西单。,0
5860,国庆期间除了人还是人，另外里面有条小吃街（不是从门口进去的那条长街，是差不多一间屋子多点的地方，可以坐下来休息的那种），看着不怎么卫生，味道不好，价格比外面的东西还贵，估计也是国庆节乱宰人的，建议大家不要去！,0
5861,很拥挤，可以去外文书店看看，人不多。特产良莠不齐。,1
5862,原来的购物街就是东单西单王府井，其实最热闹的就是王府井，比较高档一点，现在西单也很火了。,2
5863,我们住在王府井后面的金鱼胡同，所以出来逛街很方便。那条美食街要小心，卖烤串的几个年轻人不诚实，当着客人的面，都敢少给。我是亲自数给他们看，逼着他们给我的,2
5864,王府井中外文化大集合，有西式，还有中式，每个旅行者，到中国北京的必到之地，,2
5865,去北京必去之地儿，了解北京的吃要从这里开始，品尝北京的小吃要从这里开始。,2
5866,重要的说三遍，千万不要去小吃街吃东西，千万不要去小吃街吃东西，千万不要去小吃街吃东西！,0
5867,人多，吃的东西对大众来说贵，真心并不好吃。但是店面和吆喝声很有特色。建议去感受一下，但别动真格。就是在夜市街的出口有一处边吆喝边唱卖，很特别。出口左拐走几十米，有处陕西小吃，是位老太太开的，适合西北人，东西比较地道，价格便宜，可以垫垫肚子。希望对大家有用。,1
5868,北京的地标性商业街，有很多的北京特色美食和点心。,2
5869,值得去，人多现在，最好国庆假期结束再去。,1
5870,每日大街上人满为患，尤其是到假期中午吃饭比较困难,0
5871,逛街还行！不要去小吃街！难吃还贵！我就不重复三遍了！切记切记,0
5872,人很多，买东西的也很多，都是些特产，可以买回家当礼物送给家人,2
5873,北京的大王府井，旅游购物的好地方，有轨电车,2
5874,节假日人多，还算比较干净的地方，步行街小吃挺多的，价格不算太贵，最喜欢吴裕泰的抹茶冰激凌这个可以有,2
5875,新东安不错！人流量大，但也不是很拥挤！买到了自己想买的！性价比高,2
5876,时尚化，大公司很多，感受企业氛围非常好。,2
5877,每次来北京都会带宝宝去，超级喜欢，非常喜欢,2
5878,王府井是步行街，最有名的是百货大楼，走到新东安那边晚上都会有夜市，卖的东西都很好吃。,2
5879,就是一条商业街 ， 各种百货 ， 偏巷卖一些历史纪念品 ， 小吃街不便宜 ！ 和上海的南京路差不多 ！,1
5880,人山人海，各种服装品牌齐全，特别是人气极望，小吃街特别多吃的喝的，特别多人，推荐去看看！,2
5881,北京附有国际特色的一条街，其实就是商场一条街，国际大品牌比较多，北京人很少来这里买东西，都会去一些比较实惠的地方，老外比较多。,1
5882,有好吃的东西，和纪念品。然后还有好多比较名贵的衣服，超级喜欢,2
5883,都是步行街，老字号聚集在一起，体验老北京的文化，必须去。带些纪念品回家。,2
5884,但不、不丷！这一之前一直1⃣️一起玩－但．今天我们在一起吧唧吧,2
5885,王府井一直是全国闻名的商业街，但是来了一看感觉也不过如此。和上海淮海路差远了。,0
5886,北京著名的商业街、南起东长安街、北至美术馆、是一条集吃喝玩乐、购物休闲的名牌步行街。商品琳琅满目、高中低档次适合不同消费层次、吃食店多、尤以小吃著多、王府井购物商城更是名响四方、那气派、那商品、那服务都是一流、值得一去。,2
5887,人很多 但是有很多好玩的好看的 还可以逛逛街 看电影啥的 总体来说还是不错的,2
5888,都是游客本地人很少去，很多工艺品店，还有王府井书店不错。,2
5889,王府井的美食小吃一条街好吃有特色，值得一来！,2
5890,北京第一步行街，晚上灯火通明，各种小吃琳琅满目,2
5891,吃了两碗泡馍和一个大饼，180块，早知道不如吃烤鸭了！,0
5892,北京最繁华的大街，餐饮娱乐购物集于一体，购物中心,2
5893,"王府井小吃街真的太坑人了，千万别上当受骗了，一定先问价格，他们不告诉你价格，直接盛好，你不买都不行了，我买了一碗豆花25元，其他地方五块钱就买到了，我问他多少钱他不说直接盛好了，说去交款吧，一看25，告诫大家不要买啊，别再上当了，而且服务极差，我看到好多人问价格，都鸡皮酸脸的不说，就给装好了，就要钱。无语O__O""…北京还有这种强买强卖的，就是强盗呀",0
5894,免费游览，购物大街，北京最长的购物大街，很多名店，吃住游购都有。教堂也不错,2
5895,王府井真的好繁华，吃的、喝的、玩儿的、用的，只要是你想要的那里都会有得卖，就是消费高了点！,2
5896,这个地方不错，随心逛逛，一路上没有拍照，只看沿途风景人，带上家人朋友，出门散散心，放松一下，感觉还不赖。,2
5897,商品是琳琅满目，多种多样，玩儿的很尽兴，很是开心！,2
5898,繁华的都市大街，可以前来购物感受，多种品牌和商品汇集。王府井步行街尽头有一个小教堂，也是拍照的好去处。,2
5899,商业步行街，可以看出以前的繁荣，现在基本上是外地人采购的地方，物价太贵，不如西单实在。,0
5900,时尚大气，品牌齐全，既有奢侈品，也有经济实惠的大众品牌，逛累了还有丰富的美食给大家选择。,2
5901,很漂亮的购物和休闲的环境，但千万不要购物，太贵了。,0
5902,有好多好多吃的，会吃到撑，商店很多，有贵有便宜的,2
5903,是个让你来了不想走的地方！作为北京人，西四那边的老胡同其实更有韵味价格也比庙会的便宜，推荐。,2
5904,有许多让人流连忘返的小吃！和引人注目的建筑！,2
5905,环境非常好，特别不错，非常给力。不错不错,2
5906,奢华与文化并存，历史与现代同在。北京必去景点,2
5907,吃的还可以，那边的镜子屋挺好玩的。一定要去…,2
5908,就是热闹，人太多，出租车挑活。不想再去，没啥特色。,0
5909,跨年那晚去的，因为去的晚没有什么人了，比较失望的一点是那里没有倒数活动,0
5910,晚上去的王府井，一条小吃街的人们很热情，都在大声吆喝！有很多的外国游客。,2
5911,值得一去，尤其是第一次来北京游玩的朋友，一定要去这里走走，看看，逛逛，吃吃……,2
5912,很贵的地段，商旅人士在这里住宿，高消费人群在这里逛商场，还有旅行的人来这边吃小吃，已经不是原来的“一把抓”时代了。,1
5913,物价有点贵！不过还是值得一去的.以后还会去！,2
5914,在这边买了好多特产、吃的还有住的蛮贵。开心,2
5915,旅客很多，商场也有好几个apm 新燕莎购物金街 王府井百货 新光天地 还有王府井书店很多美食还有小吃街,2
5916,繁华，繁华，繁华，重要的信息我一般 说三遍,2
5917,老字号比较多，值得一去，很有中国特色的地方,2
5918,对于外地游客是个必来的地方，但人真的太多了。推荐年轻人去APM，时尚年轻动感。中老年去王府井百货，新东安。,2
5919,很好！值得推荐！很好！值得推荐！很好！值得推荐！,2
5920,花样多，产品多，北京特色。去北京一定要去逛街,2
5921,很不错，首都嘛就是人多，价格也不错，挺好的,2
5922,王府井已经不是原来的王府井了，商业化太严重，个人觉得没啥意思,0
5923,一起经常去买衣服，有一段时间没去了，不要吃那边的小吃，很难吃！,1
5924,这也算北京的一道风景线，没有人不知道这个地方，这里可以撒开欢的买，敞开怀的吃，吃喝玩乐应有尽有，晚上灯亮起来的时候也不错呢,2
5925,地方真挺大的，购物啥的还有吃的真不用担心。人超多，注意安全,2
5926,北京的标志性地标了，就像上海的南京路一样热闹，夜景也很美。,2
5927,购物没有特色，最好的算是有王府井书店，距离故宫近，适合晚上闲逛。,1
5928,东城区的一个大型购物区，很繁华，一般来说人比较多，附近有美食一条街还有很多老北京的小吃，大家可以尝尝老北京酸奶。,2
5929,北京的地标性地方，有名的商业街，经过这里，拍拍照逛逛街。,2
5930,人很多，没什么可去的，与其它城市购物街雷同,0
5931,我是经常去那儿闲逛的、人气特别旺、况且小吃特别丰富、玲琅满目的各种地方特色的名吃汇聚！还可以买到各种各样的民族服饰及各样小饰品！加赞,2
5932,王府井有个教堂。好像是清朝时修建的。值得去看看。还有小吃一条街，都是特色。,2
5933,这是北京最热闹的地段，好吃的特色的样样有，去北京旅游的人们是必到的一个地书。,2
5934,小吃街，各种烧烤，还有昆虫的，汤包也不错吃哦。,2
5935,很热闹，来北京估计都会来王府井逛～边逛边吃冰糖葫芦,2
5936,喜欢购物的人可以去！人山人海！我本人不喜欢！我喜欢去西单图书馆！,2
5937,就是商业街，比较高端的，还有些传统的东西。特色少。,1
5938,非常热闹的街道，太多好玩的了，十分满意的旅行,2
5939,繁华的商业区，最爱那里的稻香村点心，糖葫芦，驴打滚等小吃。衣服牌子很多高大上，不缺金的话能买到好东东。,2
5940,全国有名的商业街之一，但是感觉没有上海的南京路繁华，大型商场不是很多。,1
5941,王府井大街，有名的商业步行街。这条街上有很多老字号，很多卖北京特色小吃的，有个小吃街。坐地铁来也很方便。,2
5942,好多人!东西很多，小吃也好多，景色白天晚上不同。还是不错的,2
5943,来北京不去王府井你都不好意思说你去过北京，那里的小吃和商铺很多适合各个阶层的人们，不去可是要后悔的,2
5944,最传统逛街地方，还不错。可以再去，性价比还是很高的未来还会推荐朋友,2
5945,王府井大街是北京有名的商业街，有各种各样的商品，有空可以来玩玩的！,2
5946,这是北京知名大街，有很多有名的小吃，而且各种商场，饭店很多。你可以体会王府井的热闹。,2
5947,人太多啦！王府井书店非常好，小吃不怎么样，东西很贵,2
5948,著名的商场，装修好，商品丰富，服务好，价格也佳。,2
5949,因一口供达官显贵饮用的甜水井而得名，计划经济时期的百货大楼是当时最好的商场。今时今日的百货大楼变得时尚大气了。,2
5950,王府井著名的景点，步行街两旁有很多店，著名大百货大楼，然后还有王府井小吃街比较坑人,1
5951,说吃的一条街简直太小了，王府井也小，都没几下逛！就碰巧有个古董车车展看了一下的！,0
5952,满怀期待去的 小吃街大多是铁板鱿鱼 买了一个油炸冰淇淋 就像炸面团 没味 幸好只要了一个 小吃街全是人 里面卖东西的地方很便宜但要往里面走 小帽子才十元一个 外面跟小吃街挨着的摊主都不怎么热情 特别是一个男摊主 我拿了一顶帽子觉得价钱不合理 放下他居然说什么一看就是没钱 买不起的 我想大家不想买还是不要碰这样素质低的摊主并没有让大北京留给我不好的印象 只是该怎么说呢 既然在北京景点做买卖还是给北京长点脸吧 不推荐...,0
5953,八座王府和公主府，因一口供王府饮用的甜水井而得名，旅游特产老字号云集。,1
5954,其实个人觉得王府井就是购物者的天堂，这边有个很大的苹果专卖店，过来看过一次手机，小吃一条街也在王府井，很贵的。,2
5955,中国的一大特色，步行街上都是外地人，本地人都在外地的步行街。,0
5956,北京商业区之一。游人如织，商业味浓厚，东西价格不便宜。,1
5957,人很多，基本都是游客，很多商城促销，还有书店可以歇歇。适合各个年龄来。,2
5958,王府井小吃街值得去，还有王府井小吃街里有王府井的由来！王府井具有老北京特色！值得一去！也是购物的首选！,2
5959,中国著名的步行街，南有南京路，北有王府井！,2
5960,这里是游客为主，美食街的东西也不地道，有点小失望，但稻香村的糕点还是可以吃下,1
5961,商场林立，大牌云集，但也有很多旅游纪念品小店，除非外地旅游，否则不建议去，逛逛可以，买些老字号的东西也可以，其他的就只看看就好了。,1
5962,和大多数城市的商圈一样，只是它是首都的商圈而已，到处都是卖特产的，而且东西也不便宜,0
5963,商业街，不过那么宽的马路作步行街，感觉不好。显得空。而且两旁的商店档次不行,0
5964,入口处的小吃街人气很旺，可东西都不怎么好吃，价格也贵,0
5965,去到那里，人很多，不过吃的不多。东西也偏贵。,0
5966,王府井小吃街可以，挺好吃的品种多价格也是在可以接受范围。,2
5967,放大版的南京狮子桥。美食城的东西比较贵，味道也一般。,0
5968,这是个没什么性价比的地方，在北京人眼里卖东西也算特别贵的。北京的高档服装、餐厅、品牌聚集于此，交通很方便，逛街一天也走不完。想买金饰、特产、纪念品这里最全，想吃涮羊肉、烤鸭这里也有，保真，保质，但想尝尝北京的小吃这里肯定不正宗，北京现在取缔大排档，没什么小吃街可言了，这里的小吃街贵而难吃，逛逛买点小玩意儿还行。,1
5969,"这次去北京到王府井感觉不错,气氛热烈,有北京味儿！",2
5970,商业繁华至极，早上晚上去拍照还行，白天就是一个词：人山人海,1
5971,王府井还是挺气派的，感觉上有点中西结合，既有中国传统韵味，又有繁华的一面。旁边的美食街还不错。没去过还真得去看看。,2
5972,每天都要去的地方T^T因为要上班真是让我又爱又恨啊大型商场很多还有好多好吃的店就是平时人太多了我还是更喜欢清净一点的地方,1
5973,儿子最喜欢这里的新中国儿童用品商店和新华书店，是每次必去的，当然东西并不便宜。观光车不错，可以听听讲解。人非常多，交通便利。,2
5974,节假日人很多很乱，街边稻香村不是正经的那个。shopping mall里的餐厅有些还是不错的。,1
5975,北京著名的商场，上市公司，商品齐全，营业员素质高。,2
5976,越来越多的年轻人品牌入住，还不错。就是人多，东西贵,2
5977,说实话很失望，就是一个大点的步行街而已，小时候曾经幻想它是一个高端大气的地方，可能长大了，看过的东西多了吧。游客很多，大都是慕名而来，里面的有条巷子可以买特产，但价格都贵了，不推荐。,0
5978,北京很有名的商业街，王府井百货、新东安市场、王府井教堂等很有名的地方都值得一逛。但是感觉价格偏贵，街边的特产店不是很正宗。,0
5979,典型商业街，人流相当大，不过里头有不少美食店铺分布,2
5980,北京有名小吃一天街！从早到晚的人都很多！,2
5981,北京的金街，很繁华的商业步行街。各种大牌和奢饰品。,2
5982,这边购物比较贵啊，不是我这等小民买得起的。倒是周边的小吃非常不错，当然也比别的地方贵，但还是能消费得起的。来北京嘛，来都来了……,1
5983,老北京风情的王府井小吃一条街，随处可见北京烤鸭和特产,1
5984,原來不是－个商場，是整－条大街，入口处是小吃小条街，小工艺品卖买。大街尽头是手信食品店，礼袋裝70多元糖果，国企。,2
5985,来北京逛街的必选之地。 北京的王府井商业街与武汉的汉正街、上海南京路等并成为中国著名的商业街，大街经过多年的改造，旧貌换新颜，变化可谓日新月异，每天都迎接来自全国各地的游客，到北京不来王府井就不算来到北京，已经成为约定成俗的事情了。 交通路线：公交车104路，地铁1号线王府井车站下车。 适合旅游时间，一年四季皆可。 费用：免费 夏天有露天酒吧，渴了可以喝一杯啤酒，再看看街景和美女。 北京一百和工艺美术大厦逛...,2
5986,很好和朋友去很开心她还顺便在苹果专卖买了手机,2
5987,晚上的王府井特别特别热闹，特别是小吃街，我最喜欢那条小吃街，里面的羊肉串又大又好吃,2
5988,很不错，每次去北京都会去逛下，吃点小吃，买点化妆品,2
5989,北京的繁华地带，可以玩可以逛商场，还有很多的好吃的，比较适合吃货的朋友们！,2
5990,并不是想像那么好，小吃街味道重，没食欲，拍照人很多吃的人少,0
5991,这里很不错，逛逛街，买买东西很不错的啊。,2
5992,这里吃喝玩乐一有尽有，我们玩了一天，很开心的。,2
5993,王府井大街是北京最有名的商业区。这里高中低档商店都有 跟西单并列分布在故宫东西两侧,1
5994,第一次来这地方，感觉是现代化，但也保留了很多的百年老店，比如那个吴裕泰，卖茶的，其他的我就没什么特别的感觉了，然后就是小吃街，可惜我们吃饱了去的，也就没进去，不过我们去了鬼街，晚上的鬼街真是火啊，店铺一家挨着一家，主要是烧烤，好像在北京，什么东西都能烤似的，不知道上海有没有这样的地方,2
5995,王府井是一条商业街，可以在那里购物，逛累了可以去王府井小吃街吃吃东西~,1
5996,很多商场，很多吃饭的地方，还有小吃夜市什么的,1
5997,这里都是高大上的商业区，各色餐厅和名单在此落户，还有美食一条街，这里可以说是北京最著名和繁华的街道了，但是个人觉得没有上海的南京路繁华，但两个地方都是一线城市的地标之一,2
5998,北京最繁华的一条时尚商业街道，运气好的话会遇到明星哦！和上海的南京路步行街差不多，一样是人山人海的。,2
5999,王府井现在已经不仅是一条步行街了，而可能更多的是成为一个北京的旅游景点之一了，每天慕名而来的全世界各地的游客都络绎不绝的，这里还是有几家老字号，但价格都贵得有点离谱，似乎已经脱离了实际了。,1
6000,中国最著名的商业街之一，现代气息浓郁，北京著名景点，逛逛可以，购买紧慎。,2
6001,来这里。吃小吃，买特产，看人多的地方，王府井有小吃街，也不全是北京小吃，小吃已经多样化了。很不错。,2
6002,每次去北京都要逛逛繁华的王府井大街，好多大型的商场，还有小吃街，买北京特产果丹皮之类的零食,2
6003,太失望了，传说中的王府井有些落后，比起南京路，江汉路，上下九差些。浪费时间了,0
6004,北京王府井挺热闹的，也挺繁华的。近似与天津的滨江道吧，夜晚的景色更是美丽，小吃超多，是吃货的好去处。,2
6005,王府井主要是购物者的天坛个，很多东西都能够买到，小吃一条街上面 东西也是蛮好爱吃的，坐车也是非常方便的。,2
6006,小摊位 小店铺不少 卖的小吃不少 不过开在商业圈的小吃 味道一般 价格又贵 真心不推荐多买来吃 对了这里还有不少店铺卖那些重口味的小吃吃 蜈蚣 海马 蚕蛹 蝎子。。。看来我是承受不了 看看就可以了,0
6007,慕名而来，夜里去的，灯火辉煌，商业气氛浓厚！ 晚上来这里散散步，蛮好的。。。 来北京不到王府井，就等于到上海没去南京路，，，,2
6008,王府井步行街是具有数百年悠久历史的著名商业区，在北京享有金街的美誉，客流量约60万人/日，节假日超过120万人。它位于市中心的东长安街北侧，具有悠久的历史。也是经常能见到明星的地方。,2
6009,很长的一条步行街，商场林立，北京购物中心，总来都是熙熙攘攘。千万别去王府井小吃街！都是骗外地人的！,1
6010,，这个地方名气很大，不过我印象不深，光记得在里头某个小吃城吃了很多地方小吃~王府井的店东西都贵得很，不是我等小老百姓消费得起的，只能去简单看看了……不过这地方经常会有明星办一些签售会啥的，冲这点，还是挺好的~,2
6011,王府井的环境还真的是很好的，真的是很繁华的一个地带了，比其他地方的一些商场里的食界要好,2
6012,来北京旅游必须去的景点，是购物一条街，和东单、西单一起联合成北京主要的购物地块。,1
6013,这里和上海的南京路可以说是全国最繁华，最著名的步行街了当然美食店也不少，人气非常旺盛。,2
6014,人非常多。很拥挤，吃的也很多，街道很窄，里面有一个爆猪肚。很好吃,2
6015,吃的挺多，就是人太多，到了饭点走哪都要排队！,0
6016,王府井大街，我相信只要来过北京的人应该都去过吧，著名的繁华商业街，跟上海的南京路差不多，要啥有啥，吃喝玩乐，我和小伙伴在这吃了顿全聚德，不同凡响，贵啊。。。桑不起，哈哈。在这还买了很多乱七八糟的甜点特产。,2
6017,王府井小吃街，跪求莫进！！！太失望了!！！！！,0
6018,哈哈，这个地方真的很对我的胃口啊，有好多好吃的东西，如果你是吃货，那你就来对地方啦,2
6019,周末到王府井步行街去游玩，这里和上海的南京路可以说是全国最繁华，最著名的步行街了。这里不但有全国规模最大的中国照相馆以及利生体育用品中心，不错。,2
6020,人太多~外地人的天堂~看电影去横店很便宜的说~~,1
6021,王府井小吃街，老北京风味浓厚，主理老北京餐饮。进入小吃街，可让你马上体念到老北京小巷子那种狭窄感。,2
6022,因为北京有分公司，所以有时去那里出差。我是上海人，感觉那里类似上海的南京路步行街，是北京非常繁华的街区，各类百货商店琳琅满目，卖什么的东西都有。当然美食店也不少，人气非常旺盛。,2
6023,这条大街现在已经拥有了亚洲最大的商业楼宇，密度最大、最集中的大型商场、宾馆与专卖店。王府井还是国内商业旅行社联结最近的大型购物场所，国有品牌、老字号最集中之地,2
6024,王府井小吃街人山人海，小吃街本来就很窄，人挤人，我们在小吃街的最西边看到一家“崔记爆肚”，卖爆肚的师傅边做边吆喝着，排队的人也很多，做的爆肚味道很不错，我本来是不吃内脏的，我们两个人一个晚上先后去了两次。王府井的豌豆黄20元钱一份，太贵了，不要再这边吃,2
6025,北京著名的商业街，地段繁华，到北京旅游，住宿可以考虑在王府井，交通方便，购物就不推荐了，卖的都是国际大牌。,2
6026,🗿雍和宫：探寻内心的宁静之旅🚶‍♀️,1
6027,雍和宫，是北京最大的藏传佛教寺院，也是全国规格最高的一座佛教寺院。雍和宫要早点去，因为烧香的人很多，如果许愿要带着诚心去，心诚者灵，心愿实现之后还要去还愿，交通很方便，地铁2号、5号线到雍和宫下，C口出，公交方面也是有很多到雍和宫。雍和宫的门票是每人25元。雍和宫安排2.3个小时就行慢慢逛，早上去中午出，出来后可以在雍和宫附近吃饭，有很多饭的店。下午还可以逛一下孔庙、国子临、什刹海。,2
6028,地铁2号线就有雍和宫一站，出站步行一段就到了，很是方便。秉着进庙烧香的原则，从景点门口就有很多小贩在买香烛。门票25，还送张小光碟。相对北京其他的景点，雍和宫的门票算是便宜的。雍和宫原来雍正即位前的府邸，即位后因为皇帝之前住过的房子不能再住人了，所以就改成了寺庙供奉神仙。去的时候是8月，正值暑假，香客很多，一直都是烟雾缭绕的。游客注意，寺庙里面有些地方禁止拍照的，进入景区的游客要注...,1
6029,雍和宫是北京市内最大的藏传佛教寺院。离很远，就能闻到雍和宫里面传出来的香气。证明这里香火特别的旺。在去烧香拜佛的时候，一定要诚心，只有心诚了，愿望才会实现。这个地方很多证件都不能用，不过，为了诚心的烧香，这点门票钱就别在意了。而且门票是个光盘，很不错。雍和宫人太多，不建议开车（周围没有停车场），最好骑车或步行，出了雍和宫，还可以到二环对面的地坛看看。另外周围的国子监，可以享受一...,2
6030,雍和宫的英文名叫lama temple其实就是喇嘛庙。这里香火很旺，千万别赶上初一、十五去否则人超多。这里之前是雍正没当皇帝时候的府邸，雍正即位后就改成喇嘛庙了。雍和宫主要是藏传佛脚寺院的布置，里面的五百罗汉、檀木大佛、金丝楠木佛龛号称三绝。那个檀木大佛据说是一颗树直接调成了佛像后再在外面建的殿，是世界上最大的独木佛像，值得一看。雍和宫坐地铁二号线到雍和宫下，地铁口出来就是，很方便。附件...,2
6031,非常棒的体验！导游穆馨讲解的非常优秀，学识渊博，引人入胜。非常推荐大家购买并且聆听导游的讲解。你一定会像我一样收益匪浅！,2
6032,需要提前预约，提前在公众号上买票就可以了，我看这个雍和宫什么时候来都很多人，尤其是暑期人是更多了，可以都拜一拜，求个平安的，这里香火可以说是太旺了，来欣赏一下中国古代建筑，就是这夏天太热了，真是没多久就坚持不住了。,2
6033,感谢讲述人高宇的讲解，让我们领略了雍和宫的历史，感受了皇家寺院独特的魅力。,2
6034,作为北京香火最旺盛的寺院，祈福圣地，无论什么时候去雍和宫，都是人山人海。来的大多都是年轻人，除了拜佛许愿，雍和宫最受欢迎的法物，当属网红的香灰手串。,2
6035,不错的地方，以前去过一次，感觉不错，出门就有素食餐馆，吃了一顿素餐，感觉很好吃！,2
6036,幽默风趣，孙导讲的不错！,2
6037,孙导讲解非常细致，又为人谦虚，谦和有礼，非常专业[强][强][强][强]给孙导打100！！！,2
6038,来雍和宫看一看里面的各式各样的玉玺宝藏，然后呢，就感觉还是非常不错的一个地方，整体环境呢啊，真是国家气派，让人一看就觉得很先进很高大上的样子。,2
6039,雍和宫景色不错，风景宜人，建筑风格独特魅力，适合拍照的好地方，长知识了，趣味性强，令人心旷神怡，性价比超高的，不错的选择。,2
6040,4月第一天，希望全世界快些好起来。 【景色】真的很美帝王家真心有独特的视角，春色满满。停下脚步，感受下春天！人间最美四月天，一愿平安健康，二愿简单生活简单过,2
6041,雍和宫，与其说是一个景点，不如说是一种信仰。这里曾经是雍王府，就是雍正当皇帝前的府邸。后来雍正做了皇帝，这里变成了喇嘛庙。有个大佛。,1
6042,雍和宫坐北朝南，共有房间六百多间，其中还有佛殿，其建筑风格非常独特，汉、满、蒙等各民族建筑艺术于一体。参观的游客很多的。,2
6043,雍和宫，在北京不算最热的景点，但是人不少，香火特别的旺。这里的建筑也很气派，可以拍出特别美的大片，真的很有皇家的气派，如果有时间的游客，可以来这里逛逛！,2
6044,☀雍和宫门票全票25元，我们学生证打了半价。,2
6045,门票25元。免费赠香。香火很旺盛。,2
6046,雍和宫位于北京市中心，香火很旺。初一十五经常是人山人海。除了观光之外大多数人是来上烧许愿。交通方便坐地铁和公交车都可以到达。,1
6047,雍和宫不大，但是在北京的名气不小，这儿的香火非常的旺盛，尤其是春节的时候。这个季节天高云淡，整座宫殿显得比较的庄严。周围的交通也比较方便。,2
6048,雍和宫是北京著名的寺庙之一，香火很旺，游客众多。位于北京古城区，离鼓楼、东直门很近。门票价格10元，很便宜，地铁二号线五号线直达，交通相当便捷。,2
6049,雍和宫历史悠久，附近树木高大浓密，秋季叶片金黄时来看一看，觉得铺天盖地都是金色的小扇子，景色很美。 雍和宫是很多外地来京旅游团的必游项目，所以这里常年有较多的游客，如果想静静的欣赏银杏，也许没有地坛公园那样惬意。,2
6050,雍和宫是皇家寺庙。雍和宫也有银杏大道。雍和宫入口处的银杏林荫道是京城三大银杏大道之一。和旁边古老精致的雍和宫建筑放在一起，显得特别有意境。,2
6051,雍和宫，最早的主人，是雍正皇帝，那个时候，雍和宫还不是喇嘛庙，而是雍正在没当时上皇帝的时候的王府，后来就被改成了寺院了。,1
6052,来到北京的第二年终于去到了心心念念的雍和宫，很喜欢这里的氛围和风景，每一个景观都蕴含着不同的寓意，这一趟我了解到龙九子代表的意义，也领略了中国传统建筑的魅力。,2
6053,地坛公园，一个有故事的地方！门里门外，心情愉快！老北京的故事,2
6054,祈福在十五，求的是健康平安幸福，永远的心愿与祝福。不怕当下的难，不惧未来的苦，只要你能真正的长大，一切都会变得越来越美好。,2
6055,带着老妈来北京，感受古老文化，里面的佛像很是震撼，让人肃然起敬。里面的垃圾桶都刻着漂亮的龙纹装饰，美的都不知道该先看哪里了。本人文笔不好，但是中心思想是此地值得来看。,2
6056,从五道营胡同出来，马路对面是长长的红色围墙，围墙里就是雍和宫了，雍和宫的面积比我想象中还要大。 雍和宫的外围一共有三座大牌坊，每一个都精美绝伦，高大的牌坊色彩也很艳丽。正反两面匾额上的字迹不同，只不过阳光太强烈时，匾额上金色的字有时候照不出来。 我是在里面参观的时候才知道，雍和宫是一座喇嘛庙，以前我以为这里只是皇帝的行宫腻。 雍和宫真的很宏大，到处都是精美绝伦的飞檐斗拱。现在这里香火十分旺，虽然有些...,2
6057,第一次在十五之日去雍和宫，完全是老板临时决定，然后才知道这样的日子雍和宫烧香祈福的人是如此众多，虽然天气转凉，天空还飘着细雨，但虔诚的人们依旧眼神笃定,2
6058,观音洞本是一个天然石洞，外形形似观音，洞内供奉观世音菩萨，常年香火不断。,2
6059,十一将至 整个北京㳽漫着一种亢奮的气息  桔马甲的笫一缐 忙碌著為祖國添上最美的粧容  夜晚的北京 亮眼眩目  精彩的燈光秀 开跑啦～,2
6060,很不错的哟，古色古香，关键是还领到了佛牌。 【景色】很美檀香的味道满满的 【趣味】适合放松自己紧绷的神经 【性价比】高 一定要去,2
6061,还是非常值得去的一个景点，毕竟是国庙，雍正皇帝驾崩于此，乾隆皇帝生于此，先是王府，后为行宫，乾隆年间改为喇嘛庙，福地啊！,2
6062,老北京真好逛 本命年在雍和宫上香的愿望已达成，期待愿成,2
6063,毕竟是皇家庙宇，很气派，值得一游,2
6064,我建议大家，如果不是去拜佛烧香，就不要去了，去了你也很无聊，你随便看看，都是烧香拜佛的,0
6065,雍和宫和国子监离的。 附近也是特别热闹的地方。 位于雍和宫大街路东。 康熙在此建造府邸，赐给了雍亲王，也就是雍正。 乾隆皇帝也是出生于这里。 所以这里很有价值和纪念意义。 皇帝的家就是很大很大，走路也要走老半天。 非常值得一去。,2
6066,一定要听讲解 不然也看不懂啊！,2
6067,雍和宫算得上是北京的一个热门景点了，也是北京少数能烧香拜佛的寺庙之一，香火极其旺盛，进去参观一圈出来后身上被熏的满满都是香火味。,1
6068,雍和宫 虽然名声在外 人流却是不多的 也许是下午快要关门的时候才来的缘故 这里一进门就发现香火非常旺盛 后来在颐和园听导游说了才知道 这里是给西藏来的喇嘛住的 买了门票都有送香 不用自己买 三支香一叩拜 这里外国友人不少的 临关门走走甚是安静,1
6069,去北京都说要去一下雍和宫，升完旗，一路骑行到的，好多人，没有特别求的，所以跟着大家走了一圈，看看它的典故，雕梁画栋的甚是精美。,2
6070,这是第n次来雍和宫，景色依旧如此，香火鼎盛 唯一不同的是这次使用了电子讲解，使我对每一处的景色有了更新的认识 讲解音质很好，很细致,2
6071,这是第n次来雍和宫，景色依旧如此，香火鼎盛,2
6072,【景色】 上班的地方离雍和宫非常近，每天上午过来，都会闻见阵阵香味，别说，我还挺喜欢这个味道，香火这么旺盛，一定和它的名气是分不开的！,2
6073,面积不大，有讲解机，还算有意思的地方。,2
6074,雍和宫香火鼎盛，有求必应，整体建筑风格很有皇家园林的氛围，供奉着西藏的菩萨，有求必应，非常灵验。雍和宫香火鼎盛，有求必应，整体建筑风格很有皇家园林的氛围，供奉着西藏的菩萨，有求必应，非常灵验。,2
6075,雍和宫绝对是北京福地之一，喇嘛庙，香火一直很旺。 其实他之前是雍亲王府，雍正做王爷时候的宅子，也是乾隆皇帝出生的地方。 这里我去过两次，第一次只记住了里面无比高大的观音，木雕的。 第二次隔了十年了，不但想看看那个观音，还有那漂亮的门洞。 如愿以偿了,2
6076,北京·雍和宫  【疯之旅in北京】  再访雍正四爷的潜邸“雍和宫”；赶在下午止票前冲进去，依旧是25元的门票，在赠香处请了佛香，沿着路线逐一拜过；临近落日的余晖洒在大殿上，金色的光芒衬着庙宇更加庄严肃穆，围墙外的喧闹并没有扰了这里的宁静，让人的心也跟着静了……,2
6077,寺庙不能拍，就拍拍这美丽又迷人的红墙黄瓦；,2
6078,寺庙不能拍，就拍拍这美丽又迷人的红墙黄瓦； 总觉得透过建筑能感觉里面有秘密， 那种历史的厚重感和神秘感， 总也让人趋之若鹜！ 想要一探究竟，不如自己来看看吧！,2
6079,过来雍和宫就是看银杏叶的，凉鞋25元真心不划算的，其实在门口就能看到银杏叶，如果拍拍照，年一点就可以的话倒不必买票进去了的。,1
6080,来了北京坐地铁有一站雍和宫，报英文站名的时候是喇嘛庙，这才知道雍和宫是喇嘛庙～于是去参观顺便烧香，了解了很多历史。里面有一尊木雕大佛，非常非常高大。,2
6081,大年初一去雍和宫一定要注意安全，听指挥排队进入，不要玩手机，老人孩子尽量不去，人很多。  排队约1小时可进入售票区，购票排队约15分，寺庙有赠香，所有佛殿都撤了跪拜垫，有喇叭喊“边走边拜”，因为人太多。  部分佛殿是不能进入的，比如西配殿，在外面敬拜。  南门进，北侧临时门出，文明礼佛，注意安全！,2
6082,平时上午去人不多，送了香，和大家一起敬了香。雍和宫很美、很安宁的感觉，照着冬日里暖暖的阳光，心情都好很多。,2
6083,雍和宫位于北京市区东北角，清康熙三十三年（1694年），康熙帝在此建造府邸、赐予四子雍亲王，称雍亲王府。雍正三年（1725年），改王府为行宫，称雍和宫。春节期间，上香的人特别多。,1
6084,雍和宫位于北京城内，应该是香火旺盛的地方。虽然天气非常寒冷，但是游人香客络绎不绝……,2
6085,雍和宫位于北京城内，应该是香火旺盛的地方。虽然天气非常寒冷，但是游人香客络绎不绝…… 在夕阳余晖中，古老的牌坊熠熠生辉，历史悠久的地方总让人惦记。,2
6086,四体碑亭，黄琉璃筒瓦重檐四角攒尖顶，上檐为重昂五踩斗栱，下檐为单翘单昂五踩溜金斗栱，和玺彩画，亭内立有一四方碑，上以满、汉、蒙、藏四种文字刻《喇嘛说》。,1
6087,雍和宫坐北朝南，全部占地面积为6.6公顷，据1950年统计，共有房661间，其中佛殿238间。其建筑风格非常独特，融汉、满、蒙等各民族建筑艺术于一体。,1
6088,雍和宫（The Lama Temple）位于北京市区东北角，清康熙三十三年（1694年），康熙帝在此建造府邸、赐予四子雍亲王，称雍亲王府。雍正三年（1725年），改王府为行宫，称雍和宫。雍正十三年（1735年），雍正驾崩，曾于此停放灵柩，因此，雍和宫主要殿堂原绿色琉璃瓦改为黄色琉璃瓦,1
6089,雍和宫现如今是一座喇嘛庙，位于北京市区东北角，清康熙三十三年，康熙帝在此建造府邸、赐予四子雍亲王，称雍亲王府，也就是雍正皇帝的潜龙邸。,1
6090,说起来，北京城里建筑结构最独特的非雍和宫莫属，每次从二环路路过，看着雍和宫内汉藏混合喇嘛寺院内的楼阁，都会想到“琼楼玉宇”四个字。在读李乾朗先生的《穿墙透壁》一书中，也曾着重提及，这就是雍和宫内的万福阁。,2
6091,雍正三年（1725年），改王府为行宫，称雍和宫。雍正十三年（1735年），雍正驾崩，曾于此停放灵柩，因此，雍和宫主要殿堂原绿色琉璃瓦改为黄色琉璃瓦。,1
6092,早前，雍和宫还没有那么多蜂拥而至的香客，主殿内也可以随便拍摄，雍和宫内很安静，能让人找到一点平静。现在，随着旅行人数激增，这样的平静就很难再见了。,0
6093,在北京市中心，原雍正的府邸，后改为喇嘛庙，现在香火还很旺盛，院子在北京景区里不算大，也算北京的一个景点，如果来旅游也就一看。,1
6094,安静的带着老人慢步在雍和宫，香客众多！秋天的雍和宫很美，道路两旁金灿灿的银杏吸引着游客门的视线拿着相机各种拍照！雍和宫内的柿子树上依然留存着果实，应了那句柿柿（事事）如意的景儿！,2
6095,旅游也是开阔眼界、长知识的途径。参观雍和宫，如果搞懂了这几条也就值了：1.雍和宫原来是四爷府；2.雍和宫的红墙黄瓦的来历；3.“男雍和女红螺”是什么意思；4.“明修长城清修庙”是什么含义。雍和宫里也有关公像，旁边是关平、周仓以及马童牵着赤兔马。三座高大精美的牌坊是看点，白檀木雕刻的高26米大佛入选吉尼斯世界纪录更是看点。,2
6096,里面大多数是烧香拜佛的，可看性不强。,0
6097,地铁2号线雍和宫站，皇家寺庙，规格超乎想象，绝对值得一看，游玩时间需要2-3个小时，最好听下讲解，也可以有旅游团蹭个讲解听，节假日和初一人很多。,2
6098,空气很好，9点才开园，门票需要自己排队买，凭票可以赠送香，正合自己心意,2
6099,香火比较旺的地方可以去拜拜，就是国庆比较人多,1
6100,雍和宫，作为雍正的府邸，乾隆皇帝的出生之地，必然是龙气极其旺盛的地方。现在这里已经被改成了庙宇，香火很旺盛，寺内还有一座高约四层楼的观音，很壮观。,2
6101,看看走走确实不错，还有免费香让人拜拜佛,2
6102,首先说交通问题，地铁雍和宫站下车向南走大家都知道，但是很多公交车在国子监下车离雍和宫更近，比如13路、116路、117路。再说香火问题，雍和宫是不让自带香的，雍和宫门票25元，免费送一长条香，这些香在庙里祭拜，完全够用了。最后说下购物问题，大家都说雍和宫的平安符、唐卡很灵，但是寺庙内部销售的唐卡很贵，都是几千元的价格，寺庙外卖的又没有开光，怎么办呢？拜佛，最重要的是心诚则灵，大家要根据自己的经济条件，没钱的...,1
6103,雍和宫，前期的雍王府，后来的皇家寺院。免费提供贡香，不允许自带香。半天时间足够，进门的林荫大道很有意境，有时间还是推荐来看一看。,2
6104,很不错，每个点讲的很有趣！,2
6105,雍和宫曾是清皇四子胤禛（雍正皇帝）的府邸，乾隆皇帝的出生地，香火极旺，寺内还有很多珍贵的古建和文物，值得参观。,2
6106,这个宫殿非常的富丽堂皇。绝对是皇家风范。里面的面积非常大的。特别值得去那里看看的。感受一下清朝的皇室建筑风格。“四阿哥在吗”哈哈,2
6107,雍和宫内挺安静的，距离地铁口也很近，门票25元，香火很旺。寺庙内有赠香。以上,2
6108,旁边的街果然是萧条了很多，以往香火店门口烟火袅袅，这条路也是堵车重灾区。  二环路上看过去，阴天衬着，感觉更朴素却也更威严了。,1
6109,气氛很好。很舒服！大家一致的很安静，没有互相打扰的情况！总体感受还是不错！人很多，还是挺热闹，租的那个语音器也挺好的，没有什么挑出错的点！,2
6110,中午顶着烈日来雍和宫，万里无云之下的雍和宫很是漂亮，熏烟袅袅，香火极旺。,2
6111,九点开门人好多，不过进去后还好,1
6112,雍和宫的三绝很值得看！毕竟是皇家寺庙，里面无论是整体布置和建筑风格都是值得观赏的！我去的时候没有怎么遇到旅行团，所以游览起来还是很舒适的。就是门口卖纪念品商店的阿姨态度太恶劣了，真想不到老板会请这样的人。建议要早去，看清楚开门的时间早去排队。,2
6113,很漂亮的亲王府，非常的大气、华贵！建筑细节很好，建筑之间竟然有高空连廊！必须赞，如果不改成寺院就更好了！唯一的不足就是—人多呀！,0
6114,我不知道乾隆皇帝是怎么想的，为什么把生他养他的地方改成寺院？这个地方在当年离皇宫里那么的远，我又不知道当年的康熙皇帝为什么把他的儿子住的那么的遥远？是不是因为祖父忽略了他们爷俩，所以一气之下就把家改成庙了，哈哈哈,1
6115,这里值得一去，感谢朋友姐姐一起陪伴，辛苦您的美女，我父母玩了很开心,2
6116,第一次来北京，还是出差，本来没有机会自己走走看看，突然“开了个小差”恰逢十五。雍和宫还是值得看看的。,2
6117,陶冶情操，不亏是皇家寺院，气势磅礴香火旺盛。走在寺院里感觉自己的心里得到了净化，内心的种种浮躁被消除了，人要有自己的信仰，它不是做给别人看而是一种规范自己的态度。,2
6118,对雍和宫的游玩想法始于穿越剧《步步惊心》四阿哥的府邸。乾隆皇帝也在此出生，两位皇帝的诞生地，使雍王府邸在改为黄教寺院后香火极旺。因雍和宫的对面就是国子监，据说求学的人来这里特别灵验，我也最终因此来雍和宫，以后也会常常来。雍和宫提倡文明敬香，每次只点三根，香客不需另带香烛，而且敬香地都有免费领香处，让人深刻体会到这里就是佛门静心之地。,2
6119,很久没去雍和宫了，不记得原来有没有这么多人了。门票25，必须现金。进门要安检，如果不带包的可以走快速通道。雍和宫内有免费赠香，如果一次敬香三根的话，是够用的。,1
6120,下了高铁已经半夜了，朋友已经在簋街排好位置，我和老公直接奔那去，来了顿夜宵还有烤串什么的，好吃,2
6121,有时间的话可以去逛一圈，还挺大，每逢农历初一、初十和十五上午都有法事活动。我们去的这天正巧是正月初十。特意想着上午人多下午才去，结果上香的人还是超级多。我看网上说每人可以领三炷香，其实是给了一小盒，不知道是不是正月的关系。,2
6122,名气很大，很多本地人都在初一排队争头香，选择除夕早上去，祈福新一年万事顺意！,2
6123,雍正继位前的府邸，后改为皇家礼佛地，据说比较灵验，记得有一年头条报道的初一第一注香几百万那个，就是在这里。规模设施自不用提的，值得一去。,2
6124,北京保存最完整的王府，一级博物馆。 和另外两个游客拼了一个解说，和珅的富可敌国，聪明机智在这所大宅中淋漓尽致的体现了。   天下第一福，鱼跃龙门等著名景点让人叹为观止，不虚此行。,2
6125,值得去看，以前先去的南岳大庙，所以去雍和宫总让我想起南岳，难得的是淡季去的门票25还有免费赠香，听到有游客在赞叹这是第一次去的寺院景点烧香不用自己花钱买的……,2
6126,"我16岁的女儿认为雍和宫是排在故宫博物院和颐和园之后第三值得去的景点,可能是受甄嬛传的影响吧。现在的银杏树的叶子黄了非常漂亮，但最黄的时候要等到一周以后。",2
6127,皇家寺庙～园落设计精美.特别是大殿的佛像是吉尼斯纪录点之一.印证了中国高超的建筑水平。,2
6128,雍和宫，在北京的二环，很多辆车都可以到这儿，44路，嗯还有地铁都有，到雍和宫这一站。,1
6129,国庆节人非常多，香火很旺，属于居改庙，进去有赠香，不是三支是一小盒，够敬整个庙的菩萨了，最后还没用完，麻麻说不能带回家，最后都敬给菩萨了,2
6130,绝对值得去，第一次逛看哪都是亮点！,2
6131,男雍和女红螺，很好的地方，心诚则灵，巅峰产生虚伪拥护，黄昏见证真正信徒！ 雍和宫位置极佳，入口处有赠香，巅峰产生虚伪拥护！黄昏见证真正信徒！,2
6132,男雍和女红螺，很好的地方，心诚则灵，巅峰产生虚伪拥护，黄昏见证真正信徒！,2
6133,十月二日一大早就到雍和宫拜佛。虽然，天上时不时下着雨。但是，不会影响到我们拜佛的心。看到宫殿里的佛像时，内心只有感叹和平静。真的很殊胜，内心也很快乐！很开心的一次拜佛。,2
6134,这里是从王爷到皇帝的升华到极限的地方，王府的标志，皇家的象征。正逢十五中秋节，前来敬香的信男信女络绎不绝，香火极旺。这天天气晴朗，琉璃楼阁在蓝天绿树下显得金碧辉煌。,2
6135,去雍和宫坐地铁5号线，地面交通也很方便。香火很旺，而且井然有序。进门有领香，而且足够敬到每个殿。敬香之余可以在廊间小坐休息，领略雍和宫的建筑，感受当地氛围。,2
6136,我肯定去了 但真的搞不清在那了 北京太大了 兄弟我借了个京牌的小车 在北京溜达了足足7天 估计才逛了67 十吧 天安门就不要说了 什么八达岭长城 居庸关 明十三陵 都跑了遍 真累,1
6137,真正的老建筑，这地方的藏品也非常精美。可以了解很多关于寺庙的一些知识，来一趟要早点，不然感觉欣赏不完。,2
6138,雍和宫（The Lama Temple）位于北京市区东北角，清康熙三十三年（1694年），康熙帝在此建造 府邸、赐予四子 雍亲王，称雍亲王府。雍正三年（1725年），改王府为 行宫，称雍和宫。雍正十三年（1735年），雍正驾崩，曾于此停放灵柩，因此，雍和宫主要殿堂原绿色 琉璃瓦改为黄色琉璃瓦。又因 乾隆皇帝诞生于此，雍和宫出了两位皇帝，成了“龙潜福地”，所以殿宇为黄瓦红墙，与紫禁城皇宫一样规格。乾隆九年（1744年），雍和宫改为喇嘛...,1
6139,我不知道中间这个姑娘是什么少数民族的服装，好像是朝鲜族的，外国友人对这样的服饰很感兴趣，所以我让她和我们一起合照。,2
6140,门口比较小，旅行团队比较多，不太明白雍正当时住这么远是什么原因，离皇城太远了,0
6141,早上抵达北京后，妈妈的朋友带我们去吃北京的炸酱面。然后去参观雍和宫，孔庙，国子监，五道营胡同。,2
6142,北京的雍和宫，也叫作喇嘛庙，这里是祭拜的地方。据说，以前，曾经是和珅和大人的府邸。这里雍容华丽，非常的漂亮！十分的有特色！,2
6143,雍和宫坐北朝南，全部占地面积为6.6公顷，据1950年统计，共有房661间，其中佛殿238间。其建筑风格非常独特，融汉、满、蒙等各民族建筑艺术于一体。整座寺庙的建筑分东、中、西三路，中路由七进院落和五层殿堂组成中轴线，左右还有多种配殿和配楼。,1
6144,很方便，地铁就到，对面马路就是孔子庙和国子监。雍和宫是一个烧香拜佛的地方，听说很灵验，里面提供香，只要贡献点香油钱就行了。,2
6145,交通方便，2号，5号地铁就在景区附近，门口也有停车场，每小时8元，保管时间和售门票时间都是到16:30，先对清代历史有个大概了解，再去参观更有意思。,2
6146,无论是哪里的寺庙，都是熙熙攘攘的人群，袅袅升起的香火，金光灿灿的佛像，雍和宫也不例外。不过帝都的景点却是有点不同的，例如特别大，景区到寺庙的路，居然比外面的车道还要宽。,2
6147,去这里需要心诚的哦，心诚则灵。祝大家都能实现愿望。整条街都是古老的，非常怀旧，老北京的味道体现的好棒，去过一次还想着五一假期肯定还要再去，带着家人去。,2
6148,此次主要是去还愿的，去年夏天去许了愿，因为也是不懂这方面的礼数，但不知者无罪吧。今年3月份上了研究生，家人身体健康，感谢,2
6149,雍和宫的春好久不见了嗷！,2
6150,康熙赐给四子雍亲王府邸，这里还是雍正放灵柩的地方，整体建筑风格和故宫有的一比，不说明是雍和宫还以为来到了故宫，亭台楼阁，高大气派的皇家风格,2
6151,雍和宫位于北京市区东北角，清康熙三十三年（1694年），康熙帝在此建造府邸、赐予四子雍亲王，称雍亲王府。雍正三年（1725年），改王府为行宫，称雍和宫。雍正十三年（1735年），雍正驾崩，曾于此停放灵柩，因此，雍和宫主要殿堂原绿色琉璃瓦改为黄色琉璃瓦。又因乾隆皇帝诞生于此，雍和宫出了两位皇帝，成了“龙潜福地”，所以殿宇为黄瓦红墙，与紫禁城皇宫一样规格。乾隆九年（1744年），雍和宫改为喇嘛庙，特派总理事务王大臣管...,1
6152,门票25元。送香一把。很多磕头跪拜的人。里面有介绍雍和宫的展馆。,2
6153,每逢初一，十五，祈祷烧香的人特别多，这是一座皇家寺院，心情不好，感觉不顺可以去拜一拜，去去晦气。很灵的。位置很好，5号线地铁雍和宫出处，也是外地游客的景点之一。,2
6154,正月十五来上香的人特别多，几乎都是人挨着人。有部分大殿没办法入内！不过真的是特别值得一去！新年祈福！希望愿望都能实现！！,2
6155,雍和宫里面有一尊用一根26米的白檀木雕成的弥勒像，露出地面的部分18米，很壮观。乱入/w\银杏，秋天这里就是金黄大道了!从雍和宫出来，对面是国子监，不过我们没进去，买了酸奶吃了就走了。,2
6156,好☺️☺️,2
6157,香火很旺啊……无论春夏秋冬。 欲望少了要求就少了。,2
6158,都是偏向得没啥看的不好看，西藏的喇嘛教什么的。不好去后悔了,0
6159,雍和宫是新春佳节永远的话题，人们最佳的去处，上香拜佛诉说对未来的渴望和美好的祈福，皇家建筑的壮观，华丽和贵气，让世界充满爱,2
6160,曾经的某年某月某日，特意跑来北京，只为来一次雍和宫。慢慢地走遍每一宫殿，不错过每一个角落。至于原因吗，其实就是看多了清穿，穿迷们都知道我说的是什么吧。虽然现在的雍和宫早已不是之前的雍和宫，但还是期待看到某些个古旧的东西。暑假期间的雍和宫格外拥挤，人流如织，入口处需要排队，完全没有一处安静的地方。地跌，公交来这里都有站点，都很方便,2
6161,喜欢雍和宫进园时的行道树，特别有深远悠扬的感觉！爱在夏天去，因为可以闻佛香，冬天也好，景色独到，尤其是下了雪，静静在里面坐一会儿，心静,2
6162,雍和宫是雍正皇帝的潜龙邸，继承皇位后改为了喇嘛庙，所以大家现在看到的雍和宫就是从前的王府，意义非凡！雍和宫现在非常正规，票价也合理。,2
6163,这里是来北京的人都应该来的地方！闹市中的一方净土！带这沈阳的大妞逛雍和宫请愿礼佛！出来后再顺便走走我们有名的国子监老街！逛逛老北京的特色小店！吃点北京小吃犇棒,2
6164,雍和宫也有很多银杏树，很好看。我们进去后，请了香。我只是在每个殿前拜了拜，也没进去。有太多的人在那许愿，拜佛，不知道他们圆了的有几个，圆了愿的又还了多少愿。我带着我的虔诚和敬仰，拜了拜。,1
6165,雍和宫的秋，香火袅袅還是熟悉而钟愛的環境，屋檐如悬崖，風铃如沧海，與黃瓦紅墻相映，平添一份肃靜！！！！！,2
6166,虽然不是旺季，但人依然很多。烧香的人好多。,1
6167,雍和宫是据说很灵验，信佛的人可以去，由于我家信佛，所以殿内我没拍照。但就我看来，就算你不信佛这里的建筑保存的也相当完好，相当漂亮，比故宫精致，比恭王府大气，可以去看看。雍和宫是赠香的，不用带香去。,2
6168,入秋的雍和宫依然很静谧，进来散散心，整个嘈杂的城市都与这里无关……想朝拜无需买香，门口有增香处，在这里坐上一上午，出门准备振奋精神，好好努力！,2
6169,去完圆明园遗址公园第二站就到这里了，说是很灵验香火很旺的一个点。说什么都要来拜一下以求的心愿啦。检票后可以取一份香拜完一圈还有的剩，原路返回时顺便在最初的门口再拜一下全是完成。看到很多人都转过那个转经筒不知道会不会时来运转，我也凑个热闹去转一下。哈哈,2
6170,保留很完整的古迹，在喧闹的二环里很难发现这么完整的了。不过这里老外很多，十分吸引外国游客。跟国人烧香拜佛不同的是他们更多的是欣赏古建筑之美,2
6171,个人觉得极好，毕竟曾经皇帝烧香拜佛祈福的地方！像公园一样的散心，环境给百分九十，去烧香的人很多烧香是免费的不需要在门口购买，购买也带不进去。购买门票的时候我使用的是学生证花了12块钱啊我妈妈成人票25！还是有必要去看一看的！,2
6172,就是藏教庙宇，给家人祈祈福还是不错的,2
6173,进门之后这里很大方地每人给一大把香，一次三支估计正好可以在每一个殿都拜拜。,2
6174,抛开一切琐事，心无杂念，虔诚，祈福。,2
6175,虽然工作已经完成了 但也不愿匆匆北京之行就在酒店睡过 跟北京的白领们一起挤地铁也不是无聊 而是有目的有针对的逛了趟雍和宫 老北京的印象总算圆满了 北京的地名一定要儿化音念才带劲儿 XX栏儿 XX巷儿 XX门儿 还有喜欢带大字 比如雍和宫大街儿 在东二环的繁华商圈里 除了有雍和宫 还有孔庙 和国子监 不仅是喧嚣中的宁静 更是不事张扬 奉行着内敛的生活态度 却没有忽视本身对贵族精神的坚守 风侵霜蚀只会让它愈发完美,2
6176,下午去了雍和宫，佛教什么的我不懂…,1
6177,恩很好的地方来北京一定要去的，烧香拜佛。里面送香不用自己带，香够用，佛也很多→_→,2
6178,吃饱后去了我们四四以前的府邸 ，其实我早已知道已经改成了庙宇[哼]我知道的[泪]但是还是去了 去了我超级开心。踩的地是以前四四踩过的 哈哈我又在发神经，进去在找井，因为很多女主角都是来这里后。看见一个井后就直接穿越了[哼][哼]我是不是已疯😂！后来依依不舍得离开了四四家 去了孔庙和国子监,2
6179,坐5号线到雍和宫站，走几步路就到雍和宫啦。门票25元，里面还附送了个光盘（还没看。。。）！雍和宫是一个藏传寺庙，香火鼎盛，游人也络绎不绝。如果想在里面烧香拜佛呢，雍和宫是提供免费的香给大家的。我没有租电子讲解器，因为看到有好多旅游团游览雍和宫，我直接蹭导游去了！光看建筑的话估计15分钟就可以逛完了，如果认真听讲解，再细细品味的话呢，估计要1个小时左右。 雍和宫正门对面就是国子监和孔庙，有兴趣的也可以去逛...,1
6180,据说来雍和宫烧香很灵验，愿望梦想都会成真。于是，抱着心诚则灵的愿景也来了。,2
6181,香火特别旺，来了都拜一拜，为自己家人祈福，今日阳光正好，看见了专门来拜的年轻人，很虔诚，看的觉得膝盖疼，,2
6182,香火很旺，还免费增香。它和国子监，孔庙都挨着，我们没进国子监和孔庙，倒是在国子监那条路边又晒起了太阳，孔庙的那道红墙，那条路都很适合拍照。,2
6183,雍和宫北京当地人很信奉的一个地方 凡初一十五这绝对香火鼎盛 这里有着老北京的味道 每次去北京我都会去雍和宫拜拜求个平安符 在这绕一圈 心里特别舒坦,2
6184,了解一下和珅的故事，看看和珅的家，了解一些历史文化。挺有意义的。,2
6185,善男信女真是多！出了两个皇帝的王府，如今就是一座大的喇嘛庙。,1
6186,香火非常非常的旺，人非常非常的多，门票25元，有学生证，老年证的半价，寺内免费提供礼佛香一盒，拜完所有的殿足够用了。这座曾经雍正皇帝的府邸，所有大殿体现了建筑的气势宏伟，供奉的佛祖也非常庄严宏大，对于摄影爱好者是个拍摄建筑的好地方！是所有来北京的人值得去的地方。,2
6187,只是现在的雍和宫都已经变了，不再是四爷居住的地方，找不到类似的痕迹。有点失望呢！而且，由于菇凉曾被娘亲灌输过教育，所以菇凉都没有拍殿里内部！有一座好高好高好高的像呢！！！！！！！（好可怜菇凉的相机里木有！大家可以自己去看一下，保证惊到你！！！！！O(∩_∩)O~）,2
6188,“四爷~~~~~~四爷~~~~~~四爷~~~~~~”O(∩_∩)O哈哈~话说菇凉开始喜欢四爷，应该是从吴奇隆的《步步惊心》开始。其实菇凉自己也不知道是喜欢四爷呢，还是喜欢老大隆哥呢！O(∩_∩)O~,1
6189,我是十一月份上旬去的，正是银杏叶换上金装的时刻，进入正门，就看见金黄色的一条大道直通雍和宫的正殿大门。走在上面，就像走在了金色地毯上。很柔软，一阵阵轻风而来，一片片金黄色的小伞子慢慢飘落在大道上。真是美极了！！！,2
6190,雍和宫是北京最大的藏传佛教寺院。,1
6191,周末去烧香，祈祷爸妈身体健康，香火很好，边上就是国子监，可以一起看看,2
6192,地铁雍和宫站出口行5分钟就到，里面能烧香拜佛，25元门票，有免费的环保香赠送，不需自己买。可以的话买包饼干，里面有很多鸽子,2
6193,雍正皇帝的皇家庙宇，气势恢宏，建筑具有皇家宫廷风范，值得一游！,2
6194,如今说它是北京香火最盛的寺庙都不为过，它是雍正皇帝的潜邸。,1
6195,25元的门票有点小贵，如果不是家里人没进去过，肯定不会去的。不过进门的两行银杏树也真是太美了。,2
6196,这里又要推荐一下地图app哈哈，全程使用无压力，我是按照地图指引乘坐地铁到达的雍和宫附近，必须要步行一段距离。附近还有庙宇，可按照自己的意愿游玩。雍和宫五点左右闭馆，到达后买了门票可在入口左侧领取赠送的佛香。是否信佛是完全看自己的心境而定，每个人都有信仰的自由。,2
6197,寺庙很有古风 免费开光 记得带足开光的东西 去两次了 票价还是25 不贵,2
6198,票价：35元。交通便利，面积虽不大，但绝对值得一看，全是珍品。,2
6199,想着雍和宫和地坛庙会只来及去一个了，还是选择了雍和宫。,1
6200,因为这次住附近，早起就抽空去了，很喜欢这种信仰之地，如果人少就更有氛围了,2
6201,人很多，现在是个很灵的庙宇，甄嬛传播出后更火了,2
6202,雍和宫因乾隆皇帝诞生于此，而且出了两位皇帝，成了“龙潜福地”，所以殿宇为黄瓦红墙，与紫禁城皇宫一样规格。香火很旺求签很灵的。,2
6203,提前下了手机导游，还可以，基本上看不见团。去雍和宫主要是给菩萨上香，保佑家人平安，听说很灵的。来北京的信的话，可以去！,2
6204,值得去看看 是个上香祈福的好地方很神圣的地方,2
6205,逛完国子监孔庙穿过一条街来到了充满藏族气息的佛教之地——雍和宫！,2
6206,在北京最喜欢去的当属雍和宫了，一去到那里感觉心境会变得特别宁静~拜拜佛后更觉安心，然后可以随处走走，看看佛像，看看独特的建筑风格。。。一般假期和周末会人很多。。。。,1
6207,在如今北京这个闹市，进入雍和宫就有不一样的沉静，心里总能找到安宁。,2
6208,香火好旺、听说这里求事业前程特别准呢，非常气派的房子！,2
6209,雍和宫就在五道营胡同的旁边 它就是以前皇上来烧香拜佛的地方,1
6210,门票25，门口街上各种小喇叭警示算命，看相，起名是骗子,0
6211,去雍和宫、孔庙国子监：之后到马路对面坐909就到雍和宫了。雍和宫是烧香的地方，门票25元，到这边烧香的人挺多的。我在里面请了个20元的香，依次烧香的。烧香也最好请佛寺里面的香比较好。并且有佛像的地方最好不要拍照，所以我只拍了大殿外形。,1
6212,最后一天有半天是自由活动，老王是修密宗的，刚好又是初十，所以我们一大早就去了雍和宫,1
6213,乘坐909路公交车到达下一站小众的【雍和宫】。感受藏传佛教魅力，烧香拜佛保平安，最喜欢酥油灯和安静映照在殿堂里的自己。,2
6214,雍和宫，简介就抄袭百度的好了。,0
6215,本想去找一下四爷当皇帝前所居住环境的感觉，还是没找到，香火确实很旺盛，寺内雕塑也要比其他寺院壮观，不愧为皇家寺院，只是没有烧香，所以游览的快了些。,1
6216,新年第一天，我们来到雍和宫，上了新年第一香，许了愿，还求了一个平安符。请香的人蛮多的。,2
6217,地铁2号线就有雍和宫一站，门票25，还送张小光碟。雍和宫原来四四也就是雍正即位前的府邸，即位后这里不能再住人了就改成了寺庙。去的时候是8月，香客很多，一直都是烟雾缭绕的。游客注意，寺庙里面有些地方禁止拍照的，进去的游客要注意一下标志，不要冒犯了。ps：雍和宫的旁边是孔庙，门票不是很贵，有时间的也可以逛逛。,2
6218,北京城最让人心静的地方一是雍和宫，二是颐和园。雍和宫因为是皇帝行宫，雍正的灵柩在这里停放，也是乾隆的诞生地，所以黄瓦红墙。,1
6219,不愧是皇家寺院，处处体现皇家细节，宫殿也非常壮观，尤其是万福阁和那尊26米的未来佛，值了！,2
6220,乘坐地铁五号线在雍和宫站下车。来之前还做了一点小小的准备。,1
6221,秋天银杏都黄了，景色很美，很静。拜拜佛烧烧香。,2
6222,不用自己买香，寺院会赠送你，初一十五烧香的人很多很多，很多人都是来这里许愿的，还有很多国外游客，藏汉结合的寺庙，皇家寺院的大气和宏伟全部展露在你面前。整个木头雕成的大佛像，很是壮观。,2
6223,雍和宫位于北京市区，历史上这里曾是清皇四子胤禛的府邸，乾隆皇帝的出生地，也算是一个皇宫了，金碧辉煌很大气的。,2
6224,如果你要烧香，这里绝对相当合适。我对烧香没兴趣，所以就随便逛一逛，也还好。,1
6225,皇家寺院，信佛之人必到之地，游客很多，门票好像是25，赠送一把香。,1
6226,没去之前，以为雍正是住在那里的，一直想看看他生活得过的地方，去了以后才知道那被改成寺庙，烧香拜佛的地方，据说是北京许愿比较灵的地方。只希望一切安好。，,1
6227,雍和宫位于北京市东城区内城的东北角，是北京市内最大的藏传佛教寺院。很特别的一座寺庙，既有皇家园林的建筑风格，又有神秘的藏传佛教造像以及独特的藏传佛教文化。据说庙很灵验，所以香火很旺盛，其实，就某种意义而言，雍和宫现在所展示的一切只是在尽可能地将历史上雍和宫最繁荣，最辉煌的那一段真实地再现在现代人面前。,2
6228,其实雍和宫也在地铁沿线。非常好找。9月底的银杏叶。只有边缘开始泛黄。香山的叶子应该也还是绿的吧。,1
6229,早上9：00开始营业，为了拍到漂漂的照片，一早就去了。这个 月帝都的游客不多，惬意啊~周边游很多香火的商店，据北京的朋友说是北京香火最旺的的地方，信佛的朋友可以去拜拜。,2
6230,我原先是去想寻找一下四爷的足迹的，但去到发现一点王府的气息也没有，喇嘛庙啊。那我也本着宁可信其有不可信其无的心态烧了香。,1
6231,去过两次，第一次是寻找马尔泰若曦，第二次是虔诚的为家人的健康祈福！,2
6232,非常好！伍桂苹***********导演姐姐，非常细心，讲解到位，及时的解答问题，对历史的了解又丰富了，感谢！！,2
6233,据考，雍正十三年（1735年），雍正驾崩，曾于此停放灵柩，因此，雍和宫主要殿堂原绿色琉璃瓦改为黄色琉璃瓦。又因乾隆皇帝诞生于此，雍和宫出了两位皇帝，成了“龙潜福地”，所以殿宇为黄瓦红墙，与紫禁城皇宫一样规格。,2
6234,雍和宫是北京市内最大的藏传佛教格鲁派（黄教）皇家寺院，历史上这里曾是清皇四子胤禛（雍正皇帝）的府邸，乾隆皇帝的出生地。后来改为黄教寺院，香火极旺，寺内还有很多珍贵的古建和文物。到了秋天，红墙配落叶，加上香火缭绕，十分古朴美丽。来自去哪儿用户@鹿妹儿喵喵喵来自去哪儿用户@鹿妹儿喵喵喵,2
6235,讲解很细致 发货快 很不错,2
6236,雍和宫原为雍亲王府，后在乾隆九年（1744年），改为喇嘛庙，可以说雍和宫是全国规格最高的一座佛教寺院。里面礼佛烧香十分灵验，运气好还可以看见前来祈福的明星，林志玲、范冰冰都曾来此拜祭。,2
6237,地铁2号线就有雍和宫一站，门票25，还送张小光碟。雍和宫原来四四也就是雍正即位前的府邸，即位后这里不能再住人了就改成了寺庙。,1
6238,雍和宫位于东城区北二环雍和宫桥的南边儿。停车非常不方便，建议坐地铁，2号线雍和宫站下车，走一小会儿就能到。这里是个烧香拜佛的地方，香火极为旺盛。对于无神论者来说，来这儿就是随便看一看，毕竟景色还可以。雍和宫的这条街上密密麻麻很多卖香火的小店，对于烧香的人来说，附近买挺方便的。,2
6239,住的地方离雍和宫只有一站地铁。所以就去看看。门票25。进园会送一束香。雍和宫是雍正帝作为亲王的王府，后来改成皇家寺庙，是藏传佛教。有名的班禅达赖金瓶挚签曾经在这里举行。,2
6240,烧香拜佛一定来雍和宫，听闻非常灵验。里面有一尊非常高大的佛像。,2
6241,闲来无事，独自去逛雍和宫，如此宏大的王府，在当今也是不可小觑的。,2
6242,雍和宫从二环路过时就可以看到，可谓是琼楼玉宇，非常引人注目，推荐大家看完雍和宫进入对面的胡同，可以直接到达国子监和孔庙。,2
6243,香火鼎盛，新年的时候人尤其的多，节假日也是比较多，工作日的时候其实也不少，主要就是太著名了，从前的雍亲王府，也就是雍正帝的潜龙邸。,1
6244,"Very nice place! It''s a wonderful tour place, and full of tourist.",2
6245,雍和宫是雍正皇帝的潜龙邸，后来修缮后改变了用途。最著名的要属后殿供奉的一尊佛像，为一颗大树雕刻而成，非常古老，得见者都觉得很震撼。,2
6246,虔诚的祈祷，愿心愿得偿，一定会还愿的！,2
6247,虔诚的祈祷，愿心愿得偿，一定会还愿的！ 冷天的风铃声，漫漫的烟气中，天南海北的人，从请香处拿了香，挨着给神灵叩拜，祈求心想事成！,2
6248,雍和宫位于北京市区东北角。清康熙三十三年（1694年），康熙帝在此建造府邸，赐予雍亲王，称雍亲王府。雍正三年（1725年），改王府为行宫，称雍和宫。雍正十三年（1735年），雍正驾崩，曾于此地停放灵柩，因此，雍和宫主要殿堂,1
6249,周末人特别多！大家要抓住人少的机会啊！老少皆宜，喜欢什么精致的人都可以前去参观，大家可以自带干粮，在里面安心的参观。快去！,2
6250,男拜初一女拜十五，今天初一人很多哦，门票还是25块钱，进去后可以免费领香，因为要给老人祈福，到法师处写法式单，给了100块钱，法师之后会给做法念经。,2
6251,第二次去啦……作为雍正皇帝的潜邸，很值得一看，而且票价便宜，附近还有太庙国子监，小吃店也多……,2
6252,每年元旦必去，之前一直跟闺蜜同行，今年跟老妈一起，期待明年可以和最爱的人一起去。,2
6253,怀着虔诚的心在腊八节去的，天气湛蓝空气很好，认为很值得一去。,2
6254,雍和宫烧香，往返10来次，一次三支，为所有相遇过的人祈福。就是人特别多，尤其是春节的时候人超级多，需要特别注意时间才能去。,2
6255,本人感觉香火很旺，还是比较灵验的，每到初一、十五人都很多。,2
6256,坐地铁2号线可以直接到达，入口处有银杏树及其金黄的叶子构成的黄金大道，笔直整齐，美丽至极，里面的每一座大殿都很庄重，前来参拜的人很多。,2
6257,地铁2号线直达～进去后会送香～里面上香叩拜的人很多～很虔诚～旺季到下午四点半，淡季到四点～,2
6258,专门来许愿的。雍和宫内的外国友人很多。我们去的那天人不算多，轻松逛完没有拥挤。门票是一律25元没有证件的优惠。不让外带香。进去后有免费的赠香一盒。一个地方烧三根。一盒正用完。,2
6259,有一个26米的大佛是由一颗木头雕成的感觉很壮观很神奇,2
6260,喜欢这里富贵但不庸俗，两排葱绿的古树，一束温暖的赠香，处处都彰显出这雍王宫的与众不同。,2
6261,去了是为了看看它的建筑。人太多了，到处是烟，降低趣味。不过建筑真的很棒。,2
6262,祈福圣地......🙏,2
6263,忙着拜佛，好像没拍什么照片嗯。。。嗯有送香的，不要外面买哦，虽然好多攻略上说呢,1
6264,香火很旺，出于环保考虑现在每位游客可以在入口处领取免费的香。,1
6265,从青旅出来往宫廷麻花店的右侧一直走，步行五百米吧！就能走到雍和宫和国子监。所以说住在雍和青旅真的好方便呢，走出来吃喝玩乐，景点，交通样样齐。雍和宫主要是拜神的地方，里面提供香，不必在门外购买。有人说雍和宫许愿很灵，不妨一试喔。,2
6266,我对雍和宫里面的佛像没兴趣。但我对它的建筑很好奇。我很想知道，屋顶边缘一排的是什么图案。屋顶四角的铃铛，在微风吹过的时候，还能发出好听的声音。,2
6267,2015新年第一天，雍和宫祈福。北京的藏传佛教寺院，香火很旺。,2
6268,25元的票价送1个小光碟，还有免费领取的一把香，庄严的佛像，让人静心的地方！香火很旺，礼佛的人很多！,2
6269,带着郁闷的心情我去了雍和宫，25元，忘记租语音导游器，也许是因为心情低落，觉得雍和宫没什么逛的，到处香火萦绕，空气质量非常差，我兜了一圈就返程了。,0
6270,12号去的雍和宫，恰逢大雨。孙导的衣服都淋湿了，尽管如此，依然非常耐心细致地给我们讲解了雍和宫展览馆上没有的知识。他的讲解通俗易懂，幽默诙谐。虽然有点小贵，还是值得的。,2
6271,雍和宫很好玩 就是部分区域仍在修缮 有点遗憾,2
6272,服务很好，讲解很棒👍🏻,2
6273,孙导演讲的很好，听了很多关于雍正和乾隆的故事,2
6274,今天的雍和宫之旅十分满意，讲解细致到位，十分满意。,2
6275,五星好评 感谢带眼镜的孙导细心周到的讲解 感谢 很好,2
6276,门口售票处25一个成年人，直接扫码非常方便无需兑换纸质票。香火鼎盛，善男信女众多，也有不少的外国友人参观。殿内禁止拍照,2
6277,香火很旺，景点内提供免费香，不能自带,1
6278,不知道其他人怎么想的哈！我个人认为游客想了解的是雍和宫的过去，可讲解的内容都是现在的陈列品之类的，。,0
6279,**让行程丰满，历史铺面而来时你才会知道北京永远都是人民向往之地，讲解OK的,2
6280,要能随走动自动切换就好了，只是讲解，不是门票别看错了,2
6281,从后海坐地铁6号线换乘5号线，就能到达地铁雍和宫站，买票参观雍和宫，还能免费领取三炷香哟。,2
6282,天坛公园，雍和宫。感受皇家祭拜的宏伟规模。南锣鼓巷老胡同走走体会下老北京的文化气息。,2
6283,皇家寺院、非常有磁场、感恩！,2
6284,放下行李后，我们来到了雍和宫。,1
6285,主要是烧香拜佛的地方，香火鼎盛,2
6286,建筑是典型的宫廷特色，皇家寺庙，门口会发香供人参拜,1
6287,景点里面算是比较人少的清静幽雅。绿树遮荫！雍和宫其实是一个很好的景点，如果有专门的讲解，会了解许多鲜为人知的历史。,2
6288,五道营的尽头是雍和宫不过今天的目的地是成贤街的孔庙国子监,1
6289,以前进去过，是雍正继位前的王府，继位后改成喇嘛庙。,1
6290,女儿1号凌晨两点的飞机去法国学习交流半年，从首都机场出来到宾馆睡了半宿，早上就去雍和宫上香了，祈福新的一年健康平安顺意！因为是新年的第一天祈福的人很多但秩序井然而且入门就有赠香处很贴心值得称赞,2
6291,初次来到雍和宫以为这里也是宫殿的遗址，供人参观游览，下了地铁才发现，这里在很久以前就已经改为寺庙了，而且香火非常旺盛，据说在这里许愿也非常灵，周围有许多买香的店铺，景区门口的大牌子写着景区内有免费的赠香可以领取，不需要在门口买，不过许愿还是心诚则灵。,2
6292,值得一去，之前在北京好多年都没去这次出差忙里偷闲去了一次，好壮观，于在四川是不同的感觉,2
6293,到了雍和宫，比我想的要好的多！,2
6294,去逛了雍和宫、古巷内的国子监（古代最高学府）、文庙（均外观），再游览了地坛公园（5元），里面的红枫（可惜不够红）与金黄的银杏、梧桐都特别绚丽，好一派闹市中的秋色。又随意闲逛了几条著名的老胡同区、钟鼓楼、什刹海胡同休闲游览区（后海）、北海公园外眺望白塔。,2
6295,来到了北京还是一代要来这出了两代帝王的雍和宫朝圣一下。十一月份的雍和宫，正是银杏叶换上金装的时刻，进入正门，就看见金黄色的一条大道直通雍和宫的正殿大门。以前是皇帝专用的道路。,2
6296,我们住的地方离这很近，走着10来分钟就到了。香火很旺，里面有赠香的,2
6297,雍和宫最里面的万福阁里有一尊非常高大的弥勒大佛，这就是被誉为雍和宫木雕三绝之一的迈达拉弥勒大佛。弥勒大佛的主体部分是由一棵完整的白檀木雕刻出来的，手臂及垂下的衣纹飘带，则是由其它木料辅助而成。这根完整的白檀木通高26米，有8米被埋入了地下，而我们所能见到的则是地面部分的18米。佛像精雕细琢，蔚为壮观。,2
6298,人很多，但是值得一去，很古色古香。,2
6299,香火真的很旺，好多个殿，都是烧香拜佛的。香火在进门后领取，想个个菩萨都烧下香，有点不够用。传说中最大的木雕佛像在最后的宫殿里，可以长长见识。整个园内比较安静，毕竟是烧香的地方。一些殿内有颂经的，这点在一些寺庙景点，没见过。雍和宫周边还有地,2
6300,香火真的很旺，好多个殿，都是烧香拜佛的。香火在进门后领取，想个个菩萨都烧下香，有点不够用。传说中最大的木雕佛像在最后的宫殿里，可以长长见识。整个园内比较安静，毕竟是烧香的地方。一些殿内有颂经的，这点在一些寺庙景点，没见过。雍和宫周边还有地 坛公园，北海等可以逛逛，北京旅游方便之一大概就是这了。,2
6301,国内许愿很灵验的一个寺庙！可去拜拜～～,2
6302,这里主要是烧香拜佛的地方，没有什么景色，但据说许愿很灵验所以常年香火极旺。里面有发香所以不必理会外面卖的高价香，旁边还有国子监,2
6303,这个景区很值得一看，和坤的居所。如果想了解清朝乾隆年间的历史的那就来吧！,2
6304,北京最大的藏传佛教寺院,1
6305,不信佛的还是考虑一下要不要去，纯看建筑的就去恭王府吧，雍和宫可以免费领取一盒香，我没领，我不知道怎么拜，拿了也是浪费了，纯欣赏建筑去了，四爷的家还是很不错的，离孔庙国子监很近，过马路走进巷子里就是,2
6306,中国许愿最灵的两个地方之一。门口有检查，不可以带香，院中有赠香。,1
6307,我是步行去的雍和宫，交通方式很多也可以坐地铁。步行则需要穿一个厚底的鞋。,1
6308,建筑很华丽，但范围比较小。一般吧。,1
6309,听说这里拜神很灵的 特别是姻缘 所以。,2
6310,虽然天气很冷，但是游客也很多，里面很大，大多数藏传佛，很多朋友都说准，里面有免费赠送香，入院需开包安检！,2
6311,~下午我们就去了地坛公园还有雍和宫、国子监，这三个地方都离得很近~~~地坛公园和国子监不是让我留下很深的印象~相比之下我更爱雍和宫，我喜欢的四爷竟在这里居住过，虽然后来这里变成了礼佛烧香的地方！12.5元门票（半价）还送环保香，于是我们进去都虔诚地焚香！,2
6312,雍和宫门票会附带一个小磁盘，里面是关于雍和宫的介绍。,1
6313,雍和宫一到初一十五就排队排的很满，年初甚至要排到北新桥就可以见得这里特别灵验，而建筑自身也很有特色的保留了黄教皇家寺院的特色,2
6314,是北京规格最高的佛教寺院,1
6315,北京老胡同 有孔庙和国子监中学 周边还有雍和宫和五道营胡同,1
6316,从恭王府出来直接坐地铁去了南锣鼓巷，可能是我们没什么文艺细胞吧，怎么看怎么跟咱们重庆的磁器口差不多，跟后来的天津古文化一条街也差不多。顺着人流走了一圈。,1
6317,旅游景点非常不错，小吃非常之多，实在值得推荐一去。,2
6318,去这里烧香拜佛是个很好的去处，据说大年初一烧头注香将给家人带来一年的吉祥。,2
6319,很热门的祈福地，附近还有五道营胡同可以转转感受老北京胡同文艺风光。,2
6320,以为是王府来的，其实是香客们的天下哦，受氛围感染，全跪了,2
6321,去哪都方便，可以雍和宫祈福，临近簋街，吃东西方便,2
6322,前几天去得雍和宫周边好热闹啊全是佛品店好多人，非常喜欢下次还来。,2
6323,跟朋友去的 就是感觉人多 不适合年轻人去 毕竟是首都 好评必须给的,2
6324,人很多很热闹不过卫生很好井然有序很有意义的旅行,2
6325,以前的雍亲王府，后来改作黄教圣地。从火车站下车后可以直接走过去，一路都是推荐卖香的，但因本人不算特别了解，所以更多是观赏性的。门票非常有意思，里面有一张小小的光盘，还有七八分钟左右的视频可以播放。非常喜欢入口处那两排古树，感觉整个都会沉静下来，特别是看到师傅们在游人那么多还不停拍照的情况下丝毫不受影响的做功课,2
6326,很灵验~景色好，经常都去拜拜~现在提供香，不需要自己带了,2
6327,烧香拜佛去的地方，浓烟滚滚,0
6328,这是第三次去雍和宫了。自从去过一次之后，每去北京必去的一个地方。门票很便宜，25一个人，里面还有张小光盘，大约6分钟的简介，连导游都不用了。雍和宫吸引我的是里面的氛围，没有江南寺庙那种浓厚的铜臭味……吸引我一去再去……,2
6329,坐地铁比较方便，门票便宜，建筑值得一看！,2
6330,道教的地方，提醒上香不能乱上，愿望实现必须去还愿，要不不好，很多算命的乱收费。,0
6331,雍和宫(地铁5号线雍和宫站)，门票25元(我个人觉得贵，包含一只小光盘，回来后一直都没打开看过，估计都是介绍雍和宫之类的纪录片吧)，雍和宫里面现在都是求神拜佛的地方了，不过进入雍和宫正门的那段路的两旁都是银杏树，金黄色的很漂亮，算是唯一安慰自己买了票进去的理由吧！,1
6332,雍和宫香火真的很盛 人很多 不过感觉很棒,2
6333,全国最高级别的寺院。,2
6334,参观完沿右手边国子监去国子监和孔子庙。,1
6335,地铁2号线或5号线雍和宫C出口下车，9点开门,1
6336,60岁以上半价优惠12元，游玩1小时，09：00-17:00（16:30停止检票，17:00清场）,1
6337,雍正，乾隆潜龙邸，之前是太监宫女居住的地方。,1
6338,周末去的，游客不少，雍和宫很华丽，古人技术精湛,2
6339,这里烧香还是挺好的，节日人比较多,1
6340,【性价比】非常非常方便，地铁有个站就叫做雍和宫。 【景色】非常不错，黄帝还是会选地方。 【趣味】这里保养的不错，很有韵味的一个地方平时就算不进去在外围走走也很好。,2
6341,总的来说还可以，服务环境都还可以,2
6342,北京比较有名的寺庙，打卡景区。,1
6343,雍和宫终于开放了，我们终于可以在蓝天白云下去雍和宫了。有希望就要去努力。一个朋友在春节前在雍和宫大街上开了一个铺子，结果赶上生意不好。,2
6344,雍和宫开放了 故地重游 有温故 也有知新 无论身处何处 时间允许 毫无疑问 都是在当地故地重游的绝佳时机 所到之处都是个人曾经所游之时 游客最少的时候 今日所处 是好是坏 单就景点 最坏的时成就了最好的  ……,2
6345,拜佛很灵验的地方，建筑也很不错,2
6346,这是北京的古老建筑之一，代表它的历史和文化以及人文底蕴。整个建筑群的面积并不大，但是成为北京的代表性景观之一，每年春节在这儿的人很多。,2
6347,雍和宫非常别致的建筑风格和现代服务业集聚区发展规划纲要，景色十分壮观景象。非常适合夏季去看的地方色彩搭配浓淡适宜种植等农作物。,2
6348,雍和宫宫地铁站口有一株古老的花树，每年都开满了白色的花，走过这树花再到雍和宫大街上，就可以闻到烧香的淡淡香味，门票价格优惠，只有25元，还附赠了一束香,2
6349,北京著名景点之一，但是外地游客较少，旅行团也不会去。,1
6350,还没来得及去，等有机会一定要去,2
6351,都开了，还不更新，怎么了怎么了,0
6352,很神圣的地方，每天很多人，络绎不绝前来上香,2
6353,去过一次，景色很好，人也不是特别多，,2
6354,挺方便的，在市区里面，不建议开车！,1
6355,大气磅礴，也算是打卡过电视里常有的景点了,2
6356,不愧是雍正皇帝的行宫， 也是北京帝王古迹中人气旺到没边的景点， 无论什么时候来都是人山人海， 雍和宫的建筑感觉和故宫最像， 红墙廊柱黄瓦飞檐，可以说是很贵气了。,2
6357,雍和宫这里游客不是太多，特别是跟团旅游很少去这里。,1
6358,雍和宫坐北朝南 ， 其建筑风格非常独特， 融汉、满、蒙等各民族建筑艺术于一体 。整座寺庙的建筑分东、中、西三路，中路由七进院落和五层殿堂组成中轴线，左右 还有多种配殿和配楼 。,2
6359,雍和宫位于北京市区东北角，是淸康熙三十三年间，康熙帝赐予四子雍亲王的府邸，称雍亲王府。,1
6360,一到周末人就会很多呢，还是不错的啊,2
6361,雍和宫常年的烟花鼎盛，我个人觉得也很灵验，强烈推荐。,2
6362,11月的雍和宫非常美，银杏叶变成了金黄色，和庙宇中特有的香烟味道，是一种静谧而安详的感觉,2
6363,最早的！雍王府这里现在是密宗的寺庙！有特色！,2
6364,不错的景点，值得去看看，附近也有不少的古迹。,2
6365,雍正的府邸，这么大，香火很旺～,2
6366,希望一切恢复正常，雍和宫挤满人才正常。,2
6367,在那里看银杏是我留下最深的印象。,2
6368,疫情期间在家听语音导览咯~~~~~ 雍和宫坐北朝南，全部占地面积为6.6公顷，据1950年统计，共有房661间，其中佛殿238间。其建筑风格非常独特，融汉、满、蒙等各民族建筑艺术于一体。整座寺庙的建筑分东、中、西三路，中路由七进院落和五层殿堂组成中轴线，左右还有多种配殿和配楼,2
6369,挺方便的，最好是坐地铁去，周围停车不是很方便！,1
6370,从布达拉宫回来去的 梦见了大佛真不可思议 还去了故宫须弥福寿展 是2020年跨年的元旦很完美 真不知后来疫情这般的魔幻 一切快好起来吧,2
6371,很有特色的藏族寺庙，而且很神的,2
6372,每年春节人多到爆，雍和宫并不大，但一圈拜下来还是很累的，个人感觉不是很灵验。,0
6373,非常灵验，每年都会去～虽然就在家门口，每逢初一十五也要排队,2
6374,雄伟壮观，香火旺盛，人山人海，,2
6375,北京市内比较著名的景点之一，名气虽然没有故宫、长城这些大，但是懂北京文化的都还是知道。,2
6376,龙潜旧地，佛门福地，都是有故事的地方。,2
6377,每年都要去里面走走，可惜最近是去不了。,0
6378,雍和宫的游人也很多，在地坛公园附近。,2
6379,春节的时候人超级多，平时人不多。,1
6380,推荐，值得一去。环境特别好，很大，需要多半天时间游玩。,2
6381,今早拜访客户来得太早了，被拒之门外，就在边上转一圈，没想到就走到了多年没去过的雍和宫。冬天早上的雍和宫被涂上一层神秘的金光，让我这老北京觉得格外亲切，虽然只是在外围散散步，但看看这浓重的色彩和匆忙路过的人群就是感觉很放松。,2
6382,雍和宫是京城著名寺庙，不错的地方，旁边很多人文景点，国子监也不错,2
6383,皇家国学圣地，历代状元齐聚，北京历史体验必去之处！,2
6384,人很多，特别是过年的时候，香火一直很汪,2
6385,北京的雍和宫，真的非常的著名，因为这边曾经生活过清朝相当著名的两个皇帝，分别是雍正和他的儿子乾隆皇帝，宫殿非常宏伟大气！,2
6386,雍和宫热闹的虔诚的，雍和宫的虔诚是有信仰的，进来体会你才能感受。,2
6387,古朴典雅的地方，清宫剧迷也会喜欢,2
6388,雍和宫，北京最豪华喇嘛庙，雍正潜邸，时代变迁普通百姓也能踏足其中了，不胜唏嘘,2
6389,秋天的雍和宫太适合摄影了，拍拍建筑各种角度就很美。感受曾经皇家生活的庄严仪式很好这里不算大众景点，人不算很多，有时间可以多逗留一下！！！,2
6390,雍和宫位于北京市区东北角 清康熙三十三年 康熙帝在此建造府邸  赐予四子雍亲王 称雍亲王府 雍正三年 改王府为行宫 称雍和宫,1
6391,北京室内重点景区之一，喇嘛庙。,2
6392,信佛可以来，初一十五人很多，交通便利,1
6393,以前的时候，工作节奏没有这么紧张，所以经常骑单车来这里附近，顺便就逛了雍和宫。时常就会觉得自我升华了许多，世间烦扰不再与我有关联,2
6394,以前皇家是寺庙，据说是北京城最灵验的地方。,1
6395,雍和宫看起来真的很受欢迎，当天有很多旅行团、游客前来，人山人海和来来往往的车，拍起照片来很是困难。,1
6396,景色不错，建筑挺好看，历史悠久,2
6397,地铁出来后就是的，非常方便的地方,2
6398,上香拜佛的圣地，传统节假日人特别多，平时可以去走走，清净之地,2
6399,雍和宫是北京必去的景点之一 位于北京市区东北角 清康熙三十三年 康熙帝在此建造府第 赐予四子雍亲王 称雍亲王府 后改为行宫,1
6400,风景都跟不错的，就是人太多了……,2
6401,北京大部分的景点门票性价比都不错。。。,2
6402,环境很不错 大家求的时候都喜欢去的地方,2
6403,逢年过节，初一十五什么的，人都特别多,2
6404,最后的大佛很棒，十几二十米的大佛，绝对可以玩如来神掌了,2
6405,名剎古寺，值得一看，香火鼎盛，环境优美。有开光室可以为随身携带的饰品开光。 【性价比】 【景色】 【景色】 【性价比】,2
6406,来北京必打卡的地儿，清代规格最高的藏传寺庙。,2
6407,中华文化遗产确实震撼中华文化遗产确实震撼中华文化遗产确实震撼,2
6408,雍和宫每天都吸引很多人来参观，这里的服务理念很好，买票送香，方便来祈福的人们，又保护了环境，给个赞,2
6409,烧香的胖友，不要在正中央的门排长队，这里是方丈／大和尚上香的地方，我们普通人只需通过侧门进即可哦～,1
6410,交通便利，门票也不贵，要抱着一颗虔诚的心,2
6411,挺好的，值得去，听一听讲解更有价值,2
6412,香火旺盛，人多到不行，尤其是春节期间。,2
6413,雍和宫在中国是一个好多人都去敬拜的地方,1
6414,工作日去雍和宫总归是人还是会少一些，我也渐渐尝试用另外一种状态工作和生活。在这里，总会多看透一些人生百态，总会多思考一些世间无常,1
6415,很大气，很漂亮，就是人气也超级旺，喜欢凑热闹的人一定要去感受一下这座皇家寺庙，确实与其他地方并不一样啦！,2
6416,适合周末去玩的地方，一家大小的玩一天,2
6417,雍和宫闹中取静，虽然外面交通人流嘈杂，进入寺内就一下子变得静了下来。就是太大了，椅子不够用。,2
6418,在北京确实是很有特色的一座寺庙，值得慢慢品味，唯一就是人太多了。,2
6419,非常值得参观一下，仔细看了所有介绍，很有收获,2
6420,值得一去领略一下这里风光特别棒,2
6421,这里有文化和历史的价值，认知随岁月而深刻,2
6422,雍和宫位于北京市区东北角 清康熙三十三年1694年 康熙帝在此建造府邸 赐予四子雍亲王 称雍亲王府 雍正三年改王府为行宫,1
6423,古老建筑，具有很浓郁的历史意义，非常值得一游！,2
6424,这个其实只要外观看看就好，不一定进去的,1
6425,门口门票25，这里应该便宜些啊？,0
6426,雍和宫是北京著名藏传佛寺，原为雍亲王府。,1
6427,雍和宫是北京著名的寺庙，在地坛公园对面，不错的地方！春节人很多,2
6428,过年的时候人超级多，人到的也超级早,2
6429,太坑了，本想花钱不用排队入场，不用排队买票，没想到比正常自己进院花了更多的时间和钱，一个字坑，真的坑，我一个北京人都看不下去了,0
6430,北京雍和宫那一代胡同不错，甜品店超级好吃，北京的冬天也没那么冷，推荐下,2
6431,非常气派非常灵验的寺庙雍正还是皇子的时候的住所。,2
6432,古色古香，烧香很灵验，旁边的国子监是全国最高学府，值得鉴赏参观。五道营胡同类似南锣鼓巷，小资情调。,2
6433,北京雍和宫是保存很好的文物~值得一看！,2
6434,历史文化旅行之旅，看皇家建筑，学历史文化,2
6435,皇家宫殿园林 美景，高端大气上档次,2
6436,北京的景点简直是良心票价，25元，雍和宫很大呀，18米的佛像震撼,2
6437,喜欢古建筑，就是人太多了，拥挤拥挤，影响了参观体验！但是建筑真的很美很好很特别！,2
6438,连个行李寄存都没有。。。感觉极糟糕！,0
6439,雍和宫周一闭馆吗，听说是每周一休息,1
6440,北京最大的喇嘛庙，雍正府邸，乾隆出生地，值得一去。,2
6441,园子挺大的，风景也不错，值得一观！,2
6442,节假日去的时候游客很多，烧香的人很多。,2
6443,北京的景点门票真心不错，为老百姓提供便利，性价比超高。第二次去了。历史的故事和文物值得去看看。秋天的时候去过，银杏树下走走，秋天的感觉不错。夏天去就是有点晒，热。值得去看。,2
6444,打卡地点，属于一个必去的地方，看看古代文化。,2
6445,喜欢历史建筑、有信仰的大可以去看看，真的很美！对我来说很有趣味我就是看建筑去了。想玩的找趣味的估计会失望。人山人海、怕人从众的慎去吧。,2
6446,什么都好。就是检票的态度太差。教养都让狗吃了,0
6447,30年前每天上学坐车路过，直到这几年才头回参观。人生意义和追求愿望总是在宁静中才会思考。,2
6448,过年期间人太多，挤进挤出，什么印象都没有。,0
6449,去了很久了，已经忘了是什么样的了，不过非常有年代感，地方不大，推荐大家去看看。,2
6450,值得一去，四爷王府，乾隆出生地，黄教圣地,2
6451,好喜欢(｢･ω･)｢嘿雍和宫，好喜欢那里的雕像！还有放养的鸽子！雍和宫的四大天王，都雕刻得栩栩如生！还有好大好大(✪▽✪)的佛像，真的好好看(｡･ω･｡)ﾉ♡呢！！好想再去！,2
6452,有着我国悠久的历史文化，值得一去,2
6453,很有特色，值得一去，记不得去过多少次了，就是门票有点贵。,2
6454,比起故宫来，门票有点贵，但是还是值得一去的,1
6455,感觉这里的免费提供香挺好，既不造成污染还少了很多故意让人上香的生意人，只是心诚的过来拜拜,2
6456,景点不错，挺漂亮的，值得去看一看！,2
6457,陪家人烧香去的，避开观光人群可以细致浏览。,2
6458,每年过年都要去烧香！已经成为必去,2
6459,到这里交通蛮方便的，坐地铁就能到，原先是雍亲王府,2
6460,景色优美 风景秀丽 交通方便 好玩,2
6461,门票不高，门口可以领香，每人一盒刚好够用，不允许自带。安静，虔诚，人挺多。停车场特别小，但是游览时间比较短，可以排队稍等。,2
6462,大气、典雅、雍容，帝都的这个寺庙整体的格局，还是其他地方，不能比拟。,2
6463,雍和宫据说是乾隆皇帝的出生地。每年春节前后这里香火旺盛。,1
6464,感受心净的洗涤与回善！回归人心的本性回归！,2
6465,地坛步行至雍和宫，寺院给每个人准备了香。,2
6466,雍和宫，乾隆皇帝出生地，一年四季，香火旺盛，！,2
6467,挺好的唯一就是门票只能收现金。。。。,1
6468,值得去，师傅们佛法无边    工作人员善良,2
6469,香火很旺的皇家寺庙，人超级多的。,1
6470,雍和宫以前是雍亲王的府邸，后来改成行宫，因此都是黄色琉璃瓦，后来又改成喇嘛庙，皇家寺庙。,1
6471,值得去看一看，趣味十足，性价比还可以吧,2
6472,整体不大，避开节假日，可以去看看，春节人超级多,1
6473,香火很旺，很多人拜拜，不过估计没多少人知道是藏传佛脚的。建筑很新，看起来比故宫还齐整。,1
6474,我觉得雍和宫不愧是龙福潜地，去的时候是初一，香客很多，有的人特别虔诚，我是去求子的，去之前检查了好多项目都没怀孕，回来同一个月就怀孕了，很神奇，打算宝宝生下来就去还愿，感恩菩萨！,2
6475,25元一张门票，里面有香，不用在外面买,1
6476,比较正宗的寺院，每天来拜的人特别的多，,2
6477,雍和宫作为4A景区。它是位于北京市东北角。坐地铁2号线或5号线都可以。,1
6478,人山人海，香火极其旺盛   平安幸福。,2
6479,第一次冬天来，没有秋天的满地黄叶，但有冬天的肃穆。17年最后一天，希望18年能开个好头，祈祈福吧。哦一年又一年。,2
6480,不错的地方，感觉到了浓浓的虔诚的心,2
6481,看完生逢灿烂的日子，我觉得里面最搞笑的就是，老四说老三的老二老大了[捂脸],2
6482,雍和宫，国子监可以在一起参观晚上簋街吃饭,1
6483,好多人都去拜，门口路上经常堵车,2
6484,秋天的银杏还是很漂亮地。值得一逛！,2
6485,雍和宫雍正帝府邸，乾隆皇帝的出生地！一派皇家气息！庄严气派！奢华！,2
6486,非常值得来 买门票统一赠香 一进门大片的银杏林非常美 虔诚的人们一一拜佛上香 气氛很好,2
6487,没啥好看的，只有满院的烟，透不过气来。,0
6488,旅行值得一去的地方，下次去北京还去,2
6489,雍和宫最初是四爷的潜邸，后来赐给黄教成了雍和宫,1
6490,门票25一张，香火很旺，专门去烧香拜佛的，门口有免费香送,2
6491,值得去看一看，特别是最后一个殿里的大佛。,2
6492,雍正曾经的府邸 当然与其他王府不同 更似缩小版的皇宫,2
6493,当然值得去！每天都有那么多少去烧香拜佛！必须推荐！,2
6494,出了地铁就闻到了香火味，地方不大戴着讲解器每处到走到了，感觉不错。,2
6495,雍和宫作为本次行程的最后一站，非常完美。25元的票价，包含一盒香。最后大殿里的大佛真的非常震撼，一整根木头雕刻而成。院内看见有藏族人前来膜拜，很虔诚。香火确实很旺盛。,2
6496,雍和宫南院，可见一座巨大影壁、三座高大碑楼和一对石狮。过牌楼，有方砖砌成的绿荫甬道，俗名辇道。往北便是雍和宫大门昭泰门，门内两侧是钟鼓楼，外部回廊，富丽庄严，别处罕见。鼓楼旁，有1口重8吨的昔日熬腊八粥的大铜锅，十分引人注目。往北，有八角碑亭。,2
6497,雍和宫位于市区东北角，清康熙三十三年（1694年），康熙帝在此建造府邸、赐予四子雍亲王，称雍亲王府。雍正三年（1725年），改王府为行宫，称雍和宫。雍正十三年（1735年）．雍正“驾崩”，曾于此停放灵枢，因此，雍和宫主要殿堂原绿色琉璃瓦改为黄色琉璃瓦。,1
6498,十月份等我！我一定会去的，希望不要失望,2
6499,感觉好多喇嘛都不是真的，上班打卡族，不好,0
6500,不错的选择！可以去里面拜拜佛，烧烧香！,2
6501,北京必去的旅游景点 可以烧香拜佛,1
6502,去游览上香的人很多，门口有赠香很有秩序，香火很盛,2
6503,大年初一去祈福，愿望得偿，又去过一次还愿。,2
6504,皇家寺院，不是盖的，确实很牛，门票便宜！,2
6505,据说，在雍和宫许愿是最灵的，所以人也是很多的。提醒:不用在外面买香，里面是免费赠送的！,2
6506,雍和宫是雍正皇帝的住处，气势磅礴，雕梁画栋,2
6507,建筑很宏伟、雍和宫的喇嘛很有钱。,2
6508,人气很旺，免费送香，算是性价比很高的景点。,2
6509,雍和宫确实值得一去，它和恭王府相比较各有风格，雍和宫端端庄祥和，里面供奉的神明真是多不胜数，让人一进雍和宫就有一种心静平和的感觉，个人感觉非常好，真是值得一去。,2
6510,交通方便 门票含一盒香 值得一去 雍正上班挺累的,2
6511,还是值得一去的，烧烧香，祈祈福，求求平安,2
6512,不错...............,2
6513,25块就可以进去逛啦，还给一盒香。在里面烧香，看一看可以逛半天吧。周围还有挺多不错的饭店，逛过以后在周围吃吃饭聊聊天也蛮好的,2
6514,香火很旺盛的一个地方，交通也很方便。,2
6515,香火旺盛，面积够大，值得前往！,2
6516,来此祭祀的人很多，里面道路两旁的银杏树接满了银杏，秋天的季节，金黄色的银杏叶很美很漂亮。,2
6517,香火很旺，尤其是初一十五的，来北京游玩，这个地方还是应该去看看,2
6518,非常好，不愧为皇帝的私家庙堂，宏伟，肃穆，没有许多外面寺庙的商业气息，很好,2
6519,嗯嗯，非常好，北京的一个旅游景点，推荐大家一起去游玩。,2
6520,这地方不错，是个喇嘛庙，交通也很便利，而且门票也不贵，离孔庙也不是很远，也可以顺道去看看,2
6521,很不错的旅游的地点，香火很旺。庙里金碧辉煌，初一十五人很多。,2
6522,离国子监挺近的，很热闹的一条街。,2
6523,佛弟子，以及请愿还愿的信众，值得一去的地方,2
6524,很精致的，到底原型是雍正潜邸，有品,2
6525,坐2号线或者公交都能到，礼佛祈福不用带香，里面会免费提供,2
6526,坐地铁直接到，旁边有地坛，孔庙，国子监等。,1
6527,好，值得去！                。,2
6528,皇家寺院，精美绝伦，香火极旺。,2
6529,香火很旺，队伍人排得特别多，建筑挺有特点。,2
6530,皇家寺庙，端庄大气。地处繁华地段，香火非常旺。,2
6531,每年年初一来这烧香人很多，图个好兆头。平时来参观的人很多，有个超大超高的大佛像,2
6532,据说在这里求愿望很灵的。有免费的香用来烧香拜佛的。,2
6533,懂行的可以自己看，不懂的最好找个懂的带着，里面全是佛像，光名字都记不住。,1
6534,宫殿宏伟，值得一去，不需买香，寺庙会有免费香,2
6535,皇家寺庙，气派气派还是有的，烧香还是心诚则灵,2
6536,年初一 人多到这份上 实在没想到,1
6537,皇帝手书碑极多，180多块，值得一看,2
6538,京城很古老的黄教寺庙，曾经皇子的出生地，现在香火鼎盛！,2
6539,朋友是做传媒的，据说很灵，想想09年去拜了，就找到老公了，15年又去一次，怀孕了，自己觉得挺旺自己的。,2
6540,非常喜欢里面的环境，香火很旺的地方。真有穿越的感觉,2
6541,因为是皇家宫殿，所以人特别多，几乎所有的游客都会来这里，所以即便来的时候不是节假日，也依然有很多人，不过建筑还是非常大气磅礴，很奢侈。,2
6542,来过好多次了，还是非常喜欢，每个月的初一十五是香客最多的时候，还是非常值得过来的，有地铁站。,2
6543,皇家寺院，文化底蕴丰富，门票不贵，值得参观。,2
6544,值得一去，基本每年都会去一次。,2
6545,很虔诚的一个地方，很安静，人挺多的。带着美好的期盼来到这里,2
6546,门票不贵，里面气氛不错，来北京必去的景点,2
6547,雍和宫确实不错，香火很旺，平时不是很挤！,2
6548,在这附近工作了好几年，抽空去了一次，人还真不少。,1
6549,坐地铁可以直接到，很方便。很有特色，值得一去。,2
6550,据说，在北京，求平安去红螺寺，求官进爵去雍和宫。个人觉得健康是福。假日人多。,2
6551,带着家人去的，感觉还可以。对于有历史性的东西有种莫名好感，可能逛的时候有画面感吧。,2
6552,环境不错，感受下历史气息，值得逛逛。,2
6553,进去主要是拜神，据说很灵。下午五点清场，最好提前两个钟到门口买票，进去后可都拜完。,1
6554,全国最大的喇嘛教寺庙，有信仰的一定要来。,2
6555,它是北京世区规模最大，保存最好的寺院。建筑情美华丽，风格独特。仍有僧侣在修行的寺院,2
6556,就是一个大，它很有历史，里面有慈禧太后的住宅，感觉也就那样，夏天去有蝉，鸣叫声特别大，冬天去会冻死！！！里面的东西贵贵贵！,0
6557,这个地方文化旅游方面多一些，毕竟是皇帝用过的地方,2
6558,很难得人少的景点，能游出闲情逸致来！,2
6559,雍和宫位于东北二环内，这里是藏传寺庙，来这里烧香拜佛的人特别多。,1
6560,雍和宫是藏传黄教寺院，他位于东北二环，来这里的人很多，特别是初一。,1
6561,祈福最灵的地方，香火很旺。,2
6562,雍和宫在北京的东北二环，这里是我国最大的藏传黄教寺院，有很多珍宝，来北京必去的地方，,2
6563,人不多，入门就是两排高大的银杏树，景色很漂亮,2
6564,雍和宫是很有历史的寺庙，可以坐地铁直达,1
6565,怀着感恩的心去了雍和宫，很喜欢这里的环境和气氛！,2
6566,如果信佛的可以去，就是烧香的地方，别的没有什么,1
6567,宫内一位站佛高18米，为一根白檀巨木雕刻而成，颇为壮观。,2
6568,气派，许愿都说灵，期待明年来还愿,2
6569,来第三年了 以前都工作日来 人不多 很喜欢 这次周六来 香火很旺人挤人,1
6570,25块钱一张票，进去有免费的香火！里面真的可以净化心灵！没事儿可以去静静，想想人生，非常好！,2
6571,因为住的酒店就在雍和宫附近，所以选择最后逛，雍和宫香火十分旺，人挺多的，不可以外带香，一路把香烧完就出来了。出来之后雍和宫旁边有一家南双北酪，他家的双皮奶我觉得比文宇家好吃多了，而且酸梅汤是自制的不是用粉冲的，非常棒。逛完雍和宫吃过午饭就该收拾收拾东西走了，下午三点的火车，走之前买了鲍师傅糕点还有稻香村，北京之行就结束了。,2
6572,雍和宫也是北京著名的旅游经典，古色古香的建筑，还是值得一游。,2
6573,求官求财求健康求平安的必去之地！,2
6574,最里面有个最好的佛像。据听说是一个树雕成的。,1
6575,寺内有很多珍贵的文物和古建筑，值得参观，香火特别旺盛，不上香在里边安安静静的走走，放生池边坐坐，就很美,2
6576,非常喜欢，原来雍正做皇子时的府邸，现在的喇嘛庙。,2
6577,雍和宫，北京市内香火最旺的寺庙了，门票25，但里面送一张小光盘，介绍雍和宫的。里面香火鼎盛，逢年过节都会去拜拜,2
6578,值得去逛逛，好大的院子，有湖有山好风光,2
6579,北京最有名气，人最多的寺庙，佛像也宏伟，值得去看。,2
6580,到北京的朋友应该去感受一下皇家庙宇的威严，尤其是那气势，除了北京和承德，别处没有,2
6581,很值得来逛一逛住在这附近挺好，小吃非常之多，实在值得推荐一去。停车场都是空的，人也不多,2
6582,皇家寺庙，气势自然不可与其他的地方寺庙对比，佛缘一切随缘，个人推荐去北京的伙伴必去！,2
6583,雍正皇帝的潜邸，低调龙兴的所在，香火非常旺。,2
6584,门票价格不高，买门票还附送一把香和光盘。里面很多寺庙和菩萨，建筑就是佛的世界，游客都在参拜，香火鼎盛,2
6585,面积不大.但上香的人不少.里面免费赠香.,1
6586,是一个寺庙，据说每逢初一十五去祈福的人就特别多，而且我们去的不是初一十五人也是非常多，可见这里的香火有多旺盛。应该也是非灵验的哦,2
6587,位于老城区的著名古寺，结合了藏式与汉式、满式的建筑风格，造型独特，附近就是地坛公园与国子监。,2
6588,很神圣的地方，不要买香，里面可以免费请，外面的香要没收的。,2
6589,巍峨雄伟的皇家寺庙，香火旺盛寺庙赠环保香。,2
6590,说是雍和宫，实际是烧香的地方，进去就买香烧了，没意思,0
6591,地铁有雍和宫这一站，交通很方便。以前是王府，现在已经是寺庙了，香火很旺盛,2
6592,昨天才来的这里，平时人比较少，有免费的环保香很安静,2
6593,雍正皇帝原来的府邸，也是乾隆的出生处，后来改成喇嘛庙，是北京最著名的寺庙之一，据说也是祈福最灵验的。每逢初一、十五，佛诞日，香客如云。平时早些来，游客不多，可慢慢品味，特别是其中的藏密文物，十分独特。,2
6594,这次朋友推荐过来的，里面的建筑非常宏伟，用料十分考究，不愧为皇室宫殿，值得推荐。,2
6595,烧香拜佛，祈福平安，是您理想的去处！！！,2
6596,坐地铁可以到，有免费赠香的地方，我没有药要，里面有一些展览，还挺不错的地方,2
6597,雍和宫是北京一处著名的景点，位于北二环雍和宫桥，乘地铁专门有一站就是雍和宫。很好找的。雍正驾崩，曾于此停放灵柩，因此，雍和宫主要殿堂原绿色琉璃瓦改为黄色琉璃瓦。又因乾隆皇帝诞生于此，雍和宫出了两位皇帝，成了“龙潜福地”，所以殿宇为黄瓦红墙，与紫禁城皇宫一样规格。,1
6598,差不多30年前来这里，当时刚开放，也可以领略到其壮美,2
6599,皇家大院，历史悠久，香火极旺！听说许愿很灵验！消费也不算贵，送一盒敬香！真的很不错！北京必游之地,2
6600,烧香拜佛还心愿之地，市内难得清净之地！值得去！,2
6601,大雪天来的雍和宫满地银杏叶和雪花跟平时是不一样的景色，游客还是蛮多的，地面有些滑走路得要小心。带着宝宝敬香磕头，小盆友虽然不懂但是很认真，每个菩萨面前都要拜一拜。总之还是很不错的景点，非常值得来。出景点南不远处有个炒货店有不少炒货挺好吃，忍不住买了红枣、瓜子、杏脯、松子、花生、葡萄干、话梅，推荐她家的红枣和花生很不错。三大袋吃的拿回酒店真是好累。不过回家有的吃了，哈哈。,2
6602,北京市内，香火最旺的，就是这雍和宫了。当年四阿哥雍正，就是在这里出生，沾沾贵气,2
6603,作为不太懂的外行，我在里面分不清哪些是现代的哪些是古代的，哎，我是来看古建筑的，里面的佛像壁画很美，但是，好些没有注解,2
6604,问北京当地人，都说雍和宫是最值得去的地方，香火很旺，很灵的,2
6605,既出过皇帝又是佛寺，所以可看做龙脉和佛光的结合之处，怪不得人头攒动香火旺盛，建议咽炎哮喘的朋友就不要去了，有点熏鼻啊。,1
6606,此行最开心的地方 早上才求了财 一下子就卖了好多东西 感激 灵 龙气 可惜是雾霾天 拍照不好看,2
6607,见到大佛，眼前一亮，真是漂亮。票价好便宜啊，,2
6608,皇家园林，很值得去体会下！据说在雍和宫烧香烧香很灵验！,2
6609,喇嘛教在北京的重要承载地，神圣。我儿子的名字就是在那起的,2
6610,太灵了.门口有赠香！三支散之正好！对面就是国子监跟孔府！这地方真的好灵哦.有很多外国人！,2
6611,可以初一十五去敬香，据说大年初一头一炷香好几十万,0
6612,过年时候去人非常多，出了地铁一路熙熙攘攘的人潮。皇家寺院气派就是不一般，雕梁画栋，是一个有故事的地方。,2
6613,不用在外面买香，里面有免费请香处。门票是张光盘，回去还可以详细了解。,2
6614,香火超级旺 每逢初一十五 这条街都堵车 离地铁很近交通方便,2
6615,雍亲王居住过的地方。以前周边全都是拉你算命买香的，现在整治过后好多了，园内还免费增香。时不时的就去荡涤一下心灵，拜完后出来内心都会特别宁静祥和,2
6616,地铁直达在二环，初一和十五人很多，都是去烧香的。,1
6617,很不错，尤其学生族，趁着周一到周五人少一定要去看看，秋天的雍和宫别有景致，很有历史底蕴的地方,2
6618,北京香火很旺的地方，节假日人很多，据说很灵,2
6619,值得一去，既可以祈福，还可以去参观一下，里面有一尊巨佛哦～,2
6620,每年都要来的地方，雍和宫的香火很旺盛的。建议游客可以考虑去看看呢,2
6621,香火兴隆的寺院，寺院外的雍和宫大街上有许多小店，经营酸奶、汽水、雪糕和小把件，每家的商品差不多一样，店面不大，买了两瓶酸奶，几口下肚，炎烈日下，爽透心扉。,2
6622,地铁直达，很方便，初一十五人很多，都来上香。,2
6623,交通便利，里面也挺大的，周围还有城墙围着，典型的中国特色建筑,2
6624,大家礼佛的好去处，香火旺盛，上午人很多，25门票，有发票和赠香，里面很灵验，进去后都不会大声说话，安安静静的地方,2
6625,逢年过节人头攒动的聚集地，人人都为求个好彩头，雍和宫地理位置靠近簋街，东直门一带，白天可以选择雍和宫上香祈福，夜里簋街麻小来一套～要要要～是不，如果愿望被保佑了，千万记得来还愿喔,2
6626,性价比很高，以前和老婆去过，现在想想都暖暖的,2
6627,门票25，住在雍和宫附近胡同旅馆，就逛过去参观下,1
6628,建筑真的很漂亮，不过你可以去烧烧香，不过烧香也是很讲究的！,1
6629,非常值得一去，我们很幸运，还遇到了诵经。宁静，安宁。出来后就是国子监街。北京处处是文化。,2
6630,是一个很不错的地方，很值得来逛一逛住在这附近挺好，交通方便也可以步行去看升旗,2
6631,选了个大晴天早上去的 非常宁静 感觉整个人生都安心了许多,2
6632,香火旺盛，虽然不是特别大，但是建筑很辉煌,2
6633,五月的北京还不太热，雍和宫里的花开的正是好时候！真的很漂亮！,2
6634,善男信女有很多，很虔诚，有心之向往的一种意境，静谧大气,2
6635,单位附近，环境交通都很方便，雍和宫烧香很有名，来北京值得一去的地方。,2
6636,早上的时候去雍和宫最好，能感受到幽静，感觉很庄严。上午游人一多，雍和宫就躁起来了,2
6637,人可真是不少啊，香点不上，头磕不上，凑热闹了,0
6638,非常好的景点 地铁2号线就有雍和宫一站，门票25，还送张小光碟。雍和宫原来四四也就是雍正即位前的府邸，即位后这里不能再住人了就改成了寺庙。,2
6639,跟朋友去过几次，很灵的地方，有时间该去还愿了！,2
6640,雍和宫是个让人身心放松的地方，无论从哪个方面来说都是值得一去、甚至经常去的地方。,2
6641,很值得一去的地方，基本可以玩大半天，好好,2
6642,过年去过！人山人海！中国老百姓，心中都有传统信仰，在雍和宫烧香拜佛后，可以直接去地坛庙会逛逛。我的行程基本上都这样,2
6643,典型的藏教，就是喇嘛庙。据说很灵验，大家要去别赶初一十五，平常去就好。周边有好多小店，买些纪念品没问题。,1
6644,自从看了雍正王朝，对这里充满了好奇，一草一木，一砖一瓦渗透出历史的积淀！,2
6645,香火旺盛，人很多，寺庙很大，了解历史的好去处,2
6646,初一跟十五来参拜的人很多，适合来洗涤灵魂，忘记烦忧，净化心灵。,2
6647,初一或者十五人很多，据说很灵验，景色不错心旷神怡,2
6648,还不错。可以再去，性价比还是很高的未来还会推荐朋友,2
6649,好吃的超级多，很有特色，附近也有酒吧街，很不多，值得去,2
6650,雍和宫是以前雍正的府邸，很幽静，但是现在游人太多了。,1
6651,值得去多么有历史意义的，再说了喇嘛多，烧香保平安,2
6652,一个多大一点的地方，就是去烧烧香，也没啥好特别的东西，门票暴贵，还人山人海，是人都失去了信念，把啥都寄托给神灵了，纯粹炒热的一个地方。,0
6653,北京香火很旺的，要一早去，雍和宫不大，但是一进就是绿荫多多，感觉很静心,2
6654,以前雍正皇帝的府邸，现在供了好多的佛，有好多的香客光顾，许愿应该还是灵验的吧.,2
6655,之后就到雍和宫烧香吧。在室内活动也可以少晒一点。雍和宫是佛教圣地，这就不用多说了吧，反正佛像最好不要拍照。从雍和宫出来以后准备去南锣鼓巷，车子是在雍和宫的前门乘坐的，所以大家就看着办吧。,2
6656,交通便利，地铁直达，古树参天，宁静祥和，祈福参观，相乐融融。,2
6657,14年年初的时候，那时候还是冬天，然后过去过一次，是过去许愿吧，就是人山人海，不过里面的安保还是非常到位的。,2
6658,坐地铁去很方便，开车不好停车，附近拥堵。,1
6659,香火很旺，每个初一十五很多人上香，就在地铁口，建议公共交通来。,2
6660,喇嘛教。每逢初一十五都有人来祈福，希望灵验。祝福吧。,2
6661,就是一个庙，没太多感想,1
6662,现在国内的寺庙都很商业化，雍和宫也不例外。不过来北京，也去看看吧,1
6663,很好值得去的地方.我每年春节都要去的地方，去拜拜,2
6664,很安静，北京的古色古韵，气势鸿伟而深沉。,2
6665,有点小，不过景色还可以，有个很著名的石头,1
6666,不错诶 帝都范儿 京城色彩一览无遗 牛逼,2
6667,这里据说是全国许愿第二灵的地方，而且这里不赚香火钱，宫内不出售香火，凭门票可以领一盒，绝对够用了。在这里很虔诚的许过愿了，希望可以实现。因为主要就是烧香拜佛的地方，所以用不了多久就逛完了。,2
6668,宫内寺庙很多，佛像都很壮观，很值得去参拜一下。,2
6669,雍和宫 这样的地方总有一种神秘感 喜欢喜欢,2
6670,清朝年间的雍王府，现在的寺庙，香火很旺，尤其是初一和十五的时候。建设大家乘坐地铁二号线雍和宫下车，因为附近停车太难了！,2
6671,早上睡到自然醒，慢悠悠出发雍和宫（酒店出来马路拐弯就是）。终于看到四爷做的地方了，好气派，可惜后来改成寺庙了，对于拜佛真心淡索索。,2
6672,如果说这里和其他寺庙最大的不同，就是它的人气和皇族贵气，想着雍正曾经在这里看书、散步、就寝，他走向最高权力的每一步，犹如这里依次升高的殿宇。,2
6673,过去清朝时候，雍正的府邸，后来变成了喇嘛庙。香火鼎盛，人很多。,1
6674,位于北京东城区，是雍正皇帝继位前的府邸，香火非常旺,2
6675,关于雍和宫，只是在去798艺术街区的公车路上， 刚好看到公车经过这个景点。现在的雍和宫是寺庙，不过因为是古建筑，又都是木质建筑，里面禁止焚香，门口有领取免费香的。,1
6676,这里很不错，推荐大家看看玩玩，很不错的。,2
6677,这里蛮大的景色很不错，是个好地方，下次还要来这里。,2
6678,虽然没有故宫那么雄伟壮观，但是却有内涵吧，哈哈，不知道这么用词对不对。雍和宫是拜神的好地方。,2
6679,喇嘛庙，据说还是很灵的，进门免费发香，不可以从外面带的。不拜佛参观游玩也是很好的,1
6680,周围是佛家产品一天街，主要是烧香地，可以顺路去五道营感受文艺气息,1
6681,我们四个人有的想去文化之旅，有的想逛街，这天就分成了两波，上午我和另外一个小伙伴是去孔庙国子监雍和宫。三个地方是在一起的，我们俩，这三个地方逛到下午一点。从雍和宫出来旁边就是一条小吃街，好多都是卖小龙虾的。我俩又去吃了妙计，点了北冰洋汽水还有些没吃过的小吃。,2
6682,里面有座大佛是由一根独木雕成的，高18米，哦，很令人惊奇！,2
6683,是以前雍正为亲王的府第，现在是庙宇很多香客过年时人多哦,1
6684,最让我惊艳的是，最后一座殿里的佛像，特别高！真的应该去看看。香火很旺，不错，环境挺好的。,2
6685,雍和宫为雍正即位前的府邸，现已改造成寺院，相信的人可以去拜拜，据说很灵验的。,2
6686,雍和宫的地理位置非常容易到达，只要坐地铁就可以在此站下车，一出地铁口就可以看到雍和宫，这是一座原来专为皇家使用的寺庙，里面的大佛在全国也是非常有名气的，现在每天来到这里参拜的人还是一样很多。,2
6687,游客注意，寺庙里面有些地方禁止拍照的，进去的游客要注意一下标志，不要冒犯了。推荐看看。,1
6688,雍和宫真的太值得一去了，作为皇家寺庙，雍和宫有一种异于其他寺庙的雄伟与神圣。雍和宫里所有的东西要么就是黄金做的，要么就是琉璃做的，琳琅满目，真的是极尽奢华，令人惊叹。,2
6689,古雅幽静又不失清秀雅致。,2
6690,专门过去了一滩个，应该是元月份吧，过去是为了祈福，那一天让人还是非常多的，坐地铁还算是方便，还有赠送的光盘。,1
6691,雍和宫一般旅行团是不会带你去的，但一般旅行团会去国子监和孔庙（自费的），建议不要参加，去雍和宫，恰巧雍和宫就在旁边。雍和宫是皇家寺庙，里面的珍贵宝物也不少，与其说它是一座寺庙不如说他是一座博物馆。琉璃瓦，藏传唐卡，每一处建筑都会让你流连忘返。,2
6692,门票不贵，而且还送香火 雍和宫是旅游来北京必来的地方，很多人都是来祈福，或者来还原的！ 早上游客还是比较少的，雍和宫最里面的万福阁一定要去看看,2
6693,里面虽然不是很大，但是很时候慢慢看。里面的建筑设计的很有特色，既有北京的风味，还有江南庭院设计的影子，寺院偏殿前转动着经轮的老者，他们就那样安静地坐着，在喧来嚣往的街边，他们在望着什么，又好像什么也没有看。他们给我的一个感觉是：周围的一切似乎都确已与他们无关。,2
6694,和朋友一起去的，雍和宫不愧是皇家之地，很大，我和朋友一路拜到最后，都要没力气了，里面我记得有一个佛像超级大的，整个给人很庄严的感觉，但是估计雍和宫人太多了，所以去的时候都是蛮拥挤的，我还是比较喜欢清静一点的寺庙。,2
6695,建筑物保存的还很完好，烧香拜佛可以来这里！环境真的是非常的好呢，后来是一个传教的地方了。,2
6696,来北京旅游必须去的景点，交通非常的方便，坐地铁2号线直达，是雍正以前的王府，现在是寺庙。,2
6697,建筑很有特色，以前是雍正皇帝当太子时的府邸，进去拜佛有种很安宁的感觉，管理得也很好,2
6698,如果抱着游玩的心态，我觉得没什么必要去，虽然原是四爷的府邸，但现在已经彻底是座寺庙了。因为带着父母，所以我们一家人就去了一趟拜拜佛，顺便帮我妹求个姻缘，门票25，包含一个小光碟，里面送一把香。作为庙来说很大很多佛像，到处都可以拜佛敬香。里面有一尊好大的佛，有五六层楼高估计。,2
6699,原来是“四爷”在皇子时代的府邸，里面有中国最大的木雕观音像。据说烧香很灵验的，值得去看看，推荐选择人比较少的时候，可以细细观赏。建筑，雕塑，壁画都非常精致，常常会出现看见了宝贝的兴奋感！,2
6700,北京的雍和宫真的挺有名的，每年游客都有很多人去参观游玩，可以诚心去拜佛，一心向善总会有好报的。,2
6701,欣赏了下烧彩玻璃的过程，得闲逛逛也挺好。可能是当时心境的关系，不若以前走过的民巷更有融入感。,1
6702,雍和宫不可小觑，香火旺盛至极，尤其是近几年四爷的电视剧这么多，更让雍和宫成了信徒和饮食男女及游客纷至沓来的地儿。,2
6703,我非常推荐雍和宫，一入雍和宫哪怕炎夏都有股凉风拂过，里面树荫遮蔽非常有韵味。从地铁走到雍和宫门口一路上有一堆卖香的，都不要搭理，可以到雍和宫门口再买或者自带。门票很特别是一个mini光盘，很值得收藏，香记得多买两把因为里面的佛好多好多，而且一路进去 最大的在后面，千万不要前面都拜完了，到那个最大的没香了。。。,2
6704,北京著名的藏传寺庙，据说姻缘签很灵验，之前是四王爷的王府，后来改成了西藏喇嘛来北京的住所，算是中原和西藏文化交流场所。,1
6705,很有老北京皇城根的味道，建筑物保存的还很完好，烧香拜佛可以来这里！,2
6706,雍和宫是故宫众多宫殿中的一座，修葺后的雍和宫再现以往的庄严，非常非常值得一看,2
6707,今天在雍和宫看到络绎不断的人群，他们一般都是手持香火，在这里祈祷求助，以虔诚的心向神灵表白。他们愿望我不知道，但是，我猜想可能是为工作或个人感情等而来。这里香烟缭绕，人们的心更虔诚。照理说这里应当是圣洁的地方，不应当涉及钱财，然而，这里产业化了，一座寺庙承载一个产业。值得。,2
6708,不会迷路的寺庙，一路往前走就好，每个殿都有他的特色，当然那个高大的檀木佛像很值得去看下,2
6709,是以前雍正住的地方，环境真的是非常的好呢，后来是一个传教的地方了。,2
6710,很久以前就想来，打算深度游，不想高峰人多的离谱，很多佛像只能殿外拜，都见不到，这点很失望,0
6711,雍和宫是北京最大的藏传佛教寺院，建于清康熙三十三年（公元1694年）。原为清第三代皇帝雍正即位前府邸。雍正三年（公元1725年）改为行宫，乾隆九年（公元1744年）改为藏传佛教寺院。,1
6712,感觉是能净化心灵的一个地方。                                       希望能解除自己的困惑。,2
6713,雍和宫一带风景极佳，建议和国子监孔庙一起看。 烧香要趁早儿，可以在外面请香，可以带进去的。有学生票 有地铁，很方便。雍和宫修的非常好，真的建议多花一点时间好好看看，皇家寺庙真的不同。 有时候能赶上喇嘛念经，也许听不懂，但是听听非常有感觉。 建议多花一点时间！！,2
6714,"北京雍和宫全年对外开放,所以游客们若是想前往雍和宫游玩参观、烧香拜佛,原则上说起来哪一天都可以。但是,一般游客都会选在农历的初一和十五",1
6715,雍正皇帝当年做王爷时居住的地方，地方虽不似皇宫那么庄严，但也相当气派了。令我印象深刻的是里面有一座很高的檀香佛像，非常的漂亮，似乎还能闻到那檀香味道呢。,2
6716,每逢初一十五，人多到爆。其实是当时雍正四爷做贝勒时的府邸，也是比较小了。,1
6717,个人觉得雍和宫的建筑真的太美了  吊脚小楼美到爆  香火很旺 任何时候去都有很多人  气氛很好,2
6718,除了像我们这种打酱油的，有很多来真心祈福的人，乾隆皇帝的出生地，也算是一个皇宫了，金碧辉煌很大气的。,2
6719,雍和宫的香火很旺，初一十五烧香的人很多很多，很多人都是来这里许愿的，还有很多国外游客，推荐看看了。,2
6720,虽然地方不大，但是一进门，那满地的银杏，马上让这座园林看上去跟仙境一样,2
6721,雍和宫是乾隆出生的地方 保存的很好 让人有穿越的感觉呢,2
6722,雍和宫的香火很旺，进去每个殿门口都有烧香的地方，据说这里的许愿非常的灵验，因此吸引了很多的男男女女信徒来这里,2
6723,我们是过来许愿的， 交通是非常方便的，很容易到达，如果刚好是初一，人是非常非常多的，殿里面香火旺盛，不让携带香火进去。,2
6724,这地方因为四爷又大火了一把。其实对于北京人而言，这里最著名的还是信徒的参拜。好像蛮灵的样子，很多人排队去跪和磕头。,2
6725,我很喜欢清朝的这段历史，康熙雍正乾隆三位皇帝都是我很欣赏的，虽然雍正的作为并不大，但是也不算差，雍和宫是雍正做皇帝前的府邸。感觉还不错。,2
6726,规格最高的喇嘛庙，值得推荐一去，而且性价比非常的高。,2
6727,不是佛教徒 但来北京必去的景点 刚入园的银杏林 景色好迷人,2
6728,雍和宫我就想到了，四爷和若曦，现在雍和宫已经成了很多人去拜祭的地方，里面有很多大量珍贵文物，很值得一看,2
6729,雍和宫是北京城内一座宏伟的建筑，据说这里的许愿非常的灵验，因此吸引了很多的男男女女信徒来这里，香火旺盛。,2
6730,据说很灵验的地方，去过一次，并不是为了拜佛，只是去看看建筑。,1
6731,每年的大年初一，前来烧头香的游客非常多，此时的雍和宫拥挤不堪，建议尽量避免此时前去游玩。,1
6732,每年的大年初一，前来烧头香的游客非常多，此时的雍和宫拥挤不堪，建议尽量避免此时前去游玩。雍和宫在昭泰门左右两侧有免费领香处，而且提倡文明敬香，只点三根，香客不需要另带香烛。,1
6733,和孔庙和国子监离的还是蛮近的，地铁出来还是要稍微走上一小段路才能到，周边都是卖香的，里头有固定的上香处。许了个愿，目前还没应验。,2
6734,据说许愿很灵，希望是这样，凭门票有赠香，门票很便宜，可以租个解说器讲解,2
6735,名气比故宫长城等差远了，但确是个人杰地灵的地方，必去。,2
6736,"沿路走过来,好多小店小巷子里可以帮人算命,这里听说许愿很灵,所以香火特别旺 而且提倡文明敬香，只点三根，香客不需要另带香烛",2
6737,有很多游客去。买门票，每人赠送一捆香。烧香拜佛的好地方，值得一去。,2
6738,来北京基本都回去的皇家寺庙，现在基本是一个必去的景点，离地坛挺近,2
6739,烧香拜佛之地 有开光的地方,1
6740,每天上午都是那么多的人。祈福许愿还愿往返。去了很多次。市内少有的心灵纯净好去处。,2
6741,藏汉结合的寺庙，皇家寺院很有气派，以前要自己买香，去年开始，外购的香火不能进寺庙了。会赠送一把香给游客。里面有个整根木头雕成的大佛像，很壮观很喜欢。很多地方有大佛，但是都不是整根木头的。,2
6742,雍和宫是全北京许愿和拜拜最灵验的地方，香火很旺，不过去时没有许愿，纯参观，还不错吧，好像旅游团队是不来这儿的，所以感觉清静了许多。,2
6743,据说这里许愿比较灵，我也慕名而来，人太多了，只是由于各种原因没有许成，下次一定要来 许个愿。,1
6744,因为是四爷住过的宅子／所以去,2
6745,很好的藏传寺庙，学生票很便宜，人天天都很多，附近有夫子庙和国子监，旁边有个七寻八找胡同菜很不错，逛完可以去吃。,2
6746,雍和宫是以前雍正皇帝出生的地方，是黄瓦红墙的皇家寺院，里面的建筑很气派，节假日人很多,2
6747,很有灵气的一个地方，经常去，现在景区管理很规范，统一赠香。,2
6748,门票25一张，学生12，里面有免费的赠香处。周末去的人还是不少，建筑很气派,2
6749,唉，我本来也想去的，听你这么一说觉得或许去了也没意思,0
6750,绝对要去啊！！雍和宫非常有特色。。。~~和国内别的寺庙不一样。。是喇嘛庙~~雍和宫大街上也很多好吃的。。吴裕泰冰淇淋！鲍师傅糕点！,2
6751,没啥值得玩的，除非烧香，否则来了实在无趣。,0
6752,非常壮丽大气的宫殿！来北京这里一定要去看看，不过人很多。香火旺盛，如果信教的可以进去拜拜，据说非常灵验。,2
6753,"北京市内上香的最佳选择,每到初一十五,这里都要排长长的队伍,早上4-5点钟来人都会很多,有时还会有舍粥活动,喝到的人据说会很幸运",2
6754,这是最高级别的菩萨殿堂，呵呵，却没有任何商业信息，敬香有免费领取，没有很明显的功德箱，没有算命解难。难得，难得,2
6755,好多人，进不去门，然后一犹豫，回家了，反正也是路过的。,0
6756,曾是雍正的府邸哦，里面很大的，不愧是皇子哦，相当的威武哦，也是低调的奢华，赞一个。,2
6757,来北京必到之处，中国最大的皇家寺院，清代两朝皇帝龙潜之地，有福气啊！,2
6758,挺好的，因为有学生证，便宜好多。不用买香，里面有送香的，而且外面的香也不让带进去。还送一张光碟。回家看了，片子很早了 是介绍 ，也算北京有特色的了，皇家寺院，来这里烧香拜佛的人很多。 总体来说还,2
6759,挺好的，求offer很灵验，对面的五道营胡同很好逛，小店的东西很特色,2
6760,走到雍和宫里，就觉得很宁静的感觉，大家都烧香拜佛或者自己参观，讲话也不大声。里面看上去还是很有历史沉淀的，对面的国子监也可以去去。很有文化底蕴的一条小路。,2
6761,香火很旺，中外游客很多，我本人每年都要去一次。,2
6762,雍和宫曾经是四爷的雍王府，带着电视剧中的印象和想象来参观，可惜看到也就这样吧，还可以烧香，好多人烧香，还有很多小贩叫买10元了,0
6763,烧香的地方，看到有很多虔诚的人在那里拜，门票是一张光盘，里面有送香，没有必要在门口买。地方不大，很快就逛完,1
6764,我最喜欢的地方，交通很方便，地铁雍和宫站下就好了，出地铁到雍和宫大门有很多买香的，均价10块一把，建议大家就在这里买点，里面都要40，50十，东西其实是一样的。人一般不会特别多，当然也不会很少。大概我每次从进门开始拜，到最后一间殿，大概2个多小时。,2
6765,雍和宫有地铁站，交通极为便利，他与清朝雍正帝有着很大的关联，宫内古迹、宝贝很多，富丽堂皇，值得一游。,2
6766,作为一个没有信仰的俗人就是各种看风景了，还算不错可以一去,1
6767,挺好，历史感挺浓，听说是雍正皇帝以前喜欢呆的地，还没进去就感觉到寺庙的那种特有的声音，是烧香拜佛的好去处,2
6768,错开节假日，去雍和宫是很不错的选择,2
6769,雍正皇帝当皇帝之前住处后改为喇嘛庙，不过建筑宏伟。万福阁中如來佛像身髙25米，头部伸到三楼。建筑宏伟。庙里不少艺术珍品。,2
6770,这是去北京前一直规划要去的地方，为什么，这曾是时下炙手可热四爷的宅邸呀，添份香火···,2
6771,北京的雍和宫，是北京最出名的寺庙，别看潭拓寺这么出名，香火和雍和宫差的不是星点，四爷，那些喜欢宫廷戏的年轻人现在来这里的也多了，藏传寺庙，奢华程度，也就比布宫差点。,2
6772,人多，建筑好，香火旺，有文化内涵，但需要深挖,2
6773,这里有免费的香，一人给一大把呢足够用的，提醒大家就不要在外面买了，花钱不说，还不一定是环保香,2
6774,去过很多很多次，熟的不得了了，有年还专门腊八的时候不惜冒大风排长队去喝粥呢。,2
6775,一到过节啊那个香烧的那叫一个旺啊 好多好多人。本来地方就狭窄,0
6776,香火旺盛，好多外国人,1
6777,臧家寺庙的经典，不过曾经是我们四爷的寝宫啊，就是还没当皇帝的时候，不过后来改造成喇嘛庙了，不过还是可以感受下,1
6778,据说求姻缘很灵的，不知道好不好使。。。不过还挺静心的地方,1
6779,毋庸置疑的圣地！古老，神圣，很好的去出，去北京估计都回去，出来还可以顺便去国子监,2
6780,历史遗留下来的 保存的很好 天晴的是后来拍那建筑 很美,2
6781,北京最出名的藏家寺庙，门口永远都听着豪车，还是曾经的王府，新年庙会的时候非常热闹,2
6782,北京最好的寺庙了，以前是雍正的家，现在是藏族寺庙了，香火是最好的，不过喇嘛不是很多。,2
6783,去烧过一次香 也是第一次去 有专门的停车场可以停车 收费 当然 在这么好的位置 能找到车位都算不错了 还管什么收不收费啊,1
6784,皇家寺庙气派大气，据说很灵验，每年都回去的，人多车多，有北京的特色。,2
6785,北京的朋友推荐的地方，里面香客很多，香火很旺，交通也方便挺不错的，值得去。,2
6786,游客很多，门票很有意思，是一张光盘，可以带走。不要在外面买香，买了也带不进去，里面会送。白檀木佛像很殊圣,2
6787,很多大殿，用的是皇帝用的黄色顶，很华丽。陪同学很多年前去，她好像是想烧香许愿，而且后来心想事成了，看来这里不是徒有虚名。我是带着参观游赏的心情去看热闹的，感觉也很不错。,2
6788,雍和宫是北京最大的藏传佛教寺院，建于清康熙三十三年（1694年）。原为清第三代皇帝雍正即位前府邸。雍正三年（1725年）改为行宫，乾隆九年（1744年）改为藏传佛教寺院。雍和宫是由三座精致的牌坊和雍和门、雍和宫殿、四学殿（药师殿、数学殿、密宗殿、讲经殿）及三个文物陈列室构成。整个建筑布局完整，巍峨壮观，具有汉、满、藏、蒙民族特色。各殿内供有众多的佛像、唐喀及大量珍贵文物，其中有紫檀木雕刻的500罗汉山、金丝楠木...,1
6789,门票很特别、里面给放了一个小光盘,2
6790,这里人气较旺，交通方便。,2
6791,每次到北京都会去的地方，非周末去人不多。 烧烧香拜拜佛，在檀香缭绕中的长椅坐坐，闭眼聆听偶尔传来的钟声，享受心灵的宁静。。。,2
6792,有历史的地方，也是个人很喜欢的一个地方，香客特别多，老北京也喜欢来这儿烧香，周末人不是一般的多，地方有点小，略显拥挤。,2
6793,皇家烧香拜佛的地方，听说很灵验，,2
6794,专门来到这里，据说很灵，但愿哦。,1
6795,学生证12，送香送光碟。挺好的，去拜一拜，谁还没些诉求阿。,1
6796,恢宏的院子，香火很旺，参天大树很有气势。,2
6797,大气磅礴，银杏叶很漂亮。与帝都的气质相得益彰。靠近国子监。,2
6798,飘着银杏叶的走道很漂亮。另外在地铁站买香被坑了。。。,2
6799,去过两次雍和宫，每次去都很多人买香拜佛，，香火还是挺旺的。,1
6800,香火旺盛，皇家寺院高大上。,2
6801,皇家寺院也是宏大气派，红蓝漆画、挑檐浮雕，都那么庄重和富有震撼力。很多人来这里求签拜平安,2
6802,门口的银杏树林也非常的漂亮，整体建筑保存的非常好，曾经的王府，尤其是巨树大佛非常值得一观。,2
6803,喇嘛文化非常浓厚，还是潜龙邸，风水好，香火好，都说这里的许愿很灵验的。,2
6804,雍和宫曾经出了两位皇帝，房屋也有皇家气势，香火很旺，好多人都说这里许愿特别的灵。,2
6805,中国有两个地方许愿非常灵，一个是海南岛的呀诺达，一个是北京的雍和宫，还等什么，信男信女们快去许愿吧，愿你是的愿望马上实现，不过灵验后要记得还愿啊，要不菩萨会伤心的。。。,2
6806,一进门就能看到两排高高的银杏数屹立在两旁，檀木罗汉山和大佛很壮观，烧香的人很多。,2
6807,买门票给小光盘，这里的香火一直都好，都说灵验的，有求必应，这话一听就是假的。,0
6808,平时也就是烧香的地方，自从播了步步惊心，这里又比较火了，过年的时候来比较有意思，有法事可以看,1
6809,雍和宫的来头很大的，也是王府，雍正爷的，改成寺庙后，香火就一直很好的。,2
6810,初一，十五人很多，都是烧香的,1
6811,雍和宫现在没有一点寺庙的样子，急功近利，太市侩，可能也是全国寺庙的通病，去看看就好了。,0
6812,在这里求了一个护身符，还是没能保佑我走运啊，喇嘛很少的，也不知道这里的喇嘛是不是真的藏族,0
6813,雍和宫是北京香火最旺的寺庙，寺庙门口永远都停着很多的豪车，有钱人来的是最多的。,1
6814,看步步惊心就知道了，以前四爷的王府，现在香火不错。,1
6815,雍和宫是北京的寺庙最出名的，平时人都是非常出的，寺庙本身就是一个不可多得的建筑艺术博物馆。,2
6816,因为步步惊心，很多的年轻人都知道这里，所以现在来这里的多了许多的小年轻。,2
6817,好庄严的感觉，在这里看到了乾隆的像，真的就像坐在那里，太有气场了。,2
6818,北京最值得去的寺庙，这里是藏传寺庙，有很多的喇嘛，感觉很新鲜的，香火很不错。,2
6819,看过步步惊心的都知道这里曾经是吴奇隆的家，现在的雍和宫香火很好的，可以去看看，,2
6820,颐和园，多条路线推荐，总有一条适合你,2
6821,颐和园其实不用做太多的介绍，做为北京当地人这里就给一些非常实际的提示吧。1.门票：全价票淡季20，旺季30，旺季时间 :4月1日至10月31日；淡季时间：11月1日至次年3月31日。节假日去人会非常多，尽量错开。2.乘车：地铁4号线北宫门站下车，D口出，是最便捷的交通方式。3.游览时间：一天，即使不到一天就游览完，基本也没有体力再去别的景点了，所以建议如果有老年人，一定量力而行，提前规划游览路线，没有必...,1
6822,玩了一整天都没有玩够，还想再去的地方。,2
6823,颐和园的景点很多，规模很大，当然最重要的还是佛香阁、十七孔桥、昆明湖、长廊、苏州街、谐趣园、石舫等建筑。颐和园去过2次，一次自己去，一次陪父亲一起去。当年，慈禧太后为了归正以后养老之用，挪用了北洋水师的军费，耗费白银3000万两，修复了这座被八国联军破坏的园子。颐和园三个字是光绪写的，从东宫门进去，最大规模的建筑就是仁寿殿，殿前一个凤一个龙，龙脚下一无所有，凤脚下踏的是万里江山。这...,1
6824,作为北京城最大的皇室公园，这里真的美丽极了。而且价格很便宜，旺季的门票才30元一人，完全可以在这玩上一天了。交通也十分方便，直接坐地铁4号线北宫门站下车，D出口便到了。众所周知，颐和园是慈禧当年花了很多钱去建造的一个皇家后花园。这里大气，尊贵，风景美丽，让人流连忘返。每一年，这里的游人络绎不绝地来感受皇室花园的文化。而夏天，风吹起，坐在游船上游览颐和园，颇有种以皇室身份巡游的感觉。...,2
6825,来北京之前有查过北京有哪些地方好玩的，颐和园必去之一，去那边旅游的人超多，所以要赶早去，这样才能领略不一样的颐和园，如果太迟去的话都是人，拍的照片也是人头居多。所以还是早点去比较好。颐和园也是分淡汪季的，还有套票和单独的门票。颐和园有很多公交车可以到，出颐和园后往前走就是地铁北宫门，也很方便。颐和园大门前面是一个牌坊，之后是大门口，颐和园有一些代表性的建筑，比如其中佛香阁、长廊...,2
6826,颐和园，是模仿江南园林建造的皇家园林，但是配合着北京的气候风土，总还是带上了那么一丝粗犷，我清明节去的，4月初的北京，还是春寒料峭，园子里的柳树都发绿芽了，但是在湖边走走，风一吹还是觉得冷，可能夏天去散步时最舒爽的，但是我感觉一年四季的颐和园应该都挺美；交通，坐四号线的地铁到北宫门或者西堤站下 ，步行5分钟左右然后就到了颐和园的某一个入口，入口挺多的，领一张公园的地图就可以自己设...,2
6827,去颐和园一定要选一个风和日丽的天气去，坐船荡在湖中央，欣赏着湖光山色的美景才够惬意。,2
6828,搭乘地铁到达北宫门站，下了地铁就是颐和园了。由于周末，颐和园真的超多人。从在售票处就一直是人流，从未间断过，尤其也很多旅游团，所以建议尽量避开周末来颐和园。颐和园票价便宜，用了学生证也就10块钱一张门票。但这是大门票的价格，园区内也有另外需要收费的景点，这就看个人需求了。颐和园是慈禧太后的宝地，在园区里有很多凸显女性地位的细节设计，包括它雕刻的内容。颐和园很美，这是最直观的感受，...,2
6829,颐和园是皇家园林，命运比圆明园稍微好了那么一丢丢。虽然期间也被烧过，但是后来慈禧老佛爷硬是挪了北洋军费来修了颐和园。早年是乾隆给她妈，就是甄嬛盖的。从市区坐地铁到颐和园都要花靠近一个小时，下来以后步行可以到北宫门。中间还会经过安缦颐和这家高大上的酒店。中午去的。大家千万别再颐和园门口选择用餐，难吃到哭，价格还很贵，完全就是宰客。,1
6830,颐和园真是太美了，每次去都有惊喜，不断的变装🤗这座古典的中国皇家园林蕴含着无数匠人的心血，他们将中国园林的造园精髓都融入其中了，福山寿海、亭台楼阁……演艺着中国古建的恢弘大气之美👍,2
6831,颐和园是中国最值得观赏的古代皇家园林，它位于北京的西北部。距离北京著名景点北京大学、清华大学、颐和园都非常近，可以安排1日游一并参观游览。到达颐和园的交通非常便利，乘坐地铁4号线大兴线到北宫门地铁站后，再步行3分钟到颐和园北门。也可以乘坐公交到颐和园北宫门-公交车站或者地铁北宫门站-公交车站，再下车后步行3分钟到达。颐和园的门票是30元，但是里面其实还包含了文昌院、佛香阁、苏州街、德和园等景点，如果时间充...,2
6832,十七孔桥是连接颐和园东岸与南湖岛的一座长桥，为园内最大的石桥。 桥长150米，由17个孔券组成，是前往南湖岛的唯一通道，也是拍摄颐和园风景的绝佳之地。十七孔桥最大看点是桥上精美的石雕，两边栏杆上雕有大小不同、形态各异的石狮500多只，比卢沟桥的狮子还多十几只，所以边走边看也是种乐趣。十七孔桥是颐和园内标志性景点，十七孔桥南北两边是昆明湖，天空辽阔无障碍，是春天放风筝的绝佳场所。站在桥上望园中各处都有着极佳...,2
6833,文昌阁是一种传统祭祀建筑，为祭祀传说中掌管文运功名之神，保一方文风昌盛而建。文昌 院位于 文昌 阁之东， 文昌 院博物馆是 中国 古典园林中规模最大、品级最高的文物陈列馆。,1
6834,颐和园作为北京比较标志的建筑之一，除了比较有历史园林的保存也比较完善，所以在感受历史的同时还能欣赏下园林的风景，个人感觉夏天来比较好，夏季很多花都开了，显得整个园林更加美丽，颐和园有多个门可以进入，一般可以从北宫门进入，到北宫门也比较方便，坐地铁四号线北宫门站下车或者坐683、331、563、697等步行即可到达，如果自驾前往，到达附近会有停车场的标示，离景区越近车位越紧张，所以联系还是提前把车停好，景区附近...,2
6835,【概述】苏州的拙政园和留园，承德的避暑山庄和北京的颐和园，合称中国四大名园，我去过前面的两个给我的感觉是小而精致，进入颐和园后，我的第一印象就是“南秀北雄”，颐和园的面积之大，景点之多之广还是蛮震撼的，不愧为皇家园林。,2
6836,正月初三前往颐和园参观第七届“傲骨幽香”梅花、蜡梅迎春文化展。初三已经是七九第五天了，七九河开，潺潺河水传达着春天的气息。颐和园里游客熙熙攘攘，挎着长枪短炮的摄影爱好者集聚在耕织图水操学堂，观赏“傲骨幽香”梅花、蜡梅迎春文化展，拍摄典雅美丽的花姿。这是第七届梅花、蜡梅展，恰逢春节，展厅里红灯笼，窗花，加上观众的新年装，祥和喜庆气氛浓浓。这次五个展室展出的梅花蜡梅树桩盆景等植物近二百盆。壁画，灯光和...,2
6837,寅辉城关，从字面上来看，迎着寅时光辉的城关，也就是迎着黎明朝晖的城关。的确如此，寅辉城关是颐和园正东方迎接晨光最早的地方。始建于乾隆年间，与西边的通云城关遥相呼应，形成东西两关。寅辉城关是颐和园内六大城关之一，所以要参观游览寅辉城关的话，需要购买颐和园的门票30元。寅辉城关位于颐和园的后山，也是从后山进来经过的第一个城关，穿过城关可以到达颐和园的东宫门，,2
6838,无论是从景致上还是从交通上来说，南湖岛在颐和园众多景区中占有重要地位。 南湖岛位于颐和园的昆明湖中，十七孔桥将其与陆地相连。 若要登上南湖岛，需要购买颐和园的门票，30元。这里先说说颐和园的交通线路，颐和园周边覆盖了地铁15号线西苑站，距离颐和园步行需要10分钟左右，或者可以公交车331路、332路、584路，都会在颐和园站停靠，相比较地铁15号线距离会更近一些。进入颐和园向南走，穿过文昌阁，便可以看到南湖岛和十七...,1
6839,大年三十去的，没想到人还挺多。地铁北宫门站出来走几步就是，公交563路也能到，还有其他公交我没有具体了解。景区里有小摊点提供小吃，我没有尝试，不过感觉应该不会便宜。外国友人挺多，里面的导游可以用好几国语言招揽生意，好厉害。当时冰还很厚，有一些冰上活动挺好玩的，昆明湖上最多。里面真的好大，找一个地方兜兜转转了很久很久。向一些保洁人员问问路，他们也说自己是新来的，不熟悉。有芦苇的小湖边有人拍天鹅，我在旁...,2
6840,在等公交的时候一位阿姨看我手里拿着相机，又看了我拍的照片知道我也喜欢拍照就推荐我去看颐和园的梅花展，说她已经去过了，拍了好些漂亮的照片，对我来说诱惑力很大，便马不停蹄地去了。我是坐563路公交到颐和园北宫门站下车，过个马路就是，地铁北宫门站直达。公交分段计价，买票上车2元，地铁看你是从哪一站坐的了。颐和园门票20元，学生票半价10元。一进门我就直奔梅花展去，问了很多人，绕了很多路，在西堤上吹了很久的风，快...,2
6841,颐和园皇家的后花园，去北京旅行必须要去后花园逛逛，体会一下皇家的大花园，颐和园开放的时间是早上六点半到下午六点，门票旺季30元一张，淡季20元一张，学生票半价，70岁老人，残疾人免费！,2
6842,颐和园，我国现存最大的皇家园林，也是慕名而来的。来北京旅游的小伙伴们，颐和园、圆明园、故宫等等这些景点是必须要去的，要不然跟没来过北京一样的。,2
6843,颐和园，是清朝慈禧太后的皇家园林，是目前保存最完整的皇家园林之一，据说仿造着江南园林建造而成，位于北京西北郊海淀区内，距离市中心大概15公里左右，是来北京旅游不得不来的景点之一。喜欢春天来这里，园子里的树木都泛出了嫩芽，风景实在太美丽。,2
6844,颐和园苏州街，相传是说当年的皇帝游览江南后，回来就和后宫聊起，江南是如何的有意思，如何的繁华，可惜后宫三千佳丽由于礼法的限制又不能随便去现场感受，于是就在北方的城市，这皇家后花园里有了这么一个充满江南特色的景点了，苏州街在颐和园还算是一个比较大的景点，位置也好找，从北宫门进来后能看到一座桥了，先别过去，验票就左边的亭子。苏州街是需要门票，买了套票的可以从桥的左边进入，有验票亭，由于苏州街的街道比较...,1
6845,来北京必看的几个地方就有颐和园了，北京的皇家园林绝对让你第一眼看到时，深深被她的广阔所吸引。建筑美学的成果在这里被表现的淋漓尽致！,2
6846,颐和园是中国古典园林之首，颐和园以前是叫清漪园，是北京皇家三座园林之一，这个园林相比我之前在苏州参观过的其他园林来说大多了，而且风格完全不同，这个颐和园是模仿西湖和江南园林相结合建造的，，建筑雄伟，尤其是佛香阁和长廊，颐和园里面的长廊是中国最长的一条长廊，共有700多米，长廊上每根枋梁上都有彩绘，非常的精美，在颐和园还有其他很多景点， 比如十七孔桥，苏州街，佛香阁，文昌阁，长廊，昆明湖等等风景都非常的...,2
6847,8月9日去的北京，当地熟人推荐去颐和园，我和妹妹11点半才由东宫门入园，请了一个导游，一个200元，北京的旅游景点门票普遍比南方要便宜一些，入园简单的介绍了整个皇家园林是以苏州的园林为基础，但是要比苏州的更好，昆明湖是照着杭州西湖建造，挖出来的沙土建了万寿山。第一个景点就是一个牛的雕像，据说以前是镀金的，牛身上还有亲笔题字；往里就是八方亭，有一首八方亭的对联，和珅拍马屁的下联是，万岁爷，爷万岁，万岁万岁...,1
6848,今年五一跟同学去逛了下颐和园，感觉不错。1、颐和园位于北京市海淀区新建宫门路19号，乘坐公交331、563、718路公交均可到达，位置还是很好找的。2、颐和园的开放时间是:旺季 （4月至10月） 6:30-18:00,1
6849,【颐和园】皇家园林博物院馆。颐和园位于北京城区四五环之间，距离圆明园、北大和清华等景点较近，乘坐地铁4号线在西苑站和北宫门站下车均可。颐和园以昆明湖和万寿山为基址，以杭州西湖为蓝本，整个园内的建筑融合了大量江南园林的风格。颐和园非常之大，主要的景点有佛香阁、长廊、苏州街、玉带桥和十七孔桥。其中门票旺季为30元，淡季20元，不包括园中景点（德和园：5元 ，排云殿—佛香阁：10元 ，苏州街：10元 ，文昌院：20元...,1
6850,颐和园是清朝帝王的行宫和花园，其前身称清漪园，主要由万寿山和昆明湖两部分组成，也是当年是当年慈禧太后和光绪皇帝坐朝听政，会见外宾的地方。园内，林木葱笼，山路曲折，优雅恬静。个人觉得来北京的朋友，非常值得到此一游。 话说，1750年，清皇帝乾隆在这里进行了大规模扩建，建成了“清漪园”，后慈禧太后拨解巨款，重修清漪园，作为她“颐养天年”的地方，并改名为颐和园。 对于北京来说，旺季(4月1日-10月31日) ，淡季 (11...,2
6851,老北京的必游之处，皇家园林的典型。,2
6852,颐和园是清代皇家园林，主要建筑都是建于清乾隆年间，位于北京市西北。可以乘坐地铁4号线到北宫门站下车。颐和园有300公顷面积共4000多亩，其中3/4是水域面积，足足够转一天的。今天昆明湖的风有点大，很多游船都没有出租，整齐的排列在岸边。远远的看去，万寿山上的佛香阁巍峨多姿。,2
6853,我们在网上订好了票，直接从侧门验证身份证即可拿票，看着旁边排队买票的人，有那么一丝丝优越感。租了一个电子的自动讲解器，每到一个景点它会自动感应，并开始讲解，20块的租金，倍儿方便。颐和园有官方建议的游玩路线，进去过了苏州街往右边走，沿着万寿山的绕着玩。由于我买的是全套票，带有收费景点的，我们分析地图后发现，走左边离收费景点更多。于是我们选择了先去左边的路线。     颐和园非常大，普通人靠脚力是玩不全所...,2
6854,这里是我们保存最完整的皇家园林之一，颐和园的大真是要走一走才知道，颐和园的美真的要看看才了解。这里是按照西湖风景来做的，有着江南园林的影子，万寿山的壮丽，昆明湖的悠闲。佛香阁的神秘，苏州街的热闹，十七孔桥的知名度可看可多得太多了。慈禧走的昆明湖建议你也绕着走一走，这里的亭台楼阁真的是一步一景。万寿山下的昆明湖可以划船，当然要分季节。颐和园门票不贵旺季也不过三十元而已，不过里面一些景点是需要单独购票...,2
6855,水立方位于北京奥林匹克公园内，是2008年北京奥运会标志性建筑物之一。到北京来游玩水立方是我们不可错过的一大景点，当然水立方门票也是我们不可错过的信息。,2
6856,水立方跟鸟巢离得灰常的近，相距一百米左右吧。2008年，我们国家申办了奥运会后，就建了这完美的建筑，它的主要功能就是游泳馆，所以它的另一外一个名字就是“国家游泳中心”，不过我觉得大多数人还是不知道这个名字的。以为水立方的建筑风格，外观几乎是由很多不规则的多边形方块组成，白天基本上灰白色的一片，能清晰的看到它的轮廓，夜晚那些不规则的电子屏会根据设定呈现出不同的颜色、图案，我是15年去的...,2
6857,"国家游泳中心又称“水立方”(Water Cube),位于北京奥林匹克公园内，与国家体育场（鸟巢）相对而立，是北京为2008年夏季奥运会修建的主游泳馆，也是2008年北京奥运会标志性建筑物之一看，现在水立方和鸟巢都已成为北京市的新地标。",2
6858,1、位于北三环中轴线上，位置非常的好找，2、与鸟巢一起，相隔100米左右，是个非常漂亮的建筑，尤其是晚上的时候，美轮美奂，颜色会不停的变哦，据说外面的那个泡泡没有完全重合的，3、想要去里面参观的话，需要买门票的哦，当然有可以选择买水立方嬉水乐园的票，可以玩里面的项目，非常的好玩，200元一张门票，可以参观里面的，4、水立方外面还有个奥林匹克公园可以休息，5、吃饭的话走路600米的地方有个购物...,2
6859,可能说起国家游泳中心很多人不知道是哪个，但是一说到水立方估计就没有什么人不知道了吧，这个就是当面奥运会游泳比赛的场地，现在不仅是旅游的参观胜地，同时现在也可以在里面游泳体验下当时奥运比赛的气氛，去水立方的交通很方便，坐地铁到奥林匹克公园下车或者坐740等路的公交车在北辰桥西下车步行即可到达，不过开车有些不方便，附近停车的地方价格都比较贵，所以感觉没有公交方便，景区周边有新奥购物中...,2
6860,水立方连同鸟巢还有奥林匹克公园已经成为北京的新兴的旅游景点了这几年随着2008年29届夏季奥林匹克运动会的召开，很多来北京旅游的朋友都把这3个地方作为一站，算得上必来的一个景点了。今天我们来说说水立方，看电视转播时候，水立方非常的漂亮，实际看的也是很壮观的，位置就在鸟巢的对面。建议乘坐地铁8号线前往，在鼓楼大街转8号线，不要在奥体中心下，一定要在奥林匹克森林公园下，我上过当，还得乘坐三...,2
6861,带着孩子来北京玩，在网上看了很久选了这家，真的没选错，任宪凯导游非常细心，全程热情讲解，照顾周到，最最重要的是人还长得帅🥰，我儿子把他当偶像了，这一天就一直跟着任导周围转圈了😊😊,2
6862,选的两个团都可以，假期出行就是人多，给老爸老妈报的,2
6863,总体来说还不错，缆车是额外收费，但是真心没必要做！因为无论是带老人还是小孩压根就爬不了几个狄台，累！体验一下就好了……全程无推销，导游也很负责！,1
6864,王导超级贴心，景色好，服务好！超级棒的出游体验！赞！,2
6865,非常满意，导游风趣幽默，为人正直，推荐了很多可以去的地方还有好多好吃的，好玩的，很满意的旅行。,2
6866,导游小格格好棒棒，讲话很幽默风趣，是个很可爱很有性情的小姐姐，行程安排很好，以后有朋友来北京，也会推荐这位小姐姐的团。,2
6867,今天我玩得很开心，就是纯玩的团，并没有其他的不好的现象！美女刘导特别认真负责，全程跟随，把我们送到入口，还交待注意事项！午餐安排也非常丰富，好多菜，特别好吃！棒棒哒！好评~,2
6868,小曹导游服务周到，长得漂亮。中午用餐菜品新鲜好吃，满意。全程无购物，纯玩，很开心。跟团省去路上找车，很方便，如果长城时间再多点就更满意了，不到长城非好汉，确实不枉此行，长城威严震撼，景色秀美。,2
6869,我们的张颖洁导游非常不错，讲解的很详细，一路上都在给我讲解！做事也很认真负责，没有多余的消费！很满意！对北京一点都不了解的我多了几分对北京古都的喜欢，去旅游碰上认真负责的旅游很棒,2
6870,非常好，陈导很有耐心，感谢 ，讲解的也很到位,2
6871,导游挺不错的，名字叫一一，口齿伶俐，没有额外的收费，除了滑车100元的自费项目，总之呀，挺好的，比自己一路打车好的多。,2
6872,明明预定是到酒店接送 临时很晚才说自己打车或坐地铁去 他们会补车资 那时也无奈 隔天很早6：30说集合 但准时到都在等导游和车子 去程回程都等将近半小时 蛮傻眼的 下车也没有放在鸟巢旁 走路很远 还让我们打地铁ㄧ站过去 不靠普的団,0
6873,非常不错，出行很满意，值得推荐，,2
6874,夏导办事利落，全程提醒注意事项，在颐和园内讲解生动有趣，此行两大一小价格合适，30元/人的团餐不错，比想象中要好。,2
6875,来北京肯定去长城但自己去确实太麻烦，就报了这个团，本来会担心报团会有逼迫消费的情况，但是这个团没有，而且非常幸运遇到钱丽导游，文化底蕴深厚，人也很幽默，非常为游客着想很负责，还特别好给我们推荐好吃好玩的地方，钱丽导棒棒哒！,2
6876,小李导游很赞，一天安排的还是很不错的，虽然紧凑，但逛名胜古迹这种节奏还是很适合的，省时间，看一下就行了。,2
6877,定的金水桥旅行社，导游张雅彬很好，认真负责，讲解到位，全程零购物，是一日游的好选择。,2
6878,非常感谢导游韦姐姐，非常耐心细致，讲解的细节也很多，很到位！下午还免费蹭了个颐和园的讲解！棒棒哒，五星好评！给导游加鸡腿！,2
6879,方便，靠谱，非常满意!下次来北京，继续体验👍,2
6880,这次来北京行程紧凑，想要一天内多玩几个地方就选择一日游吧！给我们分配的导游是钱丽，每到一处讲解都特别有耐心特别会选地方，还告诉我们北京哪边有好吃的，真是一个特别好的导游！唯一不满意的就是今天竟然下雨，去一趟八达岭废了一双鞋！,2
6881,五星好评给宝贝勒！非常美满的一日游，路线绝对是全网最科学最合理的，景点和时间安排的非常好，承诺内容全部兑现！导游宝贝勒表现炒鸡给力，风趣幽默，全程无尿点！支持正规的旅行团没错，以后千万别信街边的大爷大妈了！推荐and附图！,2
6882,谢谢导游阿斌，我对我们很照顾，我们是12号家庭，有九十岁的奶奶。有两个孩子，全程纯玩。我无任何购物。。由于风大取消了缆车坐了滑车，强烈推荐带孩子的一定要坐，。。要不爬不动。。最后退了我们老年人的票钱，值得信赖。。,2
6883,五一本来没抢到故宫门票，非常着急，黄牛把票喊的特别高。后来同事推荐了这家跟团游，价格也很便宜。,1
6884,非常愉快的一次体验。导游小格格（马小帆）特别敬业。专心、细致、充满热情。讲解也特别到位。一整天的行程规划很有章程。二个多小时游览了故宫的几个较为重要的宫殿。说真的，如果故宫没有导游讲解，听不到历史典故、奇闻轶事那等于是白来了一趟。所以我给小格格的讲解满分100分。下午到达八达岭长城，我们选的缆车，建议老人小孩花140坐缆车上下，节约不少时间体力，要不然路太陡，爬不上，下不来。上面也没有树，一个阴凉的地都...,2
6885,很不错的旅行，淡季人少，导游李青松很不错，光头司机人也很好，没有购物，纯玩，有什么自费的项目也征求大家的意见，中国好导游??价格实惠，省去了自己找地方倒车的麻烦,2
6886,胡导不错，讲解细致，服务也好。,2
6887,总结这次旅游真心不错，吃好住好景点多而足，导游非常认真热情耐心细心。下次再来这家旅行社。推荐,2
6888,导游负责，认真热情，景点安排周到。虽然赶在10.1长假人多的时候带家人出行，但是玩的特别开心。,2
6889,很好哦、导游李明很负责、讲解的也很仔细，对北京的文化、风土人情、小吃统统掌握，对我们这些游客也很细心，人超级好！若以后有机会还要找他、嘻嘻、赞，棒棒嗒,2
6890,天气不好，赶上有雾霾，看不到远处的景色。集合的地点很好找，出来地铁口就能看到小李导游在等待，一路上小李导游一直在解说，为了帮助早起的乘客驱散睡意，还唱了一首歌，服务还是不错的，团餐也还可以。,2
6891,"带着家人第一次到北京玩，有孩子在 ，为了轻松旅游 选择了跟团一日游，以前也跟过团旅行，都不理想！这次在网上选择，很幸运的遇到今天的导游小格格，人特别好，服务好，满脸笑容,全程耐心讲解，特别详细，很敬业的为大家服务，以后出行希望都能相遇这样优秀的导游👍！11号家庭感谢小格格的服务",2
6892,棒棒哒，张晶导游很热情。然后一路上也挺好的。司机开车也很稳。加一句自助餐很好的，干净卫生，味道也好！！！就是人太多了，明明错过国庆期，人还是这么多！！,2
6893,小梅真好，特别贴心，全程非常负责任！耐心感谢感谢，下次还找你！,2
6894,重游北京，又重新认识了一次北京。很开心今天参加了慕田峪长城一日游，导游吴导讲解非常好，安排得也很妥当，对北京历史文化讲解得很全面，车上的游客们都很认真听讲，感谢吴导的认真对待，点赞。,2
6895,刚来北京，还不太熟悉北京这个城市，在去哪儿网看了看了一下北京一日游的周边游，看了他家旅游线路安排的挺好，安排了故宫还有我梦寐以求的八达岭长城一日游还可以去鸟巢水立方看看，真心的不错😊，于是我就自己在网上下了单，不大一会，很客气的客服打电话帮我核实信息，特有心，并告诉我去长城故宫的注意事项到了出去玩的前一天导游给我打电话，说在哪里集合，一方便大家节约时间，让我们有充足的时间去玩！到了出去玩的这天，...,2
6896,小格格长得美，温柔，讲的细致，美好的一天很快就结束了，7号家庭给你32个赞👍。,2
6897,感谢北京金水桥国际旅行社导游吴娟的一次愉快的八达岭长城一日游。在出发前一天，吴导短信发我们告知上车地点，一路上给我们讲解了北京的风土人情很赞。这次一日游因吴导的合理安排，时间很充裕，一路上没有赶集的现场，真是一次经济实惠愉快的旅行！下次来北京还是选择金水桥！,2
6898,挺好玩的，美景如画，真漂亮,2
6899,导游讲得挺好，出发时间可以稍微早点就更完美了，有朋友来还会介绍的，比较自由，可以自己订票自己安排咯。,2
6900,杨导非常热情，服务特别好,2
6901,导游于红梅出游前一天21点前跟我们进行了短信沟通，确定了上车地点和时间。上车后1小时20分后到达八达岭长城停车场，车上报名乘坐缆车，下车后缆车排了很长时间，上到缆车终点站出去后看到的是人头涌动，全是人！雄伟的长城！,1
6902,郭导认真负责。行程合理。午餐丰富干净。缆车变成索道车。一身惊吓,2
6903,这是史上最难忘的旅游，订好的时间是上午10点出发，结果导游在我的多次电话催促下10点16分才到，车子在11点10分左右才到，理由是路上堵车。车子并没有开到长城脚下，我们还得步行2公里，一路上导游一直在竭尽全力吆喝让我们做缆车，车上全员很配合，结果发现付了140元一个人的是地缆，到了以后就是南7楼，再走一楼就到头了，非常失望。晚上17点50分再步行2公里到达车上，结果车子开了一个小时还在高速离合出故障，我们等了一个半小...,0
6904,行程安排很好 导游晴格格也很给力 很周到 很专业 就是个别团友素质太差啦 集合老是迟到 拖后腿  脾气不好的慎重考虑,2
6905,还可以，就是时间太紧了,1
6906,导游小格格特别好，特别热情，做了攻略介绍地道北京好吃好玩的地方给大家，能遇到这么良心的导游真好,2
6907,导游那长民热心又周到。这是一次很充实的行程，体验也非常好。尤其是去八达岭长城，几乎没有浪费时间去排队，导游安排的好，时间和体力分配也很科学。时间再长我们也爬不动了。我们三个妈带三个娃，也基本按照导游给的时间爬到了十楼看到了长城上的地牢。下午颐和园的行程自愿升级了慈禧水道（北京的朋友强烈推荐），舒服又惬意，而且全程没走回头路，这点特别赞。今天天热，行程很辛苦，导游讲解的也很细致。小朋友都说必须五星好...,2
6908,很棒的旅行，车导游特别用心，讲解的很详细，长城风景很漂亮，推荐大家可以选择慕专线，缆车上和滑倒下的线路很棒，体力不好的要慎重选择线路。,2
6909,小杨导游很好的  全程解答  待人热情 讲解详细  下次还找他 园博园很漂亮 行程很美好,2
6910,今天玩的很开心，导游小李很负责任，而且讲解也很精彩。去故宫如果没有导游讲解应该就没这么有意思了。,2
6911,十分满意，十分好评，全程安排合理，期待下一次和张导的相遇，,2
6912,导游专业，挺逗的。就是项目偏少，鸟巢水立方就是送过去奥林匹克公园，游览时间短，需要买缆车票,2
6913,小颜导专业，风趣，多带我们逛了很多地方！,2
6914,虽然是一个人去爬的长城，但是跟着导游玩的很开心，什么也不用操心，很棒的一次旅游！！！,2
6915,线路选的明智啊，导游‘’格格‘’的确给力啊，司机师傅车开的稳当啊，豪华大轿子很舒服啊，最后导游格格分享的北京吃喝玩乐攻略满满的心血啊……只能说谢谢了啊……强烈推荐大家选这家旅行社。最后再强调一下，老板该给导游‘格格涨工资啦😄’！！！！,2
6916,整个行程安排丰富，全程无购物，中饭比一般的团好。导游风趣幽默很热情，服务周到。司机开车超稳，整个行程走下来很开心，很轻松，很满意。,2
6917,好评，今天玩得很开心，导游很尽职，安排也很合理，没有隐形消费，只有一个缆车费用自理，不错哈，下次来还找这家,2
6918,时间安排合理，导游一路上耐心讲解，非常认真，然后旅行社又赠送了蜡像馆,2
6919,长城十三陵当然是要报团来玩了 挺忐忑的选了一家旅行社 因为之前去参观别的地方临时雇的导游都很不专业一问三不知 今天很幸运的遇到了王导 不光是景点 一路上他也给我们讲了很多北京的人文历史和景点,2
6920,李导真的很棒，平易近人，地方也不错，下次会再找这个旅行社,2
6921,晴格格服务周到，安排合理。,2
6922,比售票处便宜了3元，取票的时候一点问题也没有，很顺利。游览了水立方，参观了apec会议场馆，有的展台因为活动已经拆了。品尝了宴会点心，味道还不错。晚上还顺便看了水立方和鸟巢那边的夜景。很漂亮。很开心的一次旅行！,2
6923,这是我外出旅游以来最开心的一次。导游讲的非常详细，挺负责任的，不管是从接待还是去到讲解，都是挺好的。下次玩还得找你们，,2
6924,很满意，国庆期间故宫门票忘了提前定，只有报个团。事实证明还是非常方便的。小格格服务非常好，很亲切。11号家庭为你点赞👍,2
6925,我们的导游仇莉莉人热情有耐心，我们动作慢也一直等着我们，行程很满当，不用操心路线买票啥的，能打卡的地方又多。性价比高，纯玩，推荐。,2
6926,介绍很棒，服务态度好,2
6927,小林导游非常好，很有耐心，讲解很到位，全程无购物，行程很紧凑，午餐也可以，很好吃，还有小菜，长城索道也是自愿的，没有强制消费，是个优质团,2
6928,大巴车去八达岭长城大概两个小时，运气好路上基本没怎么堵车，西西导游很好，一路上都给我们详细讲解了各个建筑的历史背景，爬长城真心挺累的，人挺多，缆车上去八楼九楼和十楼，爬了一半就往回走了,2
6929,特别特别喜欢第二个导游王海涛，不仅讲解有趣，为人也是诙谐幽默，人格魅力杠杠滴，下次还会选择他,2
6930,导游陈丽平，发车准时，讲解流利，人美心善语言组织能力好。6:30到约定地点准时出发。九点到达长城，坐缆车上去，爬长城两个半小时时间不够用…没有吃午饭直接跑着上车去了颐和园。如果可以，自己走，不用和导游买130的船票的，走走才有意思嘛～上午爬长城自己玩，导游没有跟的咯，穿的鞋子太滑了，不太好走，一段阶梯一段滑坡很难走的，建议穿登山鞋爬长城，真的很难爬！导游下午讲解很详细很热情，还帮我拍了一张美美的照片❤,2
6931,谢谢刘导，非常耐心，服务好！,2
6932,真是太爽了！金秋时节，投入大北京的山乡村野，绝对是一种享受！在八达岭上，天高云淡，空气清新，自由自在！订一张票，就不用操心任何事了，只要尽情享受大自然带来的欢乐就好！美女导游做事干脆利落，必须赞一个！,2
6933,小李热情服务态度好很专业,2
6934,水质很好，很清，气味小。人不算太多。还能愉快的玩耍。两个小时对于我们观光加游泳的来说还是足够的。,2
6935,王玉红导游很棒，出发前一天就细致嘱咐，行程途中也是方方面面照顾得很周到，下次北京跟团还找她👏,2
6936,还不错的、就是人特别多、周一因为故宫闭馆，大部分人流到了长城，简直是无法想象的人多，张颖洁导游讲解不错，不过那个满清八大碗真不敢吐槽，贼差，本来就想着不含餐，但是导游说那边也没啥吃的，那就又交了餐费，真的吃得好差，推荐可以自带干粮…,1
6937,带儿子来北京玩，儿子非要要去长城，然后就报了一个团，报团的时候真的没有报多大的希望会有多好，但是导游孙维真的超级好，带我们游览了故宫，长城，还告诉我们什么好吃，告诉我们很多有趣的事情，这个团真的值，真心推荐，谢谢孙维导游一天的陪伴！,2
6938,疫情期间人很少。带孩子还是有些累的。才爬了两个炮楼。很累，导游黄导很好。讲了很多关于景点的知识。很赞！,2
6939,小格格的导服实在是太赞了，贴心、周到、亲切，除了正常的导服，还给我们提供了许多额外的方便，让我们的北京之旅变得更加充实、安心，让我们身在异乡找到了家的感觉。,2
6940,5号家庭 今天带全家刚游完   全程无任何购物   准点准时   导游宋丽华人美细心。讲解生动风趣。非常棒散团了还耐心交待回答各种问题。,2
6941,刚结束完一天的旅游，感觉去哪儿网特别靠谱，全程无任何强制消费，全是自己志愿，小格格导游特别认真负责，下次还会继续光顾去哪儿网的，第一次选择当地游就选择对了，下次还会继续选择的，我是六号家庭,2
6942,今天效率很高，很适合亲子游，行程安排比较合理，导游宋莉华很负责任，讲解清楚还正能量十足！,2
6943,非常充实的一次旅行，黄导沿途的讲解也很好！路上导游没有催促，值得推荐的行程！,2
6944,行程安排非常紧凑，全程无购物，是正规旅行团！特别是导游宝贝勒，历史知识渊博，一路上学习了！总之很靠谱！,2
6945,取票方便，靠谱，服务好～～,2
6946,慕田峪风景很好，王导服务很好,2
6947,给王导点的五颗星 行程安排讲解很满意 可是在下山路上出了交通意外 导游很努力一直想各种办法解决协调 但是平台一直以无法安排调车为理由让五六十位游客在山上困了三个多小时 一直到天黑也没有给大家合理的说法 这种情况要平台有什么意义呢？,0
6948,王导服务非常周到细致，对慕田峪长城的历史讲解精彩纷呈、引人入胜。行程安排更是合理，避开了最热的时候，保障了我的良好旅游体验！,2
6949,对今天的一日游行程很满意！导游荣荣非常好！态度好，并且也专业！全程规划特别成功！,2
6950,辛苦仇导这一天给我们的讲说,2
6951,好评，王导提前一天联系我们，第二天早上在宾馆附近接我们，全程纯玩，大巴直接开车上去，省了摆渡车，在导游处买往返缆车票很方便，五分钟拿到票。一家人玩得开心，早去避开人流高峰，也没那么晒，很多外国人。,2
6952,感谢小梅带给我们愉快的一天,2
6953,水立方作为北京2008年奥运会水上项目的主会场，对于游客是很有参观价值的，不过参观水立方需要付门票，门票费用为30元。一到晚上，水立方的外部灯光就会亮起，还会不时的变换颜色，灯光效果非常梦幻，夜间和旁边的鸟巢相互辉映。水立方内部的泳池区域分两部分，一部分是泳道部分，另一部分是跳水部分，观众台的座位颜色也有不同，从对面看上去会有“水滴”的效果。,2
6954,【服务】早上司机师傅载我们非常准时，我们也在等候不一会师傅也到了，特别热情，导游小姐姐全程服务态度非常好，及时解答我们的问题，也跟我们简短介绍了慕田峪长城，这次一日团体验感满分💯,2
6955,咱们刘导非常的棒，整个体验过程非常满意。大巴准时接送、入园遇到困难及时解决、讲解简单明了且有趣、慕田峪无敌！,2
6956,自己一个人在北京玩耍，想去长城，就报了个团 真的是太方便了 导游Lucy很赞 幽默  很负责 照顾每一个人 而且英语很好👍哈哈哈哈哈已经推荐给朋友,2
6957,还不错。比较靠谱。虽然导游没有介绍什么，但是态度非常好。长城，在清明节那天，人真是一个多。都堵在长城上，走不动。,2
6958,之前看评价，很多人对刘强导游评价很高，想着这种金牌导游应该不会遇到，没想到还真是他。如果单看历史景点，很快就会看完，不会留下任何感受，很多团的导游都只是简单地介绍一下，但是刘导用他及其丰富的天文、地理、历史和风水知识侃侃而谈，引人入胜，帮助我们更好的了解景点历史，让我们对这些景点过目难忘。并且梁导还很细心和贴心。所以给导游打满分，强烈建议跟团就跟刘导！,2
6959,不得不说，真的是很幸运，在水立方的不远处本来是去问路的，却看见有几个人在售票，就很好奇的去问了下，他们说今晚宁泽涛有比赛《游泳世界杯系列赛-北京站》，于是就兴奋的买票去看比赛啦！完全是凑巧,2
6960,宝贝勒服务好，从早上集合到一天的游玩，细心又负责，带着老婆孩子，虽然累，但玩的很开心！从历代皇帝的寝宫到万里长城，时间很赶，时间安排合理，玩的一点都不浪费！大大的赞！,2
6961,導遊超敬業，講解很到位，道地的北京腔，但聽得很清楚！車上有個怪人，她都可以好聲好氣順著她，我們2位是車上唯一不包餐的，導遊也不會態度不好，台灣人到北京玩想一日遊可以找她「姚」導遊！,2
6962,今天玩儿不错，直通车很棒，不用费事，直达长城，拿着身份证刷证直接入园，车上导游讲解内容丰富让我对长城有了新的了解和认识，而且线路讲的很清晰明了，不走冤枉路，价格不贵，性价比高，重点是纯玩不浪费你旅游时间，不去没有的地方，纯粹的长城游，这个行程特别好，非常满意,2
6963,给韩导点个赞！~服务好~讲解到位！,2
6964,导游张小雪认真负责，态度良好，注意事项和景区讲解生动有趣，五星好评！,2
6965,谢导安排的特别好，我们干什么都不用排队，结束行程也很早，还能自己溜溜，为谢导的服务点赞，大家来北京，强推谢导，让我有愉快的北京之行，我母亲恐高，不能坐缆车，谢导也没有强制我们购票，以后的行程也没有对我们有特殊对待，我非常感谢谢导，让我有愉快的北京之行,2
6966,这次在网上订的线路，感觉很满意！我们的韩导美女一路热情为我们服务，给她点赞！先前怕这种团会带购物店那种，大家放心，全程没有去过购物店哈哈！一次满意的旅行！,2
6967,预订的一日游，早晨接驳车到酒店门口按时接，送到地铁站！车导接待非常周到，路途中各种安排，旅游注意事项都一一告知！,2
6968,故宫很值得一来 张导人很幽默 讲解也很到位,2
6969,这里是国家奥林匹克公园，游泳中心，可以买票游泳，还有水上乐园。还是比较好玩的，但是门票要三十元，如果只是进来看看就有点亏了,1
6970,VIP中的VIP，辛苦导游小哥哥4个小时的陪伴，时光静雅如流，岁月步履轻柔，600年的回眸，是重逢，是擦肩，亦或是永久？最美的遇见在尘世，最美的相逢在心灵。,2
6971,水立方又叫国家游泳中心，对外开放，另外还有水上乐园，适合小孩子玩耍，里面还有会议地址，值得一看，但是门票有点贵，如果不是游泳有点亏,1
6972,这里是国家游泳中心，也是非正式会议的举行地址，里面没有什么特比好玩的，就是一些展品比较有内容。水上乐园和泳池对外开放，就是得另外买票,1
6973,水立方健在国家奥林匹克公园里面 ，和北顶娘娘庙挨得很近，里面的水上乐园非常大，很多人带着家人来玩，里面很大，还有会议地址。,2
6974,水立方建于奥林匹克公园内部，喝著名的北顶娘娘庙只有几十米的距离，地下一层是高端的游泳去处和水上乐园，门票略贵，但可以承受。,1
6975,水立方位于奥体中心，很多人来北京看夜景的话都是必须要去的一个地方，很多人都会到这里拍照，也许是因为奥体中心太大的缘故，完全不会觉得人很多地方空旷。是一个非常适合傍晚散步的好地方呀！,2
6976,🌈️北京旅游|必打卡景点之水立方  🌈️水立方（国家游泳中心）位于北京城区北侧，是北京为2008年夏季奥运会修建的主游泳馆，也是2008年北京奥运会标志性建筑物之一，建筑非常奇特，外墙由3000多个不规则的气枕泡泡组成，远远望去像蓝色大海中的水分子。  🌈️夜晚彩灯绚丽，更是拍夜景的好地方，参观进到水立方内部，阳光透进来，才发现构成外墙的泡泡不只一层，有好几层，仿佛进入了堆叠的泡泡内部，人鱼公主的童话世界，...,2
6977,水立方门票只有30元，一定要进去参观，和在外面看的感觉是完全不一样的。里边不管是大厅还是比赛场馆，都异常明亮，自然光采光效果非常好，真要惊叹于水立方的设计，蜂窝状的结构，面积最大的有9平方米。“水立方”拥有跳水池、比赛池、热身池，以及嬉水乐园、多功能展示厅，冬天还会有冰上乐园，是一处不可多得的娱乐场所。,2
6978,拥有得天独厚的地理人文调件，国家梦之队跳水队也给水立方的美升华了，荧光幕墙的设计更加给了水立方灵动的感觉。但是，你如果抛开这些人文历史来看水立方，也没有什么好看的！,2
6979,很多人到北京必来的肯定是水立方和鸟巢了，不仅仅因为它是中国走向奥运的标志，更重要的是它证明了新时代中国对于建筑理念与概念性的新建筑思维有了一个全新的展现，景色优美宜人，来这里可玩儿的项目趣味性极强，相对来说性价比还可以，对于北京这样的世界级大都市，已经算平价了！,2
6980,水立方即国家游泳中心，是2008年北京奥运会的主游泳馆，是北京奥运会的标志性建筑物之一，也是北京市的新地标之一，夜晚的水立方是最美的,2
6981,来过几次北京，总有种“不到长城非好汉”的念头，长城离市区比较远，想着报个团往返有车接送比较方便～ 前一天晚上快十一点才团的券，还以为那么晚没人联系我了，结果刚订完曹丽峰导游就联系我了，沟通第二天的注意事项～哈哈，第二天的旅程也很愉快～曹丽峰导游带队经验很丰富，整个旅程氛围很轻松，讲解通俗易懂蛮有趣，人也很实在，有啥说啥，还真不用担心她会坑你～  话说曹导就是长城下长大的，也是很羡慕了～感谢曹导～开心...,2
6982,大大的赞，因为给老人的报的名，一开始真的好忧郁，担心购物，强制收费，等老人到家了，还没吃饭，告诉给导游一个好评，我问为什么，妈妈说比我们都想的周到，想想是的，一年能陪老人几天，老人说到张辉导游一天跑前跑后不说能赚到多少，这种服务让老人满意我们很高兴，谢谢张辉导游，谢谢司机，绝对会把你们推荐给身边的朋友,2
6983,五星好评，线路好，出行方便。慕田峪长城虽然不比八达岭长城出名，但是风景也是很美的，人也比较少，今天就像是承包了长城一样拍照想怎样拍就怎样拍，不是人人人。缆车上下，从'14号烽火台直上20号烽火台也不是很累。上的时候还有幸坐上当年奥巴马坐过的缆车，下的时候是克林顿坐过的，幸运啊！这行程值得推荐，导游王书慧讲解得也很好！,2
6984,超棒的！纯玩无购物，导游接送准时，介绍简单有趣，行程自由度很高，玩了四个多小时后可以在市区的鸟巢下车，超棒的，慕田峪景色超美，人也相对较少，值得一去，如果想爬野长城或者到最高点的话，一定要选缆车。客服服务很好，建议很棒很有用。,2
6985,价格很实惠 玩的非常开心 推荐,2
6986,水立方也叫国家游泳中心，位于北京奥林匹克公园内。特意选择晚上看夜景，觉得比08年白天看的时候美多了，也更能看出立体感来。“水立方”与“鸟巢”只有一路之隔，一方一圆，一蓝一红，形成了一种微妙、均衡的关系。中国人，棒棒哒！,2
6987,小梅导游很热情，一路行程安排的很好，玩下来不累，今天玩得很开心，给小梅导游奖个鸡腿,2
6988,今天故宫、八达岭长城一日游是由杨杨带我们一起去的。早上司机5点左右就主动联系了我，服务都很贴心。团队成员也很不错，很愉快的旅行。,2
6989,路线很合理，含概了最经典的故宫博物院和八达岭长城，时间把控很好，没有想象中那么累，而且价格也合理，最后重点是导游曹丽峰讲解到位，服务很好，整个行程心情愉快，如果有朋友来北京力荐！,2
6990,昨天报的团，很幸运遇见了北京初雪，上去的时候天也放晴了，蓝天，白雪，一望无垠，景色太美了。不过长城上有了很多积雪，有些步行道没有梯子，结冰太滑，很多人直接滑下去，还是有点惊险。今天本来堵车，导游和司机安排的很好，没有耽误太多时间就到了，整体游览体验还是不错的。,2
6991,就在奥运公园里面，虽然算是比较远的地方，但是这里还真的是每天都很漂亮，尤其是外观，上面看起来就是水样的感觉，在这里面进去是要给门票的。,2
6992,水立方是奥运会主要比赛场馆之一，一直很喜欢，特别这次来打卡，的确建筑很有特点，晚上亮了彩灯，尤其迷人，整个建筑犹如水的气泡包围。,2
6993,今天一天行程满满，早上去了十三陵人不多，蒋导讲解丰富，生动精彩，下午去了八达岭长城，由于淡季人不是很多但是好汉坡上一直不缺人头，拍了很多照片，时间充裕，行程并不赶，有充分的时间可以游览！😀性价比高，,2
6994,灯光璀璨下的水立方可真漂亮极了，以前都是白天来的，没觉得有什么特别，没想到夜色中是这么的美和梦幻。孩子们在里面游泳，我没有进去，只看外面已经陶醉了。 【景色】美 【趣味】高 【性价比】高,2
6995,【景色】发一下老照片吧，和大学同学一起去的水立方，水立方是2008年奥运会，游泳比赛的地方，里面还是很大的，足够玩至少半天的时间，也可以晚上去水立方，外面的灯光都亮起来了，格外的好看，我喜欢水立方主要是因为他别致的设计，另外我也是蓝色控，在这里会干感觉心情特别舒畅,2
6996,何导长的漂亮！长的漂亮！,2
6997,去水立方的路上，在她的西南角，靠着四环边的北辰西路上，发现了一棵硕大的枫树，火一样的热烈绽放，地上满是落叶。想起了席慕容的《一颗开花的树》，这可不就像一朵朵花么。哈哈,2
6998,水立方很不错的，它也是游泳比赛场所，和它的名字很契合，晚上外立面开了景观灯，很不错，建筑表面犹如被水汽泡包围，很美。交通便利。,2
6999,趁着假期，来到了北京，这也是我第一次来北京，在我处于迷茫之中，不知何去和从时，就选择了这家旅行社，得到了旅行社张导热情、周到、耐心的接待，,2
7000,就这样吧,1
7001,水立方是2008奥运会那个时候修的，是当时的奥运标志性建筑之一，就算是十几年后的今天来看，也是一点都不落伍，依旧是网红，必打卡。,2
7002,水立方就在鸟巢的旁边，这里已经成为北京市民健身运动的好地方，看到很多人在这里玩耍、跑步。到了晚上，水立方亮灯的时候，不同颜色的灯光映衬下，水立方美态万千，我们全家都太喜欢这里了。,2
7003,鸟巢对面就是水立方了，水立方的外观很可爱，像一个个大泡泡。我们去的时候，虽然中文还写着水立方，但是英文已经换成了ICE CUBE，2018年年底水立方已经正式转换成冰立方。水立方前面的水池很好看，里面是一层层淡淡的涟漪，不仔细看都发现不了。 从内部来看这些大大的肥皂泡更加梦幻，深蓝的座椅搭配湛蓝的泳池，满眼都是梦幻的蓝色。另一侧的嬉水乐园也有很多设施，当天还有人在里面玩耍。,2
7004,水立方原来是奥运会比赛而建设的，的确建筑很美，外立面晚上灯光效果犹如水气泡一般，很有艺术也有科技感，里面泳池很大，属于比赛规格。,2
7005,蓝色的水立方还是最美的，白天看还一般，晚上是真漂亮，有机会还是在去看看的好，毕竟和电视上的有差别。有机会还会再去的，也去逛逛整个公园。,2
7006,导游勾勾很好，讲解到位，全程都很开心，以推荐给其他朋友。天气晴朗，拍照都是美美哒,2
7007,水立方是国家游泳馆的所在地，因为造型一下水一样的，而且是像立方体而得名，这原来是来北京必上打卡的景点之一，而且和鸟巢就在一起就非常的方便。,2
7008,世园会很好，杨导很nice～行程放心 带老人合适～,2
7009,水立方(国家游泳中心)位于北京奥林匹克公园内，是北京为2008年夏季奥运会修建的主游泳馆，也是2008年北京奥运会标志性建筑物之一。,1
7010,人不多，好玩。相比八达岭少人很多，打call打call！燕子导游全程很贴心！这次的体验棒棒哒👍,2
7011,一日游很不错，有点小累，不过还好钱丽导游很直爽，热情，很有责任心，挺不错。,2
7012,水立方位于北京奥林匹克公园，与鸟巢相对，地铁坐到奥体中心站或奥林匹克公园站，2008年北京奥运会游泳比赛场馆，外形是一个个塑料膜鼓起来的，很奇特，晚上亮灯很美。,2
7013,暑假期间人太多，导致游玩时间太短，走马观花，我是不会选择暑假出来玩了,0
7014,很好，李晶晶服务好，热情，值得推荐。,2
7015,好评，服务很好。值得推荐,2
7016,杜导人靓幽默，这一趟不虚此行就是时间不太够要全部逛完真的要时间要脚力。带孩子来玩的都很开心。,2
7017,张颖洁导游服务很好，讲解的也很到位。玩得很开心😃司机师傅孟师傅也很好👍,2
7018,此次游玩非常好，导游尤其负责，耐心讲解，将景区的所有好玩的地方和该去不该去的地方详细给我们讲解。非常负责，我们玩的非常开心😊，在定陵时给我们细心讲解此处的讲究。在八达岭时因为堵车特意酌情给我们延长了游玩时间，真是一次非常愉快的旅行！,2
7019,这次慕田峪长城一日游体验非常不错👍时间安排合理，虽然早，但是趁着人少看到了宜人的景色！燕子导游全程的讲解细致耐心，完全是无购物的快乐旅行！,2
7020,不错的体验，美丽热情的杜导很给力，有机会再次相约,2
7021,黄导不错的，很热心，很专业，全程无购物，纯玩团，考虑到暑假长城旅游高峰，上午人多，征求了大家的意见，临时把上午下午行程改了一下，这样可以缩短排队等候时间，暑假长城人还是挺多的，下午索道排队上下各花了半小时。,2
7022,杜导很棒！服务非常热情❤️,2
7023,原明游热情，服务周到，讲解细致，不厌其烦的回答各位游客的询问。性价比高，非常推荐，非常满意， 总体超赞。,2
7024,完美的出行体验，果导全程井井有条的路线规划和认真负责的仔细讲解，促成了这次愉快的游玩体验。谢谢👍🏻👍🏻👍🏻👍🏻👍🏻👍🏻👍🏻,2
7025,张颖洁导游特别专业，一路从出发开始就对北京历史及路过的景点做了详细介绍。关于长城和颐和园，也讲了很多历史故事，让大家对古都北京历史有了进一步的了解，回来还很耐心的告诉我们所需搭乘的交通方式，超赞！,2
7026,【景色】晚上景观灯开起后的景色要更好看一点。 【趣味】广场比较宽阔。 【性价比】如果不进入场馆内，看建筑外观是不需要购票的。,2
7027,水立方是世界级运动馆，环境好，各种功能齐全,2
7028,景色很好，非常值得带孩子去，又长知识又能旅游，孩子还有兴趣。,2
7029,大美世园会，杨导服务非常棒，极力推荐,2
7030,小秦导游人很好，一路从出发开始就对北京做了详细介绍，对于长城和十三陵给我们讲了很多历史故事，让大人和孩子对历史了解了很多，回来还很耐心的告诉我们所需搭乘的交通方式，值得推荐！,2
7031,慕田峪长城很漂亮，遇到下雨，但是很凉快，我们的王导很负责任，很有耐心，感谢王导带我们浏览长城！！！,2
7032,前一天晚上报了团以后，导游就打电话确认信息，并且告诉我们上车的地点。第二天七点过一点准时出发，一路上，曹丽峰导游为我们细致的讲解长城的相关历史，语言也很风趣幽默。并且告诉我们应该怎样预防上当受骗。此次旅游很愉快。曹导很认真负责，为她点赞。,2
7033,白天有白天味道，夜晚开了灯，把整个建筑都披上彩色外衣，很不错，里面游泳也很大，许多比赛都在这里举办。这个也属于当地网红景点之一,2
7034,王导非常好，长城人少景美,2
7035,八达岭长城天气，细雨浓雾，你准备了防暑，却迎接不了烈阳，你感叹机不逢时，不能一览群山，又惊喜雾里看花、人间仙境。主要还是感谢导游提前的心里建设，让大家从不同角度发现美。,2
7036,游泳馆很大，场馆也属于当地网红旅游景点之一，很多人晚上来拍照，灯光效果很美，很漂亮。交通很方便的。很多比赛都是在这里举行的,2
7037,王导非常有亲和力 声音很好听 行程安排也很合理 全程无购物 自由活动时间很足够  我们六个大人带着三个娃 玩得很开心 也不会觉得很累 特别是下来的滑道 大人小孩都玩的人很开心哦,2
7038,第一次跟团，不错，算是精品旅游了，赵凡导游真心可靠，全程没有任何购物，该讲的地方都能讲到，该提醒的地带都能提醒到，值得推荐，大旅行社携程，好导游赵凡！,2
7039,来北京玩，去新地标鸟巢和水立方打个卡，我们选择了晚上前往，去看看夜景，也算不虚此行了，晚上的灯光真的很美。每天晚上水立方会亮起主打色为蓝色的灯，不时变换色彩，与旁边鸟巢（国家体育场）的红色灯光相映，好像“冰火二重天”，水立方差不多晚上21:30-10:00左右关灯,2
7040,算是精品旅游了，崔孝臣导游真心可靠，全程没有任何购物，该讲的地方都能讲到，该提醒的地带都能提醒到，值得推荐，大旅行社携程，好导游崔孝臣。,2
7041,强烈推荐杨磊导游，讲解细心，语言风趣幽默，第一次北京之行，虽然只跟了杨导一天，但这一天玩的非常尽兴。午饭特别开胃，北京旅行几天胃口一直不好，这次破天荒地吃了3碗米饭，期待下一次北京之行！,2
7042,钱导责任心特强，一口纯正的京音，把我们带上了欢快的旅程。棒极了！,2
7043,隔天出发前事先通知，出发当天大巴准时到达。全程刘导细致讲解，关键事项都提前提醒注意。行程时间安排的恰到好处，全程服务热情客气，旅程很愉快。,2
7044,很好很好的于导 性格不错 讲解细致 工作敬业 意识专业 是个不错的导游 希望有机会还可以再见 唯一的遗憾是没有坐空中缆车 爬的去南长城 但老人爬上去了 导游还给发了个好汉证书 给老人 很棒 她很开心！,2
7045,很满意的一次跟团游，无购物，包往返门票餐食，早晨7点钟就从市区出发，虽然有点早，早有早的好处，人少，天气舒服，一点儿都不热，暑假时间，碰到这种天气真的是太幸福了，导游姓王，人很好，车上给我们介绍长城，没有多余的话，行程安排也很合理，进了景区，三个小时自由玩，跟自由行没区别，还有人管出行管午饭，太棒了,2
7046,夜景超级美！！！不过要注意晚上景观灯关闭时间 否则就看不到壮观的灯光啦 除了可以拍全景其实还可以人站在水立方前拍局部剪影,2
7047,行程结束了，以前不信任一日游，因为网上说有各种不厚道，其实这对大家是误导，坏情绪是会被放大的，而积极的一面又少有人去宣传，今天这次试探性的出行是最好的证明，北京旅游行业还是值得我们信赖的，省心，方便，相对而言还省钱，值得推荐，同时，感谢范导游。,2
7048,行程安排的很合适，服务非常好,2
7049,黄颖洁带团的，讲解到位，热情和善，非常好。,2
7050,王导特别细心，头一天便联系好上门接的地点。这次一日游安排特别紧凑，早早开始爬长城，避免了人流高峰。路上还为大家详细讲解了长城的历史，回程路上又特别介绍了北京的特色小吃和景点。总之满意。,2
7051,张颖洁导游，今天的北京差不多38度，从早上6点一直到下午5点，她一直在为50个人服务，那么热的天气，一直帮我们拿水，提醒我们带东西，全程声音都很洪亮，对游客又贴心又有耐心，也很负责。讲解也特别详细。全程都很开心，因为导游除了细心讲解，还特别幽默，一车人都在乐呵呵的，准备把张导推荐给朋友们，朋友们下次过来一定要找她呀，比我上次来北京前找的导游贴心多了关键是：并没有导游态度不好现象，也没有强制消费，这个必须...,2
7052,来北京之前就一直在想，是去八达岭长城还是慕田峪长城，八达岭长城比较容易去，但是人都多，慕田峪人比较少，但是车也少。最后决定报团去慕田峪长城。报团很方便，车直接到，去得比较早，游客比较少，还有好多外国友人哦。最最最最重要的是，我们的导游，王导人美声音更好听，一路上为我们讲解，选择她没有错的。,2
7053,韩导游人特别好，前一天晚上10点左右才买的票，11多咨询她第二天上门接送事宜的时候还非常耐心。早上在雍和宫地铁站等车，一个多小时就到了长城，韩导一路给我们介绍了三种方案，最后选择了坐索道到6号烽火台，爬到最高处，又原路返回坐滑道下来，体验感非常好的一次出行(●°u°●)​ 」,2
7054,导游很给力，幽默风趣下一次还选择你们旅行社，还选择这么优秀给力的导游-赵凡，给赵凡一个大大的赞,2
7055,赵凡导游非常负责，人也很幽默风趣，今天跟着他除了了解了去的景区的风景故事，也知道了很多北京的特产风俗以及值得游玩的地方，非常感谢,2
7056,必须5分好评，这家旅行社给我的感觉就是实诚，积极，赵慢慢导人特别好，😃😃😃😃😃及时提供帮助和服务，我真好运，逛的很不错，大家都选这家，好评是真情实感！！！,2
7057,服務品質挺好的，內容實在，導遊劉璐解說仔細,2
7058,中午临时报的团，因为只有一天半时间比较赶。客服很热心的为我们加演出位子，司机一路上为我们讲解北京，说说笑笑，非常负责，非常健谈，一路没有购物，什么问题都帮忙解决，很认真负责，行程安排的也很好，非常愉快的一段旅程，整个团队都非常满意。,2
7059,一天的行程安排的很满意，李方铁导游，热情幽默，对游客们服务态度特别好，有耐心。完美的一天行程,2
7060,做了很久的攻略 最后选择了慕田峪长城 买的车接送的票 非常方便 导游小姐姐特别热情 提前一天确定好了接送地点来接我们  这是一个没有购物的团 有3小时爬长城的时间 非常充裕 上面景色很美  人不多 外国友人占多数 推荐,2
7061,我游过世界上的许多个国家，也玩过中国的许多省市地方，有许许多多的导游，但给我记忆最深的两个导游，一个是去西欧时导游小宋；另外一个就是今天的“王惠女士；她才思敏捷，语言丰富、生动；把古老的“北京城”从古至今的历史、名胜、人物讲得栩栩如生，语言丰富……多彩；是不可多得，为数不多的好导游；游客给她阵阵掌声报以鼓励；是值得重用和培养的好导游🌹🌹🌹；游客王文波；罗丽帆,2
7062,很好，景色不错，世园会景区真的好大，感觉还会再来一次，时间还是比较长的，可以逛好久，逛了好多园。性价比高，自由活动，推荐。,2
7063,导游讲的很认真，特别好，又get了很多历史知识，意犹未尽，不虚此行。,2
7064,杨导的热情，风趣幽默，耐心负责，贴心提示到位，旅途心情愉快,2
7065,期待的世园会之行终于实现啦 和朋友一起去报了个团 行程安排很合理 进去之后没那么多限制 自己安排时间 车上导游也讲解了大概的游玩路线推荐 气温有点高 但是景色完全可以弥补这一点 很壮观 里面也融入了很多现代化的东西 壮哉我中国 赞一个 强烈推荐大家去体验一次,2
7066,当灯光亮起，水立方摇身一变，立刻晶莹剔透、光彩照人，甚至有些如梦如幻的感觉了。 刚柔并济的水立方，温暖迷人的彩色泡泡，往昔画面彷佛重现，一切还是那么美好。,2
7067,不错的景点，人少，景美，错峰出行不错,2
7068,门票不贵，里面还有水上世界，时间充裕的话可以晚上一阵子。,2
7069,水立方作为北京2008年奥运会水上项目的主会场，夜里参观比较好，可以进去参观，但是我觉得其实外观拍个照片也挺好。,2
7070,简直是满分推荐，慕田峪长城，错峰出行，导游很客气，来北京的朋友十分推荐，比公交 包车等出行都方便。午餐也很棒，10个人，10个菜，还有剩余的，,2
7071,去看鸟巢时候发现水立方也在附近，而且进去看是先看到水立方的。这外观很特别，那层特殊膜感觉会破其实很牢固，里面好像可以进去，周边蛮多人来玩的。,2
7072,黄导小小的体格大大的能量，很有趣，也很卖力，故宫游玩一条线下来，没有多走路，也没有错过好风景，感谢(❁´ω`❁),2
7073,五一来的长城，人没有想象中那么多，长城上还有微风拂面，窦导游人很好，说话很温柔，讲解很细致，是一次不错的行程！,2
7074,今天一个人探下路，明天带家人来。公司很正规，导游素质高，中英文很溜，接人点准时，旅行愉快!,2
7075,"国家游泳中心又称""水立方""(Water Cube)位于北京奥林匹克公园内，是北京为2008年夏季奥运会修建的主游泳馆，也是2008年北京奥运会标志性建筑物之一。",1
7076,自从2008年奥运会之后就一直想去看看，这次去北京旅行，水立方就成为了必去之一，查了攻略，都说白天看没什么感觉，就把行程放在了晚上天黑之后，好美得水立方展现在眼前，会在各种颜色间变化，还有2019几个数字，整体看起来就觉得非常壮观,2
7077,选了故宫半日，还不错，听导游解说，更加了解故宫历史，更加了解中国文化。玩的很开心，故宫真的不愧是网红打卡地，适合拍照。,2
7078,第一次来北京旅游，奥运场馆这些都不能错过啊，鸟巢可以进去参观，晚上水立方领从就关门了，外面来着灯十分的漂亮拍照拍起来特别好看！！,2
7079,水立方在鸟巢得正对面，现在是游客必到的景点了，晚上开了灯水立方会变换出很多中颜色，个人还是觉得蓝色的更配，有机会可以到里面也去参观一圈。,2
7080,国家游泳中心又称“水立方，在北京市朝阳区天辰东路11号，位于北京奥林匹克公园内，是北京为2008年奥运会主游泳馆，也是北京奥运会地标性建筑。 水立方比较适合晚上去看看夜景，里面也可以带着小朋友参观游玩。,2
7081,水立方在奥林匹克公园内，乘坐地铁8号线在奥体中心站下，步行一段路即可到达。我们是今年4月11号去的，那里夜景挺美，不过去的那天晚上风很大，水立方附近几乎没人，只好在外面参观一下，然后在公园里面找东西买来吃。总体来说还是不错，如果能对外开放让游客进去参观就更最好了,1
7082,十多年后再看水立方，真没什么新鲜的了。 就觉得，坐地铁过去还好远啊！ 正好碰到下雨天，打着伞，简直绝望，灯都暗了。 我觉得我是来了个假的水立方。,0
7083,总得来说非常开心，完美的旅行！长城真不愧是人类的奇迹给人震撼的感觉。颐和园可以说是北京最美的景区了，现在正好是桃红柳绿，导游说是当年乾隆仿西湖修的，真的很美。景色再好也没导游优秀，我们的导游是地道的北京小伙，导游王瑜认真负责，最主要的是老北京人，对北京的风土人情如数家珍，能让你充分了解北京。能碰到如此优秀的导游不虚此行！！！总结：在这报名，就俩字“靠谱”！,2
7084,不错，挺好的，看到了长城很是震撼，陈导的讲解很详细让我们理解历史长河，人很好，还给我们推荐适合游玩的地方,2
7085,【景色】水立方外现在开了很多丁香，可惜，借景是完全借不到的。 【趣味】场馆内可以考虑带着孩子去游泳，除此之外还有个展览可以看。 【性价比】票价正常，但是推荐进去进行体育活动，仿佛性价比更高一些。只为参观有些不划算。,1
7086,颖导讲解细，很有正能量，开了一天的车很辛苦，司机开车稳，饭很实惠，一定管饱，讲解很有特点，从开始到最后都充满文化韵！,2
7087,王导，非常靠谱的导游姐姐，一路上讲的非常棒，到了景区也非常负责任，以后来还找她！,2
7088,国家游泳中心的设计方案，是经全球设计竞赛产生的“水的立方”（[H2O]3）方案。该方案由中国建筑工程总公司、澳大利亚PTW建筑师事务所、ARUP澳大利亚有限公司联合设计,1
7089,本团由陈导带领大家游玩，陈导服务态度非常好，谅解的很详细，还特别有耐心，很好的一次网上订的一日游，下次还会在网上订购,2
7090,水立方是二OO八年北京夏季奥林匹克运动会的游泳和跳水运动中心，是游泳和跳水比赛地，众多水上飞人在此劈波斩浪，中国跳水梦之队在此为国争光，她外形为方形，蓝色为蓝色水颜色，故名水立方，她通体可自发光，并变幻各种颜色。,2
7091,水立方与鸟巢面对面，特别是夜晚的水立方别又翻滋味，绚丽的灯光配上外墙上的气泡，每天来这的人也非常多，不得不感叹生活在北京还是非常幸福的。,2
7092,导游很幽默呢，历史知识丰富，各种补贴都很好哦，出行日子选得不错，风和日丽，风景如画，心情美美哒,2
7093,曹丽峰，曹导热情周到，曹导说我们三个最多爬到北十城。没想到真的是到十城，爬不动了哈哈,2
7094,非常不错的一日游，张导很有趣,2
7095,很好玩，郭泽导游很负责，中午的团餐还不错。长城很壮观，颐和园很美，推荐推荐,2
7096,所谓伊人 在水一方 水立方是也[敲打][敲打][敲打] 游泳好的人 身材不错 心肺功能也不错 有了如此强大的支撑 怎一个能字儿了得 鸟巢在右 水立方在左 相隔几百米 水立方是专门为奥运会游泳比赛设计建造的场馆...还是那句话 外面看看夜景就好 内部进场票不需要了 全世界的大型游泳馆外加看台座儿都是一个样子,1
7097,水立方里面分嬉水乐园和游泳场管两大块，游泳场馆内一部分是教学用的，一部分是游泳队比赛、练习使用。里面温度较高，四季都都比较暖和。如果去嬉水乐园建议游玩3-4小时，自带吃的更方便。,1
7098,水立方是国家游泳中心，在奥运会的时候，是游泳场馆。它坐落在鸟巢西边，两个建筑非常显眼，尤其是在天气很好的时候，这两个建筑就格外上相。,1
7099,选了几家才确定选这家的，果然没有让我失望，一路上韩导很专业的讲解每个景点的特点和历史意义，让我了解了很多历史知识，很愉快的度过了北京一日游。,2
7100,慕田峪的确比八达岭有野味，八达岭胜在交通方便。慕田峪游玩长城后，可以体验到下山德滑道，非常好玩。上山可以选择箱式缆车和开放式的吊轨车，两个工具上山地点不一样，就导致上去后景色不一样，吊轨车上去往左走是缆车的终点，左边长城都是碉堡式的，没有敌楼，开放式的吊轨车上去右边是3座敌楼建筑，最高点就是最右边的敌楼，上顶预计20分钟。建议第一次去就选择做吊轨车上，滑道下，可以体验到慕田峪的全景，第二次再坐箱式缆...,2
7101,三环内上门接，很方便，司机吕师傅开车很稳，乘坐舒适。小颖导游介绍的很详细，服务好。午餐经济实惠，行程安排好，没有堵车，没有长时间的等待。😊😊😊,2
7102,水立方和鸟巢都在奥林匹克公园里，春节期间，鸟巢和水立方的游客量是非常大的，从共享自行车的堆放，可以看出，游客量达到了一个很高的程度。,1
7103,到了水立方这边儿，好像人流比鸟巢那一带稍微密集了一点。应该是水立方这边有什么夜场的娱乐项目吧？,1
7104,水立方在冬天夏天的感觉有很大的不同。冬天有冰面裂纹的感觉，而在夏天，是巨大泡泡的感觉，一戳就破的感觉。很像小朋友吹出来的大泡泡。,1
7105,早晨五点起床等到师傅酒店接驾，其实还在睡梦中，没办法爱国精神必须坚持✊，中间有个小插曲，还是要感谢一下我们的韩导，原计划自行五点半去看升旗，后来与韩导沟通得知升旗时间改到7:36啦，瞬间感觉还可以多少睡一小时，这都不重要，重要的是早上的北京-7.8度，寒风中要等待两个半小时估计有点不敢多想，总之免去了我们冻成🐶的事情，上午游览了故宫博物院，说实话还真佩服这个韩导，讲解很仔细，对比是本人经常游历大江南北，...,2
7106,虽然今天的天气特别冷，但是韩导还是很耐心和详细的介绍每一个景点，服务态度和蔼可亲。,2
7107,行程很愉快，恋恋导游很负责，必须赞一个！八达岭长城上面风比较大，确定去的小伙伴带着外套去，唯一遗憾的就是没能自己爬上长城，不过也算是半个好汉啦！哈哈哈哈哈哈哈哈哈哈哈哈哈哈哈哈哈哈哈哈哈哈哈哈哈！！！,2
7108,一直害怕遇到不好的旅游团。害怕被骗了！见到导游刘强，我们算是很放心了！在车上一直给我们介绍还给我们买水。主动跟我们说有学生证可以优惠。后来我们还退了我们钱！真的很尽责。很贴心。下次家人要是再想去玩一定还找这家！,2
7109,导游小游真的很不错，对历史典故非常熟悉，信息量非常大，对游客有求必应，主动提醒购物陷阱和旅游须知，五星好评，强烈推荐！,2
7110,第一先夸王大大！王导游是地道的北京人，一路上讲解很详细。在车上也没有很无聊。第二，这种纯玩团虽然比其他的贵点儿，但是不耽误你时间，要是参观一个购物中心，两个小时多半就没有了！ 今天的行程建议大家听从导游安排，做索道虽然长城玩的不尽兴但是对于全天的行程来说是合理的，不然真的太累了。第三，定十三陵讲解的太好了，不愧是王大大！有任何问题都可以问他，只是最后买了一点吃的，稍贵，但是确实很好吃。中午的饭就一...,2
7111,很愉快的一天，不是特别劳累，感觉还好…导游很敬业，带我们玩的开心。团人不是太多，刚刚好。值得选择的旅行社！,2
7112,设计者们对这个场馆没有做任何多余的处理，把结构暴露在外，因而自然形成了建筑的外观。水立方将于明年开始改建，变成冰立方，为冬季奥运会做准备。,1
7113,北京奥运会水立方游泳纪念展再现了中国游泳的精彩瞬间和北京奥运会史诗般的壮美辉煌，反映了丰富多彩的群众游泳活动，使观众感同身受地分享中国游泳军团的巅峰时刻与荣耀。,2
7114,设计成为巨大的人群的容器，无论远眺还是近观，都给人留下与众不同的、不可磨灭的印象。体育场内部，这种均匀的碗状结构形体将能调动观众的兴奋情绪，并使运动员超水平发挥。,2
7115,拍夜景漂亮……没进去看。离鸟巢近,1
7116,谢谢赵凡导游，行程非常满意，然后分不清东南西北左右的我有点尴尬，真是出门变二哈呀~~,2
7117,国家游泳中心又称“水立方”，位于北京奥林匹克公园内，是北京为2008年夏季奥运会修建的主游泳馆，也是2008年北京奥运会标志性建筑物之一。它的设计方案，是经全球设计竞赛产生的“水的立方”方案。其与国家体育场(俗称鸟巢)分列于北京城市中轴线北端的两侧，共同形成相对完整的北京历史文化名城形象。,1
7118,第一次在网上报名，带着试一试的心情参团，没想到确实不错！我们的导游，非常好的一位导游！热情，细心，讲的非常到位！很满意的一次旅行！,2
7119,天马旅行值得信赖的旅行社，纯玩无购物，派车宾馆接送至上车点，大巴豪华舒适，张导很认真负责，沿途讲解北京景点和风土人情，并介绍在哪能吃到便宜的美食还提醒游客不要随便购物以免上当受骗。团餐吃得也很满意，一次愉快的行程,2
7120,这是我外出旅游以来最开心的一次。韩导讲的非常详细，挺负责任的，不管是从接待还是去到讲解，都是挺好的。下次玩还得找你们,2
7121,北京的水立方人还是很多的 夜景很不错,2
7122,好！很好！！非常好！！！很便宜！,2
7123,国家游泳中心又称“水立方”(Water Cube)位于北京奥林匹克公园内，是北京为2008年夏季奥运会修建的主游泳馆，也是2008年北京奥运会标志性建筑物之一。水立方”是北京奥运会国家游泳中心，它的膜结构是世界之最。它是根据细胞排列形式和肥皂泡天然结构设计而成的，这种形态在建筑结构中从来没有出现过，创意十分奇特。,2
7124,韩导的讲解很详细很热情 ～来一次一日游受益匪浅～学到了姿势～就是天太冷了 下次来还是春夏比较好～上门接送和景点接驳车都很干净 司机也很有礼貌！,2
7125,国家游泳中心又称水立方，位于北京市朝阳区天辰东路11号国家游泳中心内，是北京为2008年夏季奥运会修建的主游泳馆，也是2008年北京奥运会标志性建筑物之一。,1
7126,水立方这是第三次来。。奈何前两次都来得太晚，只见到熄灭了灯光的水立方。 这次总算见到了亮闪闪的水立方了。 会变幻各种色彩，红、蓝、紫、橙、绿，五颜六色的水立方真好看。 不能免俗的拍了游客照，奥林匹克公园的游客真心多啊～,2
7127,很满意的一次跟团游，以后朋友去北京一定会推荐这个团，更加会认准“天马旅行”。真心感谢导游的用心尽情的讲解和分享。导游加油。,2
7128,水立方是北京为2008年奥运会修建的主游泳馆，也是北京奥运会的标志性建筑物之一。鸟巢和水立方不只是一个体育场馆，更是中国人奥运梦实现的地方，是中国人情感的寄托。,2
7129,昨天很晚才下单的，立刻就安排了导游和我接洽，早上集合点过来的也很准时，自助午餐也不赖，导游很热情，便宜实惠，希望以后再有机会的吧，嘿😁😁,2
7130,时间很准点，我选择了10点在王府井上车，但因为是淡季只有我一个人在这里上车，车还是很准时的过来了。爬长城从北十楼开始一直走到南一楼，直到好汉碑，行程还是可以的，就是爬得太累最后还是坐滑车下来的。导游的态度也非常好，点赞。,2
7131,很开心的一次旅游，蔡宁导游很热情，很幽默，微笑服务，全程无购物，没有进任何购物店！最开心的一次旅行，希望下次来北京还能遇上蔡导这样高素质的导游，棒棒哒！,2
7132,感谢本次导游胡导，淡季人不多，秋高气爽，天气好，无雾霾，胡导风趣幽默，谈吐诙谐，玩的很开心,2
7133,真心不错，最喜欢用去哪儿网的一日游了，不购物，导游服务好👍👍👍，以后不管到哪都用去哪儿网订一日游！,2
7134,非常愉快的一次旅游，全程有曹导的完美解说，十三陵下地宫，长城上好汉坡，中午丰盛价廉的午餐，回程的鸟巢水立方一切都像介绍一样，一路上又有曹导幽默风趣的解说和照顾，完美的一次旅行。,2
7135,国家游泳中心又称“水立方”，位于北京奥林匹克公园内，是北京为2008年夏季奥运会修建的主游泳馆，也是2008年北京奥运会标志性建筑物之一。,1
7136,水立方在晚上会比鸟巢早一点开灯，很漂亮，会变成五彩的颜色，鸟巢是红色的，鸟巢通常会晚一点。如果跟旅行团的话不太容易掐好时间，要提前咨询旅行团。,2
7137,今天带队的胡导业务熟悉，讲解到位，性格好，没有尬聊，负责敬业,2
7138,本来打算自己去的最后实在不耐烦转车转来转去临行前一天晚上六七点匆匆忙忙定的一日团，出乎意料一整天下来很满意，滑道很好玩，导游蒙古小哥范导开朗热情喜欢讲段子努力暖场祛除大家的疲惫，最主要是很有耐心，回程还介绍了不少小吃和景点，总之很满意。,2
7139,小李导游好高好帅，一口流利北京调，故宫博物院很大，长城很陡，来回方便，唯一不足就是人太多了，天气太不好了。,2
7140,小李人简单，服务号，没有任何套路，愉快的旅行。支持小李帅哥,2
7141,没开的泳池，奥运会比赛的地方对外开放的大泳池夏天开放的水上滑滑梯，夏天来也不错，估计人会很多吧,2
7142,本想着自己游玩的，到北京才知道，根本不现实，北京这地段，堵车，转车太麻烦。提前在去哪儿网上查看，看到他们家客户都满意，所以就订了，旅行前一晚朋友说现在一日游骗子太多了，吓得我都差点退了。结果第二天全程下来很满意，导游阿斌很细心，讲解也很细致。去景点老人小孩不要门票的，他都给退钱了，全程无购物。不强制推荐额外项目。绝对良心商家👍,2
7143,北京国家游泳中心，也就是我们说的水立方，在奥林匹克中心，跟鸟巢离着不远，去北京怎么也要去看看的新景点，8号地铁就能到，还是比较方便的。如果要进场的话50元，还能游泳两个小时，算是性价比非常高的地方，比参观鸟巢便宜很多。,2
7144,小格格服务很好哟，一直不停的给我们介绍辛苦了。,2
7145,小格格服务态度很好，价格很便宜，整个旅程安排的很满,2
7146,第一次来北京人生地不熟所以报了一个团，看着好评不断才选择了这家，一整天下来把北京有名的几个景点都逛完了很是开心，非常幸运的是正好是评价最高的小格格导游带团，一路的讲解非常666，风趣幽默，每个人都佩戴了一个小耳麦20米内听着也很清晰，一点都不担心走丢哈哈，她重点把历史文化文物讲解都非常详细，服务贴心一路都为打家着想，最后回程还给我们分享她她自己做的美食攻略，今晚就按着路线去刷肉，太好吃了必须给小格格好...,2
7147,导游小格格认真负责 对老人的态度尤其好 还手绘北京吃喝攻略 也不要求好评 很赞,2
7148,导游小格格超级棒，介绍非常清楚，细心，态度亲切温暖，一家人玩的很开心，父母都夸奖小格格讲解像顺口溜，,2
7149,特别感谢“小格格”，详细贴心的介绍导览和照顾，尤其是带两宝出门，前程基本是格格看着我家大格格，后面是队友帮我看着大格格，伊春的美女和大宝玩的很开心！一句广告语叫“快好省”，超值！终于我也做了一回好汉(✪▽✪),2
7150,挺好的，非常适合外地来北京。出行不方便。这个待着去故宫，然后中午饭，全程都是大巴车一点都不用担心就是在路上的行程。早上7:40左右在天安门集合，然后八点半左右的就到故宫了，在公转到中午，然后带着吃午饭，吃完午饭就全程在高速上也挺快的，还能休息一会儿就到长城了。当然，长城建议用往返缆车。不然会很累，因为上午已经转一圈。故宫了。所以一定要用往返缆车往返缆车上去长城就爬不了多远。并且可以放松的拍照时间也比较...,2
7151,晴格格人超级好，有耳机讲解听着不费劲，一日游故宫到长城跟团大巴也不太累。不过故宫主殿看了乾清宫没有看坤宁宫和御花园略遗憾。,2
7152,2018.10.13故宫，八达岭长城一日游，线路选的明智啊，导游‘’小格格‘’的确给力啊，司机师傅车开的稳当啊，最后导游小格格分享的北京吃喝玩乐攻略满满的心血啊，感觉棒棒哒，强烈推荐大家选这家旅行社。,2
7153,导游阿斌很赞，讲解的很详细，很认真负责，也会提醒我们一些注意事项，全程无购物，暗示的也没有，非常开心愉快的一天，游玩了古时皇家宫苑，也攀登了万里长城,2
7154,水立方在鸟巢的对面，到晚上灯光亮起时，水立方非常漂亮，会随着灯光变化出五颜六色的色彩，可以买票进入水立方参观，但是不巧的是由于当天有比赛，不能进入水立方,2
7155,水立方游泳中心里面现在正在开设一个关于月亮的展览，听大家的评价感觉还是游泳更划算，所以大家可以选择去游泳健身从而体会一下国家游泳中心。,1
7156,水立方位于奥林匹克公园内，鸟巢对面，是北京为2008年夏季奥运会修建的主游泳馆，也是2008年北京奥运会标志性建筑物之一。晚上来欣赏，色彩斑斓灯光变化非常漂亮。但是十一期间真的是人山人海，有机会再来好好欣赏一下。,2
7157,小梅导游：热情、历史知识讲解非常的专业，负责、对于全程非常的靠谱负责任！,2
7158,美美哒，月光如水，立体感超强，还有科普片学知识，效果超级棒哦！,2
7159,秋天的傍晚，夕阳的光穿过盘古大楼的缝隙，照在水立方上，朦胧的蓝色光影闪着如水的微光。十一期间，水立方外打卡的人很多，不小心就会进入别人的镜头。,2
7160,小格格~小格格~小格格导游很棒，附图操心的背影两张，看这发型就知道今天辛苦你了，谢谢😘️一天的行程安排得很满，身在异乡游玩不容易，最重要的是开心，她让我妈妈感觉很喜欢很开心，虽然是陌生人，虽然是一日游的经历，但是彼此开心这一趟旅程真的很值得。希望以后外地人来北京游玩看到这个团，记得认准小格格，我从来没有发表过点评，但是想着为大家提供一点心里想法，：遇到好人不容易，遇到一个让你开心服务又好的人更加不...,2
7161,水立方在夜里是会一直变色的，实在是灵动的很，让人觉得快活。不少游客激动的在鸟巢和水立方中间的龙脉上跳跃，振奋人心的感觉啊。,2
7162,水立方的傍晚很美，阳光穿透场馆的蓝色外观，有一种朦胧之美，游客可以在广场上逛到太阳下山，景观轮廓灯开起来，不少游客兴奋的在这里跳起来。,2
7163,水立方在夜里会变得很温柔，各种颜色交替出现，五彩斑斓。而对面的鸟巢是不会改变颜色的，所以就显得它尤其温婉动人，有时还会示爱显示字哦。,2
7164,特别好的一次一日游，导游全程介绍的特别搞笑。服务特别好的小李同志。哈哈哈哈。风景也好，导游也很好。一天都很顺利。满意,2
7165,赵凡同学，我爸爸妈妈强烈要求给你好评，中老年人的偶像，认真负责又幽默，中午自助很不错，坐览城很适合老人，我爸评价铁齿铜牙优质导游，我妈让我点赞。,2
7166,今天一天的景点安排非常合理，没有购物点，纯游玩，适合带着老人小孩玩，不会太累。刘导游人挺好的，对老人比较的照顾，讲解也是比较的到位。沿路旁的风景都友情提醒，详细讲解。司机师父也很好，提前考虑到交通拥堵等问题，也考虑到外地游客不认识路，提前接人。刘导回来的路上还给游客很多的选择继续游玩的地点，并且告知行走的路线和方式，并且介绍北京特色的小吃地点和购物的地点，针对不同类型的游客，告知每个地方的特色，供...,2
7167,傍晚的水立方，显得格外美丽,2
7168,水立方在白天的时候是纯蓝色，到了晚上，灯光打在上面，会变换各种颜色。很多游客都在水立方前面拍照合影，记录这些颜色的变化。,2
7169,一次愉快的旅行体验。早上出发的早，长城上人比较少，方便拍照，风景也很美。王导人很nice，推荐哦。,2
7170,今天是中秋节，去鸟巢走了一圈，当然也会看到水立方。今天的主题色是红色，广场上很多游客在拍照。能够愉快的旅游是件挺好的事情…,2
7171,来北京玩得最开心的一天，行程安排很合理，张世豪导游很贴心，讲解风趣幽默，希望下次有缘再见,2
7172,导游张世豪服务有耐心！周到细致！一路都在给大家讲解，学识渊博。下次希望还可以跟这个团,2
7173,阿斌导游很棒，讲解很到位，全程无购物，纯玩，如果来北京旅游，一日游这个首选，给阿斌导游满分💯评价，由于当天风太大，长城缆车玩不了只能换成滑车，还给退了差价，绝对是全北京最正规的旅游团了,2
7174,很好，以前旅游从来不报团，因为一直受网络的影响。这次一个人感觉没意思就报团了，但是一天下来感觉很好，荣荣导游也很照顾各位。,2
7175,导游小梅同学接地气实在，早上迟到了三分钟也等了我们。过程讲解也跟生动详细，了解不少，总之很愉快的一天，大赞！！！,2
7176,很满意的一次旅行，导游很负责任，一路上很有耐心的讲解，没有去购物店，也没有额外费用，大家可以放心的报团，不是托哦，说的实话，中午午餐6个包子加稀饭撑死了，就是早上太早了，6点就已经到宾馆来接了，脸都没来得及洗。,2
7177,水立方位于鸟巢的西面，是2008年北京奥运会游泳、跳水比赛的主场馆。现在对外开放，可以进到里面参观，对70岁以上老人免票。水立方现在已成为人们游泳锻炼、休闲娱乐的场所。由北京西站坐特13路公交车可直达 ，交通便利。,2
7178,时间安排合理，十分享受一天的路途。感谢鱼导地一路讲解，了解每个景点地文化。,2
7179,感谢小格格导游。非常热心服务，特别靠谱的导游。下次还会继续选择。谢谢！,2
7180,感谢于导游。一路安排非常好，非常热心服务。真诚用心服务。每到一个景点都详细讲解。全程无消费点，高品质纯玩。特别靠谱的导游。下次还会继续选择。谢谢！,2
7181,行程安排的非常合理，导游小李很有耐心，人也非常幽默，很不错，值得推荐！,2
7182,小梅导游的讲解很专业，很到位，不怕累，不怕苦，超级有耐心，为人亲切友好，很负责任的小女孩，好评哦！！！,2
7183,行程安排好，到長城時間早，沒有什麼人，可以盡情拍照。如果午餐可以好吃點就更好。,2
7184,挺好的还是，我凑个字。。。。,1
7185,挺好的，这样的一日团很适合家庭带老人小孩旅游的，不用早起，登长城很轻松。,2
7186,环境不错，有气势但可惜去的那天有活动没有看到内部的美景有点可惜,1
7187,导游小格格真好，全程服务很贴心而且为大家把所有事情都处理在前面了～～普通话好听而且还做了好的攻略推荐给大家省了很多问题～小格格棒棒哒～～,2
7188,格格给讲解的很好，很满意,2
7189,啊斌导游狠热情...真是0购物团！很开心的一次北京一日游！故宫讲解的很不错....这个导游不错,2
7190,哈哈，终于来到了我国的首都，到北京的第二天为了方便报了一个团，阿斌哥哥人好好，对人都笑嘻嘻的，超级热情，总得来说还是一次特别开心的旅程😜,2
7191,荣荣导游很细❤️周到！很有爱💕！解说详细专业！今天刷新了对旅游参团的好的感受!以后旅游参团优先选去哪儿网的！品质有保证！,2
7192,水立方也叫国家游泳馆，是奥运会举办游泳比赛的主场馆。现在参观的门票30元每个人。里面主要是看看展馆。吃饭和卖商品的地方也不少，里面还有个嬉水乐园，不过是要单独收费。其实水立方看看外景就好，尤其是夜景，蓝色的水立方很漂亮的。,2
7193,早上专车准时接驾，一路行程除了故宫去八达岭高速有点堵之外，其他都很顺畅，导游＂容容＂很负责任，解说很到位很细致，关键是细心有爱！主动帮团员抱孩子拎包。赞👍,2
7194,出示手机短信直接进入，下次来一定带着泳衣,2
7195,出示手机短信直接进入，下次来这必须带着泳衣,1
7196,导游小梅服务好！去哪儿诚信经营，还主动退了我们多付的款，好评！以后的以后，就找去哪儿网。,2
7197,小梅人不错，尽量照顾各个家庭，相对不错的一次体验，给个好评,2
7198,愉快的一天游玩。小梅导游很负责、很热情，讲解风趣幽默，整个游玩没有购物，也没有要强制加费的。很贴心的导游、很不错行程、值得信赖的旅行社。,2
7199,晴格格，很棒棒，讲解很周到，人也不错，好评。,2
7200,鸟巢没有进去，在外边买票售票员说鸟巢的票80，水立方30但建议去水立方，那边好玩的多一点，家人也不怎么想去鸟巢就买了水立方票，又说30只能去大厅，60整层哪里都能去，想想只进大厅有什么意思就买了60的票。然而什么特别的也没看到，里面被重新规划了，完全不是奥运会时的样子，整层楼逛完也就30，60是进去水上乐园玩水的，感觉被坑了。,0
7201,你还别说，这个一日游真的是出乎意料的好，导游小梅从头天晚上就开始认真负责的做出行准备工作，发信息很详细，并且还电话通知。出游这一天也是一路上认真的讲解，并且不止一次的强调出行安全问题。纯玩团没任何购物。需要给个大大的👍，同时还要感谢导游小梅负责的态度，细心的讲解，耐心的解答，甜美的微笑！,2
7202,q小格格的导服实在是太赞了，贴心、周到、亲切，除了正常的导服，还给我们提供了许多额外的方便，让我们的北京之旅变得更加充实、安心，让我们身在异乡找到了家的感觉。,2
7203,特地去看月球展览，非常好。灯光效果和讲解特棒，适合各个年龄阶段。,2
7204,水上乐园超级赞，下次有机会一定要去感受一下！,2
7205,晴格格导游真棒，服务太度超级好，人很幽默，又和善。讲解很到位。百分百的满意度。👍👍👍👍👍,2
7206,这个也是2008年北京奥运会水上运动的比赛场所！当时是新建的！现在有点老旧！但是还是大多数游客必来参观的地方！人气还是不错的！,2
7207,比自由行的确是挺方便的、李导多多照顾了我们团队。大家都挺满意、下次来北京还想报团。过了幸福的一天！！！,2
7208,虽然有点晒，但是游玩得还是挺开心的！,2
7209,国家游泳馆的别称，地铁八号线到，外表看着活像被打碎的一堆彩色玻璃。里面是游泳池，买票的可以游一会儿。这是唯一比鸟巢可爱的地方。不建议进去，外面合影即可。如果可能，晚上来看看夜景还勉强。,1
7210,豪哥杠杠的 还发小扇子 哈哈 只是天太热 大家出门在外 要心平气和 导游还是蛮辛苦的 谢谢,2
7211,实在不值25元，应该免费，什么都没有，游泳馆里灯都不给开，黑乎乎的，晚上来在外面看看就好，不用进入,0
7212,靠谱一日游，特别是导游小李哥态度好，有内心，讲解幽默风趣。对于时间比较紧的游客比较合适,2
7213,客服芸豆卷很热情哦，还没有在该旅行社下单的时候就很热心地为我提供其它旅游注意事项，后来在帮我们滴滴打车时又持续关注去向安全问题，真心感谢，为她点赞👍️👍️👍️👍️👍️导游胡晓瀛也很棒，讲解风趣详细，能为游客着想，全程服务热心周到！蓝森国际旅行社，值得信任！！！,2
7214,给小格格点赞，全程无购物店，带了两个外宾一起游顺利完成任务,2
7215,带团的导游叫马格格，服务态度很棒，从一开始到最后结束都是以家人称呼，特别亲切，一路很耐心的讲解，幽默不失主调，没有额外消费并且还为游客介绍地道的小吃和旅游攻略，疯狂打call哈哈，一天玩的也很开心，爬长城也累到腿软，优秀的旅游体验！,2
7216,蓝天白云下的鸟巢和水立方。只是公园太大，和孩子真的走的筋疲力竭。,1
7217,虽然遇到大暴雨，但是服务好，我一人带着两个小孩玩得很开心。会继续关注的。导游也棒棒哒一路上有说有笑。,2
7218,瓢泼大雨下了一天，虽然天气不给力，北京的雨真是不知道用什么词来形容！但是导游小格格还是很给力，这次的团是纯玩团，没有任何购物，大雨天出门真是不容易！最后还给大家发了手工的攻略！给小格格的尽业5颗星！,2
7219,08年奥运会的时候在那里看过几场比赛，因为住在北京，所以经常路过，从来没有想过去哪能干嘛，前两天刚好朋友策划的一个活动在那里举办，真没想到现在那里有那么多的游客，也许不去一次总是会有些遗憾的吧,1
7220,整个行程安排不错，王婷婷导游不仅态度好，服务好，而且讲解也很到位。,2
7221,国家游泳中心又称“水立方”(Water Cube)位于北京奥林匹克公园内，是北京为2008年夏季奥运会修建的主游泳馆，也是2008年北京奥运会标志性建筑物之一。 它的设计方案，是经全球设计竞赛产生的“水的立方”([H2O]3)方案,1
7222,非常值得一去，环境优美，夜晚景色更美,2
7223,2008年奥运会游泳等项目的比赛场馆，十年后我才来到这里，夜晚水立方的灯光打开后整个场馆太漂亮了，在电视上看了无数次，终于来到了水立方的现场。,2
7224,总得看一次鸟巢水立方吧？所以就顺路去了。外景挺美，一进门看到有学冰壶的，欣赏了一会。一楼有个突击战神的游戏挺好玩，大人小孩都能玩(太小的只能看看)，如图。有很多可爱小动物造型可以拍拍照。楼上好多没开放，不知道是不是晚上去的有点晚。这次体验也就差强人意吧。,1
7225,导游赵宝娟，服务特别好，还幽默，一路上跟我们讲北京历史，更加深入了解北京，同行的有老人，忘带身份证了，也给门票优惠了，非常感谢赵导，上午游长城，时间够多，两个半小时，下午游的颐和园，简直太完美了，风景很美，长廊特别舒服，希望下次带家人还去，慢慢品味京都文化,2
7226,水立方，也就是国家游泳中心，在鸟巢对面，坐地铁8号线奥体中心站下车，根据指示步行700米左右就能到达这个广场看到鸟巢和水立方。当年北京申奥成功，全国人民欢呼庆祝。现在都还记得当年的雪糕、矿泉水和面包等等都贴上了北京奥运会的logo，感觉整个国家洋溢着奥运的喜庆呢！,2
7227,水立方一直都和鸟巢一起作为新北京奥运的代表性地标建筑。建筑的体量比不上鸟巢，不过使用新科技材料膜的建筑看上去十分简单和轻快。如今这里到夏天的时候里面的奥运标准泳池会对外开放成为 嬉戏玩水的好去处,2
7228,“水立方”是北京奥运会国家游泳中心，它的膜结构已成为世界之最。也是大人小朋友游玩避暑的最好去处。也是北京所有旅游景点当中拍照背景最好看的。大家有机会去的话一定要带好相机，绝对会如你所愿的。都是多年老照片找出来不容易！,2
7229,水立方周末跟节假日水立方才会亮彩灯，平时只有蓝色灯。 但是我们去的那天是周二，也没什么活动节日，水立方还是不停的变换颜色，晚上很漂亮,2
7230,非常好，导游很热情，时间安排很好。全程无购物。就是推荐你用缆车上长城，问题是真心上不去啊，还是用缆车较好😂,2
7231,国家游泳中心，也就是水立方！在鸟巢的旁边！很漂亮，特别是晚上，灯光特别好看，但是最近没有比赛也没什么人！还没等到开灯！有点遗憾…,2
7232,它的设计方案，是经全球设计竞赛产生的“水的立方”([H2O]3)方案。其与国家体育场(俗称鸟巢)分列于北京城市中轴线北端的两侧，共同形成相对完整的北京历史文化名城形象。,1
7233,大气，整体设计无论是格局，颜色都非常棒，感觉很舒服。,2
7234,冬天去的，很热很热，在场馆里看了一会儿别人游泳，楼上楼下没有什么值得看得，如果下次还能去，一定要安排游泳的时间，看着很不错。,2
7235,宏伟壮观，场面惊人。这么大的建筑物，一个晚上亮化要多少电费？为什么不节约用电呢？,1
7236,非常不错，杜莎值，八达岭现在很漂亮壮观，行程靠谱，就是吃团餐人少，导游提前告诉带点吃的，不错很赞，没见到人就感觉好贴心，没有进购物店，辅助工具自愿自理，不强求，赞。最后给你们看看猴哥,2
7237,水立方还是很不错的，唯一遗憾是内部在修,2
7238,#北京游# 从奥林匹克公园进去之后， 离这不远有卖票的。 成人30，老人半价。  走进去有点远， 找到大门进去， 哎，惊呆。 简直就是个大市场。 卖什么的都有，乱糟糟的。  旁边有个水上乐园， 没有开。 玻璃都好脏。  往出口走， 才看到游泳池， 有人在里面游泳‍♀️。  去过一次就知道了。 不会再去。,0
7239,"国家游泳中心，就是""水立方""，是2008年北京奥运会的标志性建筑物啊！  “水立方”的“膜”结构外观堪称一绝，夜间搭配上灯光效果，美轮美奂，棒极了！  今年我又来到此，里面既可以参观奥运场馆，也可以到游泳馆、嬉水乐园里尽情玩耍，很不错的！  这里举办过很多国内外大型会议和活动，我拍了好多照片，十分精彩呢！",2
7240,国庆出游第四站:鸟巢/水立方～“鸟巢”及“水立方”只有一路之隔，一圆一方，形成了一种微妙、均衡的关系。是北京一大风景线。,2
7241,徐导给我们介绍的非常好 服务态度也很棒 特别幽默 特别完美的一天行程～,2
7242,此处八达岭长城纯团游遇到的贺导解说幽默风趣，本以为会有各种其他种种、整趟下来很满意！下回来北京期望还能见到贺导团！,2
7243,水立方自从奥运后，这三个字已经用烂了，什么乐园，医院都用上了。水立方只是别称，真名叫国家游泳中心。  位于盘古七星酒店对面，鸟巢隔壁，外观看起来还不错，里面貌似收费的，也没啥好看的。,1
7244,来了北京10多天了，选了27号爬长城，天公难料雾萌萌，冷空气嗖嗖的，景色不太好，但是杨丽导游的耐心，细心温暖着全团，耐心的一个一个景点细细讲解，无时无刻都提醒大家注意安全，超赞👍，下次带着家人来北京一定找杨丽导游报团！,2
7245,我们白天的时候远观了外观，觉得挺壮观的，晚上又看了夜景，我觉得夜景才是真的美啊！灯光还是可以变化的，乘坐了电瓶车，司机给讲解，听着不错。,2
7246,游泳白天去，里面的水很干净，也有游玩项目，晚上外景漂亮，,2
7247,水立方里有戏水乐园以前居然不知道，因为寒假的原因人很多，所以没去戏水。奥运会时用的赛道可以免费参观，还有冬奥会的展区，可以给孩子普及一下奥运知识，总体来说不错，如果只是参观趣味性差些，最好带着泳装来体验。,2
7248,早上七点半按照美女曹导的安排，在建德门等，车子很准时，曹导是个可爱的80后，为人很好。玩了定陵然后吃饭，下午玩长城，长城人还是很多的，没办法，著名景点，回程在鸟巢下车，玩了下鸟巢然后回去，全程安排很妥善，中途无购物项目，曹导介绍很详细，比起自己玩有意义多了，今天还是曹导的生日，生日快乐，还有今天辛苦咯！,2
7249,在现场三十块钱买的票，进了水立方里面有特别大的水上游乐设施，再就是奥运会时的游泳场馆，还有一些北京特产店，一些餐饮设施什么的，感觉如果玩水上游乐设施会比较有意思，不然感觉在外面看一看就好！旁边就是鸟巢，没进去不知道里面什么情况！,2
7250,太可怕了，本来说好的40人团变成了100人团，跟客服沟通说让体谅临时加入的，不可能人人都能做到提前预约。一路堵车。这两颗星是给我们的导游赵导的，有耐心，但是实在是人太多难摆平啊。,0
7251,晚上去的很漂亮！买了门票因为没得时间去就没进去了！在18：00之前可以进去。,1
7252,水立方游泳馆水质清澈，水温适中，下次再来吧。游泳馆地热，温度高，水中干净，推荐再来水立方游泳馆，老人孩子都开心，下次再来吧。。,2
7253,明珠旅游，怕去水立方买不到票，特意来去哪网买了张票，结果凭着明珠旅游给的票号，根本就无法入园，给商家打电话，态度恶劣，不解决，不退票。客服多次来电，态度很好，但是问题依旧解决不了，在商家拒绝退票的情况下，你让我如何退票？自己家的app都弄不清楚，哎！根本就没有这个选项，懒得退了，大家买票的时候注意点，千万别选这家。,0
7254,贺导讲解非常耐心细致，团餐儿子也很爱吃，今天玩得很开心，很尽兴,2
7255,2月3号下午两点左右到达北京西站，我们出发前同事送了两张地铁卡，一下火车，地铁站里面就有自助充值机，果断先去充值了，（ps 地铁卡，离开北京时，可以在自助机上退卡退钱，非常方便）五天出行，我们坐车共花去了60元，建议一次性可以冲七十，足够五天。北京的地铁非常发达，基本你要去的地方地铁都能够到，所以手机一定要下载好百度地图或者高德导航，还有小黄车app，膜拜app，因为朋友没下载这两个软件，所以我们基本没能好好...,2
7256,紧邻鸟巢，没有鸟巢壮观，色彩感觉更好，里面有恒温水上乐园，冬天也可以玩，好几个游泳池，二层以上没有什么可看的，商店餐厅但是不少，估计运营状况不是很好，半小时看看足够了。,1
7257,有它的时候正好离开北京，后来虽然去了几次北京，也总是擦肩而过，这次住的酒店刚好在旁边，就过去溜达溜达，进奥林匹克公园是凭身份证入内，不需要门票，但只能在外面看，天气有点冷，而且已经将近九点了，但还是有不少游客，站在各种角度拍照！整个建筑是水纹的蓝，不同角度呈现不同的肌理，还是很值得来观看的！,2
7258,水立方在国家奥林匹克公园内，地铁可以到打。,1
7259,冬天的夜里很冷，但对一个旅者来说，水立方和鸟巢是北京必看的夜景之一，很梦幻的美。对一个80后来说，经历过申办00年奥运会的失败，北京奥运在心中更有着特别的意义。,2
7260,去首都的机会越去越少，也越来越没有去的动力,0
7261,还不错，导游小果很有耐心的回答各种问题，中午的自助餐味道也可以！！！,2
7262,国家奧体中心水立方是晚上去的，灯光点起后太漂亮了，还能变换颜色，大气！,2
7263,在中国文化里，水是一种重要的自然元素，并激发起人们欢乐的情绪。国家游泳中心赛后将成为北京最大的水上乐园，所以设计者针对各个年龄层次的人，探寻水可以提供的各种娱乐方式，开发出水的各种不同的用途，他们将这种设计理念称作“水立方”。希望它能激发人们的灵感和热情，丰富人们的生活，并为人们提供一个记忆的载体。,2
7264,看水立方必须晚上来，坐地铁就可以了。 晚上亮灯后漂亮，而且很有气势，可惜游泳馆外面围起了铁栏，不能走近一点，建筑很有特色，就像——一个充气泡沫箱，我觉得。 听说可以进去，游泳吗？不便宜吧，,2
7265,开放部分的泳池没有任何消毒水味道，说是臭氧消毒，很好，淋浴喷头也非常好，水流很大，管理也很严格。泳池分浅水区和深水区，想在深水区游，得考取北京市的深水证。,2
7266,昨晚11点左右下的单，今早我还没睡醒就收到张晶导游的短信，真的很贴心。,2
7267,确实不错。行程比较宽松。不会很累。定的10点团。中午先吃的饭。下午1点到3点半的游览时间。返程后在水立方看的夜景。中餐自助，还不错。导游丁丁也挺好。,2
7268,慕名而去。散散步不错！夜晚去风景迷人！,2
7269,不认为这是一个值得进去参观的地方，尤其门票的性价比，在外看看即可。秋季银杏金黄。,0
7270,30元门票只是进到水立方里面去参观一下，然后只是看两个池子和运动员们在游泳训练，内里有好几家餐厅，还有一些游乐的项目，游泳还要再买票。,1
7271,水立方国家游泳中心，2008北京奥运游泳场馆，晚上去的，非常漂亮，水分子造型，在灯光照射下非常美，现代感十足，美轮美奂，内部有游泳俱乐部，改天有空去体验！,2
7272,靠谱的一日游！专业的讲解！就数睛格格！！,2
7273,我特别喜欢晚上去水立方参观，那时候都美景是最漂亮的。,2
7274,游故宫、长城玩得开心！小格格的讲解到位，而且喜欢小孩子，小格格你还记得我吗？我是表情弟！,2
7275,此次游故宫、长城玩得开心！特别是故宫，有了小格格的讲解才能理解其中的文化背景和底蕴！,2
7276,白天和晚上的水立方真的不一样，完全是白天鹅与丑小鸭的对比，还好两个都看到了,2
7277,今天一整天就浏览长城一个景点，放个假出来玩时间有限 本来下午安排去天坛公园的。早上约定7:30 在北土城上车，车7:40到 然后各种等人8:00才出发。9:30到达长城下车，导游去买门票和滑车票（导游说缆车人多还要走路半小时到后山）导游给2.5个小时上山游玩。等待半小时10:00做滑车到第四烽火台开始爬，爬到第六烽火台 看到第八烽火台满山都是人。果断没爬，第一时间不够 第二人真心多 12:30下山集合。13:00才出发去餐厅，14:00 回到...,0
7278,“水立方”是北京奥运会国家游泳中心，它的膜结构是世界之最。它是根据细胞排列形式和肥皂泡天然结构设计而成的，这种形态在建筑结构中从来没有出现过，创意十分奇特。,2
7279,很不错的一次旅行 导游李尧全程讲解超级棒 也很风趣 一天下来长不少知识 去长城那天没怎么堵车很顺利 推荐龙行天下 真的是一个很棒的团队💝,2
7280,北京奥运会场馆，在鸟巢的旁边，到了晚上，灯光开启的时候，变幻的灯光非常漂亮，和鸟巢交相辉映。水立方门票30元，可以进里面感受下当年奥运会的气氛。,2
7281,全程时间安排紧凑，很不错，窦导很棒，幽默风趣而且很专业，愉快的一日游！,2
7282,国家体育中心，2008面北京奥运会水上项目主会场,1
7283,很幸运成为1号家庭，要起带头作用，任重道远啊！哈哈哈…导游月亮哥哥讲起历史故事那是一篇一篇的，幽默风趣，对待游客认真负责，从故宫到长城，一路讲解，不仅赏了风景，还学了知识，要送你一个大大的赞！五星好评，极力推荐！,2
7284,很愉快的一次旅游，全程纯游无购物,2
7285,如果来北京看这些景点，不建议亲们报团走，报团的时间特别赶，都不能好好看看，就是跟着导游走直线，累了也没时间休息，去长城就给两个小时自由去爬，你要不坐缆车，基本上爬不哪去就到点了，坐缆车也没好哪去，缆车排队就会排一个小时，然后你在长城上也就一个小时，就是上去下来时间就到了，所以去长城要自己走，不建议跟团，但这个团有两点比较好，第一点没有其他额外的消费，第二点就是中午的自助比较赞，还很便宜，三十元一位...,0
7286,单单是那多彩的外衣，已是美轮美奂！当黑夜来临之际才是你展示自己美的时刻，夜空里的明珠，跳动的精灵……好美！,2
7287,夜晚颜色变换很是漂亮，大人小孩都适合去，孩子们玩得很开心，小贴士：注意佩戴防蚊贴或喷驱蚊水，奥体中心植被覆盖率高，灯光亮，蚊虫特别多,2
7288,很棒第一次去就被惊艳到了  门票也很便宜  内容和建筑是最吸引人的看图说话,2
7289,没有进去看，就在外面看了下，拍了照而已，,0
7290,水立方并不是特别好玩，商业化过度。,0
7291,水立方的夜景很美 变幻的色彩和鸟巢相呼应 错过了艺术展有点可惜 里面的泳道和戏水区绝对是一个值得一去的地方 门票也很便宜,2
7292,导游很敬业 ，说得也很丰富，本来打瞌睡的，都听入神了。看了魔术表演，很不错，自助餐也不错，吃完饭八达岭景区通知关闭了，去不了八达岭了，换成去居庸关长城，都是长城，玩得很开心，满足了。谢谢导游跟司机一天的照顾，辛苦了。,2
7293,玩的非常开心，导游于小雷讲的非常清楚，注意事项也会提前讲明，一天下来，紧凑，舒心，孩子也不会特别累。,2
7294,水立方在鸟巢对面。坐地铁八号线奥体中心下车步行700m，北宫门和奥林匹克公园步行1.2km左右。相比鸟巢，水立方的票要便宜很多。成人30，学生半价。进去以后有一个游戏厅，可以去玩。然后有一个室内的水上乐园，还有人造浪，如何进去到b1层的水上乐园可以咨询工作人员，墙上也有张贴。在一层中间有一个歌剧舞台(原来比赛的游泳跳水场地)。侧边还有一个游泳池，有潜水区和深水区。深水区2m以上，需要深水证才能游泳。进去以后如果想...,1
7295,水立方夜晚变换不同颜色，璀璨夺目漂亮极了！,2
7296,玩的不错十分推荐 在哪儿上订的门票很方便,2
7297,晚上的水立方打了灯光才真的有水立方的动态感，漂亮的灯光阴沉下，蓝色光线就好像一颗颗、一块块水滴，凸显了国家游泳中心的亲水感，特别漂亮、建议晚上来参观,2
7298,水立方很赞，来北京必去之地。门票30元，里面很大，有儿童嬉水乐园，可以快乐的玩上一天。晚上水立方灯火辉煌，颜色多变，非常漂亮。而且离鸟巢、大钉子、玲珑塔都非常近，非常值得推荐。,2
7299,进去没有花门票，不过去那天，水立方的灯没变过颜色挺失望的，不过鸟巢真心不错，真的很美呀，照了很多照片，在鸟巢下面吃的麦当劳，吃饱喝足的时候一切都美好了,2
7300,我觉得去水立方还是晚上去的好，他晚上他的灯光都打开了，水立方呈现了，很漂亮的一面。灯光辉煌，我觉得更有一番滋味儿。我觉得来北京就应该来水立方看看。,2
7301,北京水立方的造型真的很独特，而且我都觉得来北京必定会要来水立方看一看，因为这也是代表奥运会的。像这个我觉得真的是很光荣的一件事，因为他也是代表咱们中国奥运会的第一次。,2
7302,建築是漂亮且雄偉的，但可能因為沒進場館，所以覺得有點無趣。旁邊的鳥巢也是一樣的狀況，覺得有些失望，花很多時間來到這，卻都在走奧林匹克公園的中間的路==,0
7303,我是在网上买的票，很方便，在去长城的路上还下了一会雨，到目的地人特别多，玩得很开心……,2
7304,选择八达岭长城一日游是因为自己坐车不方便，这个团总体还行，吃的也不差，就是表演啥的太耽误时间。,1
7305,因为在北京呆的时间比较短，所以就选择了2个主要的景点游玩，玩得很开心，没有购物，导游也很幽默负责，全程游玩很顺利，下次来再找他们,2
7306,北京水立方位于北京奥林匹克公园内，2008年北京奥运会标志性建筑物之一。“水立方”和国家体育场“鸟巢”比邻而居，一方一圆，遥相呼应，构成了“人文奥运”的独特风景线。整个“水立方”分为4层，其中负一层是比赛工作区，一层和二层分别是游览区和观众席，三层为场馆预留经营场地。“水立方”的建筑结构来自于肥皂泡堆积的概念，因为要造出水分子的感觉，每个气枕都是不规则的多面体。还有在外面看看，拍个到此一游就行，没必要...,2
7307,金水桥小常很不错😄服务很好。,2
7308,奥运会的场馆，如今是游客参观游览的地方，当然也可以游泳体验，因为游程比较紧，只是看了外观，据说夜景更漂亮，下次有机会来再补上。,2
7309,胡导游真心可以，地道北京人，亲民，沿路给我们介绍不少关于景点的注意和建议，回去的途中还给了我们不少逛北京的建议，让我们减少走了弯路，团餐的都不错。,2
7310,白天去长城，网上查下黄土店到延庆小火车，中午回晚上八点去水鸟看夜景。,2
7311,水立方作为奥运的游泳馆，里面的设施非常先进，与鸟巢相对凝视，夜幕下的水立方亮起了灯光，像一个夜幕下的精灵，闪动着不同的色彩.,2
7312,外面看看就好了，不值得进去，特别是要花30大洋不值得，所谓不进去后悔，进去了更后悔。里面有一大半是工作区域，到处立着“工作区域，游客禁入”，起码我见着了几十快；有很多卖东西的，很多不知道什么的区域，很多厕所，好几个二次收费的；除了这些，剩下的基本上只有走廊和楼梯可以参观了。夏天去的，里面很闷热，味道比较大。真没看着有什么东西，为了个游泳池，花费这么多钱，办公区域比游泳池大多了。,0
7313,乾淨安全的標準游泳池，早上去人不多運動好地方,2
7314,水立方，现在科技与中国古代建筑学的美感的完美结合，帝都不愧是帝都，为了一个奥运会，专门建了水立方，鸟巢，奥运村，天子脚下工程容不得半点马虎，远远看去，很美,2
7315,水立方和鸟巢都在奥林匹克公园里，现在夏天，天黑得晚，大概要到8:30左右才会亮灯，晚上在广场散步的人很多，旅人看到亮灯都高呼赞叹。不少外国游客慕名而来。,2
7316,水立方内部有水上游乐区域，还可以参观奥运会游泳场地，也有开放给大家游泳的泳池。个人感觉一般，有时间可以买票内部参观，时间紧的就在外面看看外观拍拍照也不错。晚上灯光很漂亮。,1
7317,2008年奥运时对水立方印象非常深刻，那一抹蓝色如梦如幻。这次来北京，地铁乘到奥体中心下来时天还没黑，远远的水立方灰灰的没感觉，找家店坐了会，那个服务员小妹还说水立方不是天天亮灯的，还担心白跑一趟了呢，夜色中的水立方非常漂亮。,2
7318,白天的时候在外面看了下 感觉一般 也许夜景会好点 好像是套着一层塑料膜 我跟小孩坐游览车 要么整个园区太大 走路吃不消。,2
7319,水立方与鸟巢分立在奥利匹克公园两侧，里面主要有游泳比赛馆和跳水馆，进去以后感觉比在电视上看的小一些。还有一些玩水的地方，带小孩子来玩还是不错的。,2
7320,北京的特色就是包罗万象，各地方的美食都能吃到！之前去台北的时候没吃到的鼎泰丰居然在北京吃了！,2
7321,水立方在傍晚的时候与夕阳搭配起来最美，夏季来了，所以游客也开始多了起来，大家都在广场上乘凉，很是惬意，看着彩灯变幻颜色，仿佛美丽晚霞中莫测的光。,2
7322,没有进去，据说没有盛会确实就冷清了，外面倒是热闹，慕名而来的人还是一波接一波，都是名气惹的祸。。。2008年那年没去，不然那个挤的哟,1
7323,来北京必去的景点水立方，就跟鸟巢在一起，里面是可以进去玩的，要门票，我们没有进去就在外面看了看。建议可以傍晚过去，既可以看到白天的水立方，又可以看到晚上有灯光的。觉得晚上超级好看,2
7324,还可以吧。去逛逛也没事，打发时间了。,1
7325,"国家游泳中心又称“水立方”(Water Cube),位于北京奥林匹克公园内，是北京为2008年夏季奥运会修建的主游泳馆，也是2008年北京奥运会标志性建筑物之一。",1
7326,特地晚上跑去看夜景的，在灯光的效果下很好看，变色时间短，蓝色一直保持的时候长。还看到了I ❤️ YOU。水立方差不多晚上21:30-10:00左右关灯，只看夜景不去内部参观的也别来太晚了。晚上水立方会亮起主打色为蓝色的灯，不时变换色彩。进公园需要安检不收费，鸟巢在它的后方。进去参观或者游泳需要另外收费的。,2
7327,去水立方的路上，最爱的是快到水立方时一家卖小吃的凉面，特别好吃，买票进入水立方之后，宝宝最大的发现就是，想象和现实是不一样的，现实比我想象的好太多了,2
7328,水立方，外墙类似一个个细胞组成，晚上亮灯后非常漂亮柔和。是市民游泳健身的好地方。和鸟巢组成国家奥体中心。晚上有很多人在那里溜冰、跳舞健身。,2
7329,今天，晒晒晒，热热热！奥林匹克公园从南走到北，第一次看水立方。脑中一直想着08年，全世界的运动员在这里比赛，还是好激动的。自己一个人走，不好玩，去找表姨逛超市吧！明天北京半马，有机会一定要跑一次,2
7330,2022年，你会和我重逢在北京吗？,2
7331,这是北京标志性景点之一，历史悠久，来到这里你能感觉到中国的伟大，春秋两季赏景最美，夏天北京太闷热，建议大家避开夏季出游。,2
7332,鸟巢旁边就是水立方，交通便利，网上看多少次都没有现场来看的震撼。就是一个字，美。真的很美，票价虽然有点小贵，但很值得，进去里面看更是。,2
7333,众所周知，水立方（国家游泳中心）是奥林匹克游泳比赛的场馆，与鸟巢在同一时期建成。当夜幕降临的时候，彩灯亮起，她将给你一个与众不同的感觉。,2
7334,自北京奥运会成功举办之后，许多中国人都带着奥运精神来这里看看。这里可是诞生了多少奥运金牌的地方。建议可以晚上来，水立方的夜景灯光相当震撼，内部也是非常大，有很多关于奥运的纪念品可以购买。,2
7335,走中轴线，一条路就可以走过来，从南城老师走的话，一直走恐怕要一整天了，可以分两天，day 1 for south part，day 2 for another part,1
7336,不到长城非好汉，终于爬了一次长城,2
7337,可能说起国家游泳中心很多人不知道是哪个，但是一说到水立方估计就没有什么人不知道了吧，这个就是当面奥运会游泳比赛的场地，现在不仅是旅游的参观胜地，同时现在也可以在里面游泳体验下当时奥运比赛的气氛，去水立方的交通很方便，坐地铁到奥林匹克公园下车或者坐740等路的公交车在北辰桥西下车步行即可到达，不过开车有些不方便，附近停车的地方价格都比较贵，所以感觉没有公交方便，景区周边有新奥购物中心，里面有很多吃饭的...,2
7338,背光的时候很美丽，水立方比较柔软，鸟巢比较刚硬，算是相得益彰！夏季傍晚的广场更美丽，而且水立方这个里面有戏水乐园，大家可以去哦,2
7339,蓝色的水立方晚上很上相，对面的鸟巢也是很搭配的中国红，很有气派，另外就是玲珑塔是彩色的，远处还有一个观景台有流星往下落。,2
7340,当年菲尔普斯在这里一人独得八枚金牌，就冲这也值得一去，最后进去游泳顺带参观，泳票大概30元，绝对亲民，网上还可以淘到更便宜的泳票，设施是奥运级别的，尽管开放的泳池是训练池。里面有餐饮店礼品店及儿童游乐设施。,2
7341,很漂亮依旧那么酷为啥这么酷福娃贝贝beibei我们拥抱一下福娃欢欢huanhuan我们拉拉手福娃迎迎yingying我想抱大腿福娃晶晶jingjing，你好萌撩妹方式闺蜜与贝贝喜欢这个雕塑,2
7342,水立方必须点个赞，强烈推荐！水立方在奥体公园内部，水立方和鸟巢成为了08北京奥运的标志，因此特意看看实景是什么样子。无论是鸟巢还是水立方都是推荐晚上来，晚上所有景观灯都会开启，相比于鸟巢的单一“中国红”，水立方独有的水泡外表配合着变换的灯光颜色更显得美轮美奂。给人一种别样的视觉感受。 同样和鸟巢一样，这里被封闭了道路整个奥体公园成为独立空间，不过晚上广场人非常多，春节假期这里灯光全开还有几个彩灯布景...,2
7343,水立方必须点个赞，强烈推荐！水立方在奥体公园内部，水立方和鸟巢成为了08北京奥运的标志，因此特意看看实景是什么样子。无论是鸟巢还是水立方都是推荐晚上来，晚上所有景观灯都会开启，相比于鸟巢的单一“中国红”，水立方独有的水泡外表配合着变换的灯光颜色更显得美轮美奂。给人一种别样的视觉感受。,2
7344,在著名的盘古大观对面，地处奥林匹克公园中心区内，自驾车、乘地铁和公交车到此都非常方便，独特的水泡外观设计和海蓝色搭配在一起格外引人注目。,2
7345,这里是奥运会游泳和跳水场馆，练习场现在对外开放，成了全民健身活动场所，水质清澈透明，非常棒。此外还建了水上乐园，冲浪、水滑梯等游乐设施齐全，孩子很多。,2
7346,水立方非常漂亮蓝色的海洋哈哈哈,2
7347,这是北京奥运的游泳和跳水比赛的场馆。现在也经常举行各种比赛。我去的那天正好赶上世界跳水系列赛北京站的比赛，进去感受了一下。,2
7348,水立方”作为国家游泳中心的特有名称，经过奥运的辉煌和荣光，现已成为具有独特价值的无形资产。到北京也不忘去感受一下国家运动员的游泳中心，感到骄傲,2
7349,夏天朋友来，带他去参观了漂亮的水立方，天气很好，风轻云淡，水立方在太阳的照射下，格外漂亮迷人，门票也不贵，进去后恰巧赶上商演场地调试，相当漂亮,2
7350,来北京看鸟巢，也少不了要去水立方参观参观，进入水立方还要收费的，凭门票进入，馆内很大，进入后就直奔游泳场地，有两个池，有跳台，没有在电视上看的那么大，没有比赛时的池感觉很普通，不过水立方的夜景颜色多变，非常漂亮！,1
7351,路过，没有太多期待也就谈不上失望。本就对建设无感！,1
7352,赶到晚上去，里面有点憋闷，整个墙体还可以变化颜色。从电视里看以为泳池很大，水很深，其实和一般游泳馆差不多，只怪自己体育盲。,0
7353,“鸟巢”充满着阳刚之气，“水立方”尽显着端庄俏丽。奥运会后，这里成为了百姓休闲戏水的乐园。蓝天之下，它蔚蓝得妩媚。夜幕中，它又灯光璀璨，格外动人。,2
7354,2008年北京奥运会上美国游泳名将菲尔普斯就是在这里（水立方）一举拿下了8枚金牌并刷新了7项世界纪录,2
7355,水立方国家游泳中心的美，在建筑体本身的端庄，以及美伦美焕色彩变换。以前都是在水立方的外面欣赏她，现在终于走到水立方的里面了。里面看色彩变换也非常之漂亮。,2
7356,昨天晚上，跑到水立方国家游泳中心去游泳了，好‘’鸡冻‘’好‘’香菇‘’。在里面看，水立方颜色变换，真是说不出来的美，看第二张图片蓝的纯粹！水立方国家游泳中心的水质的确很好，清澈见底，而且水温非常舒服，真正的恒温游泳池。北京下雨天冷了，想锻炼有恒温水，真好！,2
7357,值得去看看，进去之后尤其是在晚上亮灯之后非常漂亮，满眼蓝白色，很喜欢。以为水立方就是蓝色，晚些时候亮灯才知道原来是可以变色的,2
7358,鬼使神差一个月去了两次奥体也是醉了。。天天去踩地标。。  【位置】奥林匹克森林公园，奥体广场，奥体中心都在一条直线上，地铁8号线直达很方便。休息区域挺多的，天天都在放北京欢迎你。。可以鸟巢水立方火炬什么的一路走过来，两头都有地铁站（奥林匹克森林公园也可以踩踩，天气好上仰山可以俯视中轴线，不过很大步行过去很累，但是不收门票可以当地标）  【票务】在外面看看鸟巢和水立方都不收费，要进去就收费了，不便宜，鸟...,2
7359,鬼使神差一个月去了两次奥体也是醉了。。天天去踩地标。。,1
7360,作为08年奥运的主场馆，具有自洁功能，场馆建设性价比高，还运用了诸多高科技就不用再赘述了。现在除了当时的比赛用地，其他地方全部变成了买买买，令人讨厌。全程15分钟游览完毕，毕竟真没有什么吸引人的，但建筑结构还是很吸引人，具有美感的。门票，学生半价15元。开放时间，以场馆当日开放时间为准。,2
7361,水立方适合晚上去看夜景，逐渐变色的水立方真的很美，如果不进场参观，只是在外面拍照是免费的，个人觉得没必要进去，就是一个游泳馆，外面看看够了，鸟巢就在旁边，顺便一起看了,2
7362,来这主要是为了照相～几年前和老公来过～这次带着朗朗照俩人变三口儿的幸福照片😄,2
7363,是在奥林匹克公园水立方和鸟巢照的。但是我们还去了北京科学馆。奥林匹克公园的夜景还是很值得一去的。,2
7364,匆匆还了车告别了清华，是想在不太晚的时候赶上去水立方游泳。我们四点四十进去，先参观了参观，后来跳下池子给冻个半死，又给人山人海的踢个半死，唉，还不如我小珠海的体育中心呢。,1
7365,因为没进去，所以无感！,1
7366,说是制造水立方的材料上面划一下拿创口贴粘上就好了 这个真的很棒 但是轻易别去尝试！七点左右水立方就亮灯了 里面也有能吃饭的地方,2
7367,比起没开灯来说漂亮多了！真的很震撼！因为今天是七夕，广场内有位小伙子求婚！虐死单身狗！,2
7368,孩子不够1.20好的项目都不能玩，所以感觉有点不值，不过还是挺开心的,2
7369,水立方位于北京朝阳区奥体中心附近，盘古大观正对面，原是奥运会水上赛事场馆，现在基本上已经成为娱乐中心，夏日游客众多，地下一层的嬉水乐园做的不错，有冲浪节目和各种水上运动，夏日亲子的好场所。,2
7370,白天去的，里面要收门票，可能晚上看外观会漂亮。里面有个水上游乐园，观看游泳比赛场地和游泳馆。其它没有值得看的，还是看古迹有意思,1
7371,奥运会场馆就是大气，很感慨我们的场馆可以建得这么好！如果不在里面玩水的话还真没什么好看的，夜景很漂亮！,2
7372,第二次来水立方，远观足矣，里面实在没什么意思！,0
7373,建议晚上去灯光闪烁与鸟巢相映成趣特别美,2
7374,挺好的，无购物，就是一开始会告诉你需要做缆车自费一人100往返，感觉是陷阱，但是到了才发现幸亏缆车了，否则会累趴,2
7375,水立方总是一抹清新的蓝，刚刚开完APEC  ，就显得更加湛蓝。建筑很特别，场子很大很大！,2
7376,我订十点出发的，因为有点塞车到了都已经1点，两个半小时的自由行动，时间上还算可以，暑假人多，爬了好汉坡下来，时间刚好。,1
7377,很不错的一次长城一日游，导游也很专业，全程没有购物点，到达长城坐缆车?上去，爬了好汉坡。很棒！！下次继续支持！！,2
7378,长城比较远，参加纯玩一日游交通方便，免去来去折腾的辛苦，市区可以坐地铁去玩。行程里没有购物，有自理。就是长城带到后山上的，孩子说缆车上去，再爬到上面两个烽火台就没路了，居然不通了。根本不能去好汉坡，看好汉碑，这个太坑，以前熊乐园那个大门进去，只要想爬能爬，总是通的。上去能到好汉坡拍照。,0
7379,还蛮不错的旅程，毕竟路程有些远，带着老人和小孩不是特别方便。一路上车辆非常的平稳，回来的时候有些小堵。去的时候，导游和大家一起互动，聊得大家都挺开心的。唯一的遗憾就是，时间有些赶，还有导游一直怂恿大家坐缆车，说长城如何如何的难爬，不过确实带老人小孩的还是坐缆车方便，如果是成年人还是自己爬吧，亲身感受长城的壮丽和雄伟。（自己拍了一些北京著名景点，供大家欣赏！）,2
7380,我报的是龙行天下的团，含导游，长城门票和往返车。价格便宜，导游是李**，个人觉得人不错，讲解一些北京的风土人情，特别告诉一些吃纯正小吃的地方，全程无购物，最后回来的终点在水立方，哪里晚上真的很漂亮。,2
7381,正规旅行，全程无购物。报的是下午的团，自行解决午饭，长城下午的人也比较少，带着老人小朋友，坐的缆车，只爬了一小段，但玩得很开心，回程正好是在奥体中心，又看鸟巢和水立方的夜景，真心不错。导游也很风趣幽默，介绍了很多北京的景点、小吃，这个行程物超所值。,2
7382,非常棒！感谢刘导一路的讲解和照顾！这次选择龙行天下是做得最正确的事！不会让你多花一分钱。长城真心长，游客真心多，太阳真心狠晒人！,2
7383,导游很亲切，不断介绍一些老北京爱去的好玩好吃不会骗客的地方。风大还下了点小雨，但是人少清凉爬得很舒服，没有节假日那种人山人海，很不错的旅行。,2
7384,夜景应该更漂亮，门前有音乐喷泉，挺多人看的。,2
7385,很不错的，大家可以玩玩，带着孩子去是最合适不过的了,2
7386,很值得去，晚上去的，白天的时候没有太大感觉，晚上太美，心情变美了,2
7387,广场免费。要是想去游泳的可以买票进去游个泳，网上也可以买票。,1
7388,夏天在里面比较闷热，票有点贵。,0
7389,总体不错，换票方便！就是不提供拖鞋，去玩的一定要自带拖鞋，也不让带食品和水进去！,1
7390,第一次在网上定一日游，一开始还很怕，怕被坑，上了车导游主动的讲了什么是黑导游，什么是正规的，顿时觉得来对了，很不错，是****的，徐*导游很负责，一路上讲解了很多东西，我带着两个老人去的，导游很关心老人们，挺好，赞一个！,2
7391,必看景点之一 此处人不多，我们拍了几张就饥肠辘辘地奔向🚇,2
7392,北京水立方外景2008年北京奥运会游泳跳水比赛场馆这是运动员热身的泳池，奥运会后成了向市民开放的水立方游泳俱乐部场馆这是教练在培训学员踩水场景水立方内景,2
7393,晚上景色超级美，可是和孩子一起去，景色好,2
7394,Water Cube，水一般的梦幻。仿佛让人跌入了水的世界。,2
7395,买票进去了，里面没什么好看的，有一个室内水上乐园，和游泳池。早上灯亮了，还有很美。,0
7396,刘导热情，服务好，讲解好，因为我们是学生，用学生证，刘导最后还一人退了二十块学生票，很棒，只是清明假，人多。,2
7397,坐地铁到了国家体育管。在大大的广场上，看到了鸟巢和水立方。据说水立方晚上亮起霓虹灯的时候最美。白天看，外面的做成水泡状的外墙结构的确有一点落灰的感觉。不过还是挺有创意的建筑。,2
7398,水立方，长得像蓝泡泡！塑料薄膜！旁边盘古大观！好中国土豪，不好看的建筑！,0
7399,真心的好，玩的很高兴，导游黄永浩特别好，有耐心，认真负责守时，还非常风趣幽默，讲了一路北京的故事，一路上都很开心，另外说的是长城确实雄伟壮观，自己爬上去一直到北八，站在顶上感觉真好，回来的时候还赠送了明信片很好，下次还会选择金水桥旅行社，绝对超值赞赞！！！,2
7400,感觉一般，应该免费进入，收门票就是坑人，里面没什么东西，二楼三楼除了小商铺其他都不能进，一楼就看看比赛场地，然后就是一大堆厕所,0
7401,黑导游服务周到！幽默风趣！讲解详细！时间安排得好，在塞车的情况下，毅然带着大家下车步行上景区，使行程按时顺利完成。还告诉大家有哪些旅游陷阱，北京哪些景点好，给他点赞！赞！赞！长城风景很美！很超值的一次旅游！,2
7402,还可以纯玩无购物，导游也可以提示游客不要在长城上购物，价格也差不多，最后说送冰雪嘉年华呢因时间问题没去成。,1
7403,第一次在去哪儿网上报团  导游是姚导 真心觉得不错  报团唯一省心的就是票不用自己买  不用自己排队那么长 我们一起去了长城 去了水立方 鸟巢外围。临结束的时候导游还送了书签 棒棒哒 以后有机会还会抱着个团。,2
7404,马导和司机都不错，可惜回来遇上大堵车，不过因祸得福看到了鸟巢的夜景，总体不错,2
7405,很小的一个景点，就一个游泳馆，因为名气大，收30元门票，不如在外面拍照，特别是夜景。冬天去只能看看，夏天里里面有个嬉水池。,0
7406,长城比较远玩累了坐大巴回来，可以休息一下，真心方便省事！导演也很不错，一上车就开始介绍北京，长城等等。好评！,2
7407,果导风趣幽默，去完奥运会场以为散团，结果导游还等我们拍完照送回到王府井附近,2
7408,国家游泳中心，她有一个更加享誉世界的名字，水立方。位于鸟巢对面，相比于鸟巢的巨大，显得有点娇小。来奥林匹克公园最合适最地铁，8号线奥林匹克公园站下车就是公园内部了。出口是一家大型地下商城，新奥购物中心，可以解决吃饭问题。第一眼水立方，白天的水立方我的内心是失望了，因为确实比较矮小。但是到了晚上水立方才显示出她的美丽，水立方的灯光设计要比鸟巢漂亮很多。大学时代进去过一次，门票是40元，里面确实没什么意...,1
7409,很漂亮，可惜太晚了，不能进去看，只能在外面看看,0
7410,国家游泳中心就是水立方，平时就是作为售票室内游泳馆向大众开放。因为是夏天去的所以很多人市民在那里游泳，尤其很多家长都带着小孩子前往。具体开放时间可以在官网查询到。,1
7411,水立方晚上观看灯光景色好漂亮，建议晚上才去游玩观赏，我去游玩的那一天刚好下毛毛雨，地上有倒影，看上去更加漂亮了。,2
7412,我不是节假日过来的，但是游客还是非常多。这建筑和电视上看的有点区别，现场看更能感受到它的雄伟壮观。这里的面积很大，连上附近几个景点，在这里游览需要花上一天时间哦。这里的外墙在阳光的照射下，就想很多泡泡堆砌在一起，很漂亮。,2
7413,中国最美丽，色彩最绚丽的国家游泳馆！水立方位于北京奥林匹克公园内，乘坐地铁8号线在奥体中心-地铁站下车后，从B1出口出来，再向北步行大约6-7分钟即刻到达。在2008年北京奥运会的时候，这里主要是跳水、游泳等比赛的场地，现在就变成提供大众进去游泳了，但是要收取门票，按次数来收费，如果你是游泳爱好者，几乎每天锻炼的，可以购买3000元的个人年卡，如果是普通锻炼的，可以考虑购买15次480元的锻炼A卡。如果你只是想进去看...,2
7414,下午去的水立方，国庆期间人挺多的，广场上的小火车蛮好玩的，等到晚上六点半左右亮灯才往回走，夜景很不错，没有白来,2
7415,每年的游泳世界杯北京站就在水立方举办，今年为了看宁泽涛提前一个月买了30号的票，结果人家报了29号的50蝶，郁闷。不过还是去看了，比赛挺精彩，水立方也很漂亮。,1
7416,因为是晚上没进去看鸟巢和水立方，不过外面的景色还是挺美的的，鸟巢和水立方晚上去真的是没有错！自由行带走孩子玩了一天其实已经很累了，不过还是看到后特别兴奋，其实我也很兴奋！,2
7417,游泳馆很赞！只不过对于仅仅参观的走了来说门票贵了一点～但看到那泳道和颁奖台，还是忍不住激动了下！都到北京了，不进去看看也划不来，外观景观灯蛮好的，非常赞！,2
7418,"好坑爹的经典，30的门票就进去看一眼游泳池跳水台，听说要晚上8点多才亮灯，赶着离开,没看成，小遗憾",0
7419,08年北京奥运会，08年我来上大学。志愿表上所有能写字的地方我恨不得都填上带有北京字眼的学校，那时的北京于我，还只是梦想着的远方。后来如愿来到了北京，奥运会是当年新闻上最热门的事情了。我记得从公交再到地铁，又跟随着沿途的指引走了好久好久的路，转过一个弯那只在电视上出现过的鸟巢和水立方就映在了眼前，身旁是来自世界各地的游人，圣火在鸟巢顶上熊熊燃烧，不时还能看到前往各个场馆参加比赛的运动员。除了鼎沸的人声...,2
7420,其实就是水立方，去哪儿偏要弄个什么国家游泳中心。水立方里面真心没什么好玩的，所以不建议进去了，看看照片就够了😀,0
7421,想去奥体公园呼吸那世外桃源般的空气，想去再次亲近鸟巢与水立方的绚丽多彩。今天的第一愿望已经实现，天气非常好，决定在去鸟巢和水立方走走。,2
7422,不建议进入，里面都成啦餐馆啦！没带泳衣的真就不用进去啦！没啥看的！外边好看！,0
7423,挺好玩，里面还有嬉水乐园，而且凭当天门票一张还可以在馆內免费照象！,2
7424,国家游泳中心又称“水立方”，位于北京奥林匹克公园内，是北京为2008年奥运会修建的主游泳馆，也是北京奥运会的标志性建筑物之一。,1
7425,说起水立方总会有种浓浓的自豪感在里面。因为2008年的中国奥运，水立方的美立刻印在了我的脑海里，去北京的第一站就是这里。,2
7426,水立方几乎是国家游泳馆的代名词了，水立方与鸟巢是相对的，一个是火红色的建筑物，一个水蓝色的建筑物，各有特色。两次来北京这个景点了，第一次来的时候很漂亮，第二次来的时候发现面向鸟巢的那一边没有亮灯，据说是已经有大半个月没有亮灯了。当年去北京旅游的时候，水立方晚上全亮灯后真的非常的漂亮，科技感十足，开放进去看游泳赛事，那可是非常棒的场地。晚上的水立方，是北京看夜景的最佳地点之一。,2
7427,水立方是2008奥运会的时候建的建筑，外观独特，很多人都知道水立方，水立方跟鸟巢很近，只有100m左右。水立方其实我觉得没什么好看的，里面许多地方都商业化了，都是吃的啊啥的，也只能在里面一楼看一下，一楼有两个泳池，一个是开放训练的是没有观赛的座椅的，还有一个是奥运比赛的有座椅的，很多人都认为有座椅的那个不是，其实哪里就是，因为我们当时去的时候，好像是有个汽车厂商要开发布会了，所以在比赛泳池里抽光水临时搭建...,1
7428,一直以为水立方是只能看外面，里面不能进去，后来听说里面也能进去，这次来就在里面游泳，当然不是我游啦，胖子游泳很忧伤，就站着看看。,1
7429,鸟巢对面就是水立方，也叫国家游泳中心。,1
7430,昨天开车从水立方经过 水立方晚上亮了灯好漂亮 实在太美了 比白天好看多了 只可惜在行车过程中拍的比较模糊 在这里推荐大家在北京旅游可以租辆车到处遛遛 比打车坐地铁好玩多了,2
7431,个人感觉水立方只是名气比较大，奥运中心面积较大，游客众多，水立方可能会在晚上比较漂亮，白天看起来一般般，票价也不便宜，有游泳兴致的朋友可以买票进去游泳感受下。,1
7432,可以考虑这样的线路，早起去故宫，下午北海公园，傍晚景山公园，夜晚南锣鼓巷。,2
7433,南锣鼓巷是北京著名的景点之一，深受广大年轻人的喜爱。南锣鼓巷位于北京市东城区，坐地铁的话8号线有南锣鼓巷站，非常方便。南锣古巷和北海，后海，恭王府等景点挨的非常近，所以建议这些可以一起游览。南锣鼓巷实际上就是老北京的胡同，只不过路两边都改造成了小的店铺，这个经营风格的确受到很多年轻人的喜爱，所以非常火，在南锣鼓巷里穿行，你可以看到路两边有很多的店铺，包含小饰品店，小吃店，奶茶店...,2
7434,{位置交通}南锣鼓巷坐落于北京东城区，属于北京最古老的建筑之一。地铁八号线有南锣鼓巷站，从E口出正好到巷子口。公交车没有直接到巷子口的。,1
7435,【位置交通】南锣鼓巷位于北京市东城区与西城区的交界处，南北走向，南起地安门东大街，北至鼓楼大街，是最具有老北京特色的街巷。地铁站设有专门的南锣鼓巷站，是6号线与8号线的换乘站，乘坐6号线/8号线在E口出均可到达至地安门东大街方向，映入眼帘的便是高大威武的南锣鼓巷的标志性建筑。在入口处右侧设有整个南锣鼓巷的全景图，可以对鼓巷的构造做个大致的了解。,1
7436,北京城中有很多胡同，也有很多具有时尚范的地方，而如果说最具有时尚范的胡同，那么一定会是南锣鼓巷。南锣鼓巷的名气之大甚至已经成为了一个旅游景点，不仅外地的朋友会来甚至很多外国的朋友来北京的时候也都会来这里逛一逛，坐一坐。南锣鼓巷的位置非常好找，顺着鼓楼大街向东走一百多米，就会发现一条巷子，红色的牌子上就显示着它醒目的名字---南锣鼓巷。当我从地铁出站之后，看到的就是醒目的舞台剧的大...,2
7437,南锣鼓巷，有点类似成都的宽窄巷子，不过这里将现代的文明和历史的痕迹有了很好的结合。,2
7438,南锣鼓巷作为北京最热门的景点之一，几乎是每个到北京的游客，打卡签到必经之地；它是一条人工打造的成功商业街，是小资、网红、游客的聚集地，只是披上了老北京胡同的外衣，让它变得更受人欢迎，有点类似福州的三坊七巷和上海的田子坊；,2
7439,南锣鼓巷列于25片旧城保护区之中，全长786米，是北京最古老的街区之一。,1
7440,来北京不可不逛的地方太多了，南锣鼓巷也是其中之一，看惯了大城市的高楼林立，来感受一下北京传统四合院胡同的魅力也不失为一种别样情怀。南锣鼓巷是北京保存的较为完整且最古老的传统民居了，如今已经发展成热门的商业街区了，吃、住、食、娱样样都有，对于年轻人的吸引力更大一些。,2
7441,北京的胡同可谓是成千上万，我对北京胡同却是神交已久。这次有幸到北京出差，趁着短暂的闲暇时光，来到了传说中的南锣鼓巷，果然好不热闹。南锣鼓巷是北京最古老的街区之一，是北京古都风貌中 一块保存完整的“碧玉”。这里有许多各具风格的小胡同、有南锣鼓巷酒吧街，还有各种小吃，来到北京必须到这里逛一逛，感受一下他的别具特色吧~南锣鼓巷是南北走向，长786米，东西各有8条胡同整齐排列着，从南向北，西面的8条胡同是福祥胡...,2
7442,南锣鼓巷南北走向，北起鼓楼东大街， 南止地安门东大街，目前还有很多居民住在那里、,1
7443,"南锣鼓巷是北京的著名景点了，地铁6号线专门有南锣鼓巷这个站，随便哪个出口出来就是了，这里四通八达连着很多胡同，所以又被称为蜈蚣巷，这里有帽儿胡同，雨儿胡同等很多老北京特色胡同，其中帽儿胡同最有名，据说以前婉容皇后入宫前曾在这里居住过，不过基本上这里很多都是民宅了，不是可以随便参观的,另外这里还有很多老北京特色小吃美味，稻香村，御食园等等，路边酸奶小瓶3元一瓶味道不错，口干舌燥的时候坐在老藤椅上喝上一...",2
7444,北京最美的、最有诗意的美食街！到达这里的交通非常便利，乘坐地铁6号线到南锣鼓巷地铁站下车后，从B出口出来，然后再到对面马路，就立刻看到了南锣鼓巷的美丽大牌坊。南锣鼓巷，一开始听名字我以为是一条出售古董或者乐器的一条古文化街，没想到竟然是一条如此柳树飘絮的一条新派美食街。这是一条宽约不足10米的小巷子，小巷子里面满满的游客，不过游客们基本都很守秩序，整个小巷有条不絮。而小巷的两边则是各式各样的小食店和商...,2
7445,以前我们在北京的时候，南锣鼓巷还没有现在这么有名气，自然也没有现在这么多人，那时候还是静幽幽的一条胡同，遗留一些历史的痕迹，如果是雨天的话，撑着把油纸伞都能拍雨巷专题。但是经过了这么几年，慢慢地甚至都变成了一个旅游景点，无数的人冲着这里去，要是到了节假日那更是人山人海去了。不过自然也是有好处的，多了更多或者精致或者有特色的小店，吃的用的，一应俱全，虽然少了古老的韵味，但增加了不少可玩性，也是很好的...,1
7446,这里有着浓烈的老北京味儿，来这就对了，可以乘地铁6号线或者8号线在南锣鼓巷站下，出来步行二三分钟就可以到，这里面有着地道的小吃、小资的咖啡厅、创意的手工艺品店，旁边还有复古的小胡同，在这不仅可以体验老北京的文化，还可以尝到地道的美食。每当傍晚时，旁边的小胡同还会有人摆地摊卖些小东西，比如CD、手机壳、饰品之类的，感觉还不错的，如果你仔细逛下南锣鼓巷，累了找家咖啡厅坐坐，逛一天也不为过，很喜欢这样的感觉...,2
7447,"南锣鼓巷展现了北京的胡同风情,有很多精致的店铺。胡同、四合院、绿树,相对于红墙金瓦的皇家文化的集合地。推荐几款好吃的吧。不过那里因为是旅游景区，所以吃的东西比较贵。有个文宇奶酪味道还行，排队的人很多，周一到周五去人会少一些。姚记炒肝也不错，就是属于重口味。看个人喜好吧。王胖子驴肉火烧也值得尝一尝。哈哈哈~~~吃货们，还有喜欢小资情调的小盆友，值得一去哦。",2
7448,南锣鼓巷成为只要来北京，就会去游一番之地。很多朋友来，我都会带他们去逛一逛。我个人也比较喜欢这个地方。地铁6号线【南锣鼓巷】站E出口，西北角，一出来就是。“南锣鼓巷”四个大字。特别明显。或者8号线，【什刹海】那站出来走上个10来分钟，也可以的！只是稍微远一些，没有6号线来得直接！,2
7449,我很喜欢北京，喜欢北京的胡同，喜欢北京的红墙，喜欢北京的摩登，喜欢北京的速度。它是一座能让我学到很多东西的城市，所以我和他经常去北京，时不时的熏陶一下自己。,2
7450,似乎每个城市都有一条属于“文青”的情怀片区，厦门的鼓浪屿，上海的田子坊，北京的南锣鼓巷。,1
7451,南锣鼓巷，其实不能叫胡同，他是一条长长的巷子，它比胡同宽很多，跟它联通的四通八达的小胡同才是真正的胡同，来这里非常方便，地铁六号线和八号线都有南锣鼓巷站，出了E口就是南锣鼓巷的头，而且这目前是八号线的终点，还有座位，非常方便。公交车是锣鼓巷站，公交车太多了，能到任何角落，百度地图可以查，太多这里就不说了，不过我个人不喜欢这个地方，因为现在全国类似这种装艺术，装小资的地方太多了，这里大部分是小吃，还...,1
7452,南锣鼓巷是北京最为古老的街区。这条街建于元代，南北走向，起于鼓楼东大街。乘坐六号线就可以在东大街夹南锣鼓巷中下车。大的大门造型也在这边。可以从南锣鼓巷出发，然后一直走到后海。推荐晚上过来，因为晚上很多酒吧什么的都会开业，同时很多店面也会在地上打出不一样的灯，作为广告标示，也是很有意思的。南锣鼓巷里以吃的和各种小工艺品为主，有的还卖很中国风或者简约风的衣服。,2
7453,【交通】[公交]乘坐3路;13路;42路;60路;118路;612路;夜21路;夜3路至[锣鼓巷]下车，步行即到。[地铁]地铁6号线;地铁8号线皆可到达。【门票】免费【特色】南锣鼓巷与西安的回民街，重庆的磁器口很像，有很强的旅游特色。什么是旅游特色呢？就是不去不行，去了也就那样。但南锣有很强的京味。不论是那随处可以听到的北京话，原汁原味的三轮车，不知通向何处的串串胡同，还是大煎饼、糖葫芦。这也就是很多人眷着的感觉吧。但真正的北京...,1
7454,南锣鼓巷在北京的景点排名里面很靠前，很多人都推荐的一个地方，但是我实地去看了之后，发现这里感觉一般，没有什么特别有特色的地方，除了很多卖东西的地方，还都卖的巨贵，胡同特色文化也没那么鲜明，这一点让我很是失望。闹锣鼓巷与其说是一条胡同，倒不如说是一片胡同，这里面包含了很多的胡同。南锣鼓巷历史悠久，据称始于元朝，是现如今北京最古老的街区之一，这可能也是他名气大的原因吧。我不能看出这了的门门道道，可能跟...,0
7455,到了南锣鼓巷，都变成了文艺范～,2
7456,"南锣鼓巷是北京比较有名的一个景点，作为最古老的街区之一，是非常有历史文化感的，交通很便捷，乘坐地铁6号线到 南锣鼓巷站 下车，步行三分钟即可到达。南锣鼓巷北起鼓楼大街， 南到地安门大街，街道虽然不是很长，但是两旁店铺林立，街上人山人海，是很多地方比不了的繁华。这条街是与元皇宫同时期修好的, 也是我国唯一完整保存下来的元代胡同，所以极其具有观赏性。当然，现在商业化也比较严重，成为了远近闻名的酒吧一条街；跟...",2
7457,有很多公交车要到这里，坐到什刹海或鼓楼的都能到，另外坐5路的话可以在地安门内站下车，步行至南锣鼓巷。坐地铁在什刹海站下车(A2西北口出)。晚上去的时候，熙熙攘攘全是人，整条街也全是各种各样的商店，其中也有很多有特色的小店。周围还有很多其他有意思的胡同，比如帽儿胡同，35、37号院是末代皇后婉容的娘家，东棉花胡同有中央戏剧学院，北兵马胡同里有个话剧场。可以逛逛，除了建筑风格不同，感觉和成都的宽窄巷子味道很像...,2
7458,南锣鼓巷去了2次，一次自己去，一次带着父亲去的。游玩南锣鼓巷，可以和钟鼓楼，烟袋斜街，什刹海，恭王府等一起玩。南锣鼓巷无论是坐公交车还是地铁，都很方便。南锣鼓巷周围的美食还是不少的，比如大名鼎鼎的姚记炒肝店。因为是开放式的，所以人气非常的旺，无论是品尝美食，文宇奶酪、北京老酸奶什么的，还是寻找复古的记忆，寻找小资情调，这里都有。南锣鼓巷旁边有许多的胡同，板厂胡同、帽儿胡同、菊儿胡同、黑芝麻胡同、圆...,2
7459,玩的好，服务周到！非常好！,2
7460,太過商業化！,0
7461,小豪阿哥，热情周到，风趣幽默，想游客所想，很不错。以后还会选择！,2
7462,昨天傍晚到位于南锣鼓巷的“中央戏剧学院”看话剧“炒肝”时，偶然发现的景色，此时的南锣鼓巷，少了一些喧嚣，多了一点韵味。大家不妨有闲瑕时，感受一下放慢脚步的轻松。,2
7463,有问必答，帅哥挺细心的,2
7464,游玩全程无购物，导游豪阿哥服务很好，很耐心，服务态度好，讲解全面，而且幽默风趣～一个团从四面八方来，但是豪阿哥一直对整体把控很好，大局观强，且细心，总之是一个很好的旅程，我会推荐这个线给其他人。大局观强，且细心，总之是一个很好的旅程，我会推荐这个线给其他人。,2
7465,小吃一条街 中间还延伸出了很多其他巷子 离什刹海非常近 值得一逛,2
7466,玩的很开心 虽然五一人很多 但是在导游晴格格热情周到的服务下 我们避开了很多拥堵 再故宫也很顺利 讲解了很多历史段子 让我们边走边穿越时空回到清朝 长城坐了缆车 走马观花 也算到此一游,2
7467,人超级多 挤安逸了  风景不错,2
7468,整体感觉很好，导游讲解很详细，而且没有额外的消费，下次还会选择这家的❤导游豪阿哥,2
7469,天气很好，很适合出团，刚好在今天遇到你们－旭冉旅行！豪阿哥导游很赞，很贴心，服务周到，礼貌客气，全程很棒,2
7470,这里热闹的场景虽说赶不上分散在京城四面八方的各个庙会，但游人如织的景象丝毫不亚于庙会，人们徜徉在这里中西合璧的各个不同特色的店铺间，品尝着云集在此的海内外的特色风味小吃，真是其乐陶陶，美哉悠哉。,2
7471,现在商业化比较严重，6号线通了后，南锣鼓巷站下，适合从南往北逛，依次可以参观：,2
7472,小清新的聚集地、蛮不错的，各种小清新物品！,2
7473,雷雨过后，天气晴好，来南锣鼓巷转转，处处充满吃和玩的乐趣，走街串巷，感觉真的不错！,2
7474,其实如果要是能够回归到以前那条朴实而宁静的胡同状态的话，这里可以作为什刹海周边游的一处经过地。可惜，这里现在充斥着太多旅游商业化的东西，而把老北京文化完全淹没了。 不建议想要领略胡同文化的朋友前往。,0
7475,9点多到 还没几个店铺开门 人很少 还不错,2
7476,南锣鼓巷也是非常有名的北京胡同，时常出现在各种影视剧中，所以这次到了北京的第一站就是南锣鼓巷，刚好用沿街的美食填补一下辘辘饥肠。拥有700多年历史的南锣鼓巷是名副其实的老胡同，从鼓楼东大街一直延伸到平安大街，全长787米。虽然胡同保留着老味道但是基本上就是形成了商业街。买了最红的仙豆糕，跟小时候吃的绿豆饼一个口感，喜欢甜食的特别推荐。,2
7477,感觉每个城市都会有条这样得街，在胡同里，去的时候是晚上，人挺多的，去吃了特色面，但是感觉味道也一般，一些情怀得东西，可能会比较贵一点，交通还是很方便的，去拍拍还是可以，但是不要报太大期望,1
7478,吃，就是对南锣鼓巷最大的尊重。,2
7479,南锣鼓巷在转钟楼再到什刹海，接着后海酒吧街。犹如古代现代版的穿越。古巷宽广的街道还是挤满了人，但是吹着夏天凉爽的风，还有银杏花瓣的摇摇落坠铺满了整条街，街两边的各种美味各种饰品各种千奇百怪的东西都值得去看看，鼻烟壶很有特色，文宇奶酪很有特色，反正漫步在这里，穿梭着各个胡同巷子，漫步心灵，走走什刹海，逛逛酒吧街，听听歌，偶尔拍拍照片，可谓是一举两得。,2
7480,像上海的田子坊，成都的宽窄巷子锦里,1
7481,一条说不上有多长的街 但是绝对值得从头吃到尾 双皮奶最推荐 又嫩又滑还不腻 吉士果和“小s推荐”的咖啡包 没有传说中的那么神 但是也值得吃上一次 玉米汁很不错 浓浓的玉米味 口感也很顺滑 还有冰淇淋 乌云冰淇淋名气很大 但是棉花糖太甜了 下面的冰淇淋也一般 想拍照可以选择一次 不知道和韩国的比味道如何 另一个是一进南锣鼓巷就有的一家冰淇淋店 味道不错 里面可以选择各种口味的水果干果 但是往里走还有几家相同的店 想吃乌...,2
7482,今天还不是节日，哥哥嫂子要上班，正好我先好好逛逛大京城，好久没有来了。对于我这个没有去过南锣鼓巷的孩子来说，第一站当然不能放过那里。话说，节日那里一定人山人海，嘿嘿。我们最终选择了地铁，不然估计一天的时间都在路上了今儿的南锣鼓巷很给面子，人还不算多。比较“靠谱”大雪儿，等咱们老了，这些照片就都成了鉴证咱们曾经也有过年轻靓丽的有力实证了！这几年，和大树就想着趁着有大块的时间，先往外走，其实咱们大中国...,2
7483,南锣鼓巷是一条胡同，是北京最古老的街区之一。这里是我来的最多的地方，人口密度相当大。不过平时的晚上来到，会相对安静清闲。我觉得每一个来北京游玩的人，无论呆的时间长短，都会来这里走上一程吧。这里我前前后后去了大概四五次了，包括逛街或者偶然经过。,2
7484,古色古香，还可以领略胡同的风采。,2
7485,南锣鼓巷和北锣鼓巷各有各的特色 弄蛮好的地方,2
7486,有很多特色小店，衣服和吃的都很有个性,2
7487,人特别多，尽量选工作日去,1
7488,南锣鼓巷是对北京的胡同文化体验的第一站，也是没来北京之前必打卡清单里很重要的一个景点。现在的南锣鼓巷商业味道相对多了一点，如果真的想要体验相对地道的北京胡同文化，更建议去东四十条走一走，那里现在也还是老北京的居民区。,2
7489,从故宫出来，还不到下午三点，我和闺密都没有特别想去的地方，百度了下，南锣鼓巷离故宫也不算太远，就跟着地图穿过北京的一个个老胡同，去寻吃的了。从十一月下旬到现在已经有快半年时间了，游记回来后记了一半就没再往下写了，隐约记得在南锣鼓巷没呆太久就回住的地方休息了，当时一口气吃了一个觉得太好吃回去的时候贪婪的又带了一个吃的泡芙的味道现在也有些记不起来了，时间真是可怕！,2
7490,到了北京 雨🌧️一直下  并不影响我们的出行计划,1
7491,“是情怀，也是洒脱”,2
7492,原本是没计划到这边来的。,1
7493,南锣鼓巷北起鼓楼东大街，南至平安大街，宽8米，全长787米，于元大都同期建成。是北京最古老的街区之一，已有740多年的历史。因其地势中间高、南北低，如一驼背人，故名罗锅巷。到了清朝，乾隆十五年（1750年）绘制的《京城全图》改称南锣鼓巷。 它是北京最古老的街区之一，是我国完整保存着元代胡同院落肌理、规模最大、品级最高、资源最丰富的棋盘式传统民居区，也是最赋有老北京风情的街巷。周边胡同里各种形制的府邸、宅院多姿...,1
7494,去这里就是一定不要乱买吃的，也不要买什么用品，超坑，如果实在想吃东西就买那个网红泡芙，那个还可以（我照片上的第四张），就看看就行，不要乱买。,0
7495,南锣鼓巷是典型的中国古代民居结构模式，东西两边各有8条胡同，包括福祥胡同、蓑衣胡同、雨儿胡同、帽儿胡同、景阳胡同、沙井胡同、黑芝麻胡同、前鼓楼苑胡同；以及炒豆胡同、板厂胡同、东棉花胡同、北兵马司胡同、秦老胡同、前圆恩寺胡同、后圆恩寺胡同、菊儿胡同等。胡同里有各种样式形制的宅院和府邸，是北京胡同风貌中保存最为完整的一处。,1
7496,入住这里四合院客栈，早餐是昨天买的团购大特价1元超大牛角包与晚餐吃剩的一个芝麻烧饼，一杯清茶……再次感恩吧！来京4天游又是大晴了3天，今天开始阴雨了，但这多出的鸡肋的一天俺也没啥安排了，随意吧。,2
7497,还是一个非常有意思的地方，这边让吃得特别的多，逛逛这个小胡同，觉得整体的环境呢也非常不错啊，嗯，挺有意思的一个地方，各式各样的特色吧。,2
7498,北京南锣鼓巷是北京最古老的街区之一，自明清以来，这里一直是“富人区”，居住过许多达官贵人、社会名流，这里的每一条胡同都留下历史的痕迹。南锣鼓巷南北走向，长约800米，主街上开设着各种商店和饭店及休闲场所，东西各有8条胡同整齐排列着，胡同里有一些名人故居，今人住宅，还有着很多北京曾经很有名的大杂院。因为街区建筑及浓郁的文化特色，南锣鼓巷吸引着众多的中外游客前来参观，白日里人流熙攘，穿流不息。而在巷内仍然...,2
7499,6月末、7月初，池塘里现在的荷花开得正好，从荷花市场可以步行到里面参观，胡同和什刹海相连。里面有许多特色小店。有水、有花，盛夏荷花绽放，莲叶无穷碧，菡萏别样红。鱼儿在莲叶中嬉戏，特别有趣。,2
7500,王府井大街。街上人不多，可能时间不对，实在是没发现吸引我的地方，果断和媳妇溜了南锣鼓巷距王府井几公里，自行车是首选，方便快捷还环保哈哈镜～整个南锣鼓巷我最喜欢这个，可惜带不走就笑笑不说话😁,1
7501,算是北京的一个小景点吧 和所有的古街差不多 没什么特别的感觉,1
7502,南锣鼓巷还是一个非常不错的地方，这边儿的那属于北京很老的一个文化。去基地吧，离这个公王府比较近，也就是和珅之前的大宅子看着还是真的挺好的，环境啊，小吃啊，在这边都能够找到挺不错的东西。,2
7503,北京人气比较旺的旅游景点，末代皇后婉容故居、清代僧格林沁王府等名人故居就在主街旁的胡同里。南锣鼓巷内特色美食风味小吃不少，比较出名的“文宇奶酪店”，经常排队，奶酪、双皮奶是特色，“过客”的各种创意十足的风味匹萨很吸引人。,2
7504,南锣鼓巷曾经是有钱人住的地方，不过现在个人觉得已经沦为街市了，没有一点文化气息，商业太浓厚，但既来之则安之，看看吧。路过的一景点地铁直达，6.8号线，走起都是各种小吃，一般啊一杯10块不贵 哦可爱的小仓鼠个人觉得这家店一定要走，“京扇子”里面的东西真的很有特色，虽然我不买，但是值得我们去细细的品味这要1980啊，缂丝扇很香，檀香啊京秀好像说的是，反正 真的好看这种安神的什么助眠的什么，不用买。贼贵，没效果，...,0
7505,南锣鼓巷已经是一条非常有名的胡同了，因为中央戏剧学院的存在，给这条街增色不少，这是年轻时尚人群喜欢流连的场所。该过年了，喜庆的装扮又给这条街增添了浓浓新年气息。,2
7506,它是北京最古老的街区之一，是我国唯一完整保存着元代胡同院落肌理、规模最大、品级最高、资源最丰富的棋盘式传统民居区，也是最赋有老北京风情的街巷。周边胡同里各种形制的府邸、宅院多姿多彩，厚重深邃。,2
7507,北京最古老的街区之一，去了北京怎能不去这里哦，里面各种小店，美食都有的，逛的时候顺便吃几个小吃，肚子就饱了！很有老北京的气息哦，值得一去！,2
7508,很不错的杨林导游，靠谱，这次刚好遇到北京新年第一场雪，雪景故宫很美，就是故宫只走了一半就搭车去长城了，有点可惜，其实故宫可以花多点时间的,2
7509,南锣鼓巷的名气太大了，可是商业化太厉害了，我觉得这一片都非常的吸引人，唯独南锣鼓巷这一条街，人又多又没有什么特色，相比隔着鼓楼大街的北锣鼓巷就比较接地气,1
7510,南锣鼓巷这里真的人山人海啊，这里本来是北京最著名的胡同现在已经商业化的很厉害了啊，已经是到处都是小商店但是来玩玩还是不错的。,2
7511,久违的南锣鼓巷，今天又见面了，感觉非常的亲切，景色不错哦！逛逛南锣鼓巷，吃吃美食、看看人群，感受当地的民风民俗和文化，挺好的。,2
7512,抖音上的网红炸酱面，在胡同里面，小小的店，没有其他东西吃，一进去就问你要几碗，不知道是否酱加多了，有点咸，没有其他特别的味道，面很扎实，不太吃的习惯，但也吃了大半碗，毕竟刚刚吃了炒肝和包子奶茶喝多了，脸上就会出现笑容，,1
7513,南锣鼓巷建于元朝，至今已八百年了。清末大学士文煜、明清之际的洪承畴、近代的茅盾、齐白石都曾住于此，这些政坛要员与文化名流在质朴而又充满古韵的巷宇中粉墨登场，上演一幕幕历史大戏，为南锣鼓巷留下了丰厚的历史积淀和文化记忆。,2
7514,对南锣鼓巷的印象一直是两款，极好和极差,2
7515,南锣鼓巷，既有老北京的特色胡洞文化和地道的老北京小吃，又有涌入的外来文化和国外美食，这两者完美融合让来这里参观游玩的游人们一起体会。,2
7516,来当地旅游这个南锣鼓巷也是许多朋友推荐的，了解当地民俗，还有胡同文化，这里一应俱全，当地小吃也是很多，味道不错，交通便利。,2
7517,南锣鼓巷是一条胡同，位于北京中轴线东侧的交道口地区，北起鼓楼东大街，南至平安大街，宽8米，全长787米，于元大都同期建成。是北京最古老的街区之一，已有740多年的历史。也位列规划中的25片旧城保护区之中。因其地势中间高、南北低，如一驼背人，故名罗锅巷。到了清朝，乾隆十五年（1750年）绘制的《京城全图》改称南锣鼓巷。只是现在南锣鼓巷已经变成了满满商业气息的巷子，总感觉少了一点牢老胡同的味道。,0
7518,于导很好说的很清楚，一些点都会提前通知,2
7519,南锣鼓巷列于25片旧城保护区之中，全长786米，是北京最古老的街区之一。是我国唯一完整保存着元代胡同院落构造、规模最大、品级最高、资源最丰富的棋盘式传统民居区。如今这里开起了风格百变的个性店铺，各种精巧时尚的私房小馆，老北京胡同与小资情调结合，成为北京的时尚地标。,2
7520,虽然自废武功（旅游降级），但是一如既往的人多。 周围胡同里曾经住着晚清民国的达官显贵，又有多少文人墨客在这里创作了如“四世同堂”、“骆驼祥子”等文学作品。 今天这里，又有多少是传统的老北京特色… …,1
7521,就是一条比较有京味的街道，牌坊可是很显眼，两边都是商铺，游客比较多，本地人基本很少，街道比较拥堵，都跟着三轮车抢道，街道曾经是达官显贵的居所，现在也是大门紧闭了，白天和晚上是不一样的景色，小玩意挺多的，随便看看也是比较有意思。,2
7522,因为买了12点多的高铁票回家,1
7523,改造后的南锣鼓巷整洁宽敞了不少，店面也统一了，少了烟火气，多了个网红小巷而已。店面换的太勤，真正的好店老店不多了，文宇奶酪店还在，也感觉不是当初那味了。,0
7524,运气不佳，鸟巢、水立方闭园，失之交臂，门口远远喵了一眼。,0
7525,商业气息很浓厚，只有主街旁边的侧巷保留原汁原味的古老京城气息，有很多民间手工艺现场制作，也有很多人力拉客车代客，很想坐坐试试，又怕被宰,2
7526,南锣鼓巷，它是一条位于北京中轴线东侧的交道口地区的胡同，是北京最古老的街区之一，也是我国唯一一个保存完整的元代胡同的棋盘式传统民居区，在胡同周围有各种形制的府邸宅院也是多姿多彩，在明清时代，这里曾是大富大贵之地，这里的大街小巷都挤满了达官贵人，这里有僧王府、靳云鹏旧宅、齐白石故居等等，这条胡同主要卖的是特产，不过这里的价格就要比其它地方的要贵一些。,2
7527,胡同不长，好吃的很多。有特色的也很多。东西不算贵。附近超市，价格很实在。周围胡同里住宿也不贵，出行方便，真的不错。强烈推荐！,2
7528,地铁南锣古巷站出来就到，很方便。古巷里面都是商铺，很特别的景点在主巷上出来就几个。卖的东西有很多不是北京当地的品牌。吃的主要是小吃店。,2
7529,现在的南锣鼓巷，经过重新修建以后，焕发出独特的魅力，各色各样的吃喝玩乐，都聚集在一起，↓形成了南锣鼓巷特有的地域文化和氛围。,2
7530,适合打卡的集中地，三两朋友一起闲逛很是舒服！ 【景色】,2
7531,充分感受老北京胡同文化，各个胡同穿梭其中就像迷宫一样，走了一万多步感觉只是个皮毛，各色小吃一应俱全，老北京的、西式的、网红的也夹杂其中，让人应接不暇，只是我在吃上面比较挑剔，没敢吃什么东西，进了一个糖果店给女儿买了礼物，心情不错的！,2
7532,北京西站早上九点多我们到了北京西站，在附近的早餐店先吃了点豆浆油条小笼包垫了垫肚子，便坐地铁直接去了已经预定好的酒店。,1
7533,要想看北京的胡同，最好是白天去，北京的胡同挺有特色的，但是南锣鼓巷的夜景也是很美的，与南方的巷子还是各有各得特色的。不推荐,2
7534,很商业化，全是商店，卖的东西也大同小异，小吃也差不多，随便逛逛还可以,1
7535,在北京有着这样一个观光街区，她充满文艺小资情调和浓郁的老北京风情，白天夜晚景色各异，啥时侯去人气都很旺，美食小吃多，周边景点密集，出行还很便利。那就是南锣鼓巷。附上南锣鼓巷打卡攻略。  景点名：南锣鼓巷 地址：北京市东城区南锣鼓巷胡同 交通：地铁6号线或8号线到南锣鼓巷站E西北口出 门票：免费进入，全天开放,2
7536,南锣鼓巷还是很有当地特色的，老胡同也是当地特有的文化，这里也算比较原汁原味。游人也挺多的，小吃也很多，味道也不错，价格也不贵。,2
7537,小的时候，南锣鼓巷就是一条胡同。到今天，从小经厂开始，到南锣鼓巷，再到鼓楼大街，地安门，都被统称为“南锣鼓巷”。有些有趣的小店，有空可以逛逛。,2
7538,再游南锣鼓巷，由于到达的时间较晚，所有的商铺都开始营业了，人气十分旺盛，不像我上次是一早过来的，还拍到了较为空旷的小巷风景照。南锣鼓巷曾经是不少名人的居住地，人文气息浓厚，现在也是知名度颇高的名巷。,2
7539,南锣鼓巷位于北京中轴线东侧的交道口地区至今已有740多年的历史。它是中国唯一完整地保存着，是最富有老北京风情的街巷。周边胡同里各种形制的府邸、宅院多姿多彩，厚重深邃。,2
7540,熙熙攘攘的人群，天南海北的人潮，各式各样的小店，密密麻麻的小巷，在这里体会老北京的胡同文化和各地美食，体会传统与现代的融合发展，给你皇城脚下的非凡体验！,2
7541,南锣鼓巷是北京最小资的地方，也是北京的网红景点，前来打卡游览的游客简直不要太多，所以，这里永远人潮汹涌、络绎不绝，很少有人少、清幽的时候。建议雨天前来这里，可以感受到不一样的风情。,2
7542,一连去了两个晚上，孩子吃吃吃，我就逛逛逛，小玩意儿很多很漂亮，完全逛不够的样子。咖啡好香，远远的就被吸引进去啦。比较拥挤，人太多,2
7543,纯粹就是看看北京的老建筑吧，除了南锣鼓巷这条主路人比较多，其他的支路人都还是比较少，总体感觉一般般，就是一条条破旧的小路，房门开着的，里面都是破烂的小院子，就像回到了。,0
7544,从玉河经东不压桥胡同、拐棒胡同到达什刹海万宁桥。后经帽儿胡同、雨儿胡同进入南锣鼓巷 最喜欢的还是胡同里的市井味道 非常有老北京的味道！充满了文化底蕴！,2
7545,南锣鼓巷是北京市著名的一个旅游街区，景点古色古香，而且里面商业气息浓厚，交通也非常的方便，地铁南锣鼓巷站是两条地铁线的交汇站。里面呢，有不少的网红店铺啦，可以胡同里面闲逛了很不错的。,2
7546,景色不错，有一个大问题：南锣鼓巷、烟袋斜街和小胡同的区别太大了！东西有一丢丢贵，但总体来说还是很不错的！景色挺好的，但是没有多少文物。我们还去了什刹海，景色挺美的！买到了我心仪的东西，糕点，贴纸，挺高兴的！美中不足的是，人有点多，差不点就窒息了，喜欢购物的亲们可以去哦(´-ω-`) 【景色】 【趣味】,2
7547,南锣鼓巷，北京保存很好的一个胡同，而且油门非常的多，去的时候人挤人了，人山人海，感觉好像是周末的原因吧，旅游团特别的多，而且街上的小吃啊，各式各样的店铺都非常多，商品琳琅满目很好。,2
7548,南锣鼓巷是北京市蠢出名的一条传统古街区，交通也是非常的方便，位于市中心附近还有什沙海。北海等等出名的景点就在双地铁南锣鼓巷站的上盖，整个南锣鼓巷呢呈南北走向。,2
7549,大名鼎鼎的南锣鼓巷是北京吃喝玩乐一条街，这边相当有特色，充满着深深的北京的风情，十分值逛的的地方，我们住的酒店就靠近南锣鼓巷，所以一寄存完行李，我们第一个景点就是南锣鼓巷。,2
7550,很热情，服务很好，考虑周到。,2
7551,能够人山人海一定不是因为景区是免费的，但是人山人海说明景区很受欢迎。老北京气息比较浓的地方。各种特色的小商品，传统小吃。还可以坐黄包车悠闲的欣赏老北京胡同。,2
7552,由于几乎接近商业化，已经没有了原来的宁静和美丽。简单来说，就是很多条老巷子在一块组合而成的。里面全都是卖东西的，吃的也不怎么地，挺贵的，感觉不太好！,0
7553,人蛮多的，一到那里就只顾着吃吃逛逛了，拍照什么都不重要了，主要是人多，拍照也不好看，穿过这胡同过去的。胡同很深,1
7554,这是离我家最近的景点，步行就可以到，经常散步去。紧靠后海，一年四季都可以去，春天赏花，夏天划船，秋天赏月，冬天滑冰，不要门票，还有许多北京的老字号。,2
7555,溜达着去了南锣鼓巷，途经“茶汤李”去吃了有名的茶汤和门钉肉饼，奶思南锣鼓巷还是那么好逛，有很多精致有特色的小店，美食也很多，适合逛吃逛吃,2
7556,南锣鼓巷变成了每次来帝都的必去之地，这次来还是为了难忘的四合院民宿，只是这次来比前年夏天来时人更多了……建议清晨或夜晚出行，否则大热天的，人流量会让人头晕，每家店都人挤人，特别饭店，当避开人群的时候会感觉美很多。如果实在避不开人群，就去北锣鼓巷，那样更清静。,2
7557,到南锣鼓巷感受人潮，确实是游客太多的了，多的走路都走不开，但还是推荐大家晚上来逛下的了，有一定的特色，逛逛的感觉还行的了,1
7558,南锣鼓巷，加上周围数十个胡同，可以说是北京古城，胡同巷子的典型代表。南锣鼓巷这一道路如同其他古街古巷旅游景点，也是商业开发充分，各式店铺，游人如织，图个热闹呗。其实很多周围的老胡同，如同血管一样支撑着南锣鼓巷，还是有诸多特色，也有不少挂着各级文物保护单位的牌子，大部分是居民点，肯定是闭门谢客，也几乎看不到典型的四合院，有点遗憾。,1
7559,是个很好看的巷子，本来打算去里面的四合院里看看，但是门上都贴着不让外人进入，也就没进入，有点小遗憾，总体感觉还是很喜欢这里的,2
7560,南锣鼓巷，北京打卡景区，人很多，很热闹各种小吃，个人觉得文宇奶酪味道不错，没有很浓的香料味道，奶味纯正，喜欢，咂摸的面条和豌豆黄不如想像中好吃，没有我大沈阳的面条好吃，但是价格不菲呀。老北京的胡同很多，还有很多住家呢,1
7561,现在这里是步行街。许多各具风格的小胡同，装修别致的咖啡厅和小酒吧，还有北京当地各色的零嘴小吃，这里的繁华和包罗万象已经成为了北京城的地标性场所。,2
7562,到北京这里怎么也来逛逛，哪怕什么都不买，其实这里就是一条胡同，因为比较古老所以很多人来，旅游哪里的古街都是人气旺，人来人往的。,1
7563,北京的小吃街，真的超级超级多人，但是去了北京还是值得一去，有些特别有趣的小玩意店，可以发现下。之前买了一套陶瓷小猫咪，很可爱，八个70元，不贵，大众消费吧。,2
7564,这个属于网红景点，很多人推荐，特地来打卡，每个城市都有这样一条具有当地特色的小巷，这里很不错，还有原住民，可以了解当地生活习俗,2
7565,古巷很有当地特点，还有很多原住民，可以了解当地生活，文化特点，小巷还有很多小吃，价格实惠，味道也不错的。交通也很方便的。,2
7566,南锣鼓巷是北京最古老的街区之一，距今已经有700多年的历史了。它也是我国唯一完整保存着元代胡同院落肌理、规模最大、品级最高、资源最丰富的棋盘式传统民居区，也是最赋有老 北京 风情的街巷，它的存在就像是 北京 古都风貌中 一块保存完整的“碧玉”。,2
7567,去吃完护国寺小吃，步行到了南锣鼓巷。这里是文艺小资青年的必打卡之地，好像很多城市都有这样的一条巷子，像成都的宽窄巷子、锦里，上海的田子坊，晚上很热闹，沿路两侧有很多有特色的店铺，吃的、喝的、手信店、化妆品店，中间有一家口红学院，可以自己做口红，158元一支，自己选色号、选精油的味道、选口红管的样式，会有老师来教你做，很有意思，可以体验一下。但是有一点要注意，千万别逛得太晚，太晚地铁没有了，打车也不好...,2
7568,我和我媳妇第一次去是我们谈恋爱的时候，她喜欢那里的小吃，我喜欢看她吃东西的样子。那时候真的很美好。结婚以后我俩又去过两次，还是挺喜欢那里的，毕竟是有美好的回忆。,2
7569,很不错，值得一逛，虽然说是商业街，但很有特色，很多网红店在这条街上，可以去打下卡，游客蛮多的，听说很多当地人也喜欢去逛这条街,2
7570,布满各种商店的一条街，饭馆儿超级多。 晚上亮灯时更好看一些。离北海公园什刹海鼓楼非常近，这几个地方用半天时间逛逛就可以啦。,2
7571,南锣鼓巷是北京非常文艺小资的一个好去处，第一次是夜里到的看到了点夜景，之后又先后经过来了两次。这个景点有地铁直达，下午傍晚时分来很好。里面有很多文艺小店，随便选上一家店都能待上很久。五一节假日来时人非常多，道路挤满了人，想拍照取景的话建议平时来。,2
7572,南锣古巷是老北京胡同小巷与文艺小资的结合体。类似于成都的宽窄巷子。这边人气也是很旺，白天晚上景色各异，沿路街道有很多店铺，不乏网红以及文艺装修。很有北京特色的文艺景点。周边景点如烟斜袋街、帽儿胡同、什刹海（酒吧街）、后海（公园）都在附近。可以一起逛。,2
7574,我又来了~ 这次是陪家里人来溜达一下 不然 我不来 密密麻麻的人呢 90[%]是游客来的 上次住在南锣鼓巷的客栈 每晚逛到吐 这下好了 客栈价格翻倍 再见了您内 半年不来 这里商业化更胜了一分 没太多可逛了 我还是爱大栅栏多一点 迅速走完这条街走人吃烤鸭去咯,2
7575,导游晴格格讲解非常好，人也很好，幽默。这条路线推荐。还是很靠谱的。,2
7576,南锣鼓巷离王府井不远，节假日期间，人特别特别的多，以至于限流，绕了一大圈从另一头进入的。以小吃为主，各种各样的北京小吃，也有其他的小吃，饮料等等。,2
7577,很完美充实的一天，自己逛故宫真的逛不明白，王荣融导游讲解很细致说话声音很温柔，超级喜欢她。下次来北京一定还找她啊😄,2
7578,导游服务很好哟👍讲解得很仔细，也很流畅，对于第一次来北京的我们照顾得周到，可惜天公不作美，下雨啦，总之，良心推荐👍👍👍,2
7579,结束了一天愉快的旅行，阿斌导演讲解的特别好，服务特别好，风趣幽默有耐心，60岁以上的老人有退半价，下次旅行必选这家,2
7580,南锣鼓巷比较文艺，很多店铺，还有小吃店。,2
7581,北京的南锣鼓巷。是北京一条非常有历史的胡同，现在还是比较商业化的。但是整个活动几乎没有可以。游客。坐着休息一下的地方。这点如果能改进一下就会更好的。还是有许多好吃的店，很多好吃的。,2
7582,我们的导游是非常专业普通话特别好的热心姐姐，全程每位队员都悉心照顾，有什么突发状况她都有照顾到大家，因为从事这个行业很多年，所以给大家讲解路线的时候知道怎么规避不必要的路线，让我们有限的体力能欣赏最大化的风景，全程绝对全风景不会出现购物消费，根据自己的体力好好享受吧，反正景点儿都有的共性就是人多,2
7583,我们的导游王荣融太有亲和力了，专业的知识，到位的讲解，敬业的精神，全程呵护我们，从故宫到长城，风雨陪伴，我们的同伴在行程中出了一点小问题，最后在她的帮助下都一一解决了，谢谢你，下次北京旅游，一定推荐朋友家人找你做导游！导游温柔漂亮大方！,2
7584,体验很好，导游阿斌很赞。我早上迟到了也一直和我联系，生怕我找不到队伍。介绍故宫很仔细，很有趣。这次一天行非常开心和满意。,2
7585,曹敏帅哥很不错，幽默风趣又负责任，讲解很到位，全程很开心,1
7586,188曹导人帅心善棒棒哒！,1
7587,服务好、空调大巴上超冰镇矿泉水才卖2元一瓶，靠谱,1
7588,昨天去的，人很多，完全没有休闲的感觉。买了宇文奶酪，豆卷，酸梅汤，感觉一般般，他家在巷口，排队很不方便，支付宝付款40以后，女店员说我没有付款，幸亏支付宝有记录。旁边的街比较清净，和儿子去吃了小杨卤煮火烧，很好吃，服务态度也好。还去了咂摸饭店，其中的炸灌肠是一种类似炸闷子的东西，淀粉类的，减肥健身的就不要点了,1
7589,导游豪阿哥 服务周到 五一旅游 豪阿哥导游安排妥当 讲解景点背后的故事  一天充实而愉快 下次还会找豪阿哥,1
7590,一日游很满意，风景美极了，再加上遇到晴格格导游让我们的旅途更愉快！专业的讲解温和的笑容，像个大姐姐！点赞！真诚的！,1
7591,夜晚的南锣鼓巷，热闹非凡。徜徉在那条古巷，随便看看也很惬意。每个店铺名字都很有个性，喜欢的可以买一点，价格不贵。有好几处适合拍照打卡的地方。很不错的。,1
7592,南锣鼓巷是一条胡同，位于北京中轴线东侧的交道口地区，北起鼓楼东大街，南至平安大街，宽8米，全长787米，与元大都同期建成。是北京最古老的街区之一，至今已有740多年的历史。,1
7593,导游豪哥行程安排得非常好，玩得很开心，虽然下午天气不太好，也算见证了烟雨中长城别样的美，爬长城还是考虑坐缆车，不然真的很累。,1
7594,豪哥，讲解非常全面，推荐不错，豪阿哥您正确的选择。,1
7595,南锣鼓巷是北京旅游很多人推荐的地方，但是整条路显得太商业化了，感觉每个城市都有这种类型的街区，傍晚时候去的，逛了没多久就离开了，这条路上还有著名的中央戏剧学院，还有可以在电视剧上看到的一些胡同名字，总体感觉一般，来看一下就好了，没什么值得逛的,1
7596,导游豪阿哥，今天行程非常棒，天气好，安排流程非常顺，不是周末人也不多，时间很充裕，下次来还找他，好评满满😄😄,1
7597,南锣鼓巷是北京最古老的街区之一，是北京古都风貌中 一块保存完整的“碧玉”。这里有许多各具风格的小胡同、有南锣鼓巷酒吧街，还有各种小吃，带宝贝们到这里逛一逛，感受一下他的别具特色。,1
7598,老人家们玩的非常开心！我没法带他们玩就决定给他们报的团，看来没有选错，有导游的耐心讲解，比自己去玩开心多了！下次亲亲们再来还会来报团，省心多了！,1
7599,傍晚去了有名的小吃街——南锣鼓巷，边走边吃边看，兴尽而归。,1
7600,不知道从什么时候开始，北京的旅游里都会有南锣鼓巷这个景点，然而，南锣鼓巷现在也是越来越商业化了，整个一条胡同，基本上都是做生意的小店，吃小吃很方便，也有许多卖小东西的店，还是很不错的一条，很文艺的，北京老胡同！,1
7601,其实就是分了南北的锣鼓巷，北锣鼓巷和南锣鼓巷两段，南锣鼓巷成了游客的必到之地。 这个名字，我是2007年时知道的，第一次去，已经2015年了。今年又去，和四年前的白天也没很大差别，就是一条没有特色的商业街。 其实，所谓南锣鼓巷，不止这一条胡同，还有旁边连带的胡同，就呈一条蜈蚣的样子。,1
7602,这种文艺范加吃货天堂的小街貌似哪个城市都有，南京有老门东，济南有宽厚里，西安有回民街永兴坊。南锣鼓巷就是这样一个小街，🈶️各式各样的纪念日，特色商品，也有各种小吃。南锣鼓巷是很多胡同里源头，帽儿胡同就从这里开始。开始各种吃吃喝喝露娜猫，可乐挑中了这个买到了心爱的礼物人群中的回眸这个很像南京的那个卖茶饼的店，叫啥名我忘了烤榴莲很有名的帽儿胡同，这条胡同里住过很多名人呦，可以时间太晚了，没有进去好好...,1
7603,南锣鼓巷是一条胡同，位于北京中轴线东侧的交道口地区，北起鼓楼东大街，南至平安大街，宽8米，全长787米，于元大都同期建成。是北京最古老的街区之一，已有740多年的历史。也位列规划中的25片旧城保护区之中。因其地势中间高、南北低，如一驼背人，故名罗锅巷。到了清朝，乾隆十五年（1750年）绘制的《京城全图》改称南锣鼓巷,2
7604,顺什刹海走到银锭桥，逛一逛烟袋斜街，走到地安门大街，马路的东侧就可以穿过胡同走到南锣鼓巷。精致的小店，京味儿十足的老物件店铺，时尚餐厅，小资格调咖啡馆。,2
7605,有好多好吃的，也有好多小饰品，特别漂亮，不过有点小贵，我那天是晚上去的，出口处人有点多，还有点挤，里面还有一些小胡同，喜欢,2
7606,1.门票:去逛南锣鼓巷不需要门票。 2.食宿:吃了蟹黄汤包和花枝烧，不好吃。我猜里面的东西应该都不太好吃，而且贵。 南锣鼓巷里有住宿的地方，没进去，环境看门口感觉还不错。 3.商业化程度很高，街两旁卖东西的服务态度都很差，不建议买纪念品毕竟所有景区的纪念品都差不多。多逛逛胡同。 4.越往里走胡同里的游客越少，可以转转胡同，里面有住户，不知道住景区会不会很烦毕竟每天都有人在门口瞎晃。在一个人少的胡同里听到了卖大米...,2
7607,北京保存比较完整的古老街区之一，保存着老北京风情的传统民居和胡同特色。现在改造为步行商业街，为北京著名的旅游景点。有不少老北京特色商品和美食小吃，特产，咖啡馆，精品店。,2
7608,南锣鼓巷、簋街、前门，我还是比较喜欢南锣鼓巷，边逛街边吃小吃，甜甜的冰糖葫芦，味道独特的豆汁，爆肚等等。簋街那边主要是吃饭的地方，适合人多一点。,2
7609,南锣鼓巷，对于全中国，甚至是全世界来说都是一个很响亮的名字。对于一个长在北京的孩子来说，也是有很长时间没到过这里了。其实这里并不长，也就700多米吧，宽8米，就是个胡同。里面有很多的胡同，不过现在的商业化气息太浓了。,2
7610,每个城市都有一条专烧外地人的街，北京便是南锣鼓巷，但我想说的是好多文艺小店和特色美食只有南锣鼓巷才有，非常值得一游。这次是从后海过来的，跟着导航穿了一系列胡同，下次定要好好的仔细一游。,2
7611,北京最古老的街区，充满了年代感和历史风情，体会浓郁的老北京民俗，著名的旅游景点。曾经有不少社会名人，达官显贵在此居住过。,2
7612,北京很标致性的一条老街，在一片胡同中，离什刹海很近，距故宫等景点也不远 。 巷子不算太长，节假日人太多了，基本都是人。开的店和国内其他老街、古镇都一样，像成都的宽窄巷子，上海的田子坊，都是特色小店和小吃。门口有大叔骑车带人们胡同游，可以了解些传统故事。,2
7613,回来还有半天的时间，就又去南锣鼓巷转转，吃了点东西，坐地铁去机场了。太喜欢这些胡同的名字了，好可爱，好好听！都一处的三鲜烧麦，48.不好吃，不是一般不好吃。后悔也没办法，因为其他更不值得吃。这个玫瑰冰激凌看着好喜欢，30块钱一个还可以，就是天太冷，没敢吃。下次一定尝尝。颜色不同口味不同。,2
7614,去北京，逛胡同，是我一直以来的梦想。我俩798简单逛逛就来到这里，果不其然，挺着黄包车司机的讲解，走进一个小胡同，太有意思了！我俩唯一遗憾的没有租一辆黄包车游胡同，胡同还得有人讲解才有意思。一是没有找到合适的人，另外舍不得花钱。就蹭听了几段，即使这样，也觉得特别有趣。下一次有机会，我一定要租一辆，找个靠谱的人听听。,2
7615,平时的的节假日根本没办法去南锣鼓巷，人山人海，根本就走不动，但唯独春节期间南锣鼓巷还算清净，人不多，逛着也算是惬意。很多创意小店，有点意思，一直走到北锣鼓巷~,2
7616,春节期间的南锣鼓巷还算是清净～人不多，逛着还是很惬意的～治安管理也是真好～到处站岗的～小店铺也很有意思～可逛的很多～至于小吃不推荐～,2
7617,南锣鼓巷真的是必须要来～不是因为他是步行街或者商业街，而是真正走进去，这里就是北京的老胡同，真实老北京生活就是这里了～他的历史他的变迁，他的点点滴滴都融在了一砖一瓦中～真实有内涵,2
7618,到北京，入住的酒店，离南锣鼓巷很近，第一站，就来这里找吃的，下午五点左右，旅游淡季，人也不少，街也不长，吃的和别的地方的小吃街差不多，但是很干净，没有摆摊占位的情况，米糕8元一个，15两个，和竹筒饭差不多，后来去的烟袋斜街才6块钱一个，文宇奶酪，个人觉得一般般，奶味不足，舒芙蕾甜的要死，这边的奶茶价钱还行，味道嘛，仁者见仁，咂摸应该是个私人老板开的，把四合院改成小雅间，两个人没敢点多，一份卤肉面，一份...,1
7619,南锣鼓巷，其实都是外地人去的，感觉旁边的几个胡同还不错，至于这的吃的， 不是什么特产，全国都有的网红小吃，吃北京特色小吃还是要去胡同里……,2
7620,南锣鼓巷很大很长，治安很好，让你玩的放心吃的开心，漫步南锣，有种恍如隔世之感，窄窄的胡同，棱角分明的四合院，还有京腔儿味十足的老北京人儿，值得打卡,2
7621,北京旅游的网红打卡地方，北京旅游资源十分丰富，古迹众多，古建筑也很多。这里是老北京胡同建筑的典型代表，两旁商业众多，以吃的为主。,2
7622,南锣鼓巷列于25片旧城保护区之中，全长786米，是北京最古老的街区之一。是我国唯一完整保存着元代胡同院落构造、规模最大、品级最高、资源最丰富的棋盘式传统民居区。这里一到周末，人超级多，要早点去，可以逛个清近。胡同一定要去体验一番，随意逛逛看看都是非常不错的选择，然后再到主干道上，很多美食、工艺品，琳琅满目，绝对满足你的一切需求。,2
7623,南锣鼓巷是一条胡同，位于北京中轴线东侧的交道口地区，北起鼓楼东大街，南至平安大街，宽8米，全长787米，于元大都同期建成。是北京最古老的街区之一，已有740多年的历史。今天的南锣鼓巷特别热闹，人来人往，人气旺旺啊！,2
7624,北京的南锣鼓巷很有意思！一条街，或者说是一条胡同，很热闹，文宇奶酪，还有很多特色的小吃店，既文艺又不是商业，来走走转转还是挺不错的！,2
7625,如果你是所謂的“文青”，或者都可以考慮去一趟，如果唔係去到會有些失望。我去到就只有食，食，食三個字，給我印象係另外一條北京食街。,0
7626,这次客栈就在南锣鼓巷里,1
7627,这次客栈就在南锣鼓巷里 客栈接机直接穿越到胡同里面 客栈出门就是这条商业气氛浓烈的街道 有句话说的对 凡是有旋转土豆和轰炸大鱿鱼的地方 就一定是条商业街了 两侧都是买买买吃吃吃的铺子 卖土特产和纪念品的小店 基本上每晚回客栈都会溜达一圈 看看吃吃买买 巷子的起头就是地铁站 每晚都是游人如织,2
7628,南锣鼓巷是一条胡同，位于北京中轴线东侧的交道口地区，北起鼓楼东大街，南至平安大街，宽8米，全长787米，于元大都同期建成。,1
7629,每次都去这，它是北京最古老的街区之一，是我国唯一完整保存着元代胡同院落肌理、规模最大、品级最高、资源最丰富的棋盘式传统民居区，也是最赋有老北京风情的街巷。周边胡同里各种形制的府邸、宅院多姿多彩，厚重深邃。南锣鼓巷及周边区域曾是元大都的市中心，明清时期则更是一处大富大贵之地，这里的街街巷巷挤满了达官显贵，王府豪庭数不胜数，直到清王朝覆灭后，南锣鼓巷的繁华也跟着慢慢落幕。,2
7630,南锣鼓巷是一条胡同，于元大都同期建成，乾隆十五年改称南锣鼓巷。南锣鼓巷及周边区域曾是元大都的市中心，明清时期则更是一处大富大贵之地，这里的街街巷巷挤满了达官显贵，王府豪庭数不胜数，直到清王朝覆灭后，南锣鼓巷的繁华也跟着慢慢落幕。,0
7632,南锣鼓巷曾经是老北京的市中心，这是一条很长的胡同，胡同两边全是商业。显得非常的热闹，游客比较多。两边的商店都比较有文艺范儿，很受年轻人的欢迎。,2
7633,晚餐，俩人脚要废掉的情况下，只想找个地方歇一歇对这些个性的logo，很感兴趣，职业病。。。不能救了,0
7634,值得一去，治安管理很好，每个胡同都有保安,2
7635,逛游了一天，晚上来到了南锣鼓巷，这里的小吃很多，估计吃货们应该喜欢这里。南锣鼓巷达贝子府铃木食堂按照某点评软件推荐，晚餐来到了这里，没有牌匾，不算太好找，但是里面吃饭的人不少。雪梨汤在南锣鼓巷里买的饮品，现煮的，很好喝咖喱牛肉饭铃木食堂以日式菜肴为主，比较有特色，口味也很好中央戏剧学院吃完饭，在南锣鼓巷里面溜达溜达，正好看见一个貌似很熟悉的胡同名字：东棉花胡同,2
7636,第一映像，小吃一条街，很长的一条街都是卖奶茶各种小饰品和小吃的，四通八达的连着很多小胡同，可以走走看看，建议晚上去很热闹,2
7637,每个城市都有那么一条街，南锣鼓巷很有江南巷子的感觉，店面装修的都很漂亮很文艺，有很多卖吃的的地方还有卖很多纪念品小玩意儿的店,2
7638,可以去逛逛，很有特色，店面装修的都很有味道，一个想卖味道和情怀的商业街，美食适当购买尝试,2
7639,南锣鼓巷是北京一个古老的街区，有许多保存完好的四合院，很多名人曾经在此居住过。胡同里有不少很有特色的小店，是品尝美食的好去处。秋高气爽的日子里，漫步在此，好好感受一下老北京的味道。,2
7640,这里是最赋有老北京风情的街巷。周边胡同里各种形制的府邸、宅院多姿多彩，厚重深邃。南锣鼓巷及周边区域曾是元大都的市中心，明清时期则更是一处大富大贵之地。如今是时尚年轻人聚集的地点！,2
7641,南锣鼓巷是一条胡同，位于北京中轴线东侧的交道口地区，北起鼓楼东大街，南至平安大街，宽8米，全长787米，于元大都同期建成。是北京最古老的街区之一，已有740多年的历史。,1
7642,南锣鼓巷是一条胡同，位于北京中轴线东侧的交道口地区，北起鼓楼东大街，南至平安大街，宽8米，全长787米，于元大都同期建成。是北京最古老的街区之一，已有740多年的历史。  平时人还挺多的，里面商铺还挺有意思的，会发现各式各样新奇的玩意，吃的也多，适合慢慢逛。,2
7643,南锣鼓巷是北京著名的特色街区，始建于元朝，至已有700年历史。以巷子为中轴，两侧分出诸多特色胡同。胡同里，分布着众多名人故居。,1
7644,晚上去的！超级多人！超级热闹！就一天步行街，吃的玩的穿的用的都有！推荐那个烤鸭卷饼，还不错鼓楼离得不远，晚上去，也关门了！,2
7645,小吃一条街，好吃的超级多，吉事果，闪电泡芙，文宇奶酪，还有就是南锣洞天的烤鸭卷，略贵，却超级好吃！刻意错峰出行，这个时间点人已经超级不多了，慢慢逛，慢慢吃，慢慢买。悠闲悠闲，挺好。南锣鼓巷烤鸭卷出售地烤鸭卷吉事果闪电泡芙文宇奶酪,2
7646,唯一的感受就是人挤人，很多东西还是不错，胡同有，感觉长沙的太平街,1
7647,在南锣鼓巷宝钞胡同四合院住了两个晚上，琴棋书画装备齐全，过生日还有鲜花和长寿面，感觉穿越到古代大家族了。适合带文化氛围大家族小住。,2
7648,大晚上的太想逛街于是去了南锣鼓巷-.-今天人超多，整条街都是行人，很有过节的气氛^O^这里商品很多让人看的眼花缭乱会忍不住想买，而且除了吃其他东西都不不太贵。唯一让我有点失望的是好多游客吃完的竹签和餐盒纸巾什么都乱扔，环卫工人门在挤满了人的巷子里艰难的清扫垃圾，希望游客们能长点心别乱扔垃圾了，万分感谢,2
7649,南锣鼓巷是一条集小资情调和老北京韵味为一体的胡同，很适合年青人来游玩。这里汇集了很多文艺的特色小店，还有丰富多样的创意小吃。图|去哪儿聪明旅行家@Mr李洪宇图|去哪儿聪明旅行家@马小样的後花圜图|去哪儿聪明旅行家@超级无敌可爱新而在主街两旁的胡同里，一座座旧宅蕴藏着老北京的历史。这里有清代的僧格林沁王府，末代皇后婉容故居，仿江南园林建筑风格的可园等。图|去哪儿聪明旅行家@baozoushenlong,2
7650,还可以，跟苏州平江历史街和杭州的南宋御街比起来，就非常短了。,1
7651,去北京总想逛逛传统的地方，南锣鼓巷就是一个。一大早去，很多店铺都没有开门。但不开门的时候游客稀少，正好可以安静地感受一下这里的传统。店铺的橱窗摆放着各种历史与现代结合的产品。对联、三轮车、石狮子等处处保留着北京的特色。,2
7652,从北海公园出来都一点多了，鉴于昨天行程太累，宋胖胖有点受不了，就决定去附近的南锣鼓巷转转觅食去。下了公交车就看到马路对面这个标志，就说明你到了看这熙熙攘攘的人群，周边都是各具特色的小店，；累得我匆匆的逛了个来回，买了网上推荐的网红店就回酒店午休了。买了套餐，45好像，味道没有网传的好这个真是不推荐，30元六块好像，那么爱吃甜食的我也是欣赏不动什么咖啡包，还行，但是没有惊艳效果,1
7653,古典与当代，民俗与世界，文化与商业，现实生活与过往历史，可以在这里看到结合点。尤其喜欢两侧的小巷，那些石碑上的介绍，写得很好。,2
7654,类似丽江古城，大理古城，凤凰古镇，阳朔，锦里，豫园，夫子庙，三坊七巷，户部巷……除了建筑有些差别，卖的东西都一样很现代，喧闹都是一样的喧闹，没有感觉太特色，去过以上地方的，不必专门再去，仅此！,0
7655,南锣鼓巷，北京老胡同改的商业街，主街不算很长，加上周边的胡同就够长的了。很喜欢这种人多热闹的地方，虽然说好像只是商业街，不过就算有历史文化的，我也看不懂。街上很多特产店、美食店、时尚小店，至于性价比，就见仁见智了。,2
7656,"南锣鼓巷其实很小，大概就是半个马路的宽度吧，因为去的时候正值节假日，所以人特别多，有特色的东西很多，小吃，小玩具,别具特色小店铺。当然最有特色的还是两边古朴的建筑，后来才知道，这里是很多名人的故居，明清时代达官贵人聚集的地方，是名副其实的“富人区”，而现在好多地方变成了各种各样有趣的店铺，有的建筑还保存完好可以参观。",2
7657,成都的宽窄巷子、福州的三坊七巷，上海的豫园、济南的芙蓉街，好像每座城市都有一个这样的所在，北京的就是南锣鼓巷。个人觉得南锣鼓巷还是更适合晚上来逛，夜幕下的巷子更添了一份妩媚。巷子里文创产品店铺很多，吃饭的馆子控制在一定比例，这样的做法不错，比起西安的回民街满是饭店的感觉，南锣鼓巷更有文化味。缺点是与南锣鼓巷交接的其他巷子里的那些历史文化建筑，比如齐白石故居、婉容故居好像都不对外开放，白白浪费了历史...,2
7658,带着小朋友，搭乘地铁来到北京很有名的胡同南锣鼓巷。这里有很多老建筑，一路上看到很多名人的旧居，还有当年的王府，很有北京特色。走在最热闹的那条路上，两边都是商店，卖着北京当地的一些特产，比如糖葫芦，还看到有老人在捏糖人。这里有一家文宇奶酪，带着小朋友尝了下，说蛮好吃，店铺有点小名气，很多人在排队。 整条路人气很旺，如果节假日来就是人挤人了，建议大家可以走到边上的小胡同，瞬间会感到很安静，人不多，却更...,2
7659,带着小朋友，搭乘地铁来到北京很有名的胡同南锣鼓巷。这里有很多老建筑，一路上看到很多名人的旧居，还有当年的王府，很有北京特色。走在最热闹的那条路上，两边都是商店，卖着北京当地的一些特产，比如糖葫芦，还看到有老人在捏糖人。这里有一家文宇奶酪，带着小朋友尝了下，说蛮好吃，店铺有点小名气，很多人在排队。,2
7660,酒店去南锣鼓巷大概20分钟路程，不远，我们走着去。,2
7661,南锣鼓巷 颜值高高的一条学生街，夜色降临，十二分美丽，有好吃的，也有很多文创产品，靠近中央戏剧学院的缘故这里热闹非凡~推荐大伙在傍晚时候来游玩。,2
7662,各种小吃，小小古迹，玩具纪念品应有尽有，游人如织，给儿子买的拼装积木，给媳妇买的杯子，个人买的烤鸭…等等，感觉不错，下次带媳妇一起去,2
7663,胡同很长很大，来往的人很多。有许多非常有意思的小店，像是京扇、京兔爷，就是这类纪念品价格稍贵，不适合学生党购买。商业化比较严重，胡同里有至少两家韩式百货用品和小巴黎…小吃还是不错，比前几天去王府井小吃街好吃 (●°u°●) 」,2
7664,南锣鼓巷地处北京的市中心，是一条集小资情调和老北京韵味为一体的胡同，也是北京的时尚地标之一。这里汇集了很多文艺的特色小店，还有种类众多的小吃，年轻人尤其是文艺青年，往往会把这里当做游玩北京的必选去处。图片来源于去哪儿攻略用户@小璞kappa图片来自于去哪儿聪明旅行家@梁lsh图片来自于去哪儿聪明旅行家@梁lsh图片来自于去哪儿聪明旅行家@梁lsh南锣鼓巷的小吃十分多，不过价格不太平价，可以尝试一些，不必所有的都试，...,2
7665,于元大都同期建成，是北京最古老的街区之一，已有740多年的历史。因其地势中间高、南北低，如一驼背人，故名罗锅巷。到了清朝，乾隆十五年（1750年）绘制的《京城全图》改称南锣鼓巷。它是我国唯一完整保存着元代胡同院落肌理、规模最大、品级最高、资源最丰富的棋盘式传统民居区，也是最赋有老北京风情的街巷。周边胡同里各种形制的府邸、宅院多姿多彩，厚重深邃。南锣鼓巷及周边区域曾是元大都的市中心，明清时期则更是一处大富...,2
7666,友人推荐，携女友逛鼓巷，下午游人如织，不畏烈日，兴致勃勃，边聊边逛。既有传统的民族文化，又有现代时尚小店，老少皆宜，物品丰富。,2
7667,如今这里开起了风格百变的个性店铺，各种精巧时尚的私房小馆，老北京胡同与小资情调结合，成为北京的时尚地标。游客居多。随便走走。,2
7668,来了京城，不来南锣鼓巷，你似乎错过了夜间的一抹繁华之地，这是一个有着地标性建筑的胡同，吃喝玩乐购物一体的地方，各种小吃，小物件儿特色，还有些许网红店，用北京话讲就是：乌央乌央的人流，但正是这种感觉才让人们觉得热闹有趣，我个人来讲是喜欢逛这里的，发一些图片供大家参考！(手机拍照，不喜勿喷！),2
7669,南锣鼓巷，不想说那些人尽可知的景点，我认为更能留在记忆中的是某个不经意的拐角，某个不经意间的所见所闻所想，日后怀念，某时某刻某人某地，久久铭记于心，不能忘记。,2
7670,我从地铁站南锣鼓巷下的车 出口的左手边就是 南锣鼓巷的牌坊 真的是很适合傍晚来玩 逛着逛着就黑了天  晚饭自然可以在这条街上解决  我顺着这条街走的 没有去往分叉口  一家店一家店的看  饮品店居多 小吃店跟日用品不相上下 最喜欢  这家一朵一果了  卖明信片手账本书签和纸胶 还承担邮寄明信片的业务  印章邮戳很喜欢,2
7671,南锣鼓巷是一条胡同，也是北京最古老的街区之一，已有740多年的历史。因其地势中间高、南北低，如一驼背人，故名罗锅巷。到了清朝改称南锣鼓巷。 南锣鼓巷是我国唯一完整保存着元代胡同院落肌理、规模最大、品级最高、资源最丰富的棋盘式传统民居区，也是最赋有老北京风情的街巷。,2
7672,古色古香，京味十足，坐人力车逛胡同，讲解一般,1
7673,南锣鼓巷历经元明清三代，穿越近800年的时空。她与元大都同龄，是一块古城民居的活化石，一部城市历史的活档案。,2
7674,北京特有的胡同文化。在地铁站南锣鼓巷站下。人一直很多。里面店铺林立，各种商品，可以吃到文宇奶酪，冰糖葫芦，可以买到各种本土特产。穿梭记忆感受北京古老文化，看到各种手工技艺，很有特色一景点。值得一去哦。,2
7675,现在商业化比较严重，6号线通了后，南锣鼓巷站下，适合从南往北逛，依次可以参观：  第一条 右边是炒豆胡同；有僧格林沁王府。 第三条 右边是东棉花胡同；是中央戏剧学院。 第五条 左边是帽儿胡同；有达贝子府、可园、冯国璋故居、婉容故居，还有铃木食堂。  其实也没必要再往北，可以一直沿着帽儿胡同往西走，可以到鼓楼，后海。,1
7676,说到老 北京 的各种胡同，怎能够错过最最最有名的南锣鼓巷呢,2
7677,北京旅行景点      【第二名】      南锣鼓巷,1
7678,南锣鼓巷的人和店铺都要比烟袋斜街要多，东西价格自然也会贵些，但也不缺精彩的东西。这边好吃的很多，无论是冰糖葫芦还是蟹黄汤包，或是捧一杯珍珠奶茶在掌心，或是去爆米花工厂买一包焦糖巧克力味的吃一天，都是一种乐趣！,2
7679,南锣鼓巷是小商业街，北京的特色小吃这里都可以寻到，有很多特色的小店，你会看到别致的小设计。另外这里的老北京胡同很集中，穿梭其中，听着当地人满口的京片子对话，感觉很过瘾哦～,2
7680,搭乘6号线，选择E出站口可到达南锣鼓巷门口，环境不错，各种小吃，各种物件，超级文艺，也适合拍照，古香古色的建筑，老北京四合院的保留提升了南锣鼓巷的韵味，值得一游。,2
7681,终于去了南楼鼓巷，看了看很一般般，整条巷商业化太重，也没感到多大特色。吃的东西特别多，整条巷的二边都是买各种各样吃的和用的和玩的。,0
7682,第二天计划自驾去长城，可是开到北五环开始下大雨，开到怀柔地界雨已经大得不行，果断掉头回到市区，进了四环就不下了。临时调整路线，去了南锣鼓巷，停车方便。上次来我就对南锣鼓巷的主街没什么印象，这次来还是。从南向北漫无目的地走，看到一条胡同口写着到什刹海 820米，就转了进去，原来是方砖厂胡同。胡同里别有洞天，比如这个偶遇的方砖厂69号炸酱面，门口看到有人做直播，好奇查了一下，原来是网红啊啊啊，正好中午了那还...,1
7683,出地铁南锣鼓巷站口，稍微一转，就来到了传说已久的南锣鼓巷，两边是传统的北京民居，中间较为宽阔的街道，构成了南锣鼓巷的主体风貌。         步行街的内容似乎都是千篇一律，免不了被各色的商业气氛极致渲染，南锣鼓巷也未能免俗，只不过两侧向里面延伸的街道里，老住户们早已习以为常，摆动着手中的蒲扇，戏说家长里短。,2
7684,出地铁南锣鼓巷站口，稍微一转，就来到了传说已久的南锣鼓巷，两边是传统的北京民居，中间较为宽阔的街道，构成了南锣鼓巷的主体风貌。,2
7685,有趣的一条街，里面很多店铺都很有特色，卖的一些明信片or小本本也是没得说 值得晚上和朋友一起来闲逛吃喝的好去处。,2
7686,南铜罗巷一条主街，四周辐射都是老北京保存比较好的胡同。主街布满各种特色京味小吃、特产等，京味十足，游人如织。从南铜罗巷穿过帽儿胡同可去什刹海，边走边又逛，不远。,2
7687,真正的北京在这里!流连忘返的地方!,2
7688,就是古镇，商业味儿十足！来都来了，去看看吧，顺便还可以逛逛什刹海！,1
7689,北京最古老的老街，北海公园向西步行十五分钟就到了，不收费。街道也不长，不到一千米，两侧都是古色古香的建筑，房子大多是饭店或北京特产，在老街上走走，很有味道。,2
7690,古色古香的巷道～小资的商铺～中央戏剧学院在老巷子中，很有特色～听说过去这里也是戏曲爱好者的天堂～,2
7691,南锣鼓巷是商业步行街，四通八达胡同，有很多食品店和饭店，各种各样美味食品，吃东西很方便，早上我去了恭王府参观，出来搭地铁到南锣鼓巷一个站很方便。南锣鼓巷里面还有中央戏剧学院也可以看。,2
7692,和全国所有的古镇古街道一样，没什么新意，店铺也好，卖的东西也好，都没什么创新，千篇一律的。还不如随便走走两边的胡同，找找老北京的感觉。,0
7693,#鸭鸭旅食记# 要说北京最繁华最值钱的街区，南锣鼓巷必须一提。它离著名的国子监也不远，可以安排在一天游玩。这一片区都是低矮的四合院为主，但每一座都有其独特的历史底蕴，当然，每一座也都是几百万几千万的豪宅。走到南锣鼓巷的巷口，有黄包车在揽生意，开票180，不开票120，带你游胡同，还有介绍，没坐过黄包车带着行李的，推荐还是可以坐一下，等于多了一个导演给你讲解，其实也还是不错的，逛一圈大概1一小时。它是北京最古...,2
7694,以我40岁的年龄看南锣鼓巷，实在是没什么意思。四合院小的时候看得多了，无非现在就是开辟了一个商业街，东西还特别贵，有点中西合并的小资情调。,0
7695,人超多……一整条街除了各种小玩意儿，就是吃的，还有一些文化遗址！天气太热了，只去了齐白石遗址,1
7696,这是在首饰店的战利品，我个人很喜欢宝石，又是戒指控，所以就买了，300多左右，不是很贵，但首饰都很好看，看了就走不动了首饰店都很精致这是在南锣鼓巷里吃炸酱面，闺蜜说一定要尝尝北京的炸酱面，感觉北京的吃食好多都是用酱来拌的！我比较喜欢面食，酱自己加，建议少点放，因为多了可能会咸！认真玩手机的大越子南锣鼓巷适合适合闲逛的地方，房屋都是复古的建筑，街道很干净，各种精品，小吃店铺！装修都很有特色，很喜欢这种...,2
7697,北京的某著名地方说心里话，难道不像以前觉得还可以？现在人太多了，而且又整修过以后反而没了一些底气，所以感觉不是那么好，但是还是偶尔去去可以的,0
7698,白天培训课程密集，只能夜晚逛逛南锣鼓巷。地铁直达，似乎每个城市都有这样一条特色小巷。随便走走，拍拍照片。各种小店的门面装饰很有老北京特色，景泰蓝很漂亮，创意手工艺品很有心思。去的晚，只尝了有名的文宇奶酪店的红豆燕麦双皮奶，无论是口味还算服务，都觉得比较普通。有家降龙爪爪，据说是天天向上的网红鸡爪，味道倒是很好的！,2
7699,南锣鼓巷是北京最古老的街区之一，有着北京保护最完整的四合院区。南锣鼓巷北起鼓楼东大街，南至地安门东大街，全长786米、宽8米，是我国规模最大、品级最高、资源最丰富的棋盘式传统居民区，而且极为完整地保存着元大都里坊的历史遗存。南锣鼓巷南北走向，东西各有8条胡同整齐排列着，呈“鱼骨状”，延续自古以来的“棋盘式”格局，整个街区犹如一条大蜈蚣，所以又称蜈蚣街。据说以前在南锣鼓巷的最北处有两眼古井，恰好就成了这...,2
7700,除了人就是人 不过街边的小店很不错,1
7701,来到南锣鼓巷的时候，已经天黑了，对于已经在天安门广场附近逛了一天的我来说，真的是太累了。我都不知道自己是什么进去怎么出来的，机械地挪动着腿。感觉不扶着点什么，都要累的站不住的那种。从凌晨两点半下火车，去看升旗，牛街吃早饭，逛国家博物馆，穿前门吃羊肉串，然后去吃烤鸭的路上穿胡同后拐去吃爆肚冯，再回宾馆休息后又出来。一天，火车，公交车，地铁，小黄车，走路。呵呵，都经历了。感觉南锣鼓巷虽然很好找，但是商...,0
7702,北京味十足的商业街。泥塑，剪纸，麻花，糖葫芦等北京名片变着花样地呈现，除了琳琅满目的小商品外，好有不少小巷子。孩子对吹糖人好有兴趣。,2
7703,音频讲述很不错，能体会到其中的韵味，意境，讲胡同的来龙去脉，讲得详细清楚！城隍根下曾经的辉煌，胡同曾经的故事，浮现眼前，仿佛穿越时空回到了过去。,2
7704,南锣鼓巷就在【6号线 南锣鼓巷 E出口】，交通便利，出口就能到达南锣鼓巷。南锣鼓巷里面有各种店铺，清新文艺的、复古的、温馨的、精致的、充满历史感的、充满现代感的，虽然是历史景区，但是仔细发现，还会发现在历史景区中夹杂的新时代文化元素，两者的完美搭配给南锣鼓巷带来一种迷人的魅力。,2
7705,各种网红小店，糕点，小食品，土特产，应有尽有,2
7706,北京著名景点，什么时候去人都很多，各种有特色的小店儿很文艺很小资，就是现在已经商业化了各种店重复率很高，卖的东西都差不多。吃的也就几家好吃,2
7707,它是北京最古老的街区之一，是我国唯一完整保存着元代胡同院落肌理、规模最大、品级最高、资源最丰富的棋盘式传统民居区，也是最赋有老北京风情的街巷。周边胡同里各种形制的府邸、宅院多姿多彩，厚重深邃。南锣鼓巷有很多名字怪异的小店可以逛逛。文宇奶酪店的奶酪值得一试，强烈推荐。,2
7708,去年和家人一起去北京，已经晚上9点，乘地铁来到古巷，交通很方便，看到街上很多游客，两边商铺装饰很新颖，还有小吃美食，一路边走边逛，很惬意啊,2
7709,南锣鼓巷还是挺大的，里面有好多好吃的，什么饮料☞酸奶☞小吃特好吃，因为我是重庆的人，所以喜欢吃辣的，在南锣鼓巷找到一家川渝兄弟的餐馆，味道确实不错，好好吃。,2
7710,南锣鼓巷就挨着什刹海！很有特色的北京胡同商业街！很多小清新文艺的店！北京烤鸭卷和蟹黄汤包很好吃！街还是挺大的，够逛一会了！,2
7711,怎么说呢？南锣鼓巷趣味性很高，有超多店铺，都蛮有特色，但因为我是小长假去的，人山人海都不足以形容那个拥挤程度，完全就是挤着走进去，挤着走出来。(没照图，超挤没心情)嗯，还有就是有一些吃的别的地方也有，但那里卖的很贵，而且重要的是贵你也排不上队(ps北京4.5月份柳絮满天飞，真是讨厌得很，总往鼻孔里钻，不想呼吸)但是有一些手帐店里的东东还阔以，可以买一些，嗯，没了，就酱~~,0
7712,值得去的地方，非常有老北京风味，美食随处可见，但是要吃到好的还是要去小巷里自己找，纪念品非常多，还有黄包车夫带你去后海玩，人有点多，总体还好,2
7713,小吃，卖小玩意的一条街，有很多名人故居,2
7714,不一样的灯火，北京我是为演唱会而来,2
7715,还是值得去的，就是一条老胡同，里面有好多吃的,2
7716,来北京前心心念念的文宇奶酪没有想象中好吃，20一碗，更喜欢5元的北京老酸奶或者我们大东北的完达山，物价很贵卤煮火烧35，吃东西建议去护国寺小吃街,0
7717,人很多 天气不好 估计晚上去会有点特色 否则太普通,1
7718,南锣鼓巷只是挂着文艺牌子的商业街，但是也没办法，人很多吃的东西也都很贵，吃的东西也都是中国各地有特色的小吃，没有北京特色的味道，要是想吃北京味道大可不必去那边吃。,1
7719,这里吃东西略贵。但是卤煮啊那些地道的北京小吃可以试一试。其他那些外面商场也能吃得到的就算了。不用花那冤枉钱。那个蟹黄汤包真的不用买了。不好吃。,1
7720,每个城市都有那么一条街，广州有北京路上下九，长沙有太平里，武汉有户部巷，上海有城隍庙，成都有宽窄巷子，苏州有平江路……南锣鼓巷主巷很商业化，都是商铺，卖的东西大同小异，游客很多，叫卖声不绝于耳，如果想静静逛下胡同，这不是一个好选择。我们走了半段路后，选择离开。说好的京城回乡人多，空城，可是我没有见到大白到此一游。看到晓林拍的这一张，我必须承认我拍照很渣我看到了旅友拍的北京胡同，和大家分享下淳朴和商...,1
7721,人多到我都不敢拍路…为什么不用上班的人那么多…上回吃冰糖葫芦都是小学生的事了。比记忆中的味道要好啊~新什么国货，不是早卖给法国人了吗南锣鼓巷的商业气息非常浓， 与之相比，我还是比较喜欢装下了秋天的北锣鼓巷。北锣鼓巷就在南锣鼓巷的对面。这里有很多走文艺路线的店铺，多少还是有商业的刻意。但越往里走，就越有生活气息，回归了一条小巷子该有的宁静与朴素。有网红？纯粹市民？在街拍耶~看人家那腿，我这么随便拍都那...,1
7722,外国人比较多，吃的特产很多，胡同文化值得一去 地铁出来就是，里面的冰糖葫芦，爆肚，豌豆黄，北京酸奶都很地道，还有三轮车逛着玩，跟你解说胡同文化，温故历史很不错。,2
7723,小吃，洋货一条街，有吃有喝有玩儿！晚上去景色更美！适合摄影爱好者前往！！！ 小吃，洋货一条街，有吃有喝有玩儿！晚上去景色更美！适合摄影爱好者前往！！！,2
7724,人气很旺的一条街，各种传统的和现在的相互交错，很适合去那里自由漫步和品尝老北京的传统小吃和文化签赏。如果有时间，值得一去。,2
7725,北京胡同的典型代表。精致的特色小店、小吃排满街道，个个都是菁华，都有说不清的韵味。装修也都各异，名字都起的不同凡响，每个店都是一道风景。很有老北京风情，吸引着无数游客和文青艺人。,2
7726,粥皇，那肯定是粥中圣品了吧。  中了睫毛，过来吃个晚饭，其实就是路过看到就进来了，也没有其他特别的理由，不是慕名而来，就是恰巧路过。  两个人就点了一个粥，小号的，貌似是山药粥，外加了一份虾滑，个人还是觉得虾滑更适合火锅，滑入沸腾的火锅中的虾滑特别好吃，很鲜美，这里多了粥的粘稠感。  山药还是蛮大块的，煮的也比较软糯了哦，不错不错。  还点了一个上海汤包，小伙伴说不好吃，皮很厚，个人还是满足这个的，反正比...,2
7727,粥皇，那肯定是粥中圣品了吧。,2
7728,很有特色的一条小巷子，与之垂直的各条胡同不乏很多有名人士的故居。主街上很多商铺和小吃店，感觉吃的已经不是那么传统了，融入了新口味。人实在多，满满地往前挪。我个人觉得还是旁边的小胡同更有老北京的味道。由南往北走，再往西走可以走到鼓楼，什刹海。随意逛逛还不错。,2
7729,胡美眉领着我来到了南锣鼓巷，逛逛胡同吃吃酸奶悠闲度过。走入了一家卖鼻烟壶的店，师傅给我们现场示范用拿手绝活，如何在小瓶子里作画下午骑着自行车走过农村路来到了望京一号，吃了一顿至今都念念不忘的一鱼两吃。,2
7730,南锣鼓巷位于北京市东城区，是北京最古老的街区之一，有着北京保护最完整的四合院区。 南锣鼓巷南北走向，长约800米，东西各有8条胡同整齐排列。凭借较为完好的元代里坊格局、明清名人府邸，南锣鼓巷在胡同拆迁中得以幸存。,1
7731,骑了十公里，还好之前有运动，来杯水解解渴超大杯，比脸还大～～南锣鼓巷已经是第三次来，这些吃吃喝喝的小东西，还是很有趣～这个陶泥店，之前来就在门口拍过照，今天再拍一次吧😄里面小玩意很喜欢，做工精良，之前都买过了那就拍拍照有吧南锣鼓巷的网红小吃，文宇奶酪店～来个红豆双皮奶,2
7732,文宇奶酪，排队的人很多，但是没有热的啦，就果断放弃了，太冷没想到过年来北京的人这么多，整个小巷子都是人，路上吃了一个糯米的东西8元，一串糖葫芦10元，糖葫芦很好吃，很大走到头墙上的画挺有意思的都一处烧麦和卤煮，价格挺贵的，北京当地人说南锣鼓巷的店属于比较正宗的啦，但是感觉没有想像的那么好吃，虽然烧麦里有虾仁，旁边上海来的阿姨也要了卤煮表示难以动筷子，只吃了几个香菜叶,1
7733,北京的南锣鼓巷是个不错的地方，来北京玩的人都会去逛一逛，里面吃的卖东西的都特别多，挺有特色的一个地方，离什刹海公园挺近的，鼓楼那还有个炒肝挺出名的。,2
7734,首先这是条北京味儿十足的四合院街道，但是比较商业化了，反正一路过去就是买买买和逛逛逛，吃的东西不多，没有什么特别的特色的小吃，,1
7735,从国子监出来，打车到南锣鼓巷——即是网上调侃的每个城市都有的吃喝玩乐一条街。南锣鼓巷的特别之处在于，吃着走着玩着，就出现一条胡同，请你去溜达。刚做出来的冰糖葫芦，酸甜可口，好吃抹茶味的马迭尔冰棍还不错对这种油纸包裹的食物蜜汁好感,2
7736,印象最深的是文宇奶酪，真的很好吃，由于本人不太喜欢吃水果及干果，所以点的红豆燕麦双皮奶，口味很好，不是很甜，香香的，一连吃了两碗。白天游了一遍，没玩够，第二天的晚上又去了一次。,2
7737,南锣鼓巷应该是北京非常有特点的一个街巷，这里应该是在元朝的时候就有了，这里其实最早的时候叫罗锅巷，后来因为隐逸谐音，所以后来现在叫做南锣鼓巷。这里的两个建筑特别有北京的。,2
7738,很多人，很多特色小吃，略贵一点，味道可以的，巷子很深，各种工艺品，夜景很漂亮。,2
7739,2018年春节---D2南锣鼓巷  是北京最古老的街区之一，位列于规划中的25片旧城保护区之中，南北走向，北起鼓楼东大街，南止地安门东大街，全长786米，宽8米，与远大都（1267年）同期建成。  是我国唯一完整保存着元代胡同院落肌理、规模最大、品级最高、资源最丰富的棋盘式传统民居住宅。  各大城市都有这样的一条街，近些年慕名而来的游客很多，其实就是吃买逛的一条街。 胡同巷子还是四通八达的，南锣鼓巷其实就是一条胡同，两边都...,1
7740,南锣鼓巷，一条不长的胡同，但是却是北京最热闹繁华的街区之一。一到晚上，这里就成了吃客和购物者的天堂，有点类似上海的城隍庙、南京的夫子庙等。北京的糖葫芦这里有好多家，我去吃了南锣晓文这家的，品种也很齐全，价格也不算贵，可以用支付宝和微信支付。如果吃吃逛逛的话，也就2个小时左右了吧。,2
7741,都挺值得去的！很有意思，就是节假日人太多了！,2
7742,"大卖场一样，起价20,我是不喜欢，把古色古香古韵都埋没了……，没有特色小吃，基本各地都差不多，北京小吃我是吃不来……",0
7743,一条各种小吃街～比较有名的～ 街边的毛肚很好吃～随意走走看看吧～ 附近吃了北门涮肉～味道不错,2
7744,南锣鼓巷离景山不远，我们决定步行过去。路上遇到一只肥大的狗狗，不知叫什么，觉得它憨态可掬，挺可爱的。我老家也有三眼井哎。穿过胡同，民宅还保留了当年的样貌。上次来旁边还在施工的，终于不用再拍到工棚了。这些糖人做得唯妙唯肖。街道都是卖小玩意和一些传统手工艺品，不过这里商业化真的越来越重了，同样的东西在这里卖已经翻了好几倍，感觉不值，我们随便逛了下就走了。,2
7745,交通很方便，就在故宫往北面不远。来北京不得不去的小吃街！里面都是北京的特色小吃！,2
7746,去一次就可以了，有些胡同没必要去看，门口好多三轮黄包车，忽悠你说带你逛胡同，反正我们是没有坐。如果在前门大街和南锣鼓巷之前选择，建议来这里吧！,1
7747,观光完水立方鸟巢时间尚早，回到地铁站就临时起意去南锣鼓巷了，寻觅美食，虽然刚刚吃完羊蝎子火锅，可谁叫咋就是一群吃货呢。羊蝎子火锅，可口的酸梅汤,2
7748,南锣鼓巷，卫生挺好的！环境比较舒服干净！就是商业化太浓厚了，和别的古镇一样，售卖的商品大同小异，缺少自己的特色产品。希望能越办越好！,2
7749,"南锣鼓巷是北京最古老的街区之一，也位列规划中的25片旧城保护区之中。南锣鼓巷南北走向，北起鼓楼东大街， 南止地安门东大街，全长786米，宽8米，与元大都(1267年)同期建成, 是我国唯一完整保存着元代胡同院落肌理、规模最大、品级最高、资源最丰富的棋盘式传统民居区。南锣鼓巷还是北京一条有着非常特色的酒吧街，与三里屯、后海不同，这里的酒吧大多比较安静，和谐、自然、身居闹市却远离闹市的喧嚣，更贴近于生活。整条酒吧街...",2
7750,天儿冷的缘故，人不多！夏天应该更好玩！,2
7751,北京有特色的胡同游，聚集了北京有特色的小吃、民间手工，甜品，饮料等老北京风味的产品，设计格局完全是老北京风格，体现胡同特色，感受过去的时光，很值得逛逛。,2
7752,南锣鼓巷其实并不需要门票，你到地方直接逛就行，小吃什么的比较多，有很多很有意思的小玩意。然后，南锣鼓巷有家挺正宗的重庆火锅，可以试试。,2
7753,城市标配的旅游景点，看看吃吃就行，性价比不高，还是要去并不有名，但评分比较高的地方，主要是当地人去的地方，我是一个北京人。,1
7754,很重的商业气氛，小店较多，适合文艺小青年，东西普遍性价比不算高。,1
7755,南锣鼓巷也是每次必到，小吃狂魔，京味特色浓郁～喜欢,2
7756,久闻此巷大名，终于在周日抽出时间逛了一下。或许在南方生活多年，安徽、浙江的古镇古村去的多了，古街巷走的多了，对于50开外的老人家来说，真心不觉得此巷有多么的有意思。商业气氛过浓，像僧王府那几个四合院均铁锁把门，有人居住的四合院又不好意思打扰，无法欣赏四合院之美，那也就是无特色的仿旧小街。当然对谈情说爱的年轻人另当别论，可以进入街边小店吃喝及买些小东西！,0
7757,夜晚的南锣鼓巷热闹的很，人头攒动，文艺和商业并存。年轻人在这感受新鲜的劲，年长的人在这感受生活气。来来往往。这有小吃，有小店，北京嘛，自然也少不了地下音乐，说起来都是情怀。小店里的东西价位的不高。走在这里，感觉和上海七宝差不多。不过路面比上海七宝宽了，北京上海的感觉也是不一样。,2
7758,"南锣鼓巷是北京最古老的街区之一，也位列规划中的25片旧城保护区之中。南锣鼓巷南北走向，北起鼓楼东大街， 南止地安门东大街，全长786米，宽8米，与元大都(1267年)同期建成, 是我国唯一完整保存着元代胡同院落肌理、规模最大、品级最高、资源最丰富的棋盘式传统民居区。图片来自去哪儿网聪明旅行家@砚边墨图片来自去哪儿网聪明旅行家@砚边墨图片来自去哪儿网聪明旅行家@Nikki君图片来自去哪儿网聪明旅行家@Mr李洪宇图片来自去哪儿...",1
7759,说实话商业性太强了，倒不如去某个街巷看四合院，卖的东西贵 而且大部分重复没有乐趣，就是一条商业街和别的城市某条商业街一样的感觉 没有太大特色,0
7760,就是集各种小店的一条商业老街，主街道宽一些，往两边是各种名字的小胡同，冬天碰上太阳天，太阳底下走走还是不错的，体会下老北京的感觉，没那么洋气，但一点都不失身份，老北京的感觉,2
7761,南锣铜巷是北京东城区一条近年开放的古街，它北起鼓楼东大街，整个街道呈蜈蚣状，南至地安门大街，巷中有许多名人故居和达官贵人的府坻。,1
7762,南锣鼓巷是一条胡同，位于北京中轴线东侧的交道口地区，北起鼓楼东大街，南至平安大街，是北京最古老的街区之一，至今已有740多年的历史。也位列规划中的25片旧城保护区之中。因其地势中间高、南北低，如一驼背人，故名罗锅巷。到了清朝，改称南锣鼓巷。,1
7763,去过北京很多次，每次都要去南锣鼓巷的印巷酒吧，驻唱歌手真的超赞,2
7764,8号线首站既是南锣鼓巷,1
7765,这里原本就是普普通通的一个胡同，现在发展成了外国人、外地人都要来游览的景点儿了。主要是这里留下了很多老宅老院，有代表性比较典型的老北京胡同。但现在商户遍布，而有些商铺经营的并不是老北京的东西。,1
7766,六号线北海和南锣鼓巷挨着，若是想去，客官您可以来个一日游~,2
7767,这个属于北京出名的景点，还是非常不错的，里面都是游客，名人故居也有不少，体验一下老北京的风情，看看各种东西，非常不错和舒服。,2
7768,人真的很多，虽然不是高峰期去的，但人还是很多，这可能就是帝都的魔力所在吧，整个街道很长，大多数地方商业气息很重，也可能是人很多我没有细细浏览吧。,2
7769,北京的景点都在地铁附近，坐地铁很方便，南锣鼓巷出地铁不到一百米就到了。去一个地方，了解当地的文化历史，老街是个不容错过的存在。喜欢在不拥挤的周末漫步在南锣鼓巷，这条老巷呈鱼骨式排开，主街比较热闹，若你喜欢幽静的环境，两边的巷子也值得逛逛，闹中取静，有时候会让你忘了时间的流逝。。整整一天，在大大小小的店铺里徘徊游荡，有时还可以和老板话话家常，是一个一个人也可以玩一天也可以很尽兴的地方……,2
7770,滴 打卡南锣鼓巷！ 去了超级有情调的铃木食堂！吃了牛肉火锅，汤很好喝，盖饭量超级大，土豆泥口感很棒。走着走着找到了一间少女心的店，好多粉红豹 明信片都超级有情怀！找到好多漂亮的。下次再去一次！,2
7771,去了一家猫小院的咖啡馆，没有摸到最喜欢的蓝猫，加了店里的微信以后朋友圈慢慢撸。现在北京晚上零度左右，白天温度最高两三度，纯种南方人真受不了，就是普通商业街的样子，里面卖的大多数是北京特色的小礼品，还买了雷锋帽造型的冰箱贴，油腻腻巨便宜的凡士林。,1
7772,北京市一处人气很高的历史古巷。北起鼓楼东大街，南至平安大街，宽8米，全长约800米，至今已有740多年的历史。因其地势中间高、南北低，如一驼背人，故名罗锅巷，到了清朝乾隆改称南锣鼓巷。我走了整条街，现在都是商铺和酒吧，夜晚许多驻唱歌手在此献艺，这就是“北漂”的真实写照。这里是最赋有老北京风情的街巷。明清时期则更是一处大富大贵之地，这里的街街巷巷挤满了达官显贵，王府豪庭数不胜数，直到清王朝覆灭后。所以要体...,2
7773,"南锣鼓巷是北京最古老的街区之一，也位列规划中的25片旧城保护区之中。南锣鼓巷南北走向，北起鼓楼东大街， 南止地安门东大街，全长786米，宽8米，与元大都(1267年)同期建成, 是我国唯一完整保存着元代胡同院落肌理、规模最大、品级最高、资源最丰富的棋盘式传统民居区。",1
7774,还好，很文艺的胡同，其实我们冲着中戏的帅哥美女去的！,2
7775,很棒很棒。和男朋友一起去的很幸福……,2
7776,南锣鼓巷是一条胡同，位于北京中轴线东侧的交道口地区，北起鼓楼东大街，南至平安大街，宽8米，全长787米，于元大都同期建成。是北京最古老的街区之一，至今已有740多年的历史。也位列规划中的25片旧城保护区之中。,1
7777,南锣鼓巷蛮热闹的，而且连结各个巷弄，巷内的店家很多，蛮有北京特色的，购物，吃东西都很方便，景色也还不错，适合出行逛逛，推荐,2
7778,一条商业化的胡同，北京到处都是胡同，因为去的人多了，到北京基本都来看看。街上各样小店，东西的价格我觉得也合理，有好多人拍照，因为店铺装修的很有特点。顺着胡同能到什刹海，烟袋斜街，北海，恭王府，有小黄车很方便，走路也不会太远，玫瑰饼确实很好吃，别的我没吃，冲着这个去的。一条街不会太长。一会儿就溜达完了。可以走进里面的小胡同看看。,2
7779,原先的胡同，现在胡同里开上了各色的店，有点像各个旅游地常见的小吃街，但又不完全一样，也有北京的特色。坐地铁或公交都可到达，很方便,2
7780,南锣鼓巷是一条胡同，位于北京中轴线东侧的交道口地区，北起鼓楼东大街，南至平安大街，宽8米，全长787米，与元大都同期建成。是北京最古老的街区之一，至今已有740多年的历史。也位列规划中的25片旧城保护区之中。因其地势中间高、南北低，如一驼背人，故名罗锅巷。到了清朝，乾隆十五年(1750年)绘制的《京城全图》改称南锣鼓巷。,1
7781,店门纯手工制作展示，吸引眼球。巷口边闪电泡夫制作，由于先前在凯德填饱了肚子，一路南锣鼓巷走来，有不少老北京吃食，实在摒不住了，好像是10元1个吧！走二个！被房梁所吸引傍晚时的鼓楼，人来车往，甚是热闹。,2
7782,今天去过了 吃了好多好吃的 因为第一次去一直晕一条路走到头了 帽儿胡同其实挺好的 适合拍照 自己安静的过去走一段路 今天吃的挺多的晚饭自己都不饿了,2
7783,骑个车过来溜达，地铁也有个站，交通很方便。反正和古镇老街差不多的感觉。,1
7784,南锣鼓巷现在太商业化了，吃得没有以前那么多了，特色的东西越来越少了，哎....性价比不高了,0
7785,这条长800米的胡同，是北京最热闹也是最时尚的胡同区。这里藏着最地道的北京味儿。从明朝文臣将军到清代皇后格格，还有文人学者诗画巨匠，胡同里每一处宅院都有说不完的风流人物，每一处都能牵扯出一段历史或故事。,2
7786,南锣鼓巷对我严格来说吃吃吃买买买一条街，人太多了，我还是喜欢周边分支的各种小胡同巷，安静的走走听听看看，听了一天北京大爷说京城的官文化，每户人家的大门不同之处都有不同的身份象征，当然我记性不好，太多细节都遗忘了，仅仅记得“大户人家最重视门当户对”。人山人海卡哇伊捏北京烤鸭呢，下次来吃你铜钱草总是这么可爱踩个单车转巷子也是一件乐事,2
7787,古色古香的一条街，乘坐地铁6号线或者8号线都可以直接到达，主要就是欣赏老北京的胡同，适合慢节奏，细细品味，文艺小资气息比较浓厚,2
7788,南锣鼓巷一直想去，今天终于一览风采，听老北京人说，增加了许多新的东西，保持了原有的特色，到了北京都会过来欣赏一下，外国人好多，年轻人更多，巷的两旁，是老北京胡同，漫步在巷内，回味着昔日的京味儿~,2
7789,太過商業化！ 成了一條毫無特色的純商業步行街！,0
7790,特别喜欢吃尼积小栈的面包，到现在还念念不忘。剩下的小店都很有特色。但是物价有点贵,2
7791,南锣鼓巷是北京市最出名的步行街之一，是北京市小吃和小商品的集散地，来北京旅游不可错过的景点，虽然商业气息已经很浓重了，但是还是值得一逛。,2
7792,"南锣鼓巷南北走向，东西各有8条胡同整齐排列着，呈""鱼骨状""，延续自古以来的""棋盘式""格局，整个街区犹如一条大蜈蚣，所以又称蜈蚣街。现在来说就是一条商业步行街。",1
7793,南锣鼓巷来过两三次了，感觉买卖东西的比较多，胡同和街道倒是还有几分古韵的。主要带家里人买点纪念品。晚上来比较好看一些，有气氛,1
7794,第一次来南锣鼓巷。感觉这里秩序挺好的，两面的买卖店铺都在室内经营，没有一家把摊位摆在街道上。街上的小吃挺多的，就是价格有点小贵。看介绍文宇奶酪很有名，品尝了干果奶酪，味道不错，奶香味十足，里面的干果货真价实。蟹黄汤包一个十八元，里面的汤汁很鲜。还有马迭尔冰棍，也不便宜，买了最有特色的比利时巧克力口味，15元。南锣鼓巷里面卖土特产的那几家店卖的东西都大同小异，无非茯苓饼，果脯，山楂糕，烤鸭等。买了一些...,2
7795,物价还可以吧，在北京这里的消费！里面好多小吃店比较有特色啦，还有一些非物质文化商品吧！嘻嘻，挺热闹的，人挺多的！有兴趣的可以过去看看啦，地铁E出口就到了,2
7796,人很多，商业气息很浓厚的一条胡同，不过里面的一些店铺值得一逛。特别要表白南锣鼓巷巷子口的一家桂林米粉店，就算回不到广西也让我尝到了柳州螺蛳粉的味道，天哪太赞了，老板说的话也是柳州话感觉超级亲切～,2
7797,国庆节闲的没事， 本只想就去买一罐散装芝麻酱，却一路溜溜哒哒穿胡同逛到钟鼓楼，经过买馒头的长队，来到南锣鼓巷，买了一串最爱的糖葫芦，结束今天的漫游[奸笑],2
7798,下午去的南锣鼓巷，从地铁口一出来就看到满满的全是人，夹在人群中基本什么也看不到，这里的东西贵的离谱，看看还行、不建议消费的地方。,0
7799,"南锣鼓巷是北京最古老的街区之一，也位列规划中的25片旧城保护区之中。南锣鼓巷南北走向，北起鼓楼东大街,南止地安门东大街，全长786米，宽8米，与元大都(1267年)同期建成，是我国唯一完整保存着元代胡同院落肌理、规模最大、品级最高、资源最丰富的棋盘式传统民居区。",1
7800,和国内大多数一条街一样，商业味太浓，人太太太多，个子矮的在节假日别去了，除了人啥都看不到。不过边上的几条胡同还都不错，人流会明显少，也有不少好吃的小店，可以领略一些北京城的市井气,2
7801,挺好的。都是小商小铺，各具特色，喜欢逛街的值得看看！,2
7802,南锣鼓巷是北京最古老的街区之一，是我国唯一完整保存着元代胡同院落、规模最大、品级最高、资源最丰富的棋盘式传统民居区......绝无仅有的北京胡同原貌，趣味盎然的各色时尚小店，构成了南锣鼓巷独特的魅力与风情。美国《时代》周刊精心挑选出了亚洲25处你不得不去的地方，北京南锣鼓巷榜上有名。节假日这里人山人海，建议错峰游。,2
7803,进入南锣鼓巷……有人在画画像，50一张。不过后边的店还有这种画画像的，是漫画形式带彩色40元，我让他画了一张。当做留念。往东走开出的一个小胡同，名叫菊儿胡同，有民居，很安静。闪电泡芙，是它的香甜的味道吸引了我！20一根，两根30。我要的巧克力味的，挺好吃的。但章鱼烧就不要买了，25一盒四个，像嚼面团一样。小胡同，没有了拥挤的人潮，才能真正感受老北京的胡同生活。,2
7804,人满为患，人头攒动的一个地方。周末和节假日期间，可以比肩地铁站里的状况。老北京歺饮酒楼和个性小店很多，吃东西还可以。风景就是什刹海和胡同。,2
7805,拔草北京的胡同！那就去南锣鼓巷一带转转，真不错，就是逛的累的没地坐，喝点东西歇歇吧，北京的胡同还是蛮有特色和意思哒！！！,2
7806,北京最精华的胡同聚集地。整条南锣鼓巷没有老胡同巷子的残旧破败，全是装饰个性的文艺小店，有古香古色的衣饰店、礼品店、银饰店，有洋气十足的咖啡厅、小吧厅，有传统老北京的糕点店、京扇店、小吃店，总之，一个游人逛街需要的吃喝穿戴纪念品等，全部都能被满足。而如果想逛老胡同，南锣鼓巷上，每走几步都能看到两侧垂直延伸出去的各个老胡同，原汁原味的民宅巷子。总计16条胡同，像蜈蚣腿分布在南锣鼓巷两侧。中央戏剧学院、末...,2
7807,南锣鼓巷地处北京的老城区，有地铁南锣鼓巷站，出来就是，商业、文艺范非常浓的一条街，好不好不好说，反正人挺多，特色小吃在这里基本都能吃上。,1
7808,很不错，有好多北京当地的小吃，具有当地的特色。从南锣鼓巷一直走到头，会看见鼓楼。一直走就到北京后海了，那里有很多酒吧，小吃等 也可以划船，很美 晚上人很多,2
7809,闹中取静，适合各类人群，印象最深的是菊儿胡同内有家猫舍，雅致有特色，游客在休憩之余娱乐放松，很棒！会再去的。非常赞,2
7810,我们又来到了南锣鼓巷附近吃烤鸭，没有去全聚德，全聚德好像是北京最出名的烤鸭店，我们几个人中呢有一个同学他是负责做美食攻略的，所以呢他就带我们来到这里，大概他又是从微博还是哔哩哔哩看到的，这里物美价廉吧。还挺好吃的。去的早了有139？,2
7811,我们下午两点下了火车，然后直奔南锣鼓巷吃面！南锣鼓巷，怎么说呢？有一种商业街的感觉。旁边的小胡同里面倒是有北京胡同的感觉，清静而又古朴。物价和平时别的景点差不多，有北京特色的小礼品之类的，不是很多。有四个推荐的东西，,2
7812,继续徒步旅行，一路导航走到南锣鼓巷（我真的太能走了... ...）买了一个酸奶兔一家专卖陶艺的小店，全手工制作，可以拍照。兔儿爷听说很有名，前来尝尝，排队的人真不少。红豆酸奶吃货，一路吃着走... ...花茶冰淇淋,2
7813,它是北京最古老的街区之一，是我国唯一完整保存着元代胡同院落肌理、规模最大、品级最高、资源最丰富的棋盘式传统民居区，也是最赋有老北京风情的街巷。周边胡同里各种形制的府邸、宅院多姿多彩，厚重深邃。南锣鼓巷及周边区域曾是元大都的市中心，明清时期则更是一处大富大贵之地，这里的街街巷巷挤满了达官显贵，王府豪庭数不胜数。 建议游周边的小胡同，本身太多游客，只能看人头。但只要一进小胡同，立刻安静。,2
7814,它是北京最古老的街区之一，是我国唯一完整保存着元代胡同院落肌理、规模最大、品级最高、资源最丰富的棋盘式传统民居区，也是最赋有老北京风情的街巷。周边胡同里各种形制的府邸、宅院多姿多彩，厚重深邃。南锣鼓巷及周边区域曾是元大都的市中心，明清时期则更是一处大富大贵之地，这里的街街巷巷挤满了达官显贵，王府豪庭数不胜数。,2
7815,基本上是商业街了，并不是古色古香，吹糖人有些吹的不咋好，不要买，拍照也不是很适合，人很多，小吃比较贵，商品倒是玲琅满目，不推荐去。,0
7816,南锣鼓巷的特色小吃超级多，吃货们一定不要放弃这个机会。进门我们就见到了知名的文宇奶酪。果断排队买了几份，味道特别纯正，入口即化的奶酪味真的感觉好极了。除此之外我们还买了好几份小吃，价格都不便宜。但是琳琅满目的商品已经让我们看花了眼，早就不想去考虑钱包的因素，只恨自己不能都买下来都尝一尝。,2
7817,很商业化的一条巷子，各种小吃琳琅满目，价格就稍微贵了一点，值得一去，人很多，略微拥挤，不算太长，从头走到尾也就不到半小时，建议下午去，晚上人超多！,2
7818,位于市中心的一条小巷，两头是地安门西大街和鼓楼东大街，是一条具有小资情调的小街，但又不是老北京的韵味，街上密布着各类小店，既有稻香村这类连锁零售商店，也有文宇奶酪店等小吃，还有古巷二十号商务酒店，可以边走边吃体会现代的老北京。(友情提醒:很多店不止一家，遇到钟情的商家不必急于排队购买，向内几十米就会有分店，排队长度明显缩短很多哦),2
7819,走过很多路,1
7820,走过很多路 看过很多景 依然逛不厌大街小巷 钟情于胡同巷里 来北京第一天，放下包包，直奔让我心心念的北京老胡同，老街，一辆小黄车，明明暗暗，光影相间，给我一天闲适好心情[嘻嘻] 行走路线：做六号地铁到南锣鼓巷，主街是集游，购，玩的老街，热闹，喧哗，旁边成鱼骨分布的是一个个小胡同，沉淀，宁静，一动一静相得益彰。 逛完南锣鼓巷，租一辆小黄车，沿街骑行，一路上有钟鼓楼，烟袋斜街，什刹海，走走停停，吃吃喝喝，竟不...,2
7821,一直挺喜欢南锣鼓巷那块地儿的 逛各种胡同,2
7822,一直挺喜欢南锣鼓巷那块地儿的 逛各种胡同 今日和室友约南锣大汉堡 三缺一  走了很多路 大栅栏 前门大街 琉璃厂 故宫  最后抓住伦勃朗画展的尾巴  撤展前瞅一瞅[污] 最喜欢的两个城市 北京和南京 不知道啊 喜欢老街的味道和来往的人,2
7823,这条非常有名的胡同早就变得成了旅游大街。但是呢，这里真有许多小店铺，卖的都是自家制，还是值得一逛的，有些东西连万能的TB也找不到，例如这里的手工银镯、福气兔儿爷玩具。福气兔儿爷，是北京的守护神。,2
7824,从南锣鼓巷到后海再到鼓楼吃水饺是我带老外的半天的经典路线，南锣鼓巷人特别多，基本就是直接穿过去，我会介绍十分钟南锣鼓巷名字由来，及中戏、北京文化这些，但它就是一个人多的商！业！街！叔叔的大脸小兔子带到了南锣鼓巷……,1
7825,它位于皇城根儿下，历史悠久，文化传承。待客热情，真诚。服务态度良好，古色古香，来访游客居多。趣味性强，古文化气息浓重，性价比超高。,2
7826,8号线南锣鼓巷站出来左边边就是，中间是一条主路，人超多，里面有很多个胡同，主路二边商店连着商店很热闹，太商业化太大众化没啥好逛的，吃吃小吃还不错,1
7827,第一次来北京，应为是一个小吃货还比较喜欢收集一些小玩意，所以就把南锣鼓巷作为第一站。南锣鼓巷交通很便利，出去就是地铁。小巷子也很有北京建筑的味道。这里有一些很好吃的小吃，还有一些好玩的小玩意，比如糖人，脸谱挂件，剪纸，皮影，手镯，动漫画像，还有一家店专卖小时候的零食。个人表示非常喜欢这里，就是人有点多。对了，有一家银店里的姐姐带了一身的银器特别漂亮，好像是苗族服装。,2
7828,没有门票，很有京味儿的老胡同，很多小店，很小资，文宇奶酪感觉没那么好吃,1
7829,逛完南锣鼓巷，感觉自己的脚都不在是自己的了，所以才有了暴走京城的标题。接下来的几天都是每天逛成扁平足，好几万步的记录。,2
7830,人太多，主干道两边全是商店，食物价格贵的离谱。人潮汹涌。全看人了。就和很多景点一样，除了人流和景区特有商铺，什么都感受不到。,0
7831,"人满为患，上火车前临时去的，只是走马观花了一下，胡同都是大同小异，跟当地人聊天，得知其实，想吃正宗的小吃，这里其实是没有的，地铁A,B口出，其实，其实过马路就到对面了，因为看了地图要在D口出以为近一些，结果在地铁站里面转了几个圈……",0
7832,这里算的上是北京的一个著名的小小景点了吧，东南西北，四通八达，好不错的这个地方，感觉在这里很好，能够看到很多非常不错的有特点的东西！,2
7833,很棒，就是周末人很多，有很多好吃的。棒的棒的!,2
7834,南锣鼓巷很有意思的胡同，位于北京中轴线东侧的交道口地区，北起鼓楼东大街，南至平安大街，宽8米，全长787米，于元大都同期建成。,2
7835,对老北京胡同期待太久 虽然南锣鼓巷商业气息浓重 但是周边的几条胡同很安静很有老北京韵味 还是值得一看的,2
7836,来北京时间安排的比较宽松的朋友可以抽个时间去逛下，夏天建议选择在傍晚时分。巷子比较四通八达，有些许名人的故居，但是一般都是不能进去的，可以看看大门，也比较特色，适合喜欢拍照的朋友们。这里比较特色的小吃就是文宇奶酪，有芒果和红豆口味，个人感觉还是不错的。这里和后海很近，建议散步过去，可以感受下老北京巷子文化。,2
7837,到南锣鼓巷十分方便，直达的地铁。一条古色古香的巷口，很多北京特色小店，有很多纪念意义和收藏价值礼物卖，稻花香，京扇子，鼻烟壶等等。,2
7838,这条街不是很长，但是特别喜欢下午去逛南锣鼓巷一通吃吃喝喝以后顺着胡同走去眼袋斜街，然后晚上再去后海逛逛，感觉就是如此美好。,2
7839,一直对北京的胡同有向往。觉得会遇到很多老物件，能看到老北京的生活面貌，风土人情。这次也是第一个景点就来的南锣鼓巷。可是有点失望，胡同还是那个胡同，两边都是商铺。买的东西吧，和老北京一点关系没有，买银饰品的，还国外的牌子，稻香春，日本鱼丸，化妆品。整个和普通商业街没什么区别。整个胡同也没有什么雕像反应当时的民俗民风。就是胡同里的商业街。重庆的磁器口也是古镇，也旅游开发，但是多少能体会到以前的味道。能...,0
7840,南锣鼓巷里的豆汁，一口气喝完，味道很特别！文宇奶酪和秘制酸梅汤提挺好喝的，一定要试试！还有齐白石先生故居，去看看吧！尤其喜欢齐老画的荷花和虾，总觉得格外的生动，微妙微肖、栩栩如生……,2
7841,最大的感受就是人真多，南锣鼓巷还是有点长，两边都是各种文艺的小店，卖各种好吃的好玩的。著名的文宇奶酪，确实还可以。,2
7842,就是个买东西的步行街，已经没有老北京胡同的那种感觉，和烂大街小吃街没什么两样。唯一有些老北京物件的东西就是房顶的雕花吧，还是很漂亮的。,0
7843,到了南锣鼓巷老北京的故事都会看见，非常非常棒，坐上黄毛车逛逛那几个胡同，体验一下老婆北京人的胡同生活。关键是小吃很多。。,2
7844,北京比较文青的地方，小吃、手工艺品、特色小店，都是挺不错的亮点，适合情侣约会闲逛。,2
7845,巷子里的吃的挺多，比如文宇奶酪，吉事果，吹糖人，冷饮等；之前微博上说吹糖人这个工艺快没人传承了，意外在这发现好多。巷子直走全是商业的，当天我是一个人逛，很多店子的设计都很有个性，很多拐弯路口，里面是地道的北京胡同。这里建议下午逛，晚上去附近的后海酒吧一天街，别有一番韵味。来这多半可以碰到来直播的网红，希望你是幸运的那一个。,2
7846,和我在南锣鼓巷里走一走,2
7847,和我在南锣鼓巷里走一走 直到烟袋斜街都安静了也不停留 你会挽着我的衣袖 我会把手揣进裤兜 走到后海的尽头 坐在大董烤鸭里头,2
7848,南锣鼓巷是北京最著名的特色街区，始于元代，以巷子为中轴，两边分出很多特色胡同，胡同里有众多的名人故居。加之南锣鼓巷自身的众多特色商店，吸引了许多游客。地铁6号线南锣鼓巷下。最著名的是文宇奶酪,2
7849,南锣鼓巷篇： 绿荫蔽日的古槐，幽深交错的小巷，红漆斑落的大门，古朴无华的青砖青瓦，庄重大气的石雕刻字……每一处都承载着历史的沧桑。即使身处熙熙攘攘的人流中，但这一瞬间，我们却似乎定格在昔日的尘烟中。,2
7850,老北京的韵味，很多小吃也很美味，还有很棒的一些文艺商店，明信片，手链，小本本还有包包等。刚好是阴天逛了半下午，第一次来感觉不错。∩_∩,2
7851,八大古巷之中，商业化严重，人多多多，清早逛逛体验老北京古巷的感觉。,2
7852,来南锣鼓巷主要为了体验四合院民宿，白天和晚上人一样多，真的是一个很火的景点，吃喝很方便，传统的、现代的都有，出行也很方便，南锣鼓巷站下来就是，和大多数古镇差不多，也又卖明信片的、当地特产的、小商品店的... 这次南锣鼓巷最喜欢的还是四合院民宿，安静舒适宜居！又能体验到当地人的生活，挺有意思的。,2
7853,来南锣鼓巷主要为了体验四合院民宿，白天和晚上人一样多，真的是一个很火的景点，吃喝很方便，传统的、现代的都有，出行也很方便，南锣鼓巷站下来就是，和大多数古镇差不多，也又卖明信片的、当地特产的、小商品店的...,2
7854,就算下着雨，南锣鼓巷也是很热闹。其实这样的商业街全国各地都有，但是因为身边相陪的伙伴，一路都玩的很开心。,2
7855,北京胡同的代表，有齐白石故居、中央戏剧学院等，很多风情小店，两边的胡同可以深入慢慢看，离后海不远，喜欢那种浓浓的京味，,2
7856,南锣鼓巷很窄，人也很多，晚上去更热闹。里面的东西还是有点小贵的，蟹黄汤包很坑，建议不要买。里面还是有一些有意思的小店的，气味图书馆，卖本子，书签纪念品的小店，可以看看。,1
7857,南锣鼓巷简直商业到不行。与中国其他地方的小吃街没什么大不同。‍♀️很是失望--可谓是不来后悔来了更后悔 但是可以由南锣鼓巷这条街向四处发散 寻找小胡同里的京味儿 ‍♀️值得一提的是网红店：文宇奶酪 确实好吃,0
7858,南锣鼓巷简直商业到不行。与中国其他地方的小吃街没什么大不同。‍♀️很是失望--可谓是不来后悔来了更后悔,1
7859,是北京东城区的一条胡同，是北京最古老的街区之一，南北走向，全长786米，里面玲琅满目的新奇玩意儿，各地各色的小吃聚集，游人如织，很是喧闹，商业味道越来越浓厚，遮盖了南锣鼓巷原本质朴的味道。中央戏剧学院也坐落于南锣鼓巷之中，这里是胡同游爱好者和吃货们来北京必游之地。,2
7860,我华丽丽的被北京的天气打扒下啦，今天再次把行程修改，今天不去故宫改为中国美术馆，因为家里有个画画的宝贝，所以正好来熏陶一下美术馆是免费不免票的，你只需要凭证件就可以免费领取一张门票，这样就可以进去啦，小朋友是不需要的让我惊喜的是，宝贝对于画画有啦一定的认识，而且可以说出画的制作手法及一些简单的表达方式，而且还蛮喜欢观看的，我们简单逛了一个多小时就出来吃饭，吃完以后继续欣赏，里面一共有六层，除开四楼...,2
7861,小吃很多 但是不要幻想在这里找到老北京胡同的感觉 商业化很严重 就是为游客准备的 充满着赚钱的气息 要是想逛胡同 可以拐进旁边的几个小胡同 人不多也很安静 有老北京的感觉 南锣鼓巷有很多网红店 相对来说价格都不便宜 想尝试的可以试试 不过不要抱太大希望 跟你在自己家乡吃过的小吃没啥区别,1
7862,个人觉得挺一般的不知道为什么会有那么多人强推 甚至还有人写了不少攻略 自己也是傻乎乎的跟着攻略买了好多好吃的 仔细想来那些吃的也一般 和后海是连在一起的 可能晚上去能体会到后海酒吧文化吧,0
7863,或许是天气炎热的缘故，南锣鼓巷的游客并不是很多。南锣鼓巷距离后海蛮近的，游览后海之后可选择步行抵达，附近有地铁站，交通也是很便捷。,2
7864,北京城那么大，找小吃不容易？就来南锣鼓巷吧，搭个地铁或者公交就可以快速达到目的，而且车费很便宜。这里南北小吃都有，是吃货爱来的聚散地！想吃啥都可以尽情享受，不多说了，吃起来吧,2
7865,我去南锣鼓巷是从天安门走着去的，两地大概5公里。从东边绕着去的话会经过王府井，逛商场或者买吃的都行。南锣鼓巷有地铁站，不想走路直接坐6号线也能到。南锣鼓巷里面都是吃的，不过就是人超多，没办法落脚，都是买了然后边走边吃。后海离它就是一公里多，有很多酒吧，走累了就找一家然后进去歇歇脚。,2
7866,来北京这么多次，居然没去过，这次去南锣鼓巷，感觉太棒了。很长，周围两边有各种老胡同。里面卖什么的都有，无论多奇怪。什么冰箱贴，小时候吃的零食，猫店。而且很漂亮。值得去。,2
7867,南锣鼓巷不是很大，700多米就逛完了。接着还有帽儿胡同等等，就挨个逛；最后能够一直逛到后海、烟袋斜街等等。一路上，除了可以欣赏建筑，还有就是各式各样的小店，比较文艺范一点。人也很多，小店的东西价格还是可以的。,2
7868,一条街，商业化还蛮严重的，很多连锁小吃，推荐尼积面包，很好吃，热着的十元一个，外壳脆脆的。还有新开了一家闪电泡芙，芒果味更好吃。其他的吃的就仁者见仁了。有一些小店可以逛逛，还行吧！兔爷的那家店很可爱，里面都是手工工艺品，很可爱。还有一家可以专门拍照的店，也很可爱。有一家专用无法修复的碎瓷片做首饰的店，很有特色。往北走一点就是北锣鼓巷，没有南锣鼓巷名气大，有一些很有特色的清吧，可以喝喝咖啡，喝喝酒。...,2
7869,吃的比较多，买东西的也很多，还有很有特色的东西，就是价格普遍偏高。去的时候听说那个什么奶酪好吃，还特地去寻了买来吃，感觉一般般，没有吸引到我。人超级多啊，那里胡同特别多。,1
7870,北京城魅力所在。古今中外混搭的精彩衔巷。既有古城的韵味，也有小资的情调，时尚与古典并存。两侧各延伸出8条胡同，呈蜈蚣状。始建于元代，清朝时很多名噪一时的达官贵族都曾居住于此。主街道长约800米，无数特色精致的文艺小店，都值得驻足观赏。,2
7871,DAY6 南锣鼓巷-恭王府,1
7872,前后去過四五次，商業氣息一次比一次浓郁，自从地铁6号线开通之後游客比之前多了好多，个人覺得很像上海的田子坊，主要針對外地和外國游客,1
7873,小糖人和独特的风景，胡同里的精彩,2
7874,里边有很多特色店 而且在南锣鼓巷靠边有中央戏剧学院 夜晚走在这条街人还有很多  小吃也很多 服装店也有  好玩的特色的童年店  来北京来这里逛一逛吧  地铁站下来就是很近,2
7875,免费的景点，巷子四通八达，游客很多，巷子里小吃特别多，,2
7876,南锣鼓巷在北京的名气很大，每天游客很多。有餐饮、酒吧、工艺品、服饰、小吃……各种商铺，其实就象其他旅游商业街一样，都差不多。,1
7877,我们是下午快6点去的，主街上人很多，商业气息浓厚，吃的有点贵，主街旁边的小巷子人要少的多，可以慢慢看下，但很多都处于关门闭户状态。,0
7878,一路走下来感觉心情非常轻松。街道两边店面都很有小资文艺特色。,2
7879,特别喜欢这样的小街小巷，很有味道，汇集各种好吃好玩好逛的，又不是当地的文化特色,2
7880,人特别多，东西卖的很贵，太商业化了，那些吃的基本上全国各地的景点都有。可以去两边的胡同里看看，有很多名人故居，中戏也在这里，不过不能进,1
7881,地铁六号线前往南锣鼓巷，人不少，基本每一家的门口都有排队，小吃基本大同小异，全国的小吃街东西基本差不多，但也要来打卡🌝买了一份吉事果35💰 像是小油条的口感，蘸冰淇淋和蓝莓果酱，是用纸乘的，所以要快吃，不热冰淇淋就化一手🌝,2
7882,五一小长假家人一起去南锣鼓巷！是北京古老的胡同之一。是唯一完整地保存原风貌传统民居区，是富有老北京风情的街巷，每一扇深宅的大门后都尘封着一段历史……,2
7883,逛完北锣鼓巷过横道就是南锣鼓巷了，人一下就多了起来，商业化比较浓，不过小店有的真心好看，物品精致，很有特色，还看到了当铺的旧址，胡同儿真心多，都有不同特色，累了喝瓶北冰洋＋老酸奶，饿了去任意个咖啡吧都好，环境不错，就是小贵，不过也能理解，毕竟这么火的一条街呢！,2
7884,南锣鼓巷以及周围的烟袋斜街等胡同，我以前去过几次，但都不是为了旅游去的。这条街上大多充斥了外地游客和文艺青年，站在此街巷上，除了标牌之外，你很难分辨出这是北京还是阳朔西街？还是丽江等街道，售卖的商品也是大同小异罢了。,0
7885,南锣鼓巷中有许多很有特色的各种小店，不管是吃的还是其它的都是各有各的特色，虽然这里所售的东西一般，但各个店的文艺范和小特色却是下足了功夫。其间还有一些名人故居之类的小景点，很适合漫无目的地游荡一番。,2
7886,南锣的正街实际上跟别的地方的古街一样店子都是一些连锁店没有个性化的东西倒是两边的胡同可以去转转当然映像最深的是街上的北平青年旅社鲜花围绕太漂亮了,2
7887,说实话是冲着网评上的美食去的，但结果发现就那么翻来覆去的几家店，环境不是很好，商业味很重，不会再去了。,0
7888,南锣鼓巷，历史悠久，老北京味道！虽然现在商业化了！但年轻人还是值得一去的，如果你是吃货，就更值得去了！走在南锣鼓巷体会北京味道！穿过南锣鼓巷就可以去后悔和什刹海！拍拍照，在后海听听酒吧里的音乐！喜欢喝酒你也可以来一杯！美美的享受下北京的时代感！,2
7889,南锣鼓巷是很有特色的一条街区，和杭州的南宋御街有点类似，尽是北京众多胡同组成的好玩又文艺的店铺，也有特色的卤煮，不过吃不惯的人建议不要轻易去点。门口有很多单车，可以骑单车绕行一圈比较方便,2
7890,写得其实是南锣鼓巷，看懂了么？每次到了文宇奶酪，我最爱吃的就是红豆双皮奶和原味奶酪了，推荐大家一定不要错过 真的太经典了南锣鼓巷里特别经典的一家店，两年前我来吃了一次这个玫瑰饼从此就爱上了，吃不到的时候还真是很想念，这次带着爸妈来尝尝南锣人家也是南锣鼓巷非常经典的一家门口的站牌这家店不让拍照，但是每次来到北京，来到南锣鼓巷我都一定会进去看看 因为我对旗袍和油纸伞这种特别富有江南文艺气息的东西特别喜欢...,2
7891,南锣鼓巷是颇有老北京韵味的胡同，汇聚了很多特色卖家和餐饮小店：南锣人家，卖泥人、卖蛋糕、卖冰棍...边逛边吃。夜色中游客云集，酒巴尤其人气盛，很多老外也散座其中。,2
7892,来北京已经有两次了，但都没来过这里，这次女儿极力推荐要来看看，到北京的第二天我们坐地铁来到了南锣鼓巷，出地铁，跟着人流方向就看到了南锣鼓巷的牌坊了，走进去，两边都是商铺，销售都是现在的时尚品，也有小吃店，整条街构成老北京的古建筑与时尚元素完美结合的画面。,2
7893,跟妈妈去的，端午节人挺多，但也不是人挤人那么多。有很多安保人员在里面来回巡逻，感觉安全很有保证。里面店铺林立，有很多卖小吃的，还有很多卖小玩具的。我在里面吃了一碗卤煮火烧，30元，料多又正宗，非常好吃。没事的时候来逛一逛，心情舒畅。,2
7894,人好多，不要听出租车司机说的上午没人下午4，5点才好玩，就是为了带你买票去长城，我们中午去的人就很多了，里面有好多好吃的，环境可以。,1
7895,一路走来古香古色，老店老字号，北京小吃，特色美食，百年老店，传统的建筑风格和格局还是很吸引我的，今天天气尤其给力，不萌不热，一路走来风轻气爽,2
7896,什么叫希望越大失望越大呢，在这条街上看到的小吃真的太少了哦对了不是太少，是根本没有啊能说除了喝的就是喝的嘛，总之跟想象的不一样,0
7897,可以的，来走走，各类小吃小玩意都有，来北京来逛逛,2
7898,这里藏着很多好吃的美食，有时间看看。,2
7899,不好意思，照片没拍几张，南锣鼓巷就在我宾馆不远的地方，骑车几分钟的路程，我早上逛完景点下午回来看看，来的时候是5点人海不算很多，南锣鼓巷门口附近就是戏剧学院，一到放学就有很多人出来，里边有小酒吧咖啡厅有名小吃店什么的，路边还有一些以前流传下来的小景点，也不算很大，人少时候走到头也就十几分钟，不熟路的最好下午早一点去看看，熟的可以晚上7点以后去，人会少一些，骑车单车在胡同里逛，别有一番趣味。,2
7900,南锣鼓巷处于北京市中心，是一条集小资清新风和老北京韵味的胡同。大多数人到北京都会到这个北京时尚地标地来逛逛看看吃吃，在各具特色的小店挑一样心仪之物。,2
7901,门外是古老中国胡同的往日尘烟，门里是熟悉的蓝山咖啡和杜松子酒。似有似无间，你仿佛在古今交错的时间里徜徉，在中西合壁的空间里感受传统与时尚的激情碰撞。就是这般矛盾，却又难以置信地和谐。让人不禁感叹，原来北京可以如此悠然。南锣鼓巷之所以许多怀念老北京的人喜欢这里，因为这里有最地道的北京味儿，从明朝将军到满清末代皇后、从文学大师到画坛巨匠，这里的每一个宅院都有数不尽的人物风流;蓝眼睛白皮肤的老外喜欢这里...,2
7902,南锣鼓巷是是北京最古老的街区之一，至今已有740多年的历史，它是中国唯一完整地保存着，是最赋有老北京风情的街巷。周边胡同里各种形制的府邸、宅院多姿多彩，厚重深邃。南锣鼓巷及周边区域曾是元大都的市中心，明清时期则更是一处大富大贵之地，这里的街街巷巷挤满了达官显贵，王府豪庭数不胜数，直到清王朝覆灭后，南锣鼓巷的繁华也跟着慢慢落幕。趣味盎然的各色时尚小店，构成了南锣鼓巷独特的魅力与风情。,2
7903,酸奶非常不错～至于其他的嘛～就这么一回事～有点太商业化了！,2
7904,这里有一部分小吃，有一部分纪念品，有一部分古建筑。从头到尾街不是很长，在街头部分有几家好吃的店，可以留意一下。离地铁很近。,2
7905,小吃多，也好吃，由于品种太多，遗憾的有许多种都没吃饭到，建议空腹去！,2
7906,来北京走的的第一个景点，商业街各种商铺小店，吃喝玩儿，除了主要街道，两侧的街道也可以随处走走,2
7907,北京南锣鼓巷休闲娱乐为一体的综合性步行街,2
7908,南锣鼓巷从元朝起迄今近800年历史 保留很多传统粼里巷弄的建筑色彩 独特的地理还境 许多王公贵族 乃至名人都曾在此留下印记 在讲求古老传统艺术的今日 以然为国内外观光客慕名朝圣的景点 应有尽有 耳目一新,2
7909,北京的地铁真的很方便，地铁站一出来就看见游人如织的南锣鼓巷，厉害了我的节假日！这里果然很棒，也许它并不只是老北京的小吃，也许它商业化很严重，也许它性价比并不高，但作为入门吃货的我还是大饱口福，文宇奶酪店的酸梅汤；头回吃那么薄皮的蟹黄包，很鲜；吉事果口感独特；海小姐的玫瑰饼果然名不虚传；大薯条的料好特别；还有很多特色小店，如果不是游人太多，我定多转一会儿,2
7910,北京皇城里的老街区，典型的北京胡同和四合院建筑。徜徉其中，感受原汁原味的老北京生活。在日益高楼林立，嘈杂喧嚣的现代化首都，保留这么一片传统民居，难能可贵。该区域内美中不足的是商业开发力度过大，店铺林立人流潮涌。好在胡同不少，一些小胡同相对僻静，可以安静地逛逛。特别值得推荐的是胡同里的一些名人故居，如齐白石纪念馆、婉容故居等，不能错过。,2
7911,集中了大量的店面，不少店面设计不错，但胡同里很多老宅都不开放，胡同文化体验不算好，小资们逛街吃小吃，南锣鼓巷算个不错的去处了,1
7912,这里是资源最丰富的棋盘式传统民居区，南锣鼓巷是中国唯一完整地保存着，最富有老北京风情的街巷。周边胡同里各种形制的府邸、宅院多姿多彩，厚重深邃。,2
7913,很商业化的胡同，似乎每个城市都需要有的商业化一条街... 很吵，多人，贵，商店千篇一律，反而走到胡同里小街更有意思，有旧又有历史的房子。,0
7914,每个城市都有这样一条街，以老街的名号文艺的名义千篇一律的卖着义乌的小商品，臭豆腐烤鱿鱼奶茶和甜点。在北京叫作南锣鼓巷，在上海叫田子坊，在天津古文化街，在重庆叫磁器口，在杭州叫河坊街，在黄山叫屯溪老街，在南京叫夫子庙，在宁波叫南塘老街，在扬州叫东关街，在成都叫宽窄巷子，在武汉叫户部巷，在西安叫回民街，在桂林叫西街，在郑州叫德化街，在青岛叫劈柴院，在拉萨叫八角街，在开封叫七盛角，在兰州叫正宁路，在苏州...,0
7915,和北京所有地方一样人超级多，很多特别有特点的各种小店，吃的东西是景区价格，但是还能能接受，个人感觉年轻人应该比较喜欢这里，东西小贵但是值得欣赏,2
7916,返回的时候顺便去了一趟南锣鼓巷，挺有意思的～杏仁茶勾魂面！好吃，就是太辣了……文宇奶酪炸土豆焦圈儿、豆汁儿，好难喝......豌豆黄,2
7917,每个城市都有一天骗外地人的街，然而北京有好几条，夜游一圈，吃的一般，满条街都是卖旅游纪念商品的，杯子店扇子店好像全国连锁如出一辙，恨不得街头街尾各一家，来此看看热闹就好，看多少买，走马观花一会也就逛完了。,0
7918,繁华都市里的小安心～适合晚上人少的时候去哦……,2
7919,适合情侣和闺蜜一起逛的地方哦，有各种想不到的物品可以买哦，对于增进相互之间的感情是很有帮助的哟，特别推荐①文宇奶酪店②有明信片的店店哦，里面有专门卖写旅行日记的漂亮本子哟。注意，避开高峰期更爽哦,2
7920,南锣鼓巷是一条胡同，许多人来此游玩是冲着这里的名气来的，商业化很浓厚，古老胡同的在这熙熙攘攘的人群中感受不到了。在这里，购物小吃很多，但是比较贵，性价比不高。,0
7921,北京南锣鼓巷美称是北京著名的步行街。但是，去过了以后感觉上与别的城市的步行街差别很大！景色一般，也沒什么特色，北京市特色小食也见不到，真不如王府井步行街！,0
7922,房子有特色，里面小吃挺多的价钱有点高而且节假日去的话人可能会有点多可以去那边看看老房子，，，，，，，，，，，，，，，，，,2
7923,"南锣鼓巷其实很小，大概就是半个马路的宽度吧，因为去的时候正值节假日，所以人特别多，有特色的东西很多，小吃，小玩具,别具特色小店铺。",2
7924,我国保存完整的元代胡同，整体棋盘式的传统居民区，也是最有老北京风情的街道，周边有各种形态的府邸，宅院多姿多彩，文化厚重。,2
7925,去年第一次去的时候，还没有被要求整改。这次去商家明显少了很多，还有很多在装修出兑。有很多店铺撤出了，不过一些网红店还是很多人排队。推荐吃尼积小栈面包，10元一个，相对不贵，又很好吃。灌汤包看着好玩，吃着很普通，皮也很厚。建议错峰出行，虽然整改，游客还是不少。有的店铺要在十点后开店，比如文宇奶酪店。,1
7926,南锣鼓巷是北京最古老的街区之一，是我国唯一完整保存着元代胡同院落肌理、规模最大、品级最高、资源最丰富的棋盘式传统民居区，也是最赋有老北京风情的街巷。周边胡同里各种形制的府邸、宅院多姿多彩，厚重深邃。小鸡们仰着头，像是要高歌一曲！迎接自己的本命年！太萌了！,2
7927,推荐海小姐的玫瑰饼，超好吃，个人比较喜欢原味和凤梨的，还有一家奶酪店，忘记名字了，在入口的地方，里面还有一家，还有一条基本要到里面的右拐小胡同，有个捏面塑的，在旁边看了好久，想捏一个，排不上，就走了,2
7928,南锣鼓巷是清朝名仕居住区，喜欢清史的必来，不过，建筑都经翻修维护，古建筑原貌不再，更多的是街边门市经营，一个包子20元，一盒酸奶16。真是体现了老北京的价值！,0
7929,因为第二天要去长城，所以晚上逛了一下南锣鼓巷，就回去休息了,1
7930,南锣鼓巷也是很有特色的地方，在里面的餐馆吃了午饭，刚好有歌手唱歌，不过比较商业化了，但还是有老北京的味道，在里面的店铺也买了些纪念品，店铺都挺好看的，一直在那边逛，然后走去了后海。,2
7931,去北京第二次确实第一次来南锣鼓巷。是我喜欢的类型，有古香古色的视觉感受，又有现代独具特色的美食。还有我喜欢的那种小工艺品。十一月时候去的，有点落叶，但也很美,2
7932,名人故居加上没事，还能体验老北京文艺范儿，值得来看看,2
7933,吃货的天堂啊最爱卤煮还有一家四川小店买的口水鸡和香辣抄手,2
7934,到北京已是下午，从机场坐地铁去酒店，一路上看到还未长出叶子的树，正因为如此，我们可以很清楚地发现树上的鸟窝，还是很兴奋的。到酒店办理入住后，就安排去南锣鼓巷逛了。巷子算是来北京的经典游的地方，每条巷子都有自己的名字：黑芝麻胡同、后圆恩寺胡同等等。据文献记载，在明代就多达几千条，其中内城有900多条，外城300多条。清代发展到1800多条，民国时有1900多条。新中国成立初统计有2550多条。关于胡同的取名，大家可以...,2
7935,很有风趣的一条主街，胡同里各色小吃需要你慢慢寻觅，这里绝对满足味蕾的同时大饱眼福，非常适合情侣旅游,2
7936,北京的南锣鼓巷很有名，是蛮值得逛一逛的胡同，它地处北京的市中心，这边现在也成了北京的地标，里面有很多特色店家，还有各种各样小吃。,2
7937,商业化严重但店铺名还是很有趣滴,2
7938,南锣鼓巷上次去逛的时候特意天黑了才去，逛吃去的晚上在那溜达感觉很好，还有好吃的，这次我们特意白天坐公交车去的，坐的特11路，下了车过马路就是南锣鼓巷。这回看看一些有风情的小店，买拼的小玩具，看看人家手工打银器，宝贝要了一个超级大的棉花糖还有特意尝尝那个好多人排队的羊肉串，辣椒多多放特别好吃，肉很嫩哦,2
7939,决定去南锣鼓巷转转‍♀️这座至今保存完好的元代胡同，如今已林立着各种餐饮酒吧及艺术品小礼品商铺，与上海的“田子坊”相似[微笑]那些没有被灯光映射的小胡同，灰白的墙壁仍留着时光的记忆，珠帘暗锁，墨迹斑驳，似乎这才是一份安稳与寂静的岁月答卷[微笑][玫瑰],2
7940,今天下午我慕名去了南锣鼓巷，看看北京这条很有商业特色的街道。那里游人很多，也有外国人，我逛过南京夫子庙、上海城隍庙，今天有机会逛北京的南锣鼓巷。,2
7941,全是卖东西的，可以去看看吃吃，有好吃的,2
7942,很有意思的地方。除了商业化了，但是可吃，可玩。非常漂亮的街口。需要慢慢寻找景色。,2
7943,南锣和后海，很有老北京特色的去处，虽然已经同大多数景区一样成为酒吧和小商品聚集地了，但是仔细走走看看，还是能体会到老北京特别是胡同文化的美。一定要静静的走，或者坐上人力车，听听那些稀奇古怪的故事！,2
7944,"南锣鼓巷新近整修的，整个里巷干净整洁。游人特别多，有特色的东西很多，小吃，小玩具,，别具特色小店铺。当然还有两边古朴的建筑，这里是很多名人的故居，有的建筑还保存完好可以参观。",2
7945,南锣鼓巷的游客是真的很多，全世界各地的游客。非常富有老北京古城的特色。里面小时候的小吃或者小玩意儿也很多。南锣鼓巷里后海也很近，一条最有名的酒吧一条街，很多富有老北京特色的小吃也有很多。非常值得一去，而且还不失年轻人的气息。,2
7946,每次去北京基本上都住在胡同附近，就是想更多的感受胡同文化，这次也不例外。南锣鼓巷有很多人，根本走不动，只能停停走走，走走停停。左右两边的小胡同反而显得很清静，在这里看到了中央戏剧学院，并在对面的未来明星常常出入的餐馆吃了晚餐。听朋友介绍五道营胡同的环境不错，很小资、很文艺，第二天去转了转的确如此，有中餐、西餐、酒吧，咖啡屋，吃的喝的玩的用的都有，各种店面风格独特。吃午餐我选了一家西餐厅，门面很小，...,2
7947,南锣鼓巷很有特点，来了4天，天天都吃文宇奶酪店的原味双皮奶，很好吃，虽然不至于排长队但也是时刻有很多人，街边有很多小店，喜欢吃这里的吉事果，推荐巧克力味的，去了咂摸吃晚饭，菜码不大，但是味道不错，价钱也可接受还有一家烤肉和火锅一起的味道不错，但是没记住名字，菜码大。我们住在菊儿胡同的汉庭，闹中取静，很舒服，推荐南锣鼓巷，值得一来,2
7948,南锣鼓巷的文化底蕴其实很丰厚，它是我国唯一完整保存着元代胡同院落肌理、规模最大、品级最高、资源最丰富的棋盘式传统民居区，也是最赋有老北京风情的街巷。在元大都“左祖右社，面朝后市”的城市格局中，南锣鼓巷是“后市”的组成部分。,2
7949,都是小店铺的一条街，每家店铺都很有特色，当然价格也略有一些上浮，买了杂七杂八的小东西，看着挺有意思了，毕竟出来旅游就是难免消费的。好吃的很多，走一路吃一路，大家可以考虑哪人多排哪，连攻略都可以不看，特别准确。出了南锣鼓巷没多远到钟鼓楼，可以去看看敲鼓的表演。再走走到烟袋斜街，逛完了就快到后海了，体力好可以都走走，很多人骑自行车逛，我觉得不如走路看得有意思。北京，一个吸引了很多人的地方。,2
7950,猜猜这是啥很喜欢现场表演的吹糖人吹糖人，北京特有百家姓，好些游客在那里挑拣超稀饭这个啦很有Feel因天气太冷，懒得掏手机，只能网上盗了几张图，还请度娘不要怪罪,2
7951,因为下午就要出发回上海啦，早上来到了不需要花很多时间可以随意逛逛的南锣鼓巷~ 感觉跟田子坊蛮像的，都是各种小店~ 有一家手工作坊好棒哦，小东西小饰品都很精致，许多名人都拜访过，贵是真贵哈哈，只能拍拍照瞎看看。奶茶奶酪狂爱爱好者表示文宇奶酪可一吃！,2
7952,南锣鼓巷是一条胡同，位于北京中轴线东侧的交道口地区，北起鼓楼东大街，南至平安大街，于元大都同期建成。是北京最古老的街区之一，至今已有740多年的历史。在这里可以感受古老北京的魅力，历史的沉淀，有种穿越过去的感觉，还是很不错的一个旅游地方。,2
7953,又是一个人挤人的地方,0
7954,北京的旅游地标之一。地铁到南锣鼓巷出站即是。南锣鼓巷纵横交错的老胡同还是很值得一逛的。春节时主街上人太多，已经没有逛的欲望了。文宇奶酪每次来都会吃一份。这次来发现还多店铺都重新整修过了。焕然一新的感觉，可还是更喜欢有点破旧的南锣。,2
7955,南锣鼓巷去了三四次，还是第一次遇到这么多人。跑到咖啡馆里避开熙熙攘攘的人群。本来想喝咖啡，结果看中了冰淇淋。表面一层坚果碎，附着满满滴麦片，每一口都是香甜滋味。一只价格也很便宜。长棍泡芙做的就很普通了。泡芙皮不酥，随便吃吃吧。店面不大，在寸土寸金的南锣鼓巷，始终是满座。,2
7956,南鑼鼓巷的內涵是溫潤順口的，不像是喧嘩吵鬧那種，值得慢慢回味、細細品嚐，有點像鬧中取靜的小巷，一進入就讓人流連忘返，不想離開..,2
7957,春节期间去的，人非常多，光看人了,0
7958,南锣鼓巷很文艺的名字，离什刹海后海挺近，其实就是商业街，东西很贵，不过四通八达的胡同串子也很好玩，会看到很多友人，看到有人拍戏……去一次也无妨,1
7959,我们一行2家人带着孩子坐火车到达北京站，在网上订了荣府四合院，住处位置非常好，南锣鼓巷小吃一条街的帽儿胡同，闹中取静，环境也不错，地铁站步行5分钟及其方便。第一天逛了鸟巢水立方后海，明天去长城.,2
7960,全长不到一公里，比较有特色的一条商业街，有些小店卖些有创意的新鲜小玩意；不过现在修整呢，中间地带东侧店铺都没了，现在砌成墙了，之前的丹宁牛仔风就没有了。假日期间还是卖食品的小店最热闹，糖葫芦、文宇奶酪、蟹黄包都排着长长的队伍。,1
7961,春节期间人超级多啊！,2
7962,春节期间人超级多啊！ 地铁很方便，就是很挤 和其他地方的老街差不多，，，， 如果想去，千万别在假期去。 两边的胡同里有好多博物馆和名人故居！ 从这里去什刹海也很近，可以安排在一天游玩,2
7963,不适合儿童来，而且节假日人很多，影响闲逛的兴致。,0
7964,老胡同街道群；原始风貌保持完好！各种小吃小玩意！逛起来很放松！,2
7965,吃的玩儿的都有。基本上可以吃一条街。也有很多小饰品店，真的是让你进去就停不下来买东西的欲望。也有民谣店。很多店也很有特色。也有可以寄明信片的地方。值得一去。,2
7966,到北京值得一去的地方，很有特色，酒吧小店给人感觉很不错，尝了马迭尔冰棍,2
7967,一番梳妆打扮，两个女人出动。查了一下百度地图，酒店旁边就是东四胡同，酒店位于王府井广场，南锣鼓巷之间，都有一站地铁路距离。我们决定步行，逛胡同，奔南锣鼓巷。出酒店，往右走，再往右一直走。路上途径很多胡同老巷，可以感受北京人的日常生活状态，可以看到很多院落都在进行老城改造。,2
7968,坐火车下午到达北京，晚上在东四吃了顿涮羊肉，从此被麻酱香菜圈了粉~,1
7969,免费自然是性价比五分啦！据说有十几条巷子，在我看来是大同小异，我只逛了四五条就研究行人和商店里的小东西啦！有老牌子的国货，传统唐朝瓷人，各种风味的北京小吃，适合喜欢边吃边逛的小伙伴。,2
7970,北京元代的老胡同，有700多年历史了！有家叫束河人家的火锅店，很多人推荐！,2
7971,一般吧，临时去转转的，里面酒吧一条街，但是时间有限，没进去，就在外面走走，美食比较多，好玩的也有，各种胡同，还有有趣的店名，就是时间太赶，不然真的要好好转转。,2
7972,北京火车站也是直连地铁的，对于不熟悉公交的人来说，地铁还是最方便的选择啦！,2
7973,胡同、四合院曾是老北京的象征，如今这些逐渐稀少并隐匿在城市高楼间，逛胡同也已成为北京的特色游项目。南锣鼓巷是老北京胡同的典型代表，在这里，美食小吃、特产商品、文艺清新应有尽有。,2
7974,去南锣鼓巷，如果从南口进，第一个路口向右转，就是东棉花胡同。里面有所大学，是中国明星的摇篮。中央戏剧学院。欧阳玉倩先生创办的这所学校是中国话剧的最高学府。有可能会邂逅明星哦。,2
7975,北京，南锣鼓巷，胡同文化，加上现代商业气息。。。,1
7976,这是条具有北京味道的古巷子，在这到处在拆的年代，留有这条巷子，让人休闲怀旧，回味过去回味童年。走完巷子，再转到什刹海，泡泡酒吧，享受小资情调。,2
7977,南锣鼓巷这个有名的街道，少不了要来逛一逛，晚上坐地铁到的南锣鼓巷，南锣鼓巷位于北京市东城区，是北京最古老的街区之一，有着北京保护最完整的四合院区，南锣鼓巷南北走向，长约800米，东西各有8条胡同整齐排列，近几年又有先见之明的人看到商机，租下沿街民房，开起了风格百变的个性店铺！也就是来这逛逛胡同，吃吃小吃，看看地方特色！那夜的人也算多，但胡同里不像其它城市的小吃街热闹，街道也不长，逛来逛去，一个多小时就...,1
7978,结束恭王府的旅程，我们回酒店，爸妈在酒店楼下的店吃了晚饭，爸爸去拜访他叔叔，妈妈在家带豌豆，我和没头脑抓住最后的尾巴，多逛了一个景点，以及背负了去买伴手礼的重任。,2
7979,三里屯出来去南锣鼓巷 三里屯特别堵车 想打个车都要找半天 就叫了个滴滴 等师傅来接我们的时候随口问了路边停着的三轮车（我也不知道叫什么车 就类似黄包车）问去南锣鼓巷多少钱 其实三里屯离南锣鼓巷也就十分钟的车程 他们开价50块钱…是不是看外地人不懂好宰下我们…,0
7980,每次去北京必去的地方，很热闹，各种小店铺很吸引人，值得去。,2
7981,南锣鼓巷是老北京的标志之一，坐落于老北京城，市井文化浓郁，江森海的创可贴8就在此，在一个盛夏的晚上，坐在青旅的屋顶，品着美酒加咖啡，聊着人生，别提多有意境了！,2
7982,各地小吃，胡同文化，买小件首选，周边景点，北海，顺天府，鼓楼，钟楼，什刹海酒吧文化，喜欢买鞋的朋友可以去，也是特色，好地方,2
7983,人特别多，坐地铁南锣鼓巷站下，就能看到，南锣鼓巷街区北边是鼓楼东大街，南边是地安门东大街，西边是地安门外大街，东边是交道口南大街。由这4条街围合的这块长方形地块，正是元大都的两个坊。以南锣鼓巷为界，东面是“昭回坊”，西边是“靖恭坊”，南锣鼓巷是两坊间的分界巷。,1
7984,人山人海的，全都是游客，胡同里有很多小吃。看攻略说这有家没有玉米汁的地方玉米汁特别的好喝，结果差强人意。还有好多大家比较熟悉的小吃。,1
7985,资料馆没参观成，那在这里写一个我冬天的时候去的南锣鼓巷吧。,1
7986,南锣鼓巷周边的景色。,1
7987,对于北京的游玩景点。那必定南锣鼓巷还有什刹海必去之地！,2
7988,南锣鼓巷是是北京最古老的街区之一，也是最赋有老北京风情的街巷。胡同里分布着众多名人故居，著名的有僧格林沁王府，国画大量齐白石故居，茅盾故居，菊儿胡同，帽儿胡同，可园，后邸，绮园等等景点。再加上南锣鼓巷林立的特色店铺，在这里可以尝北京小吃，买特色礼品，也有现代风情的酒吧、咖啡馆。这里适合休闲慢游，慢慢逛，细细品。乘地铁和公交很方便。停车不方便，最好不要自驾。,2
7989,不错，值得一去，除了满街的小吃外，还可以有逛很多名人故居。其实都散落在巷子周边的胡同。南北为巷子，东西为胡同。故居有矛盾，齐白石老先生，婉蓉的娘家，大将军冯国璋，还有很多很多名人和组织的之前所在地，每一家每一户都值得深游，背后都隐藏着老北京不一样的文化。,2
7990,餐后已是13：30了，下午回宾馆休息，16：00我独自一人去了南锣鼓巷。,1
7991,人比较多，而且商业化较严重，但是依旧抵挡不了大家的热情哈哈哈。周围的胡同可以转转，能感受到那种老北京的气息……巷子里咖啡店啊那种文艺小店特别多，而且还可以从这里去什刹海，看看酒吧一条街,2
7992,从长城回来回了趟酒店把东西放在酒店，然后大栅栏坐特11路「开往时代庄园北站方向」的公交车转战南锣鼓巷，到交道口南下车，步行没多远就看到了南锣鼓巷。到的时候晚上6点多左右，人很多。看得我眼花缭乱的，看了网上推荐的各种好吃的其实我一个也没去吃，自己摸索的逛逛，各种名字各种吸引着我去看看的念头，我就去了两个店，一个是「童年」逛了逛，买了好多小时候经常吃的自己小吃，就是有点贵，不过心里也是美滋滋的。然后又去...,2
7993,南锣鼓巷历史悠久，据称始于元朝，是现如今北京最古老的街区之一，这可能也是他名气大的原因吧，逛的人人特别多，有特色的东西很多，小吃，小玩具，各种别具特色小店铺！,2
7994,突然发现左手边好像南锣鼓巷。获得表妹称赞木有认错。进么？废话，当然进！,2
7995,交通：798-大望路（14号-6号地铁）-南锣鼓巷,1
7996,情侣游玩的好地方，各种北京美食还有小时候的玩意，而且他的店有些不是固定的，玫瑰饼还有猫猫餐厅我和女友都比较喜欢，总是感受美食的话，这里还是比较赞的，紧挨后海，晚上还有酒吧一条街，美丽美丽！,2
7997,"来的时候正在下雨，可是也阻挡不了人们热情的脚步，人挨人的感觉，赵小姐的玫瑰饼店很好吃，文宇奶酪要排队，不过原味奶酪、红豆双皮奶真的很好吃，穿过整条街后望鼓楼方向走有一家姚记炒肝，作为东北人的我真心觉得包子很好吃，豆汁真的尝试不了，炒肝的味道有点奇怪，豌豆黄很好吃，驴打滚也很好吃，听旁边的北京人介绍要吃一碗卤煮,多加蒜汁才好吃，可是我们没买，旁边的河南人一直说难吃，不过很多北京人都吃的很开心。准备坐...",2
7998,只能说好好好！！！！好！好！我和闺蜜呆了好久，好多好吃的！！！真的超美！！可丽饼我俩都没吃完，现在想想挺可惜的。有家咖啡店里面很多猫仔！！王德藐视！不过太胖了,2
7999,十一黄金周来这，人好多，距离烟袋斜街，什刹海都很近，就是建议带吃的过来，不然小吃很贵，这里印象特别深的就是手工现场制作银饰品，陶制品，而以前的老式胭脂水粉上海女人，还有友谊，哈拉油，都能看到，还有猫小院，好大的一只猫，咖啡厅特别多,2
8000,古香古色，地道的小吃，大众化消费！3,2
8001,最能感受老北京传统胡同文化了，只不过已经很商业化了，但是住在胡同里的人还是挺不错，毕竟不要门票，陪朋友逛一圈吃吃喝喝玩玩挺好的,1
8002,文宇奶酪还可以！老北京猪肝中的糊还可以！肝不好12！其他没有什么特色！坐的地方没有！走累了还得继续！我不会再去的地方！,1
8003,南锣鼓巷的白天，商业气息浓厚，阳光映照下，露台成了最美的风景，一杯咖啡，一杯果汁，人们浅笑交谈… 相较之下，我更喜欢夜幕中的南锣鼓巷，更有气质！灰色的青石路，抬目可见的垂杨柳，随处可闻的叫卖声，巷子里孩子们的嬉戏声，咖啡店里静静看书的老外，酒吧里驻唱歌手的深情，深藏在明信片里的小资情怀，就连路灯都可自成一景，更别提那一条条交错两侧、悠远且深长的胡同儿…都说这里保留了老北京最古老的味道，岂止啊…,2
8004,南锣鼓巷的白天，商业气息浓厚，阳光映照下，露台成了最美的风景，一杯咖啡，一杯果汁，人们浅笑交谈…,2
8005,南锣鼓巷就是有很多特色小吃，特色小店的地方，年轻人逛的较多，巷子里有北京老胡同，地铁站的设计非常独特，没有深逛，因为带着老人小孩一起游玩，太累了,1
8006,南锣鼓巷是北京比较有特色的小巷，还有胡同，四合院，后海也在这附近，还有恭王府等，逛完了南锣鼓巷就到后海吃各种特色小吃，去酒吧听听音乐!逛逛小胡同，看看四合院!,2
8007,南锣鼓巷完全是慕名而去，以及从住地坐公交车过去就三四站路，比较近。,2
8008,去北京怎么能不去南锣鼓巷啊！真的很繁华，人也很多，好吃的也很多啊！在那可以看到中央戏剧学院，但是不让进，没给我偶遇未来明星的机会。南锣鼓巷挺大的，可以逛好久，离后海也很近，可以顺路去后海。,2
8009,南锣鼓巷是京城古巷与现代元素相结合的代表，南锣鼓巷美食攻 略：南锣鼓巷里满布酒吧、咖啡馆、特色饭馆，门前高挂小红灯笼，装修风格回归传统、朴实，遵实于四合院的氛围和格调。也许在白天，看不出这条巷子的南北两 边有什么大的差别，但是入夜后南锣鼓巷就活起来了，仿佛成了与北边完全不同的世界。这里外国游客众多，很多喜爱小资氛围的北京人也选择这里的咖啡馆，一泡 就是一天。南锣鼓巷距离中央戏剧学院几步之遥，经常能看...,2
8010,下午的时候趁天色还早，就随意的去逛了一下南锣鼓巷。,1
8011,铜锣古巷虽然商业化挺高的了，但是吃的不少，什么这没有玉米汁的玉米汁，什么只有两个座却络绎不绝的文宇酸奶，什么过客烤肉披萨，什么回味童年的街角小店，还是有点意思的，我要是有体力，就把胡同巷子逛逛,2
8012,可以说北京南锣鼓巷是一个年龄人值得去的地方，有很多美食小吃让你去慢慢品尝……稀奇古怪的小东西，宣扬着北京文化，古色古香让你觉得这才叫北京城……偶尔还有几家主题吧，小酒吧，在唱歌，地道的北京菜可以局气起来……个人而言值得推荐给宝宝们,2
8013,晚上去了南锣鼓巷，很文艺的巷子，坐地铁就到了。在谢馥春里买了鹅蛋粉和眉粉，包装都挺复古挺美腻的，也很好用这种文艺小巷子卖的就是个创意，逛逛还是挺有意思的,2
8014,没什么意思，本来店就不多，内容重复有好多，比不上鼓浪屿的曾安措，印象很深的就是有家卖手机壳的店不错,2
8015,南锣鼓巷也是一个值得去的地方，古代建筑与现代的经营理念会给你很强的视觉冲突，对吃货来说也是一个不错的选择！文宇奶酪名不虚传，小巷末端的一家酸梅汤超赞！,2
8016,很值得，可以花一天时间，慢慢地逛完8大胡同，仔细欣赏建筑的门头，不同地位，门头都设计的不同，看来过去的社会，等第观念是非常严重的。,1
8017,住的地方吃完饭然后就去了玩的地方，在簋街找的吃的。因为很近。 吃完之后去逛了南锣铜鼓，对于这种文艺地方自己并不感冒，因为好像去过的每一个城市几乎都会有一个“南锣铜鼓”。也许会各有特色，但是当时下雨了，没带伞，雨停了才回雍和宫附近，所以走雨的夜路印象不太好。 南锣铜鼓很多卖文艺东西的小店子，类似798，武汉的户部巷，长沙的太平街这种。,1
8018,住的地方吃完饭然后就去了玩的地方，在簋街找的吃的。因为很近。 吃完之后去逛了南锣铜鼓，对于这种文艺地方自己并不感冒，因为好像去过的每一个城市几乎都会有一个“南锣铜鼓”。也许会各有特色，但是当时下雨了，没带伞，雨停了才回雍和宫附近，所以走雨的夜路印象不太好。,1
8019,"古老的鱼骨状胡同 有喧嚣的闹市 也有安静的小巷 精致的小店 细细品味 很有味道 迷失在这座""北京城""",2
8020,如果肚子饿时间又充裕的话。去走一走还是不错的。基本上走完整条巷子只吃小吃就吃饱了。小店很多值得买的东西不多。小吃都还好吃。有几家不错的咖啡店。拍拍照不错的。胡同莫明吸引人。光看看就很开心。,2
8021,吃完沿着街走了十分钟就到南锣鼓巷。感觉，商业化气息浓厚，为游客开设的街也没什么特别的。路过太多这种大同小异的，不是小资情调就是搞些传统特色。,0
8022,一直想去的地方，坐公交到的那里输入文宇奶酪店就可以逆着正常的路线走，因为这样游玩后可以去后海酒吧一条街，走到那里虽说商业气息很严重不过有些地方确实有点意思，很喜欢那里的瓷人，很可以，在文宇奶酪店买了奶酪和双皮奶，个人更喜欢喝双皮奶。,2
8023,好像每个城市都有这么一条街，像成都的锦里，上海的田子坊，西安的回民街，属于北京的这条，叫做南锣鼓巷。,1
8024,沿着南锣鼓巷牌匾直走的这一条巷子两边都是小吃 工艺品 咖啡 酒吧啥的 但是真的很没有特色 最大的特色就是各个地方的东西都有 可是一点儿京味儿也没有 网评说很好的文宇奶酪店人挺多的 味道就这样吧 八大胡同倒是可以穿一穿 感受一下老北京的味道,0
8025,随心骑行，不知不觉来到了一个小巷。当看到制作精美的团扇，古色古香的建筑和服装时，我才有真的来到北京的感觉。,2
8026,感觉不怎么样，不会再去了。。适合国外旅游的乘客,0
8027,顺着胡同，我们蹦到了南锣鼓巷，基本是挨家挨户的转，生怕错过了什么,2
8028,喜欢北京的胡同小巷，虽然是一条商业气息很重的巷子，但是在这里你能看到老北京很多带有京味儿的小礼品，这是我每次回家之前必逛之地，这里就像一个小宝藏地儿，啥都有,2
8029,到处弥漫着小资情调，可以约闺蜜疯狂购物，也可以在小店点杯咖啡，体味一个人的慢时光～,2
8030,南锣鼓巷有很多个性小店，大家都可以进去寻找自己喜欢的小东西，价格也不是很贵。里面还有很多美味小吃，大鱿鱼超级带劲！！！！,2
8031,我很喜欢南锣，白天去有许多商铺都不开门，晚上的南锣会很热闹很有趣。但白天去的话可以体验安静而平和的南锣，有种不一样的趣味。我喜欢。下午开始就好多了~好吃的烤玉米强烈推荐~还有小排骨，猫咪主题咖啡馆大爱~,2
8032,看图！有亮点！哈哈哈哈，很多小店，如果说王府井有点像厦门中山路，那这条街就像厦门的曾厝安,2
8033,最后一天去的，吃了文宇奶酪，吉事果，味道不错。海小姐的玫瑰饼有股玫瑰味道，不喜欢太香的东西，所以不是很喜欢。为了躲雨还进了红宝鼎，环境不行，服务员给你指了位置就不见了，所以没吃出来了。就是一条卖小吃和杂货的一条街，一刻钟左右能走完的一条路，不推荐一定要去，路过可以去去的地方,1
8034,就是去吃，感受胡同，走一路吃一路,2
8035,南锣鼓巷，风味的巷子，精致的小店，各种特色小吃。,2
8036,古街虽然已经商业化，但是走在小胡同的路上还是很有感觉的～慢慢逛，总会有小东西让你喜欢～,2
8037,值得去，好多小吃，吉事果35元I个，女儿很喜欢吃，第一鸡排，20元1个，冰淇淋奶味真足，好多没拍照片，兔爷软陶店很不错，扇子店也有特色，这里安静，文艺气息足，正好去时阴天，心旷神怡,2
8038,南锣鼓巷是近几年来兴起的旅游地，一个是南锣鼓巷，还有个是烟袋斜巷，都是体验老北京民俗原汁原味的地方。交通比较方便，地铁有一站，南锣鼓巷站。节假日来此的人很多，没有门票，尽量避开节假日。这里的物价比较高，不建议买各种小饰品，小礼品。,2
8039,很久以前来过一次南锣，当时开发还没这么商业。现在地铁也通了，游客爆挤，街边的商铺也满满当当。当然作为一条文化古巷还是有很多看点的。文艺的书店、传统的北京兔爷泥塑、闹中取静的青年旅社、还有很多名人故居，都是深藏在隐秘之处才能发现。当然火爆的文宇奶酪、马迭尔雪糕等传统老店也是口碑相当不错。,1
8040,逛南锣鼓巷，可以饱眼福，看到各种精致的小店；可以饱口福，品尝京味小吃；可以坐在黄包车上，要价60就能在各个主要胡同穿梭一番！,2
8041,人虽多但很凉快咖啡包 10元一个，推荐！,2
8042,值得去，有好吃的美食，有特色小店，我这次去北京都去这三次啦^_^,2
8043,在这里等G下班是赶过来，真的一条好长的胡同，吃的喝的玩的啥都有！,2
8044,这里是几年前去北京时候去过的，对于当是还是高中进大学学生的我来说真的觉得南锣鼓巷就是文艺和小资的的代表，现在觉得这里就是…旅游景点,1
8045,说句实在话 去哪里处了吃就是吃 各种小吃很多 最爱酸奶冰淇淋和特色咖啡屋 累的时候就会和朋友选择一家咖啡屋钻进去 休息够再出来 那里主题咖啡馆很多 猫主题的最多 边喝咖啡边和猫咪一起玩 这种生活很惬意 很喜欢 蟹黄包要尝一尝 虽然很贵但是貌似是一种流行 大家来了都会品尝 总之对于吃货来说 南锣鼓巷就是天堂,2
8046,一早吃了包子喝了蛋花汤就步行到南锣鼓巷。（来北京差不多每天的早餐就是小笼包或者大包然后外加一碗紫菜汤或蛋花汤，也还不错。）,2
8047,吃过早点，到超市买了饼干，巧克力等干粮就按旅馆的地图出发。,1
8048,南锣鼓巷是个很有情怀的巷子  推荐指数⭐️⭐️⭐️⭐️⭐️,2
8049,左前方就是南锣鼓巷所在了。后来我回福州后，才发现那是我很喜欢的一部电视剧的宣传照拍摄地。话说右手边的小店真的很多啊，但是很多店都不是开很久的。小巷分支之一，下午近5点的阳光，很舒服。老式电表，其实这边居民还是不少的吧。红豆糯米糕？锣鼓巷主干道很多人在卖，上面一层白糖。个人不喜欢，是老妈的口味。卖老酸奶的人也很多，可能是景点，这种包装一份酸奶基本在15元上下，口味还行。正后方那种蓝盖子的本地常见的酸奶...,2
8050,宇文奶酪的双皮奶特别好吃还有冻酸奶我去的时候是7月末天气太热了后海很近步行就可以去我从恭王府走到南锣鼓巷吃了一圈就饱了哈哈,2
8051,南锣鼓巷是一个老北京的胡同，感觉和济南的芙蓉街差不多，各种卖吃的，还有很多小玩意的店铺，文化气息虽然被商业气息掩盖了一些，但是还是有的，尤其是人少的时候，还是有些老北京的味道。现在南锣鼓巷的商店除了有比较现代的酒吧、创意小店、服装店以外，还有一些有名的小吃店和传统工艺品店。论吃的话，文宇奶酪的双皮奶和奶卷还是不错的。,2
8052,南锣鼓巷真的很适合我这样的吃货和伪文青。尝试了文宇奶酪，海小姐的玫瑰饼，马迭尔冰棍，冻酸奶还有爆肚。对我而言真的没有品尝出什么惊艳的味道，但是这种整条街的小吃文艺范的感觉是难以用语言表达的。部分小店亮点太多。需要注意的是不要去太早，我早上八点到很多店没有开门。,2
8053,南锣鼓巷有一条主线路，旁边有好多胡同图①，胡同里很安静，有居民居住图②，主线路有很多好吃的，可以变逛边吃，一些店铺还是挺有趣的，值得一去图③，还有就劝各位如果逛到齐白石故居就别进去了，在外面照张想就行，门票5元到是不贵，但顶大天儿值五元，因为里面除了几幅画和一张床，两把椅子外就剩承重墙了，不值得去，真的。个人认为值得留念的就是齐白石的塑像了。图④,2
8054,很小资的一个地方，沿途小店有很多京味小玩意儿，还有餐厅和咖啡厅，是个消磨时间的好地方~,1
8055,代表老北京的胡同巷子，南锣鼓巷，是我来北京一年去过最多的地方，不知道为什么，就是喜欢这里，不管是白天还是夜晚，不管是夏天还是冬天，这里的风景都别具一格，好吃的，好玩的，在这里都能找到，比邻的什刹海和荷花市场，风景都很好，朋友来北京玩，主要介绍的也是这里，大爱哦,2
8056,北京比较有名的地方。里面吃的喝的玩的穿的什么都有，主要还是以小吃为主，街道很文艺适合拍照，不过人也超多，在南锣鼓巷可以吃到各种各样的小吃，还有吹糖人彩色棉花糖拉等等。很棒。,2
8057,接下来看看一些我在南锣鼓巷随手拍的一些小店吧~~~~~,1
8058,转乘到南锣鼓巷，已经被蓝天白云给晒化了。喝了一瓶北冰洋，开始在老北京的老巷子里闲晃。,2
8059,商业街。跟每个地方的商业街差不多,1
8060,非常值得去的地方，上次来北京因为下雨没逛好，这次特意来逛的，里面的小吃特别好，尤其是那个焰烧乳酪，特别好吃，还有涮肚、酸梅汤…，尤其是酸梅汤，真是味道浓郁，里面还有果肉呢，真真是自己熬制出来的，比那些兑水冲制的好喝多了，还有很多小吃，实在是肚子吃得太撑吃不下了，下次去接着吃，呵呵,2
8061,这是白天的南锣鼓巷。感觉这道路的两侧，还在搞建设这是夜晚的南锣鼓巷。甜甜蜜蜜的糖果店，又漂亮又好吃！不过，我不买！话说这是全南锣鼓巷最好吃的面包，哈哈，看它广告这么给力，我就买一个试一下吧！味道还是不错的！酥酥软软，有点Q感的面包！对比于南锣鼓巷的主街道，其实旁边这些幽静的小胡同才更有味道。,2
8062,北京的古老商业街，人流量还是挺大的这里,1
8063,地铁E出口就是，等于小吃街，小商业街，下午到晚上人比较多，有一点不满，就是效果时间饮料店，招牌都是小杯价格，收银员却表示只有大杯，出来的价格都是特大杯的，价格翻倍，买了4杯，只有果汁味道，绝对没下次。,0
8064,这个就不多说了，走北海出来，穿了个巷子就到了。然后就是一路吃过去，然后喝回来2个小时过了,1
8065,南锣鼓巷和其它古建筑不一样的就是有浓郁的老北京色彩，胡同是它最大的特色！适合年轻人去逛逛、吃吃、看看。,2
8066,一条古街，文化色彩很浓……各种小吃及文化小店，不错哦,2
8067,地铁南锣鼓巷出口，就在南锣鼓巷门口。这是条店铺林立的巷子，个人觉得白天逛比较好，晚上人太多，太杂。吃了玫瑰饼，岩烧乳酪蛋糕，文宇酸奶，其实这些够饱了，但为了女儿能吃上饭，所以一直找，可能因为时间仓促，所以急着就看到巷中二楼露天已满坐的“咂摸”，进去吃了，菜味道一般，但不便宜，关键卫生真不行，赶紧扒了两口走了，不愉快的唯一一餐。,0
8068,这里主要是吃喝玩，感受一下传统的工艺和现代的结合，累了可以在咖啡厅里喝一杯咖啡，感受一下午后的惬意,2
8069,6月底去的北京，已经是很热了，阳光非常的毒，防晒一定要做好，吃的东西种类其实差不多，但是价钱特别贵，一个冰淇淋要30，而且游客非常非常的多，挤到不行，很多东西味道也是很一般，并不觉得有什么特别的地方。可以作为蜻蜓点水的旅游景点。,0
8070,听说这里有好吃的...于是乎开启逛吃模式……感觉很有特色...所以拍了一张...后面几乎没拍照...因为宝宝一直在吃吃吃……四合院款的星巴克...中西结合...感觉不错……,2
8071,去了南锣鼓巷。感觉商业气息太浓太浓，到处都是吆喝的小吃和拥挤的人群。,0
8072,都是北京很有特色的胡同街道，就是人太多了，不过这不影响我看风景吃美食的心情，去美食地图推荐的菊儿人家，简直不能再赞了，很好吃，阿姨人也超好,2
8073,花花冰棋淋Teahouse茶房    主要卖：茶花、水果茶（25-45块/罐）   送人OK！！！Teahouse茶房Teahouse茶房陶笛子：音色不错（可送朋友）。。。。逛完步行回去！！！！！愉快一天结束！,2
8074,特色鲜明，情调小店，好吃的胖酸奶！,2
8075,北京的街道不似上海广州那般繁华，永远保留着老北京质朴的风貌。,2
8076,看攻略里写的是文艺地，但是，为嘛那么多人嘛，人挤人啊，压根没办法好好逛好好欣赏,0
8077,一直很喜欢南锣鼓巷的古味，有青砖，有古道，还有一些保存完好的院子。不过近些年来商业化太严重，每一个房子几乎都是用来买卖生意的。但是里面有一些有趣的，可以尝尝北京糖葫芦，倒翅，还有我最喜欢的尼积小栈！那里的香咖包真是美味～还有有趣的漫画画像，一个卖明信片的有韵味的小店。有空的话，还能去看看中央戏剧学院老校区哦～,2
8078,乘坐地铁6号线或8号线都可到达南锣鼓巷，无论何时游人都非常多，年轻人占的比例更多一些。在这里不仅可以品尝到各类美食，满足吃货们的追求，还可以好好走街串巷的品味老北京的胡同儿及四合院的风格。距离鼓楼非常近，可以顺路去品尝有名的姚记炒肝。,2
8079,几年前去，人还不算多，那个时候也没有地铁到，现在也不是那么小清新了，人挤人的节奏，逛的都没什么心情了，各个小店很有特色，可以买些小玩意送人哦,1
8080,小吃一条街，适合年轻人文艺青年逛一圈晚上去后海，性价比一般，有点像一般的旅游景点里的小建筑，趣味性也一般，逛吃一圈还是推荐的。,1
8081,都还不错，就人还是辣么多！！！,2
8082,还是值得一去的！来北京可以去看看,2
8083,是一条有特色的古街，玩的太累了，没有什么精神，人也太多了，所以拍的照片很少。,2
8084,里面的巷子很深，都是商铺，也有咖啡馆和酒吧。外国人最喜欢体验的中国文化地。有京味儿,2
8085,南锣鼓巷，最近那个80后，的小店！无童年，不入内。找到了很多很多小气候的东西！特意买了一堆，给同学们，回忆小时候。,2
8086,然后来到附近的南锣鼓巷。,1
8087,time：18:00 南锣鼓巷 推荐指数：三颗星 我们从神武门出来，后面乘坐公交到南锣鼓巷，忘记做的什么路了，反正公交超多，我们问的是附近维持交通秩序的工作人员，很给力，致敬！下车后，走了大约2分钟，就看到了南锣鼓巷四个字！,2
8088,热闹非凡，好去处............,2
8089,接着坐车去了南锣鼓巷[色]吃吃吃 都是好吃的。我发的建议你们都去吃一遍[色]因为本人觉得炒鸡好次[色],2
8090,商业化，给去小巷子转转，看看，有些地方做好攻略，要不有些地方找不到。,1
8091,适合年轻人去 假期去人太多 连地铁口都封闭了 很多小吃 有特色 好几家特色的 北京菜也不错,1
8092,意外中选择了第一天来这里。因为饭后时间紧张，担心水立方那里关灯了。没想到9点多来这里，正是热闹的时候。,2
8093,大栅栏从明清时期就是商家云居之地，这里有北京最好的绸布店瑞蚨祥，有北京最好的鞋帽店内联升，还有北京最好的药店同仁堂，传承了几百年。,2
8094,大栅栏是前门地区最繁华的一条街，这里商贾云集，有内联升鞋店，亨得利钟表店，还有许多绸布店，如全国有名的瑞蚨祥。这里还有许多戏院。,2
8095,北京前门外的知名商业街区，这里是古老胡同的聚集地，是老字号北京特色的街区！走走逛逛，感受京味，品味美食，体液各种传统工艺等！,2
8096,大栅栏位于北京市，是非常有名的美食街，来这里品尝传统的北京饮食，感受不一样的饮食文化是种美好的体验！特色点很多，服务人员的着装也很有意思，古代宫廷的服饰令这里的景致别具特色！,2
8097,那是哪儿啊？以前是很不好的地方，但是现在是北京凡是来的游客。必须打卡的网红景点儿吧，以这个商业平民化比较出色，不管是药店还是茶叶店都能找到自己的所在，而且现在美食也比较多。,2
8098,京味儿文化底蕴，汇集了众多的老字号传统美食和商业，品尝风味小吃的地方，“年糕王”、“馅饼路”、“豌豆宛”、“褡裢火烧”、“爆肚杨”等等，美食停不下来。,2
8099,大栅栏是北京很有名的特色美食街，整条街都是北京著名的传统美食，服务人员的着装也很有特色，很宫廷式，当然美食味道超好，选些自己最喜欢的品尝一下，让人回味无穷！好怀念！,2
8100,大栅栏是北京市前门外一条著名的商业街，地处老北京中心地段，街区内的购物、餐饮、娱乐等店铺鳞次栉比，各家老字号分列其间，这里曾经还是京城的娱乐中心，值得一游。,2
8101,北京的夜~美，热闹，韵味，温度零下一度，但是一点都不冷，大栅栏附近的胡同商业起步比较早，建筑样式也更多元化。而且夜景很美，真的可以用“越夜越美丽”来形容它！,2
8102,大栅栏的由来，要追溯到明代孝宗弘治元年。当时，北京有“宵禁”，为了防止盗贼隐藏在大街小巷之内，由朝廷批准，在北京很多街巷道口，建立了木栅栏，由此可见大栅栏的由来。,1
8103,大栅栏位于北京市，整条街的建筑古香古色的，很有历史特色，最让人流连忘返的还是里面的各种美食、真真的是吃不够的感觉，特别美味！就连店里的服务员都穿的是古代的衣服，别具一格！,2
8104,大栅栏是北京非常有名的一条商业步行街，在前门大街附近，很有历史，都是老式建筑，很多老字号都在这里，盛锡福，内联升，瑞蚨祥，张一元等等都有,2
8105,图是在北京定居工作的小伙伴拍的，感觉跟当年去的时候已经有了很大的变化，夜景很美啊，感觉街道也更宽敞了，那家全聚德我觉得很好吃啊，可能我是个游客胃吧。,2
8106,逛前门啊，如果不去大石那儿，其实挺遗憾，周边呢，去德云社看看相声，买点稻香村的点心，包括吃点这个冯二的这个爆肚啊，啊，各方面感觉吃喝玩乐也都有了，还是挺不错的一个地方。,2
8107,大栅栏，是北京非常出名的一条商业街，两侧商铺林立，各色各样的小吃，玩意，看点很多，有点目不暇接的感觉，满耳的北京口音。。,2
8108,大栅栏是北京非常有名的商业步行街之一，在前门大街附近，和鲜鱼口美食街连着，街道两侧都是商铺，很多老字号在这里，内联升，张一元等等,1
8109,前门大栅栏一带，是我小的时候经常逛的地方。现在改成商业街，去的多是外地游客了。我倒是经常去大栅栏深处的胡同里转转。很有老北京特色。大红门，油漆斑驳，一只喵……,1
8110,大石栏儿对北京非常古老的一，我记得小时候来，这边都是卖10元两元的，他的珠宝来来来，我会买给你，现在我觉得已经长得挺漂亮的了，但是总觉得缺少了点过去的那样的文化气息。,2
8111,街景很漂亮，人非常多，有很多新鲜事物,2
8112,自古有名的网红街，客流量特别大，从早到晚人川流不息。 各色老店在这条街上盘踞，吃得有全聚德的烤鸭，穿得有瑞蚨祥布店，用的有张小泉剪刀，还有各种琳琅满目的小把件，让人目不暇接。 要想好好逛逛真得抽个大空呢！,2
8113,北京大栅栏的设置在明代就有了，明孝宗弘治元年（1488年）就下令在北京城内大街曲巷设立栅栏，并派士兵把守，以防盗贼。到了清代，这里已成为主要的商业中心，因为买卖多，为了能够有效地防止盗贼，栅栏建得比其他地方都大，也都好看，所以才叫“大栅栏”。,1
8114,北京的大栅栏街原称廊房四条，距今已有近500年的历史。大栅栏处在古老北京中心地段，是南中轴线的一个重要组成部分，历史上就是一个繁华的商业区。现在的大栅栏也泛指大栅栏街及廊房头条、粮食店街、煤市街在内的一个地片。在大栅栏分布着11个行业的36家商店。,1
8115,大栅栏是北京一条非常有名的商业步行街，历史悠久，街道上都是老式的建筑物，很多北京老字号都在这里，瑞蚨祥，张一元，内联升等等,2
8116,还记得小时候特别喜欢来这里，买邮票，那时候在内蒙古生活，很多东西都没见过。开到这里了看到好多没见过的邮票，现在再来，有添加了很多东西，只是没有小时后那种新奇的感觉了。,1
8117,大栅栏白天感觉没啥特别之处，就是人好多，很热闹。但是到了晚上，夜景真的好美啊。有一种老北京的穿越感，特别震撼。绝对的值得一游的呢。,2
8118,北京必游的步行街，建筑古香古色、著名的德云社就在此地，吃的、喝的、看的、玩的，应有尽有，老外特别多，逛起来很舒服，巴适得很！,2
8119,大栅栏复原民国初期风貌，大栅栏已有500多年的历史，曾经就是一个繁华的商业区。兴起于元代，建立于明朝，从清代开始繁盛至今。明代即有已开业的六必居酱园；清代康熙年间开业的著名国药店同仁堂；嘉庆年间开业的马聚元帽店、内联升鞋店等。,2
8120,大师那儿还是说北京真的挺值得去的一个地方啊，这零几年的时候这个地方乱糟糟的，卖的都是什么10元一件两元一件这种破东西啊，但现在来看就是商业化氛围其实虽然浓啊，但是历史的味道也找出来了，看着以前的门店吧那种的感受。,2
8121,这个是老北京风情的建筑街区，位于前门大街附近，有非常多的老字号店铺，如同仁堂，全聚德等，也有星巴克等国际连锁品牌，是不错的商业街！,2
8122,大栅栏商业街处老北京城的中心地段，是中轴线的一个重要组成部分，这里老字号倒是比较多，但是价格不便宜，想吃好吃的就得往胡同里走走。,2
8123,老北京风情街区，属于前门大街的一部分，这里有特色鲜明的老字号店铺，经典的国际连锁品牌等，确实是体验老北京美食的好地方，值得推荐！,2
8124,北京特色文化建筑符号，兴起于明清时代的商业街区，有很多老字号品牌流传了下来，特色的北京胡同式街区，各种商铺，很是热闹，值得游玩的好地方！,2
8125,大栅栏是前门大街有名的商业街，过去每次都是过其门而不入，这次终于有时间逛逛了。大栅栏在鲜鱼口美食街对面，隔着前门大街，牌子感觉像新做的。街道不宽但是很干净，基本上都是美食，有稻香村等老字号，也有北京小吃，两侧有些建筑有的还在施工中。,2
8126,和前门大街连着的，商业街，零零散散的小东西，像义乌小商品市场一样，反正都是新盖的了，没有了过去那种小巷子的感觉了，倒是宽敞了，就是没有旧的感觉了。,0
8127,漫步在重开张的大栅栏步行街看到，大栅栏商业街两侧的 建筑物色调、风格实现了统一，尽显古香古色，最大限度地还原和展现大栅栏独有的传统商业特色。,2
8128,前门外一条著名的商业街。现也泛指大栅栏街及廊房头条、粮食店街、煤市街在内的一个地片。复原民国初期风貌，建议随便逛，这里吃的卖的性价比都不高。,1
8129,北京前门大栅栏地区从明清起，就是传统的商业街。她以大栅栏胡同东西主街为主，南面有一条从大栅栏街口向南，与前面大街平行的粮食店街也是大栅栏商业街。,1
8130,来北京那么多次，终于有些时间到历史悠久充满了地道老北京风情的大栅栏逛逛。难得的是老字号如瑞蚨祥绸缎庄，内联升等还展示着传统方式的热闹气息，让人抒发一下怀旧情怀。,2
8131,大栅栏  这里的白天黑夜 春夏秋冬 一样的美貌 这次又毫无意外的来溜达一下了 没想到还溜达到新开的北京坊 很有创意的一个园区 还有一部分没有完全商家入驻 下回再来细细逛下 大栅栏人流也是蛮厉害的 有轨电车虽然晚上停开  拍出来的照片还是美美的,2
8132,大栅栏人流量密集的场所，游人必到的地方之一，趣味性强，有特色小吃，感觉不错，管理规范，有各种商品，不错的选择，值得推荐给大家。,2
8133,大栅栏位于前面大街旁边的一个小巷子里面，对面，对面是鲜鱼口老字号美食街。大栅栏这边也有很多美食小吃，是个小巷子，里面也有不少胡同，可以一看。,2
8134,当时他还是一个挺值得去的，一个商业经典吧，这边儿总体上来说卖东西的做买做卖的也非常多，有各种各样的以前很早的商业业态，还是挺不错的，值得大家去体验一下。,2
8135,哎呀，当时二说起来这个地方还是去过太多回了，嗯，从03年上学之后，因为回家的原因，每年都得路过北京一次，来北京，必须得从北京倒车，然后肯定会去趟大事了，嗯，感觉这个地方特别是在09年以后啊，有了翻天覆地的变化。,2
8136,大栅栏作为北京的第一站，其实，老北京对于大栅栏，有一种特殊的情怀，比如豆汁儿焦圈儿，这些老北京的黑暗料理，在这里都是可以找到的，尤其是大栅栏的夜景，更是有一种老北京的穿越感！吃的也很开心！,2
8137,来北京，晚上去哪里吃喝玩乐，大栅栏可以试试。这里晚上蛮热闹的，风景也不错，古建筑古色古香很漂亮，还有不少传统美食，街区之间也很有得逛，很多惊喜。,2
8138,大栅栏在北京前门大街附近，和鲜鱼口美食街接着，大栅栏是很有名的商业步行街，路边都是商铺，很多北京老字号在这里，也有很多北京小吃,2
8139,夜下的大栅栏灯火通明，这个季节游人并不多，漫步其间，看着两旁各种老字号的店铺，很有感觉，感触到了老北京的韵味，来北京一定要来这里走走。,2
8140,大栅栏就是北京的商业街，过去京城最热闹的地方，满大街打着老字号，但很多不是，尤其饭馆所以擦亮眼睛！有些知名的老字号还是不错的！,1
8141,在北京这里是历史悠久，名气非常大的一条商业街，街道位于古城前门外，包括周边的一些胡同，这里的文化底蕴丰厚，集中了大量的老字号商家。,2
8142,至今，前门、大栅栏地区仍保留着老北京的古城风貌，580多年历史的街巷肌理如故，绝人多数的街巷仍沿用明清以来的传统地名和商市街名。这里居住着各行各业的老北京人。老街巷中，老北京的市井生活，及饱含历史积淀，最喜欢大栅栏的夜景，很美。,2
8143,位于前门外的大栅栏是一条历史悠久的商业街，这里集中了很多老字号商家，现在通过综合治理，利用原有的资源，古老的街巷又焕发出勃勃生机！,2
8144,来前门大街玩肯定回到这里来吃点小吃啦，和全国各地的美食街都差不多，各式各样得东西都有但是味道只能说凑合吧毕竟最有特色最好吃的东西也不会在这里。,1
8145,大栅栏是在前门的一条商业街，人非常多，幸好我们去的还比较早，人还不算太多，从前门大街走进去，在中间的位置就能看到了，一边是鲜鱼口，一边就是著名的大栅栏了，商业街逛来逛去都感觉差不多的，没什么新鲜的感觉！,1
8146,以前觉得大栅栏乱乱的现在修过好多了。 这里就是老字号云集的一条街，从吃的到卖布的到戏楼到澡堂等，几乎都有。 浓浓老北京风味的一条街。,2
8147,到北京来游玩，一定要去前门的大栅栏街逛逛，这里至今仍保留着老北京的古城风貌，绝人多数的街巷仍沿用明清以来的传统地名和商市街名。但是“大栅栏”这个街道名称的发音却困扰着很多人，甚至绝大多数老北京人也说不清楚。,2
8148,大栅栏是我的最爱，几乎每次来北京都住这里，看不够吃不够玩不够。,2
8149,大栅栏是北京市著名的老商业步行街，在前门大街附近，和鲜鱼口美食街连着，都是商铺，老字号很多，瑞福祥，张一元，内联升等等都有,1
8150,最喜欢大栅栏了 【景色】很有味道 【趣味】五星级 【性价比】最高,2
8151,北京特色的集中体现，吃喝玩乐学样样充实 【趣味】 【景色】,2
8152,北京著名的民俗商业街，各种北京老店在此经营，来北京必逛之地，还有著名的杜莎夫人蜡像馆，可以玩半天，美食也不少，全聚德烤鸭可以尝尝，六必居干黄酱，张一元茉莉花茶，必买！,2
8153,大栅栏是北京非常有名的一条商业街，也有很久的历史年头了。整条街也不长，就几百米吧。因为太出名了，所以几乎没有人少的时候（我觉得是这样的）。但是现在很多的老字号依然活跃在这里，没有消失。,2
8154,大栅栏位于前门外，从明清起这里就是商贾云集的地区，内联升等老字号诞生于此，近年经过改造升级，大栅栏地区商业升级，又重新焕发青春。,2
8155,大栅栏地区是北京保存最好的地区，这里的胡同经过现代化的改造，在保留外观的情况下，经过水电气的提升，特别是地面的铺装，使这里焕发了青春。,2
8156,在前门外面，前门大街的西面有一个大栅栏街道，这个区域从明清开始就是商贾云集之地，北京的许多老字号诞生于此，这里有二条的珠宝街等，现如今“六必居”仍在大栅栏粮食店街上。,2
8157,大栅栏是北京著名的商业街，清朝时期，内城不允许经营商业，许多买卖人把生意和店铺从东城西城移到了前门外，在大栅栏地位形成一个巨大商圈，至今这里仍熙熙攘攘。,2
8158,想要找找老北京的感觉，就去大栅栏走走看看，有许多老北京的店铺，很好玩。尤其是夜景，绝对的美。是那种穿越的感觉呢。太给力了。相当的有感觉。,2
8159,大栅栏是前门一带的特色街区，我从天堂那边一直走过来，穿越几个胡同，还有鲜鱼口之后就能够到达这边大约是花了一个小时左右吧。 这里面基本上都是古建筑，有以前的电影院，以前的洗浴中心还有以前的商店，随便一个小建筑物，说起历史都是大有来头的。 外面还弄了一个小铁轨，估计将来这里会有一个升级改造，现在逛起来还真的是十分的悠闲，在里面吃东西的店铺也挺多的，地铁站大约要走10多分钟的路程，非常有老北京味道的一个街区...,2
8160,北京人过年，逛前门，逛庙会是多少年来必须保留的节目，每到过年都会和女儿来前门转转，感受过年的气氛，品尝老北京小吃，卤煮、炒肝、糖葫芦……年复一年年味浓[耶],2
8161,北京的老街已经不是很多了，大栅栏，前门大街附近是一片老北京建筑群，大栅栏基本上都是商铺，老字号，北京小吃都很多。游客很多,1
8162,大栅栏是北京非常有名的商业街，基本上都是商铺和饭馆，很多老字号都在这里，还有很多北京小吃，内联升，瑞蚨祥，全聚德，东来顺，张一元等等,2
8163,大栅栏就在前门旁边的巷子里，反而比前门大街更热闹。往来的游人如织，常年如此。 这边的老字号像是瑞蚨祥  王麻子之类都有的，还有老北京火锅东来顺。 郭德纲的德云社也是在大栅栏的胡同里。一直想有时间去看一场地道的相声。,2
8164,大栅栏，是北京市前门外一条著名的商业街。现也泛指大栅栏街及廊房头条、粮食店街、煤市街在内的一个地片。这里商业氛围非常浓厚，人气也很旺。,2
8165,大栅栏在前门大街附近，过了前门大街就是鲜鱼口美食街，周边地区是老北京的建筑风格，基本上都是商铺和饭馆，老字号和小吃很多。,2
8166,虽然是阳光满地 到了大栅栏 天气转阴 倒为大栅栏平添了一份神秘感 运气太好了 看到了有轨电车 停靠在正门 右侧是古色古香的星巴克 往里面走 两侧各种食店和特产店 值得一逛,2
8167,北京的大栅栏是北京的一个历史悠久的商业区，以前是非常热闹的，现在经过改建，还是基本上都是古建筑，很多老字号和北京小吃都在这里。,2
8168,大栅栏在前门附近，和鲜鱼口连接，和前门大街相交，很多北京的老字号都在这里，店面都装修了，内联升，瑞蚨祥，全聚德等等，游人比较多,1
8169,大栅栏也是北京比较古老的商业街，道路两侧都是店铺，餐馆，鞋帽店都有，全聚德，瑞福祥，内联升等等都有，价格还算是比较公道。,2
8170,北京非常有名的一条街道，和前门大街相交，老北京的风貌，建筑基本都是翻修的，很多老字号，餐饮店，鞋帽店，都是商铺，外地人很多。,1
8171,到北京旅游值得一去的地方。大栅栏北京城的一张名片，绝大多数的外地游客来北京都会到此一游。大栅栏商业街东起前门大街，西至煤市街，是北京最古老且又别具一格的古老街市和繁华的商业闹市区， 如瑞蚨祥绸布店、内联升鞋店、六必居酱菜店、荣宝斋、同仁堂、张一元茶庄、月盛斋熟肉店等都在此。 大栅栏步行街最大限度地还原和展现大栅栏独有的传统商业特色。与新建的北京坊遥相呼应，各具特色。,2
8172,北京。前门楼子附近，北京的大栅栏之前就是商业地，现在和鲜鱼口对着，有很多北京的老字号在这里，什么瑞蚨祥、东来顺、同仁堂之类的。除了吃喝玩乐，就是买北京的纪念品。,1
8173,前门大栅栏，北京非常有名的一条街，外地人过来说这个地名都会说错，因为栅在这里读shi，算是一种约定俗成。这里两边都是北京的老字号，还是挺有逛头的，可以在这里买些手办回家。,2
8174,虽然商业气息浓厚，但仍然喝到了前门的大碗茶。不错,2
8175,大栅栏已有500多年的历史，曾经就是一个繁华的商业区。兴起于元代，建立于明朝，从清代开始繁盛至今。 大栅栏的由来，要追溯到明代孝宗弘治元年。当时，北京有“宵禁”，为了防止盗贼隐藏在大街小巷之内，由朝廷批准，在北京很多街巷道口，建立了木栅栏。 商家众多，也是北京文化的一部分。,1
8176,大栅栏真是越夜越美丽，喜欢热闹、爱逛街的人来大栅栏就对了，两边店家几乎都是使熟能详、响叮当的名店，从特色美食到各种纪念品，是需要看紧荷包的观光胜地。,2
8177,大栅栏，就在前面大街这里。是老北京的商业区，有各色的老字号，是老北京吃喝玩乐的地方。现在，每天都吸引着全国各地的游客来！,2
8178,北京城比较接地气的好地方，可以细细回味。,2
8179,五百年历史文化长街，晚上灯火阑珊，游人如织，老字号店家如云，囊括了吃穿住行。,2
8180,一个传统的老北京商业街，有多家老字号云集，物美价廉。其中的老北京布鞋正宗，便宜舒适耐穿，是中国的Clark。还有中国最早的电影院大观楼也位于其中。,2
8181,北京文化特色，大栅栏小吃比较多，里面都是老字号，瑞蚨祥、六必居、同仁堂、东来顺，还有德云社的会场等等，全是小吃和工艺品等。住在附近可以逛一逛，挺好的……,2
8182,看玩意儿上天桥，买东西到大栅栏，多少老字号都发源于此。百年前高富帅的标准，头顶马聚源，脚踩内联升，身穿瑞蚨祥，腰缠四大恒。六必居的酱菜，张一元的茶庄都是好选择。都是咱平民百姓能够得着的。,2
8183,可能因为是首都吧，脏乱差是不允许的，所以很多古迹和古建筑都被改造了，改造后呢，有的人说漂亮了，有的人说没有原汁原味了。我觉得吧，还是保持原汁原味的好，因为现在很多人不懂历史文化不懂古建，改了就会还坏了。,0
8184,商业古街，老北京的韵味，儿子喜欢，媳妇享受,2
8185,京城步行街，还原老北京特色，很多当地老字号，还有有轨电车，美食如云，安静而有特色，采风摄影处处都是景，值得一去，位置也方便！,2
8186,所谓的大栅栏，其实一个步行商业街，这里不失为傍晚和晚上，体验京文化饮食的好地方，逛过了北京的各大景点，不妨来这里休闲一下。各色小店沿中轴街道两旁设立，中间有个电车道，有类似旧金山的丁丁车，定时往返，可以自费乘坐,2
8187,为游客而设的一地儿，充满了地方的味道，初春的时候来，冷冷冷，因为住在这里的小巷里面，所以明天都经过这里。白天出门人还是不多，这时候可以慢慢的看，可到了晚上回来旅馆，大栅栏街道人就多了。 街道上的食肆比较多，都是标榜北京风味，至于特产都见仁见智了。,2
8188,到北京必去，直得一玩，顺便买二瓶红星二锅头,2
8189,很不错的一个景点，类似于步行街。各类店铺各类小吃。很大。估计好好逛完要一个上午。周边还有些小景点。八大胡同啊什么的。据说是最能体现北京的一个地方,2
8190,各地商业街都差不多，但这里有中国第一个电影院，吴裕泰的冰淇淋排队很多，到南锣鼓巷地安门大街上的那家就没这么多排队的了，很好吃。街上小店卖的老北京蜂蜜酸奶喝了忘不了，喝完要还奶瓶,2
8191,大前门儿旁边的一条老街，是老北京的记忆了。百年老店比比皆是，也有德云社这种看戏吃瓜子儿的地方，想了解老北京，不来，好像总差了点什么,2
8192,来很多次北京，第一次到这里，很不错。什么都有！就住在这附近,2
8193,北京最老的一个街了，一路上全是老字号，到北京旅游的人都可以去走走看看，同仁堂，内联升等等都在这个街上。确实是到北京必去的地方！,2
8194,适合吃货逛的地方。就在前门步行街里。各种北京小吃。,2
8195,还是值得一去的，整个商业街上有很多的老字号。还有两家德云社的会社。,2
8196,一般般，就看看街边老店吧，其他没点儿啥，吃的东西偏贵，卖糕点的到处都是，不过有个吹糖人，挺有意思的，吃的大部分都是重复的，有点点失望,0
8197,最能代表老北京商业风貌的一条街，很多老字号都在这里，以前老在电视剧里听到大栅栏的名字，看到了才知道真的很有特色，各类熟悉的吆喝声此起彼伏。,2
8198,位于前门大街附近的大栅栏是老北京传统步行街的代表，步行街不长，两边都老字号店铺，包括德云社也在这里驻场演出，周边也是同样风格的场所，周末没事带孩子过来逛逛很开心。,2
8199,这里是一条比较著名的商业街，个人还是比较喜欢夜晚的这里，在灯光下的这里显得更加的古色古香，这里的建筑也很有自己的特色哦。 友情提示:周末和节假日这里的游客很多，如果你有时间错峰出行的话，来这里走走逛逛，还是很舒服的。 这里也有一些地道的北京小吃，中华老字号的店也有很多，但是个人认为价钱还是有点偏贵的。,2
8200,都是老字号，建筑的风格很好看。。唯一的遗憾就是到那儿没有吃好吃的,2
8201,现在的前门大街商业化太浓，左右都已经开发成商业区，已经不是我印象中的前门大街了。不过带家人旅游，北京中轴线，还是要去一次的。,0
8202,前门大栅栏是个很有意思的地方，这里小胡同很多，还有一条可能是北京最窄的胡同，要侧着身过的，喜欢逛胡同的不能错过这里。每年国庆大栅栏都会承办北京国际设计周，很多小展和创意设计在这里亮相,2
8203,北京之旅不可错过的一个妙处，在古街上信马由缰，艳遇百年老店，在古店中穿越也是别有洞天的。还可以在钱市胡同体验最窄的胡同风情。大栅栏对口的鲜鱼口胡同还会满足你的吃货的口福哦！,2
8204,大栅栏商业街上，聚集着众多的店铺，不乏百年老字号。这里和以前相比变化不大。如今的“大栅栏儿”，作为文化符号，这街就不只是商业街，它是历史，是那些时代的标本。商场不是战场，“诚信”保百年。,2
8205,就是个商业街，挺有北京特色的！,2
8206,我很喜欢这里，特产到这里买超级便宜，王府井那边十五一盒的这边十块三盒，超级划算，便宜坊里的杨枝甘露超级棒呦，烤鸭也特好吃！,2
8207,很复古的商业街，基本保留了解放后的民俗特色，现在这样的建筑很少了,2
8208,老北京风情的一个商业区，非常适合外地人了解北京的风土人情。走在里面，随处可以找到老北京的吃的穿的用的。建议可以买几双老北京的手工布鞋，送人自用都非常合适。,2
8209,"这里是追寻老北京文化的最佳地点，大栅栏整条街上都是老商铺，有瑞蚨祥、同升和、同仁堂、东来顺、全聚德等老字号，吴裕泰的抹茶冰淇淋很好吃，从一个大栅栏门牌进去里面有东来顺老字号，还有老艺人在表演，里面卖很多小玩意，买纪念品的好去处，就是要货比三家多多讲价才好。外面有个艺人会和你合照，特别主动的配合，发现照完要收二十元钱。穿过大街，走进小巷，可以看见很多电视剧里老北京的胡同,可以看到理发店、小吃店、还有...",2
8210,几乎所有的北京特色都浓缩在这条街上。,2
8211,在前门往里的一条胡同 里面全是店铺 有各种老字号 卖东西 还有小吃 饭店 逛一圈 开开眼 买点儿东西 也不错 老字号的店有些贵,0
8212,有好多好吃的，都是古建筑还有北京胡同虽然这些胡同都是新修的不过还是很有老北京感觉的吃的爆肚感觉不是很好吃附近有些店不是很正宗感觉得月楼东西还可以也比较实惠卤煮还蛮好吃的,1
8213,土生土长的北京人，对小时候家门口的前门楼子有着某种特殊的情怀；如今长大后每去一次、都有一些或大或小的变化。随着北京这些年的环境治理、规划改造，大栅栏也变得越来越好，诸多老子号的回归，国际化的接轨，历史遗迹的复原，让这条百年的老街焕发出新的光彩！给外地游客的建议，到北京如果喜欢逛步行街一定来逛一逛！,2
8214,保护得很好，老字号都保留着。。,2
8215,很有特色啊，值得一去！小朋友喜欢！,2
8216,大栅栏购物要当心受骗。6月23日下午4时许，在大栅栏东来顺一侧附近的一个北京特产店买御香园冰糖葫芦，总计四个品种，每种八颗。店员用御香园包装袋进行封装，并说好看也好带。选好的32颗冰糖葫芦装入袋中进行热封，并称重收钱。一切很自然。当时总重约为 3kg，收102元。虽对分量有点怀疑，但未细究。回家拆开一看，不知什么时候袋内又多了14颗御香府的冰糖葫芦，称重为1.1斤。至此，方知上当被宰。 所以，在大栅栏买东西千万不要...,0
8217,晚上特别热闹，就是卖的东西太普通，就是旅游记念品一条街，我们就住在这附近，晚上吃完饭逛逛挺好的，两旁的店铺建筑都很有特色，比店里的商品有意思,2
8218,作为一条有着将近600年历史的商业老街，大栅栏一直是老北京的商业繁华之地，街上有不少著名的老字号：经营中医药的同仁堂、经营布匹绸缎的瑞蚨祥、经营布鞋的内联升，以及经营酱菜的六必居等。除了商号，大栅栏还曾经是京城的娱乐中心，许多著名戏楼、茶馆、书场，以及北京历史上最早的电影院均落户于此。,2
8219,这便是著名的商业街，其实说白了就跟每个城市的老城区商业街很像。也有小吃街。不过北京的老城区当然少不了了古香古色的建筑啦。张小泉 瑞蚨祥 同仁堂 东来顺 这些都不陌生。走走胡同 吃吃爆肚烧麦，再逛逛杜莎夫人蜡像馆。来得及下午去老舍茶馆看个表演。晚上再听个德云社相声。棒棒哒。,2
8220,相对人流量大，大观楼、内联升等老字号云集，但看看即可，北京人不会在这买东西,1
8221,走啊！走啊！ 拍啊！拍啊！ 吃啊！吃啊！ 第一次来是1980年的寒假，几次来变化都蛮大。看看老字号，吃东西要挑地儿。,2
8222,下雨依然很多人，不错今年还好，去年这时候去晚上超级人多,1
8223,景点门票便宜，干净卫生。故居多,2
8224,大栅栏是北京老城区的一个商业街，里面老字号饭店很多，是体验京城风味最佳去处！,2
8225,有点贵，烤鸭吃饭贵，狗不理不好吃，又下雪了冻死了,0
8226,东西很齐全，人很多，东西不全贵，是北京很有特色的商业街,2
8227,街上有很多老字号店，有历史年代感，有很多小吃店，棒棒哒！,2
8228,住在附近，出行来回走了几天，外地人可以感受传统的北京，附近小吃街小吃很多，可以吃到很多北京特色！,2
8229,重要的事说三遍！不要相信攻略上的美食推荐！跟着自己的直觉去判断。,0
8230,北京本地人应该很少有人溜达大栅栏，我经常去前门大街和鲜鱼口街转角的那家吴裕泰买花茶冰淇淋吃，然后逛zara店，每到季末的时候折扣非常多。现在有更时尚多杨梅竹斜街可以逛，溜溜达达的找到铃木食堂、民国书店还有很多咖啡厅，很适合消磨假日。,2
8231,老街，但里面很多骗人的商铺，稻香村等山寨的，别买东西。,0
8232,为了去吃全聚德烤鸭才去的，四点半排队，六点才进去，第一批，两个人，一只鸭子，四百多块，超级好吃，量又足，吃到撑,2
8233,北京的一个商业区，附近有很多老店，全聚德吃吃烤鸭，去看看同仁堂，和小胡同寻找惊喜。,2
8234,古香古色，美食丰富，有机会还会去品尝品尝!点赞,2
8235,景点挺有意思的，也有很多小吃，而且刘老根大舞台就在大栅栏，很值得去看一下，陪家人乐呵一下。,2
8236,现在再去大栅栏与小时候区别甚大，如今已经修建的很有规模了，大栅栏还是很有特色的老北京商业街，不过美食也是不能错过的！,2
8237,古色古香的一条街，这里应该是旧时北京最热闹的地方了吧,2
8238,這是我第三次來到前門步行街，在這閒晃時衝動的買了一雙同陞和老北京布鞋。,1
8239,大栅栏，各种老字号官方旗舰店的汇集地，简直就是的群英荟萃,2
8240,大栅栏，北京的百年药店，同仁堂就在这里，可惜我没注意看啊，错过了。,0
8241,到了北京马上就去了，还可以，没啥意思，跟其他地方的民俗街类似。老字号不少，游客也不少。一会就逛完了，可以去看看。,1
8242,在前门里的一条胡同，想体验北京胡同，又想淘点东西的，可以去这里逛逛，朋友在这买了一北京皮影，带回去给小孩玩的，我在这吃到了最好吃的吴裕泰的绿茶甜筒，这家店在王府井大街也有哦，不过需要排队，,2
8243,大栅栏是位于北京市西城区中部、前门外的一条商业街，称“大栅栏街”。“大栅栏”也泛指大栅栏街、廊房头条、珠宝市街、煤市街围成的地区，隶属西城区的大栅栏街道便因“大栅栏”而得名。,1
8244,不花钱的性价比都高！没什么意思的地方，都是些用不着的老店，还有些伪老店！随便走走看看，不要购物，切记北京不产丝绸，所以满大街的丝绸？,0
8245,北京百年老店最集中的地方，适合来买手信，全聚德这里也有的，可以晚上过来尝下，顺便拍夜景。,2
8246,新改造的一条步行街，有很多老字号，价格都不低，中间还有铛铛车！随便逛逛！,2
8247,老 北京 有句顺口溜叫“看玩意上天桥，买东西到大栅栏。”可见大栅栏旧时的定位。,1
8248,亮点就是人很多，小吃很贵！尤其周边的餐馆味道差价格还贵。大栅栏就是针对外地游客的景点。,0
8249,大栅栏承载着多少老北京的记忆和情怀，也是无数游客北京之行的必到地点。初来乍到随便逛逛，游人的心态是想找到些地方特色的玩玩看看。拉洋片儿是在老北京书上看到的，觉得特别新鲜有趣，一定要亲自试试，虽然参与的小朋友居多啊。精彩的说书人语言表情动作一定要拍照留念一下。,2
8250,集美食和商业一体，吃过几个没见过的后发现也就那样，买了点纪念品还遇到2次抽奖套路骗局,0
8251,吃喝玩乐街，老北京的气氛很浓，旧物件什么的，挺好，值得一去，可以是晚上，不影响白天行程,2
8252,大栅栏是北京前门外条老街，老字号林立，京味十足，特别推荐去溜溜。,2
8253,北京大栅栏是北京的老街，现在已经开发成步行商业街。两边有很多老北京的建筑充满了厚重的历史感。这里两边的小吃也特别多，爆肚一定要尝一尝。,2
8254,大栅栏感觉比前门一条街有意思，去里面刻了个章，师傅挺爱唠嗑，,2
8255,从前门一条街进去走大概一百五十米右转就是大栅栏，个人觉得的比前门一条街有意思点，刻了一个印象章，大栅栏往南走有很多胡同，有事情没有进去逛逛挺可惜的，不过也翻修的没有什么大多特色了,1
8256,店铺林立，特色小吃，民俗文化，还可以买一些礼物…,2
8257,曾经最有老北京风味的地方如今却是很多外地游客以及洋品牌的圣地，建筑物也越发仿古了。有点遗憾，不过还是能找到包括吴裕泰、同仁堂等店,1
8258,这大街好长，有的建筑都是古城的样子，有好多老字号。喜欢这样的街道，喜欢这样的商铺。,2
8259,每次去前门都要买双绣花鞋、超喜欢，质量超好还不贵哟！,2
8260,大栅栏是北京最有代表性的地方，有个地下停车场，停车很方便，但可以今年停车费长了，以前一直2月，很是人性化。大栅栏有很多吃饭的地方，去对了价格便宜味道真好！新开的蜡像馆也很好，门口还放一个蜡像免费可以合影！,2
8261,熙熙攘攘的步行街，朝阳楼点份58的烤鸭，俩人吃正好，上次北京旅行还去买了六必居咸菜哈哈，走走逛逛还行吧，宾馆选在附近，晚上逛逛不错,2
8262,去北京之前看攻略，好多人都有提到，大栅栏的第二个字读shi第二声，南方的小伙伴如果不说估计好多人都会读错吧。,1
8263,回到市区散团后，已经是傍晚十分，我们回到宾馆稍时休息，来到宾馆旁边的大栅栏就餐，住在前门附近真的很方便，各个景点都不远。,2
8264,北京的老式建筑不是特别多了，前门大街附近还有很大一片，大栅栏就在前门大街附近，和鲜鱼口美食街连着，街道不长，两侧都是商铺,1
8265,北京大栅栏的狗不理包子太难吃了，服务员推荐八个包子上了16个，一个包子12块15块。价钱不说不知道多么的难吃多么的小。,0
8266,都一处，东西又贵又难吃！四小碗里的牛腩干脆就是纯肥肉，吃的倒尽胃口！严重差评！,0
8267,大栅（shi）栏地区拥有600多年的历史，来到前门，谁都会去这里看一看，如今经过改建已经变成了古朴与时尚相结合的新型步行街。过去这里有廊坊头条的灯笼街、大栅栏商业街、珠宝市的珠宝和银炉、门框胡同的小吃街、施家胡同的银号街等,2
8268,前门的一条老胡同，有很多老店，比如:瑞蚨祥、同仁堂、东来顺羊肉串、德云社等，还有一些酒店，但条件都不怎么好，不过逛街很方便。,2
8269,离前门大街也很近，可以逛完前门大街逛这里。相隔不是很远，可以骑车，共享单车很多的,2
8270,前门大街大栅栏，还是比较商业化，几乎都是卖东西的，我们去了美食街，吃了糖人，喝了冰糖雪梨，羊肉串，狗不理包子，冰激淋，满街飘满了北京烤鸭，灌肠，爆肚，长沙臭豆腐的味道。明天第二天，目标故宫，上一次去还是04年和老妈，姨一起去的。,2
8271,五星好评，大栅栏必须点个赞，强烈推荐！在市中心，街巷店铺很多，是外地游客非常好的去处。,2
8272,当晚就逛夜景去了，附近的大前门城楼、整修一新的前门大街（全聚得烤鸭等名店、有轨电车）、大栅拦胡同（瑞扶祥丝绸、同仁堂中药、内联升布鞋等名店）的霓虹闪烁很迷人。但冷雨越下越大，我只能无奈入住了一家房间狭窄的旅馆（40元，幸亏能洗澡）。,1
8273,很有意思的地方，非常有老北京特色，两边都是具有几百年历史的老店，有内联升，有张一元，有同仁堂，吃饭的地方也不少，都一处，全聚德，来这里可以逛上一天！,2
8274,景致不错，很有老北京的味道。吃的东西个人觉得不太好吃，价格也比较高，尤其是爆肚味道怪怪的。出了商业街靠近马路的店可以逛逛，比较实惠。,2
8275,吃的很多，价格贵的无法想象，一碗稀饭3元！,0
8276,误打误撞来到了大栅栏住了几天，这里购物价格贵，毕竟是旅游区，离德云社很近,1
8277,很多老字号的一个地方，都是游客，包括吃饭购物的老字号，基本在这里都能看到，不少店家为了配合老字号，还有穿着传统服装的伙计在门口吆喝。,2
8278,人忒多，倒是古色古香的一条街，小吃美食，手伴礼品，各式各样商店琳琅满目，人实在太多了,2
8279,还不错哦。我们住这里的万程酒店大床1.8的128/晚一楼有wifi。还算干净。就是没有窗户，开了暖气比较闷。。。,1
8280,很有氛围的商业街，很多老北京特色店，小吃多且不贵，值得逛逛，很适合拍照，逛了一会就拍了很多满意的照片。,2
8281,大栅栏的步行街真的很有当年的风采很是不错,2
8282,很热闹，晚上很好玩，许多商家，就是东来顺真心有点坑。。还不如海底捞呢，又贵又不干净，我们去的那天，服务员吵架呢,1
8283,这两天人有点少，但是十一人还是非常多，很多有特色的地方，吃的也不错,2
8284,店铺很多，特产店很多，大同小异~~小吃店的味道都一般般感觉。,1
8285,热闹人多，寻找老北京的影子，但是现在太商业化了！,2
8286,人太多了！去那里吃的晚饭，各种排队，那里有全聚德的总店，但是太难吃了！,0
8287,前门大街附近现在已经变味了，所以大栅欄也是一样的。非常可惜，这里的商业味道现在很厉害，不过来北京，总要参观一下。,1
8288,看的东西挺多，吃的也不错，大观楼影院很便宜,2
8289,感受一下胡同文化，老北京的生活文化...,2
8290,珰珰车不错，有些食店不错，我们在冰淇淋店吃过，我闺女喜欢,2
8291,特别热闹，很有老北京的味道、性价比很高，特别繁华,2
8292,各种百年老店，餐饮美食在此聚集，便宜坊的烤鸭性价比很高，每次必吃，比全聚德好,2
8293,这里很多有趣的东西，建筑都很古朴。就是人多价格贵。,2
8294,旅游热门景点之一，买买手礼之类的，基本上每家店铺都能看到稻香村京8件，应该是老字号特产。,1
8295,游客很多，跟团的也很多，吃的总的来说贵又一般。个人觉得比较鸡肋，不过居然到了这还是可以来看一看的。反正是不去后悔去了更后悔。,0
8296,北京著名的商业街之一，原汁原味儿的老北京风味！,2
8297,老北京风貌  东西偏贵  北京特色的东西太少,0
8298,昨天去玩的，挺热闹的。我是特意去看看三庆园的,2
8299,我喜欢大栅栏，尤其20年前的，生动鲜活有趣～如今整饬一新，干净了不少，但门面整齐划一，难免有些古板，少了从前的灵动与烟火气啊！,2
8300,大栅栏――是老北京必逛的老街区，俺就住在胡同里，是回酒店必经之路。人气比非疫情期差太明显了，否则就像逛俺们广州花街和北京路。以前地铁2元随意坐，如今按里程涨价不少。,1
8301,多家著名老字号都汇聚在老北京大栅栏胡同里，俺的酒店所在地。北京对俺挺友好的，俺刚到北京就查到团购大特价1元宫廷点心与9.9元肥牛火锅！可惜都偏远，当天不想去。,2
8302,公司附近的景区，保留了一些胡同，离纪晓岚故居也不远,1
8303,吃饭太贵了！去了你就知道了！一碗西红柿鸡蛋面30！一碗稀饭（就稀饭已经给他面子了）10元！一个包子20元！说是蟹黄包！吃了就知道是啥了！,0
8304,不错的地方，北京传统的景点，各种小吃,2
8305,北京大栅栏景色不错，出来逛逛，感受当地的文化和特色，不错的选择，吃吃当地时间特色美食，趣味性强，性价比超高的，值得推荐给大家。,2
8306,商铺林立，热闹非凡北京的老字号基本都聚集在这里了。,2
8307,这里的游客逐渐多了起来，商业气氛逐渐旺盛，商铺也在纷纷开业。,2
8308,这边还是非常有特色的地点，在这儿能够看到这个比较古老的这些店铺，也能够看到这种像钉钉车呀，太平水缸啊，还有一些挺好玩的老北京特色的东西。,2
8309,大栅栏，北京最繁华的地方，哈哈。,2
8310,就在前门景点，有个高高的牌坊，标志性建筑,1
8311,大栅栏也是北京最有京味的地方，这里是北京胡同建筑最有特色的地方之一！来到这里品味最地道的老北京风情美味，感受北京文化的熏陶！,2
8312,这里是北京市东城区，大街非常热闹，游客非常多，是旅游的首选景点之一！,2
8313,热闹的街巷中看老北京人的生活状态。也是拍照的好地方，乘坐有轨老电车看店铺街景吃便宜坊烤鸭都很开心😃,2
8314,古老建筑依稀可辨，现代商业运营氛围浓厚。,2
8315,有很多特色店铺，治安也很好，去逛逛不错,2
8316,有特色，有好吃的，不要期望太多。,1
8317,大栅栏是老北京地标之一，乾隆时代就很有名了。老店铺林立，可以看到老北京的影子，全聚德等老店很多都在这里。,2
8318,老北京最热闹的地方，现在很少有北京人去逛了。,1
8319,大栅栏，北京特色街，体验北京市井生活的地方,2
8320,尽管疫情已经基本过去了，但作为北京的代表性景观之一，来这旅游的人依然非常的少，尤其是外地的游客几乎没有，也显得特别的空旷。,0
8321,大栅栏，老北京人都对这里嗯嗯念念的，我也是总会来这边找点回忆。,2
8322,大栅栏商业街位于北京前门大街，传统老字号聚集地，展现老北京风土人情，历史悠久的商业老街，繁华热闹，除了众多的商铺，还有戏院、茶楼、书场、电影院等休闲娱乐表演设施。,2
8323,大栅栏来来往往己经无数次了，但任何时候都没有这样清冷过，只有少数店铺还在营业，天气晴朗，阳光照射下，有丝丝春天般的温暖，一扫疫情带来的阴霾。,2
8324,疫情期间这里真是清净啊，难得的北京胡同,1
8325,看过了电视剧新世界，是不是很想逛大栅栏呢？看看这里的今天和昨天,2
8326,很多人去北京都会读大石lan，实际是大石la。求证的人可以看下下水道的沙井盖，上面有拼音！哈哈！这个地方吃的挺多的！人也多！,2
8327,位于北京前门地区，原为店铺林立的商业街，经过整修后，环境更加干净卫生，古老与现代并存。,2
8328,想要体验老北京最传统的一些建筑和老字号，最佳目的地肯定是前门大栅栏这里了，想张一元，同仁堂，便宜坊，全聚德，南门刷肉，这些老北京的金子招牌，这里全都有！,2
8329,大栅栏，老妈说要来看看，这里是一个美食街区，比鲜鱼口那边热闹，老字号也非常多，包括很多衣着类的，还有张一元茶庄和同仁堂的总店，大栅栏不算太长，很快就走完，也蛮有特色的，因为有很多胡同，确实很可以感受老北京的美食和人文特色，旅游打卡景点！,2
8330,商业氛围比较浓，人人流量大，比较热闹，,2
8331,北京大栅栏，吃吃喝喝逛逛，还有德云社,2
8332,北京市著名的商业街，历史悠久，古老的胡同云集了许多的老字号，同仁堂，王麻子，全聚德等至今叫的响亮的老字号品牌。大栅栏还有许多北京地方小吃，值得一去。,2
8333,特别繁华人山人海著名的老字号 都聚集在这里。,2
8334,有好多民俗文化品，可以好好逛逛,2
8335,大栅栏云集着北京各大老字号，内联升，瑞蚨祥，王麻子，全聚德，都一处，同仁堂，张一元，吴裕泰，正兴德，六必居，吸引着各地的游客,2
8336,商业氛围比较浓，但是看看里面的各种小吃和建筑走一走，很有北京味，还是挺不错的,2
8337,大栅栏可以来逛逛，名字读音挺特别的,1
8338,北京历史古街，各种老字号品牌，特色商品，值得一逛,2
8339,好多北京老字号呀，满满的历史的回忆。,2
8340,北京最有名的一条商业街，不过不是西单王府井那种类型，是最有老北京特色的，在前门，每到假期游人如织，这两年整治的井井有条，干净卫生,2
8341,现在的大栅栏和从前不一样了，现在大多是外地游客光顾，北京本地人很少去啦！,1
8342,环境比以前要好很多，历史和古迹都在，还是能感受到当时的购物氛围,2
8343,这个名字一般的人都会念错，或者说不太会认识。这里是老北京集市最为集中和最为活跃的地方。很多著名的北京老品牌都从这儿诞生，闲逛起来还是挺有趣味的。,2
8344,大柵栏是个北京游玩的好地方。里面商铺林立，每个商铺的建筑物都是古代建筑，听说有些有100年了，都有历史故事。来这里是最好的地方。,2
8345,记得小时候没上学80年代的时候，这里还是非常热闹，后来变成外地游客的旅游景点了，北京人没有人去了，，到现在不管是哪里的人，已经没有什么人来这里逛了，但毕竟它的历史不可磨灭,1
8346,曾经老北京的记忆，但是现在已经不是以前的样子，整修一新，但是没有了历史沉淀感。,0
8347,京城里有味道的四合院胡同大概都在这里了，平淡中感受不平凡！,2
8348,大栅栏那里基本都是些北京的老字号热闹啊，要是买衣服就不要去那了，买礼物的话那有卖工艺品的……商业网点挺多挺便宜的，现在是季末打折肯定挺多的，也有丰富的小商品和当地特产的，这你自己看着买吧，现在东西基本哪都有，主要是表达心意。,2
8349,很不错的一个古香古色的文化街孩子和我都很喜欢而且这里有德云社还有三庆园，还有好吃的羊蝎子火锅就是火锅的店家有些坑人哦！,2
8350,很不错的地方，很多翻修的古建筑,2
8351,大栅栏是北京市前门外一条著名的商业街 现也泛指大栅栏街及廊坊头条 粮食店街 煤市街在内的一个地块 地处古老北京中心地带。,1
8352,特别棒，吃喝玩乐各种老北京特色的，大名气的店都有,2
8353,夜晚的大栅栏真的太热闹了，而且夜晚照明也很好，不会像其他胡同显得有些冷清和光线暗，日夜景色各不同，推荐都来看一看。,2
8354,大栅栏是北京市前门外一条著名的商业街，地处老北京中心地段，是南中轴线的一个重要组成部分，街区内的购物、餐饮、娱乐等店铺鳞次栉比，各家老字号分列其间，是感受北京文化的必选之地。,2
8355,大栅栏在前门商业街里，很有历史年代感,2
8356,大栅栏，是北京前门对面的一条古老的商业街，街上是满满的北京味，很有特色，可以走走看看，奶豆腐，七天假期玩的很嗨，价钱不贵。,2
8357,大栅栏在前门大街上，里边保留着许多当年的样貌,1
8358,老北京的标志地，但是现在商业气息太浓了！,0
8359,和闺蜜经常去的地方，满满的年少会议,2
8360,知名的历史景点，但是现在都已经被改造的，没有过去的痕迹了。,0
8361,非常好玩的地方，美食一条街，挺好的。,2
8362,北京最繁华的地方，就在这里啊。,2
8363,古街，古迹却承载着历史与时尚，难得的景点,2
8364,重新装修过后，老北京的味道淡了一些，但是不影响对它的喜爱！,2
8365,大栅栏也被叫做前门 是北京前门外一条著名的商业街 现也泛指大栅栏街及廊房头条 粮食店街 煤市街在内的一个地片 地处北京中心,1
8366,大栅栏原来老北京的记忆，现在已经找不到原来的韵味啦,0
8367,很不错 大街小巷的有很多小吃 就是人太多了,2
8368,大栅栏西街两侧都是快捷酒店，楼下的酒吧和餐馆也都开到很晚，游客多晚都方便,2
8369,路面铺平了，干净了很多，两边的店铺关门也比较晚,2
8370,旅游打卡地，仿古建筑，但不古，走走看看而已,1
8371,大栅栏是北京各种老字号汇集的地方，游大栅栏体验老北京。,2
8372,很接地气的大栅栏，随意一逛，找感觉,2
8373,十足的京味 带你了解老北京的精华,2
8374,只为的德云社回三庆园听相声虽然在整修但是还是不错！饭菜价位高，量可怜到了和火车的盒饭一样有点说不过去了吧！,2
8375,浓浓的京味儿 文化的精粹在这里,2
8376,可以逛逛老字号，小吃还是可以吃点儿,2
8377,有些老字号还在。去同仁堂抓药，顺便逛一下不错啊,2
8378,大栅栏是北京有名的一条商业步行街，在前门大街附近，和鲜鱼口美食街挨着，大栅栏有很多北京老字号，内联升，张一元，瑞蚨祥等等,1
8379,上次来大栅栏还是5年前朋友到北京，在大栅栏吃的饭，当时记得还比较冷清。这次去热闹多了，店家也有很多更新，老百姓生活质量还是比那时咱好很多。,2
8380,人多，各式各样的小吃，还有各种风格的饭店，服务人员站门口就开始招揽生意！,2
8381,大栅栏在前门正南，是老北京的繁华之地，现在是北京民俗老街，很好玩。,2
8382,值得去，各种老字号，各种风味的饭馆。 可以先乘车到前门，然后往南走，各种商铺都可以看看，照相，走累了在星巴克麦当劳坐坐，饿了，有四季民福东来顺，都是老北京特色,2
8383,大栅栏从明清时期就是商贾云集的商业区，众多著名品牌在此诞生，如传承八百年的北京二锅头就是最早的大栅栏设店销售的。这里还诞生了绸布店瑞蚨祥，至今这里仍是北京购买高档绸缎最佳的地方。,2
8384,一般般吧 感觉都是外地人 每个城市专门提供给外地人的一条街 没有很喜欢 有的餐厅看着不正规 不干净 我们带孩子 也不敢进去吃 最后吃的连锁 四季民福 很好 服务很到位,1
8385,古香古色的北京老街，很多特色商品,2
8386,不错，有吃有喝又有玩……老人小孩都喜欢呵呵,2
8387,具有北京特特和展览馆过艺术的一条街 非常值得去,2
8388,环境很好 很有历史意义。有时间一定再去一次。,2
8389,人流量特别大，很不错的一个经典有特色,2
8390,总体来说还行，德云社在那里有两个小剧场，喜欢相声的小伙伴可以去看看,2
8391,百年老字号 各种北京特色小吃 了解北京风土人情的好地方,2
8392,北京的路是真平啊~~~~~~~,1
8393,住在前门，每天都去逛大栅栏儿，有吃有玩，太棒了。,2
8394,值得去，美食，购物，很不错。好多大品牌汇聚于此,2
8395,美食多多，也是网红拍照的好地方,2
8396,在鲜鱼口里面吃的饭，最好不要在这里面吃，不好吃还贵的要死。关键是服务员态度还很差,0
8397,古色古香，各种吃点和老字号店铺都有，值得逛一逛,2
8398,就是旅游纪念品一条街，商味掩盖了人文民俗味,0
8399,大家去走走是不错的，买稻花香里面果脯称重时要留意一下，因为口味多，我们特意买了一种口味一个，篮子拿到柜台称时，营业员往包装袋里倒，封好口袋再称，称好就感觉那么重，但没多想。回去后，因为是自己吃的，直接拆了，没想到多出很多，每种口味至少3个，本想买点尝尝，没想他们会这么做，确实第一次碰到这么做生意的。,0
8400,住在大栅栏步行街，非常方便，晚上逛逛夜市，什么都有，凉风习习，买买吃吃，真舒服。,2
8401,第一次住在步行街的宾馆，那真是方便，走出来就是各种小店，什么都有，晚上真的很热闹。,2
8402,非常非常有名气的地儿，也是来北京必来的地儿。,2
8403,很多好吃的!喜欢这里的人文。。,2
8404,前门大街的西部，街道很短，但是商铺林立，老北京最繁华的地方。老北京的缩影，各种小吃，冰糖葫芦，卤煮，面茶，豆汁等等。还有很多商铺，八大祥等等,2
8405,百年老店特别多，喜欢这种氛围。,2
8406,游客很多，很有北京特色的商业街。,2
8407,北京最有名的商业街之一，游客很多，卖小吃的也很多。,1
8408,古商业街，连通前门大街，还有不少老字号餐厅,1
8409,很有北京特色的地方，值得去看看，体验北京的好地方,2
8410,这个地方其实有点难评价，老字号还在，老胡同也保留着，但是挨着前门大街，整体也变得很商业化，如果旅游，来一次看看即可,1
8411,北京最繁华的商业街区之一，很有北京特色,2
8412,很热闹的商业街，就是里面东西贵了一些,1
8413,保持了老北京风貌的一个地方，但是现在也挺商业了。,2
8414,大栅栏很容易读错拼音，是旧北京的第一商业街,1
8415,老北京最繁华的街市！想了解北京，必去！,2
8416,大珊栏，是北京前门市门外一条著名的街道,1
8417,比较有特色的一条街，有很多老字号,2
8418,前门大栅栏，是北京最著名的购物区。,1
8419,老北京的特色，各种老字号店铺。,1
8420,老店很多，名小吃也比较多。还有就是中老年服装鞋帽款式多，布鞋店多。反正值得一逛。,2
8421,热闹的胡同，人头攒动，北京特色小吃都有，还有德云社相声。,2
8422,非常值得一去，服务很好，位置不错,2
8423,著名商业街，吃的也很多，孩子很喜欢，值得一去。,2
8424,很好很不错 棒棒哒 什么的好的吗,2
8425,还是值得去的地方，虽然已今非昔比，自从改造后每次过来都觉得怪怪的，总觉的哪里不对劲。原来的商铺还在，比如同仁堂、六必居等。,2
8426,这里以前也是老街，后来返修重建了下，商业气息更浓,1
8427,少了老北京的氛围，太多的商业化气息。,0
8428,德云社两个小园子，三庆园和广德楼是大栅栏的两个亮点！经常有德云社的小角在街上偶遇！前门大街有全聚德！门廊胡同有网红饭店《局气》，三庆园旁边有四季明福！,2
8429,老北京有的这里都应有尽有，人山人海，尽显首都之繁华。,2
8430,大栅栏是值得去的 虽然也是商业街类型 但是很有老北京味儿 茶馆儿 （张一元就在那附近 还有好几家挂着德云社的招牌）老字号满街都是 买些小玩意儿还是挺有意思的 美食节好像是刚开不久 人气不怎么旺 选了一家吃爆肚 锅贴儿 炒肝儿 味道还不错 逛下来2个小时差不多,2
8431,保留了很多老北京状态，步行十几分钟就可以走完的免费景点，感受一样旧中国与新中国的不同，铛铛车挺好玩的，适合孩子,2
8432,这里的东来顺一定要去吃，真的非常棒！,2
8433,店铺比较有特色，价格还算合理，值得玩,2
8434,没啥大意思哦 感觉啥东西也没有,0
8435,逛逛不错，但是买东西得自己擦亮眼睛，里面居然有大门面商家在玩买东西抽得一等奖交税的骗局，不要就破口大骂，简直有辱京都形象，天坛那里也有。,0
8436,很有趣的一个地方，既传统又现代。,2
8437,大栅栏是北京著名的古老街市和繁华的商业闹市区。,1
8438,外地游客来北京必游的景点之一。,2
8439,好地方，好多小吃，德云社也在那里,2
8440,这里值得一去，特别是胡同里面，挺有意思的，不错的商圈，虽然现代气息很浓，不过还是有很多的老北京建筑在的，值得一看！,2
8441,外地人都来的地方挺好的不错很好,2
8442,在这里，随处可见华丽的飞檐，色彩浓重的门帘。好多历史悠久的老字号，青石板的路面，仿佛踩的是悠悠岁月。老北京风情，值得一去,2
8443,在北京大前门，周边的全聚德和很多一些百年老店都聚集在那一代，建筑也是非常有老北京味道。,2
8444,老北京的风貌，好多老字号在此，同仁堂，东来顺等等,2
8445,闹中取静，有种老北京的味道，但唯独实在是太浓的商业化了,2
8446,北京的大栅栏很繁华很热闹，东西也不贵。,2
8447,建筑的风格很好看。算是商业街了,2
8448,好多一吃，老北京文化。消费中等，值得一去。,2
8449,白天逛大栅栏逛累了，晚上找了一家小酒店住下了，算是蜗居吧，过夜129元，小小的床硬硬的床板，洗脸管道没有水，坐便器安装不牢，坐上去老是要翻，尽管如此，还是有幸福感。,2
8450,古老街市，繁华闹市，京城文化。,2
8451,是一条商业街，主要是买东西的居多,1
8452,这里是北京最著名的一个古老街市。,1
8453,"这个地方嘛 店铺很多的，好多买吃的的,但都大同小异～",1
8454,有几家老字号的店，同仁堂，瑞蚨祥，内联升什么的，其他的就是跟各个景点差不多的各种小纪念品了，挨着前门大街，初次到北京游玩的朋友可以去转转,1
8455,挺好的，推荐去张一元，门口就会被茉莉花香吸引过去。,2
8456,打卡点，旧建筑，巷不长，都是以前的老牌子,1
8457,一个古老的商业街，人很多，汇聚了很多的老号，吃的喝的穿的，来到这里仿佛还能依稀的感觉到皇城脚下的人世繁华，各种老式的叫卖声有时也听得到,2
8458,非常有特色的地方，京味儿浓郁，热闹非凡！,2
8459,老北京的CBD可能是淡季的关系游客不如旺季来的多，但是人少也有人少的好处。好多小店不用排队，吃了炒肝儿，羊蝎子，卤煮，样样都好吃。,2
8460,棒棒哒棒棒哒棒棒哒棒棒哒棒棒哒！,2
8461,内容丰富品牌比较全但价格都是针对游客抬高了,1
8462,我非常喜欢这里，没事会骑车去！,2
8463,我最喜欢去的地方，东西玲琅满目的，会让很全很热闹。,2
8464,大栅栏其实就在前门大街岔路上，很多老字号，挺有历史感觉的。,2
8465,挺好玩的地方，有很多小吃，还有小商品。,2
8466,还不错，但是天公不作美，下雨，很不方便，后面会发现，很多东西都是一样的,1
8467,很地道北京味的街。都是老字号门店。人多但不拥挤。大吃小吃都很地道而且干净。走在街上有点穿越到感觉。和王府井是两种时代风格。但是吃饭小吃一定是来这边。王府井小吃街都是忽悠游客的。难吃拥挤不卫生。这边正宗好吃还干净。街道连着北京有名的胡同可以试走走。走进去就难出来。很老北京的体验。,2
8468,北京著名的商业街s，里面有好多老字号的店面，像瑞蚨祥了，同仁堂了，还有好多北京的土特产可以买,2
8469,还不错，可以坐电车，北京烤鸭也可以邮递到家，挺方便挺好玩的。,2
8470,北京著名的商业街，有老北京的味道，北京小吃也不错！,2
8471,最能体现老北京风韵的地方，有很多的老字号，可以来看看！,2
8472,不错，值得一去，就是吃的，购物的较贵，推荐去背街，有便宜货,2
8473,美食天堂，可以品尝到地道小吃，价格适中。,2
8474,在前门商业街附近，大栅栏，老北京很有名的一条街,1
8475,就在前门附近，很多老字号，值得看看。,2
8476,这里有很多的商业街，有很多的老字号，环境也很美，景点也是一流的，欢迎中外游客，,2
8477,小吃街，我们就住在这里，烤鸭一般，个人意见，施家胡同里面速八宾馆和它对面的一个宾馆我记不住名字了都不错，旁边的羊蝎子和涮羊肉都不错,1
8478,不错，就是难得走，很锻炼人，腿疼。,2
8479,建筑比较有特色 吃的一般 卖东西较多,2
8480,和成都的锦里，西安的回民街差不多，没特色,0
8481,地方的景色不错，很多都是民国时期的建筑。,2
8482,前门最大最热闹的一条街，集中了狗不理、同仁堂等老字号店。,1
8483,老北京的商业区，小摊铺小吃店很多，很有北京味儿。,2
8484,值得一家人去逛逛，性价比不错，买一些老北京饰品不错,2
8485,老字号云集之老胡同区，位于前门大街附近，很方便游客前来，因此非常热闹，俺当年入住旅馆就在这附近。,2
8486,比前门大街和王府井都好玩，值得一去，纪念品要货比三家啊，要价差别很大，小吃地道。,2
8487,还好，体会到老北京的另一种生活方式，古香古色，有很多小吃,2
8488,著名商业街.名店很多.美食很多.春节人很多,2
8489,"北京著名的古老街市和繁华的商业区,本地人去得很少,不过那里有很多老字号的饭店,和许多小吃,外地游客比较多。",2
8490,重新改造规划之后这里环境更好了一些，但是价格也贵了不少。不过全聚德的烤鸭还是不错的。,2
8491,全聚德~不是一般的美味，就是可惜太贵了。哎，要是能便宜点就更好咯,2
8492,很有北京特色的一个地方，建筑风格京城风，里面好多百年名店，值得逛逛。吃吃小吃，很是惬意。,2
8493,好多年后再次去大栅栏，变化好大，感觉像王府井一样，商业化太重了,0
8494,简单的说，就是小吃一条街啊，各种北京地道的好吃的都有，不过，发展到了今天，其他地方的也有的。,2
8495,很多小吃，还有旅游纪念品店，特产店，游客太多。,1
8496,来这里主要是为了全聚德烤鸭，其他商铺都是顺便逛逛看看的。,2
8497,地处古老北京中心地段，在这里可以买到老北京的许多物件，也可以吃到许多老北京特色小吃，像内联升、瑞蚨祥、全聚德等等都汇聚在大栅栏里。,2
8498,大栅栏商业街显现出一片商业街的繁荣景象，历史上曾经有过五个大戏楼：庆乐园、三庆园、广德楼、广和园、同乐园；北京历史上最早的一座电影院大观楼也是坐落在大栅栏的。,1
8499,有同仁堂、张一元、内联升、瑞蚨祥、步瀛斋、大观楼、狗不理和张小泉。大栅栏的商户，8家老字号汇聚于此,1
8500,此大栅栏已经不是当年的大栅栏了，特别新，特别商业，特别多人，不过从来没来过北京的，还是可以来逛逛，吃吃看看，那些老字号有的迁走了，有的味道也不如以前了。,0
8501,北京老街 ，奔着北京烤鸭和东来顺去的，哈哈。,2
8502,京城老字号商街，基本上京城乃至中国一些有名的老字号都在这里有店面！,2
8503,有很多好吃的！也有很多特色的东西可以买，很有老北京的味道！,2
8504,就住在大栅栏，就是觉得出去玩超级方便。吃的嘛，啥都有。中午吃的东来顺人好多，味道还不错。只不过两人吃四百多，一点都没吃饱。为啥几根蘑菇加一点清水就敢卖一百多，没办法，老字号嘛。,2
8505,重新修建的仿古街道，如果想看老北京的真实生活，可以离开主干道到附近小胡同走走。,1
8506,值得去的地方什么都有，地方很有气息我非常喜欢,2
8507,周围被胡同包围着，有多家老字号，吃的喝的穿的用的，还是能感受老北京文化的一个侧面的,2
8508,前门大街走着走着就看到大栅栏，各色京味小吃餐馆，吃货的福地。,2
8509,大栅栏是个值得去的地方，哪有北京城最好的小吃，而且还很便宜,2
8510,老字号的店铺居多，越来越商业化，没了以前的老味道。,0
8511,特色小吃比较多且正宗，值得去逛逛、吃吃，尤其肚子饿的时候可以大饱口福。,2
8512,北京西城老街区、可漫步穿行大街小巷、品当年八大胡同文化、吃北京风味小吃、感受北京人的率直和热情。,2
8513,这里有一条长街 两边的店可以逛 中间还有小火车 但是吃的玩的都少一些 外地的话可以来感受下,1
8514,一般的北京特色吃都能吃到，吃完了看看相声不错！价格虽然不低但出来玩不这样就没劲了。,2
8515,这个又叫正阳门里面有吃的玩的还有穿的哦   来吧 不会后悔的,2
8516,全国统一的商业街模式，要说有什么区别，就是北侧尽头是前门城楼，街上有铛铛车往来，增加了些怀旧气氛。但是再看街角的星巴克，顿时感觉回到现实,1
8517,老北京风韵，百货各式各样，很有韵味，值得一逛。,2
8518,很有北京风味的地方，各种老北京小吃，物品，很适合游客过来逛逛。不过不推荐北京烤鸭，要排队，价格高，味道很一般。,2
8519,大栅栏商业街和非常有名的周边胡同可以看到的北京人的风俗如果有时间看以看看胡同保留的很好很难得的,2
8520,强烈推荐附近的爆肚冯。老字号有特色味道好！,2
8521,大栅栏别忘了之前的大碗茶。到北京不去大栅栏会遗憾的。,2
8522,那个地方充满了老北京的风味，如果喜欢那种古巷可以去看看……,2
8523,感受京味的地方，景色不错，只能吃吃小食，烤鸭等等有些失望,2
8524,每次路过都是熙熙攘攘。走进来确实没什么，不过来旅游的是必来的，因为有导游会带游客买各种所谓廉价北京纪念品,1
8525,东来顺越来越难吃，仿佛专做外地游客生意，不推荐。,0
8526,在前门大街的一个胡同里，来这里就会买张一元的茉莉花茶给爸爸！,2
8527,交通方便，很多特色老店和北京特产，烧卖也有。,2
8528,同时逛了大栅栏和前门大街，整条街都是古香古色的建筑，好多店都有故事，总之是不错的逛街的地方，就是总有那么几家店，店员老板说着外地口音卖北京特产，不过比较便宜，可以买来带回去送人，我自己是不太想吃,2
8529,好吃的多，老字号多。人也很多。记忆最深的是全聚德烤鸭和烧卖馆,2
8530,铛铛车很有年代感，但是嘎嘎新的老街让人出戏。大多数北京特色食品就那么几样，几个店都差不多。,1
8531,大栅栏最近的北京设计周还是很不错的人也不算太多樱桃胡同里有一个小市场里面的纸杯蛋糕和茉莉花冰激凌本好吃,2
8532,现在的大栅栏已经比以前整齐多了，但是没有以前的感觉了,2
8533,北京大栅栏名气虽响，但给我的感觉确实一般。,0
8534,北京的传统都在这儿了，逛逛很有意思的，就是前门大街,2
8535,北京人叫大食栏，是穿过前门大街的一条商业街，有很多老字号的店。,1
8536,有个百年卤煮特好吃，60块租个人力车可以带你畅游八大胡同，带讲解的，这个特好。,2
8537,人山人海，各种特产品牌齐全，特别是人气极望，小吃街特别多吃的喝的，特别多人，推荐去看看！,2
8538,这里全是以前老北京好吃的东西，一定要来尝尝,2
8539,前门大栅栏本来是北京小吃的集中地，如今正宗的已经很少（不过北京正宗小吃真心难吃）。,0
8540,北京必去地点，里面很多小店，物价不贵，可以感受北京特色。,2
8541,都是外地游客来，没什么特色，就是一般的商业街而已,0
8542,新建的，缺少了古代的那种感觉，不过人很多，到处都是卖北京烤鸭的,1
8543,北京最繁华热闹的地方，老北京的特产小吃集于一体，是旅游购物的好地方,2
8544,晚上出来走一走，挺好的，古韵生香，还有美味小吃,2
8545,没了老北京的味道，纯粹是个骗外地人购物的场所,0
8546,老字号商店比较多，经常去那里的同仁堂买药。现在周边饭店也不错，全聚德烤鸭不错，就是太贵。,2
8547,景色不错，不过还是被旅游弄得有些乌烟瘴气，缺少了老城的安静味道,1
8548,挺好的。人很多。有很多老字号 不过已经没有竞争力了,2
8549,有很多有名的老字号，也有现在的专卖店。免费逛的景点，可看到前门大街的电车,1
8550,老北京的一大特色，在里面吃吃喝喝，买买逛逛很有意思～,2
8551,小吃一条街，但说实话味道还是不突出，感觉跟其他旅游城市的小吃一般,0
8552,北京这种地方其实特色倒没有，就是人多，有个地就赚钱。,0
8553,还可以吧，适合来北京旅游的人，可以比较集中的吃喝玩乐，这里有很多老字号小吃、老字号服装店，整条街就是条风情街。,2
8554,大栅栏商业街表面还是不错的，可是一到里面的胡同真是脏乱差了。吃吃烤鸭就离开吧，没什么好看的。,0
8555,热闹，热闹，热闹，重要的事情我一般说三遍,2
8556,经过改造过的前门大街更加精致，小火车还保留了，周末逛逛人也不少。,2
8557,非常热闹，胡同里找了家饭店，吃了烤鸭，点了四个菜才花了200多，口味很棒，可惜名字记不住了。,2
8558,大多都是新建筑，没啥可看的。也没有以前商业街的气派。竟小商品骗外地人的。,0
8559,古朴的老北京景观和文化相结合、购物、饮食一体化，让人回味无穷。,2
8560,很热闹，而且东西价位不是很贵孩子很喜欢吃里面卖的糖葫芦,2
8561,"昔日的繁华,今天的热闹。到北京不能不去的地方。",2
8562,去过几次，主要过去吃老北京特色，景色一般，吃的还不错！,2
8563,很多老字号集中在一条街，老北京特色，周边还有全聚德，老舍茶馆，地铁周边，交通也十分方便,2
8564,骗外地人的地方，芦荟再去，不会再去的，不要去,0
8565,值得一去，老北京特色，当当车，都一处的烧卖很好吃哦！,2
8566,来北京都去走走，小吃不错，地铁也方便，秩序井然,2
8567,去的一定要吃门框胡同的锅贴，还有靠近东面前有个麻辣烫，超级赞。,2
8568,以老字号为主代表了北京的发展，是个非常值得的地方，是步行呦,2
8569,去那里吃便宜坊烤鸭，团购6人餐，量大，味好。大栅栏商业街全是小吃传统东西特多，值得逛逛,2
8570,体验老北京风土人情的经典去处，但是商铺经营缺乏规划拉低档次，遗憾。,0
8571,已不是过去那种城中心的，正在改建中，不知会成什么样?,0
8572,游玩大栅栏，一定要沉住气，逛每一间店都要记得停留，玩味！,2
8573,逛逛夜市挺好的，很有特色，小吃也很地道，老北京的感觉。,2
8574,复原民国初期风貌，老字号商家云集，民粹犹存的感觉。,2
8575,人太多，懵外地人的地方，不如去附近的胡同,0
8576,晚上去景色不错，小吃很多，价格偏高，味道一般，因主要面向外地游客。街上有许多老字号，有有轨电车，体现老北京风格。穿过大栅栏街，可步行去天坛。,2
8577,大栅栏也是北京非常有名气的商业街了，当时给朋友找一家药店买药的时候去过一次，吃饭的地方也是非常多，很繁华的。,2
8578,几百年的历史，几百年的经营，老字号云集！,2
8579,极具老北京地方特色。地点名称发音充满京味。,2
8580,比以前整齐了很多，胡同就在周边，很有老北京特色，卖的东西一般般。,1
8581,漫步其中，胡同小巷，原汁原味，背景故事。,2
8582,路过必去的一地方，呵呵，人多，很是热闹。喜欢里面的小吃，特别棒。下次还要去，赞一个。,2
8583,外地来京人员的聚集地，总说这里是老北京，可是现在认为制造的老北京，怎么看都辛酸。,0
8584,不错的地方，人比较多，主要去吃了北京烤鸭,2
8585,跟王府井挨着挺近的，应该花一天一起逛。王府井高大上，这里更接地气。逛逛小玩意儿，古玩字画买不起可以看看，老建筑都是翻新的但保留了原汁原味，蜡像馆可以去一下，人少又逼真，拍拍照能玩一下午。最后吃个涮羊肉，在老街在走走，惬意。,2
8586,老北京老品牌还是有特色的，知道故事后再游玩更有趣,2
8587,打小儿从南城长大 看着天桥大栅栏一天天的变化 现在的大栅栏我只有去张一元买茶叶时候才会去 外地的游客真的不建议来这 主街上的店相信你们家门口都有 旁边小胡同里的小玩儿意就更甭买了 如果你想吃全聚德那就没别的说的了 来排排队感受下,1
8588,值得去看看，但那边人多，大家一定要看好财物，食物方面有很多选择，位置又在前门，很方便到是,2
8589,店铺林立，想吃想玩都可以，游人多，这点最不好，体验一般，有时还会因为人多，感觉烦，但如果找家店，慢慢体会，还是不会后悔。,1
8590,皇家御道边，百年老店林立，吃、住、逛都能满足。北京必游之地,2
8591,老字号云集的商业街，很有民族风味，小吃不错，比春节庙会里的吃的纯正多了，价格也比庙会的便宜，推荐。,2
8592,脏乱差！坑外地人！来了一次永远都不想再来第二次！！千万不要被坑来！太可怕了！,0
8593,来北京必去景点。集中好受感受老北京气息。,2
8594,很多小吃很有意思不过卫生条件一般人很多还好。,1
8595,去故宫前可以先在这里吃饱，个人觉得比南锣鼓巷和烟袋斜街都更具老北京风味，关键是吃的多，嘿嘿，吃货们绝对不能错过，还有不少百年老店，也很值得一看,2
8596,毫无老北京味道，没有特色的商品街，打着老北京旗号，操着各地乡音的“普通话”，专坑外地人和老外的“老北京风味美食”，平时没人，节假日全是黑压压的人头……说多了都是泪啊！,0
8597,免费逛的景点，可看到前门大街的电车，比较有特色。有稻香村，金糕张，全聚德等吃的。还有个台湾小吃城很特色，中外混搭！,2
8598,去大栅栏就是去买内联升，其他的真没有需要的，随便逛逛，外来人太多，环境嘈杂,0
8599,前门大栅栏永远那么热闹，许多老北京的老店还静静的等着顾客上门。既然来这里逛逛，顺便给父母带一斤张一元茶叶外加一双老北京布鞋，吃一顿都一处烧麦吧！,2
8600,不要光转大栅栏，周边胡同，深入1-2公里，更能体会北京南城传统文化。,2
8601,北京人～爱北京～更爱这些仅存的不多的北京风景。,2
8602,北京的百年老店最集中的地方，不过老字号也不是很多了，一个名字而已，特色小店，游人非常多。,1
8603,老字号特多、同仁堂、东来顺、稻香村、六必居、全聚德、四季民福、狗不理景泰蓝、泥人张、布鞋,2
8604,我是晚上去的，静谧，别有一番风味，虽然小店门都关了,2
8605,来这里玩了一天，很开心的好地方，下次还要来这里。,2
8606,去过一次，印象深刻的好地方了，下次还要来这里。,2
8607,"北京著名的商业街，很多百年老店在这里都有分号 建筑很有古色古香的 大栅栏真的很值得一逛,传统与现代的融合",2
8608,好玩，古色古香，小吃很多，流连忘返，美不胜收！,2
8609,很有北京特色的一条街道，很多的老北京品牌都是开在这里的，如果想随便逛逛，拍拍照的话，这里再合适不过了。,2
8610,大栅栏街上有很多的老字号，有瑞蚨祥绸庄，还有全国都有连锁店的天福茶庄，还有很多的现代的小商店。,2
8611,在北京呆了好多年，但对于这个词的读法却一直读不好，只要一说就被人说是外地人了。大栅栏曾经是北京各种小吃聚集比较多的地方，也是当年北京最繁华的地方之一，这里的商业氛围相当浓厚，当然现在来到这里还是可以品尝到一些地道的北京小吃的。,0
8612,个人觉得比南锣鼓巷值得去。有一些老铺子，而且感觉这里的张一元最正宗了。,2
8613,大栅栏商业街也算是北京主要有名的了，这边的步行街可以购买到很多老牌子商品，价格还算是不错，f服务也是蛮不错的。,2
8614,前门大街里面的一条胡同步行街。老北京很有名的一条街，去前门的千万别错过。大栅栏以百年老字号为主，例如：同仁堂、内连胜、瑞蚨祥……和前门大街一样，都是满街商业气，价格也不是一般人都能承受的。,2
8615,放假的时候人多到爆，根本走不动路，好多卖小吃的但是也就那几样、价格不太贵，都是小东西，买回去又用不到，这里纯是人挤人，挤死人,0
8616,各种小吃在这里都能吃的到，特别的热闹，推荐,2
8617,建筑很有古色古香的，商店很多的，一些百年老店比如瑞蚨祥，六必居都在这里，但是这里的美食小吃价格有些虚高啊,2
8618,大栅栏有点让我失望哦，没我想象的那么有魅力。不够作为有特色的商业街可以去感受下,0
8619,有特点实惠热闹很不错宾馆在附近有点乱啊啊,1
8620,这里就运营成了商业街，吃的喝的应有尽有，全聚德这里也有的，可以晚上过来尝下，顺便拍夜景。,2
8621,坐地铁2号线到前门，从前门大街可以步行过去，里面的建筑物都是民国建筑，算的上比较有特色的一条街了，而且很多百年老字号、门面都还很壮观！街不宽，但很值得一逛！,2
8622,其硬件设施真的令人叹为观止。有小孩学生的，可以带他们来领略下真正大学的魅力，我想这也会成为他们奋斗的动力之一的。,2
8623,北京最悠久的小吃一条街，有许多百年老店。我们选择了全聚德烤鸭，里面好多人呀。这里吃烤鸭，还要支付服务费的。不过东西好吃的，服务态度不错。,2
8624,大栅栏一直是老北京的商业繁华之地，街上有不少著名的老字号：经营中医药的同仁堂、经营布匹绸缎的瑞蚨祥、经营布鞋的内联升，以及经营酱菜的六必居,1
8625,北京著名的商业街，很多百年老店在这里都有分号，电视剧里常见的民国风情，就是这里，这里还有有轨电车，可以乘坐。,2
8626,大栅栏的环境真的是很好的，两碗卤煮火烧，真的是太好吃了，服务也是很好的。,2
8627,走街串巷去寻觅那些最地道的北京小吃，商业气氛浓郁，到处可见什么老字号，还有服装店，大栅栏以百年老字号为主，例如：同仁堂、内连胜、瑞蚨祥,1
8628,大栅栏商业街是北京最古老、最著名且又别具一格的古老街市和繁华的商业闹市区。这些古老的建筑和发生在它们中间的“城南旧事”，都是古都北京重要的人文瑰宝和文化资源，是旅游的好地方。,2
8629,喜欢那里的小店，小摊子，还有那里的感觉！北京第二站！去那里逛逛，喜欢那小小玩意！,2
8630,改造过的北京老巷，主路较宽少遮阳措施，小巷子里是各种店门头。除了日常百货的商铺，相声、曲艺馆也散落在其中，一些特色手工艺的摊位，欣赏了下烧彩玻璃的过程，得闲逛逛也挺好。可能是当时心境的关系，不若以前走过的民巷更有融入感。,2
8631,古色古乡，有时带特色，第二次来了。希望大家也来。,2
8632,500年来，她一直就是一条繁华商业街，见证着一个又一个商号、品牌的升起与陨落，门庭的若市与冷落，长街的焚毁与重建。,1
8633,里面有各种特色店铺，还有小吃店，很有北京风味的一条街。,2
8634,北京本地人，这里几乎没怎么去过，五一之前趁着下班没事绕个远道去了一下，反正都是外地人来吃的地方，到处都是乱哄哄的一片，全是大胖子在那里不停的吃，不过为了这种气氛而来倒是也未尝不可，还是更喜欢后海那种老北京的氛围啊，作为北京人，西四那边的老胡同其实更有韵味,2
8635,是一条很古朴的大街 街上很有气氛 尤其是过节的时候 人很多很多   默默的在大栅栏转转 很少安心,2
8636,去北京很多次了，但是情有独钟的还是前门。这里很有老北京的特色，在打栅栏一带，有很多北京的特色小吃，经营店铺的也有北京的老人，他们讲着一口味道很浓的老北京话。,2
8637,一个是王府井，另一个就是大栅栏，这两处地方相隔也不算太远。各这里有老胡同、老字号和老品牌,1
8638,大栅栏是北京著名的老街了 有胡同 很值得一看 在北京名气很大 这里很多百年老店,2
8639,老北京气息比较浓郁的一个地方了~~~和老妈一起去的  当时还是住附近的四合院~~~小吃很多~~老字号很多哦~~~,2
8640,前门大街里面的一条胡同步行街。老北京很有名的一条街，去前门的千万别错过。一定要去看看的地方了。,2
8641,保存着大量原汁原味的古老建筑，还住着很多的老北京人，保留最完好、规模最大的历史文化街区之一，,2
8642,几乎都是在清朝年间就已经创立的百年老店，大部份都是经营丝绸制品的，北京同仁堂店也在里头。建筑都是各有特色的，设计以怀旧复古为主。,2
8643,北京的老胡同步行街。走走看看。别买什么东西。很贵。都是伪老名牌,0
8644,很有老北京特色的一个地方，交通也非常方便，以商业为主，但是那里的建筑应该很吸引老外~~(*^__^*) 嘻嘻……,2
8645,这个商业街也是北京比较古老的几个商业街之一了，环境是非常的不错，景色也是很好的，品牌很多，价格也是比较贵 的了。,2
8646,这里的商业街店铺林立，环境收拾的很干净，有很多只有在电视里能听到的名字，比如瑞蚨祥，内联升等。,2
8647,这里是一条胡同步行街。大栅栏以百年老字号为主，是比较有特色的地方，去前门的千万别错过。逛一逛很不错的了。,2
8648,去的时候正赶上台湾月，整条街都是台湾特色小吃和特色家居。很喜欢台湾的家居装修风格。台湾小吃我也不知道什么比较特别，就同样买了每次必吃的烤串、鱿鱼串，没吃出什么差别来跟平时。喜欢边走边吃边逛的感觉。,2
8649,"我觉得整个街道最有感觉的就是当当车了,远远的，就听到车打铃的声音，很清脆又不觉得刺耳。再就是商业气氛浓郁，到处可见什么老字号，还有服装店~从大栅栏出去，还可以看到颇有特色的天桥，上面是学生熟悉的方程式，让我记忆犹新哇.",2
8650,北京的大栅栏和南锣鼓巷其实是差不多的，只是历史的韵味更重，百年老店林立的，又是民国风，还有叮叮车。,2
8651,太爱这个地方了！！民国风的建筑！老字号的店！吴裕泰的冰淇淋百吃不厌啊！！！便宜坊的烤鸭一点都不便宜啊！！！,2
8652,北京城内非常著名的一条商业街，这里有许多老北京传统的小吃和糕点，老年人很多来此怀旧，年轻人也是越来越多了。,2
8653,大栅栏的商业街是很出名的，可以在这里买很多的百年老店的纪念品的，酱菜，布鞋都是不错的，糕点也很聪明的，不过百年老店都是牌匾还是历史的，性质都是跟上了潮流了。,2
8654,到了北京，如果是一商业为主体的游览，一个是王府井，另一个就是大栅栏，这两处地方相隔也不算太远。各有特色。都要去的。,2
8655,南锣鼓巷是以小吃为主的，这里是以饭店和百年老店为主，小吃也有的，买纪念品的好地方，而且街面也大，这里有特色的铛铛车，不想走路的，可以坐这个游览的。,2
8656,大栅栏结合北京的历史文化特征，这里就运营成了商业街，吃的喝的应有尽有，文化底蕴厚，这里的全国出名的百年老店非常多的，可以买串糖葫芦边吃边逛，饿了，这里还有全聚德。,2
8657,太爱这个地方了！！民国风的建筑！老字号的店！吴裕泰的冰淇淋百吃不厌啊！！！便宜坊的烤鸭一点都不便宜啊！！！大栅栏街原称廊房四条，距今已有近500年的历史。大栅栏处在古老北京中心地段，是南中轴线的一个重要组成部分，历史上就是一个繁华的商业区。当地人都喊它“大石辣儿”,2
8658,有很多百年老字号，建筑也很有特色，中西结合的感觉，比如瑞蚨祥绸布店、内联升鞋店、在这边可以买到古典的现代的艺术品商品等,2
8659,要想体会老北京的商业和文化气息就来大栅栏，这里有老胡同、老字号和老品牌。而且很是热闹。,2
8660,晚上过来真的是好热闹的，各种买工艺品、小吃的店铺，餐饮选择也很多，全聚德的起源店和都一处的烧麦都在这边有分店，吃饭是不用愁的啦。,2
8661,大栅栏的特产要比前门的要便宜些，就是街旧了点，挺热闹的，都是旅客吧，那里很安全，张一元的总店在那里，里面的茉莉花茶还不错,2
8662,"大栅栏是北京的中心，因为这的地区处于北京的南北交界出，南来北往的必经之地。 虽然近近几年拆的狠了些.,",1
8663,再就是商业气氛浓郁，到处可见什么老字号，还有服装店。在北京市西城区大栅栏商业街,0
8664,建筑古色古香，有卖各种东西的店。挺干净得地儿 .那个马迭儿冰激凌真的很好吃.,2
8665,"一些老字号的门面还是值得一看的,但是在网上很有名气的店都需排队很久,而且到最后觉得味道也没有那么,好,有个酸奶还是不错的,但是点名不记得了",0
8666,大栅栏名街上有同仁堂、狗不理包子、祥蚨瑞真丝店、九牧茶庄等老字号店。比较有特色的地方.,2
8667,很清脆又不觉得刺耳。再就是商业气氛浓郁，到处可见什么老字号，还有服装店~从大栅栏出去，还可以看到颇有特色的天桥，上面是学生熟悉的方程,1
8668,其实对于老北京人来说，大栅栏是北京的中心，因为这的地区处于北京的南北交界出，南来北往的必经之地。 虽然近近几年拆的狠了些，但是，它的地理位置决定了它的不败的地位，很多商家都看好这个地方。 北京最有名气的市长彭真原来准备把运河到前门，那是一幅多么美好的情景啊，估计再也没有那么有气势的北京市市长出现了。 目前去大栅栏有地铁，有公交，不过你要是上车买票可不要说大栅栏，而是说大食懒（发音），否则人家会笑话你...,2
8669,据说前清时期这里可是有名的红灯区，不过现在新社会了，又很多的中外商铺，商品玲琅满目，挺不错的。,2
8670,基本是卖北京特产 小纪念品啥的 要会砍价  里面有个东来顺 还有个面人张 能看着你的样子 捏出立体的人像 还是比较有意思哈~~,0
8671,没什么特色，没什么看点，东西又贵。。。真的很普通,0
8672,和朋友一起去的、周遭是很有特色、漫漫步感受一下文化气息还可以、再就是各色小吃,2
8673,似乎现在的小资们喜欢上了返璞归真，喜欢怀旧，喜欢古典美，那么，这就是小资们的理想徜徉地啊——老北京！,2
8674,很有名的一条街，老北京的著作里经常提到他。没看到卖艺的，倒是看到很多耳熟能详的老字号。小吃什么的没有王府井多。,2
8675,我们住在北京远东饭店离大栅栏很近，步行2O分钟。两边都是特色的商店，是北京有名商业街，但是我觉得两头老北京四合园较有特色，值的一看。,2
8676,又是小吃，又是古街，比较繁华地带，可以听到各种不同的方言在这里出现。也可以买些特色的东西。 如果有时间可以逛逛，拍拍照片。,2
8677,很古的一条街，小吃民俗很多，在里面逛的很有趣。,2
8678,能感受到老北京的气息，那些老字号值的光顾,2
8679,主要是感受北京的胡同文化，感受这里的美食，,2
8680,最近爱上了 大栅栏里的皇家驿站酒店露台的酒吧！,2
8681,主干道旁边有很小的胡同可以进去 感受一下胡同文化 相当于上海的弄堂,2
8682,我的最爱小吃我来了，北京最著名的小吃一条街，各种小吃，我都吃不过来了，就不一一列举了，想吃的自己来吧。,2
8683,大栅栏在北京西西城区，穿梭在其中可以感受北京的胡同文化，街上好多好多的北京美食呢,2
8684,大栅栏这边小吃比较多，不过个人觉得挺一般的，而且这里游客非常多  很商业化,0
8685,步行街感觉可以，但是这里的美食小吃价格有些虚高啊,1
8686,每到一个地方，我最喜欢的就是逛大栅栏这种街区，因为有很多卖纪念品的，还有最喜欢吃的食品，小吃什么的。北京的大栅栏很大，物美价廉。,2
8687,很纯粹的旅游经典的感觉了。。。没什么特别值得去看的~~就是去前门顺便会去,0
8688,这个地方吧，主要就是面向游客的，和锦鲤，宽窄巷子，新天地这样的很像，只是多了一些老字号，还可以坐有轨电车。,2
8689,非常有特色的小吃一条街哦，晚上大红灯笼高高挂，衬得整条街都非常喜庆，全聚德也在这里哦。,2
8690,我觉得整个街道最有感觉的就是当当车了~~~远远的，就听到车打铃的声音，很清脆又不觉得刺耳。再就是商业气氛浓郁，到处可见什么老字号，还有服装店~从大栅栏出去，还可以看到颇有特色的天桥，上面是学生熟悉的方程式，让我记忆犹新哇~~我觉得整个街道最有感觉的就是当当车了~~~远远的，就听到车打铃的声音，很清脆又不觉得刺耳。再就是商业气氛浓郁，到处可见什么老字号，还有服装店~从大栅栏出去，还可以看到颇有特色的天桥，上面...,2
8691,小吃是很多  但是特别特别的贵！！！！！！,0
8692,每次来北京每次都来这里，小商品购物天堂比较有特色,2
8693,感觉这里就像是一个古镇似的 不过这里的景色还是可以看的 里面有好多的点  还有好多的小店,2
8694,就是商业一条街，都是老字号的东东，建筑一看就是新修的，基本上都外地人逛的,2
8695,北京大栅栏有着很长久的商业历史，历来就是很繁华的商业中心，如今的建筑多为明清时期的建筑风格，老字号、老店一家挨着一家。,2
8696,有很多老店 像稻香村啦东来顺啦全聚德啦都有 晚上在灯光的照耀下格外亮眼,2
8697,很热闹繁华的商业街，很多老字号，夜晚也很漂亮,2
8698,大栅栏是北京的一个集吃喝玩乐，还有古色古风味道的商业街，虽然里面品牌众多但是，掩盖不住那种老北京的味道,2
8699,以前北京最繁华的地方，也能体验一下北京的胡同文化。,2
8700,大栅栏适合吃小吃，看百年老店，买纪念品，老店基本都是老酒新装，唯一不变的是那些招牌，与时俱进的是价格，退步的是服务。吃全聚德的时候可以逛逛。,1
8701,很热闹，小吃很多，还有东来顺，狗不理，以及大商场,2
8702,这个一般商业街，东西较齐全,1
8703,改造前去的，北京老字号的聚集地。古色古风，像是回到了当年。体验历史文化必去的地方。,2
8704,胡同里的闹市，可以买到你想买的任何和古代有关的东西,2
8705,在大栅栏花一天的时间逛逛应该很值得，是一条休闲购物的好去处。白天你在北京其它景点玩了一天感觉累了，那么你回到宾馆休息调整一会，建议你晚上到大栅栏更好，不会浪费时间，也不影响第二天的行程。,2
8706,北京的百年老店最集中的地方，全聚德在这里就有，不过很多的老店都是重新装修的。,1
8707,"没拆的时候挺有意思的,拆了以后重建就没啥意思了,没有那种老北京的感觉了",0
8708,建筑很有古色古香的，商店很多的，可以显示老北京特色店非常多，街上没有机动车来往，很适合购买纪念品回去，值得一游,2
8709,跟前门在一起，是个商业街，有很多百年老字号，建筑也很有特色，中西结合的感觉，还有很多美味佳肴，是吃货们不可错过的地方哦~~~,2
8710,"这个大栅栏与几十年前的真正的大栅栏很不相同.太新了,太商业化运作了,看上去有些京味,但是找不到神韵了.商品价钱很贵,不很欣赏.",0
8711,对于爱逛街的人来说，这里的商店倒是太多了，而且老北京特色的店很多很多，经过改造的街道也很宽，又限制机动车来往，还有很多老字号饭店可以休息。,2
8712,不算是保存得最好的胡同，到这里却还是比南锣鼓巷更有老北京的感觉，一些餐厅就开在很老的房子里，而房子本身就已经是故事,2
8713,这里开了许多商店，周围横的、竪的好几条街都是商店，都不大，卖的都是北京的纪念品，熙来攘往的人挺多，逛的多，买东西的少，,2
8714,老前门的样子 有点儿乱 但是很有老北京的韵味 人多杂乱 老北京的味道超级浓,2
8715,这里有很多老字号，人很多。都是游客。烤鸭很不错,2
8716,挺失败的。修旧不旧，不伦不类，北京市的这种项目估计多半都是猫腻项目。,0
8717,卖的都是一些有中国特色的小玩意的，但是这里的老北京的味道还是很浓，建筑物很适合拍照留念,2
8718,很有老北京的感觉和味道，还有一些老字号保留着，专门为游客量身定做的。,2
8719,有小火车，很怀旧，两边的老字号也新装修了，不过不喜欢装修的这里，少了一份老北京的气味。,1
8720,刚看见那把悬空不停倒水的大壶好纳闷，后来想想才弄明白，原来支撑体是水流中间那个玻璃柱子。,1
8721,因为有很多老字号，所以游客很多，也有很多的品牌店在古色古香的建筑里充斥着。,1
8722,卖东西的小店挺有意思的，老字号也已经变了味道，老字号的饭店更是人满为患。,2
8723,百年老字号里的东西一般的商品都是很贵的，不过吃的方面就还好了，都是统一价，给老妈在这里买了布鞋、,1
8724,老字号虽然多，但还是假的多，物价直逼北京房价，北京的很多百年饭店在这里都有分店。,0
8725,北京老字号最多的一条街了，很有特色，游客来的也非常多，到了这里，一定要尝尝全聚德烤鸭。,2
8726,前门大街修缮后成了外地游客必去的地方，周边吃的东西很多，古玩等也很多，卤煮可以尝尝。,2
8727,大栅栏这里最出名的就是老字号，老字号里就要数全聚德了，每天排队的人最多。,2
8728,自古以来就是有名的商业街，在这边可以买到古典的现代的艺术品商品等、感受一下热闹的商业风味！,2
8729,很多的店是百年老店，但卖的东西价格真是不含糊，完全是按地价卖，现在来的人也不是很多。,0
8730,专门在这里吃了狗不理，觉得应该是难吃的狗都不理吧。这么厚的皮，吃东西还是要去南锣鼓巷的，这里可以看看老字号,0
8731,如果想体验以前的老北京生活，就去大栅栏，很多的老字号店铺，基本还是能找到那时候在前清那时候的感觉。,2
8732,很像上海的城隍庙，不过老字号也不是很多了，一个名字而已，老建筑健在的不多了、,0
8733,去大栅栏主要就是拍百年老店的，不过能坚持保持以前的门面不变的，现在已经很少了，不变的只有门匾,2
8734,来这里的基本都是游客，天南海北的方言，还有很多的外国人，铛铛车很好玩的，很多的老字号，巷子里面有很多的小吃,2
8735,北京很有名的一个商业街，是古时候很繁华的一条古老的商业街道，也是现在北京有名的一个步行街。,2
8736,大栅栏现在也很普通了，老字号只是冠名而已，伪古街，小吃倒是还很地道的。,1
8737,想看百年老店去哪里，首选大栅栏，想吃地道的北京小吃，也要老这里，想拍怀旧的照片，也要来这里,2
8738,其实这里的百年老店虽然多，但能保持原样的还真没几家了，时代在进步，装修什么的都得跟上，想看原始样貌的，抓紧了,1
8739,大栅栏也是在北京历史很久了，电视里常见的老字号在这里都能找到，但是没有了那时的气氛,1
8740,在大前门旁边，环境还行，大家都是过来逛街游玩照相的。东西不是很便宜，古色古香。,1
8741,吃了狗不理包子，还有同仁堂。六必居酱菜在胡同里，很多的北京老字号都在这里。,1
8742,一条很有民族特色的小街，好多北京老胡同，卖北京纪念品的好多 丝绸、布鞋、烤鸭。,2
8743,大栅栏在北京可以说是老牌的商业街了，一些百年老店比如瑞蚨祥，六必居都在这里，可以去看看哦。,2
8744,这里以前是老北京的中心地段，电视里面长出现的一些百年老店在这里都有分店的，很有历史意义。,2
8745,北京的老字号基本上都在这里的，这里才有那么一丝历史文化底蕴，也有很多的北京名吃。,2
8746,前门商圈的标志，好多老字号设立于此，对这些文化感兴趣的人还是值得一来。不过这的吃的不便宜而且不好吃。,2
8747,改造后的大栅栏成了一条商业步行街，有当当车，有各种老店铺，值得外地游客一览。,2
8748,大栅栏是一条商业街，好像就在前门附近吧，建筑古色古香，有卖各种东西的店。,1
8749,经过改造，虽然建筑物更”古色古香“了，但是总觉得少了点什么，也许是少了过去繁华市井商业街的那个”魂“。尽管如此，每次去北京仍旧想在这里走一走。,0
8750,天壶最帅，吸引了不少人在这里拍照，大栅栏历史悠久，有很多的老字号，很商业化。,2
8751,这里的名气还是很大的，街道旁边很多老字号的美食店铺，环境也很不错，不论吃货还是观光客，都是个不错的选择,2
8752,历史悠久的商业街，虽然是翻新的，但基本还保留了以前的样子，有丝绸店，药店，布鞋店等。,2
8753,那里都是些老北京老的商铺，可以去逛逛那里的步行街，能够感受到老北京的气息，很不错,2
8754,北京的一条商业街，里面有北京的很多老字号，没事可以来看看，东西比较贵，基本都是游客。,1
8755,虽然大栅栏几经改造 我觉的也还不错 老北京式的灰色墙面 古色古香的建筑,2
8756,大栅栏就是一条商业街，很有北京味道，来北京旅游，一定要来这里感受下北京商业街的味道,2
8757,赞，可以去逛逛！喜欢那的店铺装修,2
8758,交通很便利，而且来这里主要是买东西的，来来往往的人很多，到是可以看看，感受一下气氛，很不粗的感觉了。,2
8759,北京前门外的商业街，这里可以买到老北京的老字号商品，比如瑞蚨祥绸布店、内联升鞋店、六必居酱菜园等都在这里,1
8760,现在已经没有任何京味可言了，小时候去那里才叫热闹。现在里面买东西也都是外地人,0
8761,一条著名的街道，但早已物是人非、今非昔比了。改建得很不成功，失去了原有的风貌，老字号一个个都因房租等原因纷纷搬离或关张。可惜啊，可惜。,0
8762,很有老北京的味道 但是东西有点贵,2
8763,大栅栏大街可是有历史的商业区了，新前门大街落成后，更突显了这片商区两种新旧交替的风格，大栅栏更具有老北京的味道。,2
8764,重修了前门大街后整洁多了，保留了很多老字号，有老北京特色。,1
8765,名声在外，很热闹的地方。你要把这里当做影视城，喜欢的会觉得还不错。老字号很多，逛得多，买的少。,2
8766,大栅栏是北京话~牌楼就在前门步行街，坐地铁到前门，出来找步行街，通向隔壁的小街就有这个牌楼了，就是商业一跳街，没别的特别了，可以带朋友过来溜达一下。,1
8767,大栅栏。和前门一样，聚集了众多北京百年老字号，可以逛逛，逛逛~,0
8768,晚上去的，所以看得不太清楚，商业街很热闹，旅游商品跟别的地方差不多了,1
8769,来了北京，要记得，这念大栅（石音）栏儿，别喊错哦,2
8770,整修过 看上去整齐多了，去过没有整修时的，还有附近的粮食胡同，很有老北京的味道。,2
8771,"这个离开安门没多远的一个名间区,主要是卖特产以及手工艺特色品的,别具一格哦.",2
8772,大栅栏名街上有同仁堂、狗不理包子、祥蚨瑞真丝店、九牧茶庄等老字号店。狗不理包子店门口有一幅慈禧太后的彩色塑像蛮有趣的。街上衣服档次低，小吃不少，北京老酸奶蛮好吃的，街上有一超市里【杏子干】甜甜酸酸的很好吃。,2
8773,同事饿shi了，安顿好之后就出觅食了。好多XX胡同的地方，就好比西湖边的小店都有醋鱼叫化鸡一样。,1
8774,还好吧，有些正宗的老字号，大部分被一些小店占据了，不过也有些老北京的味道,1
8775,一般。没有想象的那么好。商业一条街。可以看看老店的门脸。,0
8776,很普通的地方，感觉没啥的,0
8777,原来还有些商业功能，现在基本上只能算是景点了。曾经的繁荣胜景没有延续至今，百年老店不多了。,0
8778,很多老字号的店在这里，没事时可以逛逛，吃吃小吃，多条交通都能到达，类似于上海云南路的地方。,2
8779,前门大街上应该有一些是新的建筑，不过其中也有很多百年的老字号，比如全聚德、福瑞祥、狗不理这类的。 穿梭在街市中 可谓是美食和文化的综合品味。 在后海等区域内的老北京小吃在这里的价格实惠很多，可以放心的吃个够，还有小朋友喜欢的玩意儿，比如吹糖人、面人等等。,2
8780,前门大街 大栅栏 老北京的韵味混杂现代元素 很好玩 里面的特色东西很多  价钱也算可以吧 自己喜欢的也就买了 逛了很久 只是时间太紧了 回来后也很回味 很想再去逛逛  这次北京最值得的地方！超赞  喜欢吃里面的雪花酪,2
8781,東西不值得買，人超多，真是人山人海，尤其是節假日。不過，可以去逛逛，感受一下。,1
8782,可以不用去~~我去了就很后悔~~,0
8783,乐趣在于逛老店买东西，如果走马观花到此一游，就意义不大了。,2
8784,这里附近的一些饭店吃饭经济、实惠，步行街里面的一些老字号值得细细品味！,2
8785,大栅栏那有些饭馆还很实惠，住宿就不敢恭维了,2
8786,去了几个景点，觉得还是大栅栏有意思。前门大街修的很新，但是因为太新，没什么感觉。大栅栏的乐趣在于老旧、杂乱。,0
8787,很差的地方，全是卖劣质货，骗外地人的,0
8788,"到了大栅栏,感觉中国的传统文化,感受中国的民族风情.",2
8789,经过整修后，虽然增了一份整洁宽敞，但少了一份老北京的原汁原味。,0
8790,名声享誉中外，感受传统文化与现代文化的交融之处。,2
8791,"马马虎虎,名声过大,言过其实",0
8792,去看看老字号还算不错  其他的旅游购物小店 记得要比较价格  差距很大  我们买的称重的散装食品  不同的店铺价格能相差4-5元一斤,1
8793,我是晚上去的，人叫一个多，但是街不长，老字号得店也就那么几家，剩下的也都是买东西的了，都是新的，还是值得一看的,1
8794,晚上挺美的，好吃的也不少。,2
8795,每家店铺都可以拍出一本精彩的电视连续剧来!,2
8796,"就是一商铺街,实在没什么意思",0
8797,不知道为什么这么热闹的地方才那么几个人点评？,0
8798,非常好，不可不去，类似上海的城隍庙,2
8799,"大栅栏商业街于昨天开放,从电视画面上看很有意思。不过前门商业街要等到8月7日开放，前天我去看了，被栏杆围着，但是从外边看，里边建筑很有意思。仿古建筑加上老北京店面：全聚德烤鸭、福瑞祥、张一元茶庄等等，不过我估计那个地方价格应该很贵。但是作为老北京的风格，我还是觉得应该去看看，过了8月9号我再去看看。",2
8800,2008年5月去的。为了迎接奥运，两侧的店铺正在装修，全是土，很脏。要去的话等8月份再去，顺便还能逛逛前门大街（也在装修）。,0
8801,小时候常来的地方，里面很多老字号，同仁堂 瑞蚨祥  还有个大观楼影城，可以逛；吃饭建议到对面的鲜鱼口一条街吃老字号   天兴居   锦芳  力力餐厅  独一处   都不错。,2
8802,古北水镇位于北京市密云区古北口镇司马台村，是一个将乡村风情与现代旅游完美结合的度假胜地。以下是关于古北水镇的一些详细介绍：,1
8803,古北水镇，位于北京市密云区古北口镇司马台村，是一个融合了历史、文化和自然风光的旅游胜地。以下是关于古北水镇的一篇游记摘要，描述了游客如何体验这个美丽村庄的独特魅力：,1
8804,划重点❗️无车党古北水镇两天一夜怎么玩❗️,1
8805,北京古北水镇位于北京市密云区古北口镇司马台村，是一个将古今文化完美交融的旅游胜地。以下是关于探访古北水镇的一些详细介绍：,1
8806,**古北水镇的历史与文化深厚，融合了多种建筑风格和文化特色**。,2
8807,北京周边两天一夜的休闲胜地——古北水镇,2
8808,**司马台村与古北水镇的独特风情体现了北京郊区的传统村落和现代旅游度假胜地的完美结合。以下是对这一地区的一些详细介绍：**,2
8809,了解到古北水镇是因为收看电视节目《奔跑吧兄弟》，一个《奔跑吧兄弟》火了古北水镇，让大家知道了北京周边竟然还有这样一个和乌镇如此相似的古镇，我和女友没事的时候就喜欢追着跑男看，以前他们去的的那些地方离我们都太远了，但是这次不一样，古北水镇，北京密云县，我们坐公交车都可以过去，于是周末的时候约上两个朋友一行四个人，开始我们的古北水镇之旅！,2
8810,【交通】古北水镇，位于北京市密云县古北口镇，紧邻司马台长城，密38路公交车司马台村站下车，不行十几分钟即到景区。自驾的话京承高速司马台出口下高速不远即到，从北京市区到水镇大约需要2-3个小时。7座以下小客车停车10元每次，7座以上20元每次。,1
8811,第一次发现司马台长城是今年五一苏芒、章子怡、李云迪等去司马台玩并晒照，我看到后惊为天人：竟然还有如此漂亮的长城！！！最大的重点是它没人！！！没！人！啊！于是出发～果然很棒,2
8812,古北水镇坐落于密云县古北口镇，背靠司马台长城，坐拥司马台水库，依山傍水全京少见。更难得的是，古镇本就是由当地古村落统一整改而成，建筑保持着古朴雅致的民国风格。长城脚下房屋鳞次栉比，青石板铺就的长街宛转悠长，弄堂小道曲径通幽，古建大宅庭院深深。,2
8813,司马台长城在古北水镇旁边，算是长城除了八达岭以外比较有名的一段了，个人觉得比八达岭风景要好。当时我们是团体游所以有专门的巴士直达景区，不过像这种地方的交通一定要做好功课，不然很容易就回不来了，那样就去古北留宿吧哈哈一定要注意。我去的是东段，一共有16座峰台，当然体力好的我一定是去了16楼即最高处，也是好汉一枚，风景这边独好。整个过程大概耗时2-3小时，包括途中风景拍照，个人独秀以及合影时间。这个耗时要看...,2
8814,周边休闲游的首选！星空下，长城旁，古北水镇就安静的坐落在那里！在青石板的街道上散步，在冬日暖阳的小院子里晒太阳。身处古朴的小镇中，远眺长城蜿蜒。,2
8815,【位置】永顺染坊在古北水镇东部，距离古北水镇大门口与游客服务中只有五百米的距离。周围有司马小烧酒坊等景点，有永顺客栈等住宿场所。占地面积约800平方米。【门票】不用门票，门票包括在古北水镇门票里面。,1
8816,古北水镇距离北京市区还是比较远的，所以最好的方式就是自驾或者抱一个一日游，和几个朋友商量了一下，几个人一起报的一日游还便宜点，总体一天下来个人觉得比较值。首先在车上导游给我们介绍了古北水镇的大概情况，虽然村子是后来全部翻新维修的但确实以前就存在，水镇旁边还有个长城可以一并游玩，长城可以坐缆车，晚上还可以赏夜景，不过我们几个考虑了下自己的体力觉得只玩古北就够了，事实证明也是如此。古北自己有一个APP，...,2
8817,来到古北水镇，看到眼前一片火红色的叶子就像燃烧的火苗🔥那样，串到镇上每个房的墙角和屋顶上，简直惊艳到我了。远看🍂爬墙虎就像假的那样，近看又是那么真实。,2
8818,第一次去古北水镇，是一个特别有特色的北方水镇，去了以后完全出乎意料，与南方的水镇有很大不同，沧桑的历史感中，带着一丝柔情，有种刚中带柔的韵味，而南方的水镇带来的是一如既往的柔情和细腻，北方的水镇却有着反差感，刚中带柔，才更显珍贵，具有魅力和吸引力啊。    关于交通:强烈推荐自驾过去，从北京市区过去大约一个半小时左右，如果坐地铁要各种换乘，很麻烦，开车到景区入口不远处有很大的停车场，停好车，要统一乘坐...,2
8819,古北水镇永顺染坊位于古北水镇作坊街的中部，检票进水镇后沿河的北岸水镇的作坊街步行大概15分钟过司马小烧，在路的左侧，一个高高的牌坊进去就是，很方便找到。“永顺染，草木色，手工缬，天然彩”——摘自百度百科。这里的纯手工染布工艺很不错的。在这里可以观到赏原汁原味的生态印染织品。购买了水镇的游览票（150元）后，进入水镇的景点无需再购票。永顺染坊明清时代的建筑风格，院落比较大，分为几个部分，染房、染料工艺流...,2
8820,北京的小伙伴们还在苦于疫情期间无处去浪吗？这里小步姑娘给大家推荐长城脚下的江南小镇：古北水镇，一个周末，既爬长城，又去江南，酷毙了吧！,2
8821,【地利位置】古北水镇位于北京市密云区古北口镇，距离北京市区约150公里。此处正是北京市与河北省的交界处，继续往北走就是河北省承德市滦平县。因为这独特的地理位置，古北水镇也算是一个兵家重地。,1
8822,望京楼酒店高端大气，离司马台长城很近，酒店位置依山傍水，幽静远离喧嚣。而且景区里行李可以免费托运，从景区门口到酒店不用再拖着行李找酒店。可以一边沿途欣赏美景一边品尝美食，等到酒店行李也就送过来了，十分贴心。也可以坐电瓶车直接到酒店，还可以坐游览船一边欣赏一边游览。司马台长城是明代开始修建，号称以峻、险而闻名。建议带老人小孩的朋友买往返缆车可以省去不少事。现在8楼烽火台检修，只能爬到7楼烽火台。因为游...,2
8823,北古水镇坐落于密云县，距离首都北京不算远，车程顺畅一个半小时即可到达。,1
8824,司马台长城脚下，隐藏着一片古老而美丽的村落。这些村落仿佛被时光遗忘，保留着丰富的传统民俗文化。在这里，你可以感受到浓厚的历史底蕴和独特的民族风情。,2
8825,司马台长城：中国古代军事防御体系的典范🔥,2
8826,司马台长城：不仅仅是墙，更是传奇！🏰,2
8827,♨️京郊泡汤攻略｜古北水镇冬季泡汤,2
8828,徒步爱好者的天堂：穿越司马台长城 🌄,2
8829,有落叶飘落在裙摆间的金秋时节，山水之间气候格外舒适宜人。而中秋佳节，月朗星稀的好地方自然是京郊夜景超美的胜地——古北水镇了~~可以泛舟赏月、也可夜游长城，更有夜晚的温泉美食和古色古香的民宿，中秋小长假，就来这里举家团圆游玩吧~鸟瞰古北水镇夜景,2
8830,司马台长城坐落于古北水镇之内。占据古镇的一个角落。可以买套票由古镇进入。冬天的司马台长城显得更加的雄伟和肃穆，下过雪之后，薄雪覆盖了附近的山丘，古老的城墙沿着山脊绵延起伏，长城和雪景的映衬下，天色都显得更加庄严大气。,2
8831,秋日的古北水镇美得让人惊艳。密云的古北水镇是仿江南的乌镇而建，但感觉比秋日的江南乌镇，更加色彩斑斓。古北水镇依山傍水，不仅有江南小桥流水，而因背靠长城，比江南乌镇更具特色。来此的游人不少，要排长队过安检才能进去。水镇里可拍的景多了去了，您得长枪短炮可得准备好了，可以说是一步一景，景景皆可入画。曲折的小巷，红叶点缀其间，仿古的路灯，想象着窗里的小家碧玉，该是何等的明艳可人。司马小烧，造酒的作坊，是水...,2
8832,不知道为什么古北水镇好像是一夜间火起来的呢。周围的同事也都在讨论。它是司马台长城脚下人工修建的一个新的旅游景点。从景观不难看出，设计者确实下了一番功夫，模仿了江南水镇古朴的风格。如果是自己坐公交车的话估计得两个多小时才能从市区到达，东直门有980到密云再在当地换乘到司马台的车辆。如果是开车的话一路走京承就到了。建议平日有空去，周末和节假日的话。。。鉴于这么火，人肯定不会少。而且住宿的价格也上来了。另...,2
8833,司马台长城入口在古北水镇景区内，要想爬长城必须先买古北水镇的门票进入古北水镇，达到司马台长城入口处再购买长城门票，长城门票40元。可以只游览古北水镇，不爬长城，但是目前不能只爬长城而不买古北水镇的门票，想要爬长城的朋友一定要注意这点。司马台长城基本保留了明代长城的原貌，这是它最大的特点，所以登司马台长城的感觉和其他长城也是不一样的，因为保留了原貌，所以无论是平路还是台阶都比较险。目前司马台长城对游客...,0
8834,非常棒的一次旅行，在京都这么喧嚣繁华的都市居然还有这么静谧文艺的小镇，真的是太棒了。古北水镇很漂亮，给人一种江南水乡的感觉，说她是北方乌镇，实在是再贴切不过了。古北水镇是新开发的旅游景点，14年十月份对游客开放，所以算是一个商业化还没有很严重的旅游景点，也不会像八达岭长城一样人山人海，我是端午节的时候去的，一般法定节假日旅游景点人都比较多，但是古北水镇就还好，如果你想达到拍每张照片都没有路人入镜的话...,2
8835,去的时候刚好是圣诞节，碰上了牛排馆的圣诞大餐，因为计划中的另外一家西餐厅被包场了，只好就近选择了箭楼牛排馆。,1
8836,司马台长城和去年秋天去爬的，也是看了海岩的永不瞑目以后下决心去的。司马台长城1987年被列入世界遗产名录，是我国唯一保留明代原貌的古建筑遗址。登长城不是一件好玩的事，不然为啥说不到长城非好汉呢。登上一个个烽火台，景色各有不同。有时候真是看不见前面，看不见后面。当登到第四个烽火台的时候，眺望远处，山那边青黄相间的草木一起一伏，几处羊群涌动，平添几许诗情画意，使人联想起“风吹草低见牛羊”的诗句。司马台长城...,2
8837,司马台长城是古北口长城的一段，不同于八达岭和居庸关长城，司马台长城经历更多的战争，所以很多地方都有损坏，有些地方也比较破败。但是这样却更加有一番景色，让游客感受到当年古长城的硝烟四起。,2
8838,从日月岛广场到古北水镇上的任何一个地方都不太远，因为日月岛广场位于水镇正中心，可谓四通八达。广场旁边的日月岛码头，每天也非常热闹，从水镇入口处坐游船，全程票就是到司马台那边，半程票就是到日月岛码头。,2
8839,山顶教堂是我们最后玩的一个地方，因为地理位置比较高，方便我们晚上看夜景，爬上去的时候是下午7点天还特别亮，我们用教堂外面的望远镜可以把司马台长城看得特别清楚，山顶教堂的另一个出口就可以将整个古北水镇拍的非常全～是个拍全景的好地方这个大概是下午7点50分，天还没有完全黑但是已经亮灯了这个大概是8点10分左右的古北水镇夜景了～期待的就是这一刻山顶教堂的夜景只能用美来形容古城夜景我们从山顶教堂下来，一路走过白...,2
8840,古北水镇之所以这么叫，它的含义真可以把名字分开来看。,1
8841,古北水镇一家比较有特色的店铺，店里售卖各种各样的风筝，来这里的客人也可以选择亲手做一只风筝。,2
8842,吼吼吼，又是新的一天啦啦啦啦！,2
8843,司马台长城门票40元/人（单游需预约），有学生证可以半价。喜欢徒步，喜欢户外，喜欢探险的朋友非常推荐来这里。老话说不到长城非好汉!司马台长城城墙依险峻山势而筑，并以奇、特、险著称于世。其壮观场面一定不虚此行，况且门票价格不高。这边又不会像八达岭长城人挤人。快来征服它吧!小贴士：1、售票处距离长城脚下约2.5公里，路程较远，当时我们同事几人是走过去的，在前往司马台长城的路上就会有高高低低的台阶，一定要穿舒适...,2
8844,夜景很漂亮 看一座桥  白天和夜晚的图 很漂亮 这是一座倚靠古北长城建立起来的小城镇 什么都有 设施都很挺齐全 可能是冬天 去的人不多  但是我们一大部队浩浩荡荡的一起玩耍 还是很好玩的 还有个小池子泡温泉 舒服 去的话还是建议坐大巴去 自行开车的话应该也很好找 跟着路标走就行 没有爬长城很遗憾 需要提前一天在网站上预约 要爬的童鞋要注意哈,2
8845,北京的有名的长城很多，风格也不尽雷同，在国内名气最大的当属八达岭、慕田峪、居庸关，但在国外的资深旅游者口碑中，最著名的是司马台、金山岭、箭扣和黄花城水长城。这个可能是中国旅游者和外国人的区别，中国人更愿意看到修复好的，而外国人则更愿意看原汁原味的风貌。,1
8846,古北水镇，一年之内在北京旅游市场风生水起，名声大噪。如果你要是说没听说过，你都不好意思说你喜欢旅游。北京的公交车身、地铁灯箱到处都是古北水镇的广告，一夜之间似乎北京所有的老头老太太都去过了的架势。,2
8847,【交通】古北水镇位于密云县古北口镇，距离北京市约140公里，如果坐公交可以在望京西乘坐970快车在密云西大桥站下车，换乘密51路在司马台村下车，走几十米就到了，但是坐公交的时间太长（5个小时以上），除非住在密云附近，一般是不会选择公交前往的；自驾其实是最方便的，全程基本上都是在京承高速上行驶，如果不堵车，大约一个半小时就可以达到，高速费60元；如果自己没有车，最好的办法就是报旅行团，跟车前往。古北水镇有5个大...,1
8848,导游老张真的超级棒，事事安排的明明白白，人美，直爽，说的很实在，晚上再给接出来，32个赞👍🏻，没有什么多余消费，玩的很好，很奈斯,2
8849,水镇很美，真有小桥流水人家之美！就是有人太多，有点破坏整体意境美。晚上的古镇灯光点点，九点之后，游人减少，氛围越来越好！音乐瀑布是一定要看的，灯光水色给人震撼！,2
8850,非常不错的景点，去过乌镇再来水镇，会发现北方的水镇别有一番风格。不同于南方的细腻柔情，小桥流水。北方更增添了大气山河，还有长城之最，不过，商业气息和乌镇一样浓厚😂😂,2
8851,司马台长城美 古北水镇更美,2
8852,包车玩不累，一天还能多看几个景点，节省了时间，王师傅很好，一路耐心的讲解介绍，有问必答，还推荐当地人吃的小吃，非常地道，还不贵，流连忘返，老板非常爽快，还给升级的奔驰，哇塞真是大大的惊喜，必须给点赞，必须推荐，放心购买，不用犹豫，客服小姐姐那是相当给力，没有跑冤枉路，好评！,2
8853,对比了几个平台，只有去哪网的优惠比较便宜省钱~,2
8854,性价比真的好高。小镇比想象中好很多。导游小闫也很好，看我们带着小孩子，给定的酒店离儿童乐玩馆和集合的大门口都很近。比想象中好很多。,2
8855,服务态度不错，尽职尽责又尽心，本次旅途很顺利，表示感谢。,2
8856,嗯，很漂亮的古镇，没想到北京还有这么好的古镇，可以媲美乌镇！,2
8857,景色宜人，水舞秀很震撼，乌篷船摇摇晃晃挺悠闲等等游玩的很不错，大人小孩在景区都吃的饱饱的！感谢帅导一路介绍，热情亲切的回答游客的每一个问题！,2
8858,宋导很热情，服务很到位，五星好评,2
8859,郭佳导游细致认真，热情大方，之前碰到过服务态度差的导游，形成鲜明对比，五星好评,2
8860,这次旅行很愉快，王导的服务热情，周到，非常为游客们考虑，告诉我们游客各种合适的游玩项目，推荐！！,2
8861,一直想来长城玩，这次终于有时间过来了。对比了好几个，还是选择了这家。事实证明我选对了。司机态度很好，也非常准时。我跟朋友都很满意啊！,2
8862,清明古北踏青赏雪 很棒的一场佳景 很值的一次游玩 很负责的一位董导 有机会一定会再来一次,2
8863,公司团建来到古北水镇，真的不虚此行,2
8864,王學紅導遊人負責，講解調理分明，古北小鎮景區風景優美，現在旅遊正是時候，司馬長城景色迷人，人潮不多，容易拍照。,2
8865,很早就听说过古北水镇了，第一次带娃来玩，春节期间挺热闹的，就是天有些冷。下次来一定要敢在天气好的时候！,2
8866,有点遗憾，天黑太晚，还是很美~,2
8867,翟导很不错，第一次来古北水镇，超好看，下次还准备来看孔明灯，今天逛吃逛吃，放空了一下午加一晚上，开心😄,2
8868,首先，必须说一下导游服务很好，讲解简单明了，有问必答。行程安排很合理，避开了上下班高峰又看到了必看的特色夜景。适合带着老人孩子去，爬了长城逛了小镇吃了小吃看了夜景，不会觉得无聊，体力也可以支撑。找导游买日游长城的索道还有优惠价。我觉得最大的特点就是近看南方水乡远处又有长城。已经约好姐妹，下次来北京一起去住一晚。非常推荐，,2
8869,闫导人好棒，服务态度好，景色很美，全程开心！,2
8870,玩得很开心，导游董伟很靠谱，没有购物消费推荐，纯玩的，这个时候游客还没有大批量来，古北水镇真的名不虚传，白天建筑美，晚上灯光美，处处都是景，特色五午餐也很美味，下次带家人再一起来,2
8871,五一去，要提前。环境优美，人一多，就让把小狗寄存上，免费寄存。服务真心不错，当时团就能进入景区，非常方便。古北水镇里有美食街，又有购物的，真是带全家度假的好地方。如果有时间，住上一天，可以看看晚上的景色，更是个不错的选择，一次超棒的旅游。,2
8872,第二次来古北水镇，这次旅行很满意，暖阳，微风很适宜旅游，景区人不多，导游小姐姐之前科普了许多重点，很给力…该逛的该看的都走了一番，这次还遇到长城庙会也是之前所没有的，凑了凑热闹，水舞演出出乎意料的好看，火与水的结合，搭配上高大上的投影技术，必须好评！！景区的环境服务也是没的说，值得来玩一次的地方…,2
8873,表扬导游老张，我们坐错车导致耽误行程，导游耐心指导路线等我们上车。介绍的也很全面，还是两天的行程比较宽松，古北水镇和夜游长城时间刚刚好，总之不错的体验，会继续关注团游，再次表扬老张，旅行社要多给她排班哦哈哈😄😄😄,2
8874,非常不错的旅行，晚上灯光漂亮，游玩的人真的太多了！小吃也要排队买！,2
8875,非常完美的一日游，导游很细心，每个需要注意的方面都讲得很彻底，希望下次还能遇到他！,2
8876,很值得一看的地方，虽然是仿江南古镇的建筑，但设计的很用心，非常精致，每一处都有意外的景色！！值得仔细的观赏和品味！！！,2
8877,非常不错的体验，和朋友玩的很尽兴,2
8878,玩的很开心，很喜欢小镇，走走停停，热了就找一家带空调的坐下来吃点喝点！翟导游非常认真负责，说话风趣幽默，很有耐心，也没有强制消费，一切自愿，很满意！期待下回还是翟导游带团！,2
8879,秋日游古北水镇+司马台长城出乎意料的好。选个非假日，白天登长城，站在明朝的砖石上，尽览秋色。夜幕低垂，灯光竞起，小镇变身游乐场。听听戏，看看秀，等无人机拼成的孔明灯落在长城上，踏上归程。下次会来过夜，希望还能碰这么nice又有分寸感的导游，感谢。,2
8880,身在云南的我多少年没见那么厚的雪了…激动😬😬很高兴这次出差有那么多的时间去玩…导游小姐姐特别好，很耐心的再教注意事项，第一次滑雪🎿，下次出差一定再来😘很棒,2
8881,水镇并不大，两个小时就能玩完，冬季淡季有点萧条，晚上开灯以后还比较好看。,2
8882,导游不错 很热心 帮着忙前忙后 中午吃的火锅 也很好吃 水镇景色也不错 特别推荐音乐喷泉 强烈推荐 特别震撼,2
8883,这次的一日游非常划算，游玩时间很长，环境很好。尤帅导游也非常负责任，讲解很清楚，进景区出景区的路线也说明的很详细。👍,2
8884,除了白天人太多，晚上是又美人又少,2
8885,古北水镇，山美水美景美，主要是遇到我们的老张导游更是锦上添花！为人热情，服务周到，讲解详细，来水镇就要找老张绝对没错！,2
8886,北方唯一水镇，司马夜景登高！有机会还要再去一次。,2
8887,人好，景好，心情好，很完美的一日游，特别是导游小锅，讲解清晰，处处为游客考虑，让我们把古北水镇的美食美景一览无余。强烈推荐。,2
8888,服务很好，简单明了，时间，路线消费都明确提示，时间准时，很满意。景区太迷人，没呆够呀，孩子很高兴,2
8889,很好的景点  古镇上小桥流水  风格大爱,2
8890,整个旅程非常舒心，层林尽染，流水潺潺，到处都是如诗如画的风景，一路有许多小孩子喜欢的美食、作坊，特别适合亲子游，特别感谢导游宋宋，漂亮热情幽默，讲得非常详细。推荐摇撸船、夜游长城以及图上的美食，古北之光酒店早餐非常不错，秋季来真是特别明智的一个选择。,2
8891,由于遇到节假日大堵车，一日游分开两日游了，体验了不一样的旅途，不一样的风景，特别好，郭导和王导人很好，很热情，遇到问题及时解决了，赞赞赞，以后有机会还去古北水镇,2
8892,不错的地方，非常喜欢，下次带家人可以再去,2
8893,北京古北水镇有着近千年的历史，《密云县志》上描述古北口“京师北控边塞，顺天所属以松亭、古北口、居庸三关为总要，而古北为尤冲”。,1
8894,去的路上导游讲得很详细，给出了大概的玩法和注意事项；订的一日游，时间感觉比较紧，玩的时间大概是下午1点到7点半；先去的长城，爬个来回花费的时间挺多的，大概5点多点吧；之后就在镖局，各种商店，水镇食街，表演什么的，这些倒是没有细看，有些是一看而过，这点挺遗憾的。,1
8895,行程安排非常棒 客栈主动升级到了 五星酒店 意外的惊喜呦 导游宋宋 非常不错 很热情 考虑周到 水镇的风景一级棒！,2
8896,没有在里面欣赏夜景是个遗憾，建议想去的朋友提前定古镇里的酒店或客栈,1
8897,完美的行程 晚上八点无人机孔明灯表演 看完就感觉来的值了 可惜带着两位宝宝 好多地方没有逛 错过了音乐**泉??走累了泡了泡足浴温泉??疲劳瞬间消失 啤酒小院喝两杯??欣赏着小桥流水 真是美赞了 下次不带娃儿 好好在逛一逛,2
8898,"最向往的地方,太美了,尤其晚上的小镇,安详宁静。客栈环境也十分好。一路上王丛丛导游也特别棒,几乎问到都是秒回信息,人美歌甜,还没对象…😏",2
8899,古北水镇还是很值得一去的，人不是很多了，行程很轻松，是一个休闲度假的好地方！,2
8900,很棒，导游老张也很负责，在车上就把所有的注意事项跟我们说了，不至于两眼抹黑,2
8901,尤导细心负责讲解细致非常Nice,2
8902,吃的还不错，就是旅游期间人太多了，太恐怖了,0
8903,宝贝导游，非常好，能说会道，还赛潘安，真的很值得跟的一日游，一路上长了很多知识，下次带爸妈来北京还指名跟小宝导游的团。非常感谢！很好！,2
8904,哇，真的超级开心，人很热心也很专业，这里景色很美，超喜欢这里，下次还要来！！！,2
8905,翟导讲解非常仔细，很不错！,2
8906,性价比高， 体验很棒， 服务很好,2
8907,景色不错哈哈非常不错啊！！！,2
8908,水镇很漂亮，去看了夜景，坐船体验了江南风光，音乐喷泉超赞！！,2
8909,谢谢尤其帅尤导，辛苦您了。点个赞👍 古北美中的低调，每一年四季的景色很不同，期待下次旅程,2
8910,语言风趣幽默，很周到的服务，,2
8911,取票方便，60亿打造的水镇，夜色迷人，处处是景。,2
8912,庙会的内容和形式绝对和市内庙会不一样，摆脱投篮、套圈、炸串儿的老三套，很有自己的特色。另外，古北水镇的夜景很漂亮，司马台长城上的灯在夜空下简直就像是一条蜿蜒的龙～总之体验可以说非常好了！,2
8913,旅行社服务：导游绳师傅很负责任，出行前一天联系确认出行时间及地点，半夜还帮忙解答出行相关的问题，很负责了；这是我第一次在旅行社报名参加一日游，整体感受都很好，很方便，在前往目的地的车上会提前帮忙做规划，价格也优惠，很不错,2
8914,金秋的北京之北，长城最高处，河山大好，心旷神怡。,2
8915,龙行天下导演杨娇，五星好评。建议大家选择至少两天游玩，不留遗憾。,2
8916,郭导人很好，我们因为地铁故障迟到了一会儿，还耽误大家多等了我们一会儿，一路上郭导给我们讲解了很多，好吃的好玩的，水镇很美，现在淡季旅游人少，还是挺好的，不用拥挤和排队，就是有点儿冷，夜景和音乐喷泉很漂亮，值得观看,2
8917,很美很好节奏慢慢的 慢慢玩,2
8918,值得一玩的地方 非常大 红叶非常美 夜景也好看 吃的排队人很多 没爬长城都感觉时间挺紧凑的 喷泉表演没有日月广场的表演好看,2
8919,推荐几个喜欢的景出必计,2
8920,套餐只含古镇的门票，剩下的算是车费，相对来说不是很划算，司马台长城的门票是另外买的，不过导游小姐姐小谢人美话多，开朗风趣还是很棒的，也非常的敬业，推荐了各个景点该怎么玩，算是非常靠谱了，赞一个,2
8921,北京帝都国旅服务好，真的选对了，在去哪儿网上挑了很多很多家，一看详情和评价，都挺好，这也是一次很完美的旅程，谢谢商家，谢谢司机师傅，有朋友来北京玩，跟我差不多不识路的，我推荐给你家。,2
8922,360°感受古镇。团安排的非常合理，进去之后，可以不出景区，尽情的玩耍。导游小燕不错哦,2
8923,古北水镇在司马台长城脚下，时间充裕的话一定要住在里面的客栈体验一下夜晚及清晨的古镇，客栈价位基本一致，里面的小吃都特别好吃，并且在景区这个价位是便宜的！古北水镇仿了江南乌镇的景观，虽没有江南古镇的柔美，但却是北京度假的好去处！遛完古镇，还可以在八旗会馆前的龙凤温泉池泡泡脚，好舒服！特别要赞的是卫生间，景区内的卫生间都非常的干净舒适！累了还可以坐下休息！,2
8924,很方便，很便捷，再也不用去长长的排队购票了，而且还优惠了些，太喜欢了，以后出去，就用这个了！哈哈,2
8925,很不错 就是人好多啊 无需取票 一刷即可方便,2
8926,服务好，方便，尤导特别棒～,2
8927,夏导很棒！玩的很开心！值得推荐！,2
8928,景色不错，直接扫码就可以进入，很方便,2
8929,黄师傅的开车技术实在稳. 姐姐有时会晕车. 她说今天坐一天都没感觉. 还有就是黄师傅真的很热情，很敬业和我们介绍了好多好玩的. 怕我们跑空，还特地去问了公司，可以不可以进去看升国旗. 一路上还和我们说景点历史. 回来的途中好让小朋友去路边果园摘了些桃子. 小朋友开心了. 全程五星级，以后有朋友来北京玩，一定推荐黄师傅.,2
8930,还不错 好山好水好风景  就是有点贵推荐去司马台长城和山顶教堂！！山顶教堂还可以观景～赏夜景！,2
8931,這個水鎮在朋友圈裡的口碑不太好，朋友覺得沒什麼意思。我覺得隨便轉一轉可以，不要期望太高，也不要跟南方的水鎮做比較，因為這個水鎮太新了，而且經營模式跟烏鎮太像了，所以要是去過南方水鎮肯定會對這裡失望的，而且門票價格真的很高，150塊，提前網上買也不優惠。不過水鎮裡的燒肉館不錯，也算是給我們少許驚喜了。這裡的名氣已經有了，所以估計人會越來越多，因為北京有水有景的地方還是少。另，這裡的衛生間真豪華！要是再...,1
8932,以门票的价格来说不会再来第二次了。偏贵。地方很小。步行也就一个小时。内里的住宿很贵。推荐住在周边的农家院比较有性价比。镇里的商品各异。有些很划算。有些小手工就因人而异了。有几家高消费的饭店。味道也是差强人意。,2
8933,夏天就是青山绿水嘛，觉得不好的或者bug一般的就是夏天日落晚嘛，夜游长城上去了还没等到日落就得往回走了，一日游显得很无解。除此都挺好的，因为景区限制外部讲解，导游在大巴上的讲解一定要听好，玩起来完全自由，小吃嘛就当零食吧，基本上在一般水准附近。秋天打算再来一次，争取住一晚，可以住在景区里，夜景夜游就当留个念想了。,2
8934,李师傅人特别好，很准时，很热情，带着老人没有累到，包车适合带着老人孩子出行很方便，推荐购买,2
8935,进园方便快捷，不用排队等候，环境很好，值得一去,2
8936,司马台长城上的野生动植物探秘 🌳🌲,1
8937,累并快乐着。 夜景没得说,2
8938,记得！如果冷，可以泡着温泉看长城。,2
8939,秋天是水镇最美的时节，色彩缤纷，绿的，黄的，还有最惹眼的红色，红色的爬山虎爬满了墙，给水镇增添了无限的生机。夜景很美，古老的长城在夜色中蜿蜒，小镇的灯光星星点点，游走中无意间进入永顺染坊，中国古老的印染技术让人赞叹不已。山里的夜晚格外冷，一定要注意保暖！司马台长城可以从水镇景区进入，也可以单独买票进入，步行需要1.3公里到达长城入口，乘坐缆车可以到达四五台之间，然后继续攀登。我们这次还像往常一样住在...,2
8940,这次玩的很开心，尤帅导游人如其名，尤其帅，哈哈。这个一日游不用早起，行程紧凑但是不紧张。到古北水镇里面自己吃自己逛，很自在，哈哈,2
8941,风景好美，风很柔，白红导游给点赞！赠送的杜莎夫人蜡像馆票是真的，一个人有点伤……,2
8942,本次出行很happy，导游的时间管理非常合理，在给我们取门票的同时，告诉我们哪块儿的排队人数是少一些的；在给我们安排午饭的同时，又提前规划好人数，安排座次；在我相机没电求助帮忙的时候，他又不嫌麻烦的给我送电池，真的是很贴心了… 午饭很可口，每一份菜品都很符合北方人的口味； 游玩时间很充足，吃完饭后都是自己自由安排时间，所以一天的时间足够了。 最后一点，全程没有任何隐形消费,2
8943,还不错，就是5.1人超级多，都卡在出口收停车费，建议停车就收取，就不用堵到想哭,0
8944,景色真的不错，景区设计的很漂亮，而且非常干净，庭台楼阁都古色古香，在结叶的陪衬下更美丽了，弯弯曲曲的流水让景区有了浓郁的水乡味道，里面还有很多民俗文化，商品展示，很棒的。更有远处雄伟的司马台长城做背景，美极了！！！,2
8945,自从跑男，这算是彻底火了，基础设施日益健全，非常不错,2
8946,景区的停车场很拥堵，入口不好找，景区在进停车场以后应该注明入口的位置，不然的话，在停车场里耽误的时间会很多，希望有所改进！镇子是仿乌镇的，有点儿江南水乡的意思，不出京的情况下就能一览这样的景色，如果对它要求和真正的南方水镇一样那就是求全责备了～,0
8947,第二次来水古北，感受很好，导游老张好，我的心情好，天气也好，和男朋友这次来，在月老祠，还求到了上上签，一切都是那么美，那么甜。^_^🥰,2
8948,很棒，不用排队！！很有自己的特色。另外，古北水镇的夜景很漂亮，司马台长城上的灯在夜空下简直就像是一条蜿蜒的龙～总之体验可以说非常好了！,2
8949,非常愉快的旅行，虽然有点累，但是值得一来，景色美，导游宋宋安排合理，不仅人长的漂亮，还有耐心，喜欢！！,2
8950,和家人一起玩得很尽兴～～端午小长假第二天去的，人还是蛮多的。在小吃街买东东都要排好长的队。风景不错，刷码入园方便。,2
8951,淡季 地广人稀 还是不错的去处 不过吃饭费劲 还很贵 建议提前准备,1
8952,古北水镇倒是挺美的 一日游也是很完美的收工！感谢张导,2
8953,水镇是仿古建筑群，商业气息浓厚，反倒是稍加修缮的司马台长城，保留着比较原式的风貌。水镇和长城的夜景确实漂亮，有人如织。古镇里最多的是各式各样的民宿酒店，住宿环境相当优雅。餐馆不多，丰俭由人，价格小贵。小吃比较匮乏：桥头糕萝卜丝饼购买需排长队，但每人限购两个，古北烤梨15元一个，赠送一个瓷缸，剩下的诸如果饮馄饨撸串烤红薯糖葫芦什么的，没必要非要在那种地方吃，可以考虑自备午饭晚餐。特别说明，从东直门到古...,2
8954,和朋友一起去的滑雪场，滑雪场特别好，雪很厚实也很干净，风景优美，远远的还可以看到长城。滑雪器俱齐全，滑道有专门的教练辅助。教练教的特别细心，耐心也很好。天气虽然冷，但是我和朋友玩的非常开心。,2
8955,非常棒，一路上张导讲解风趣幽默，讲解一些注意事项啥的，非常实用，张导人很好。古北水镇的夜晚景色很美，有机会再来逛逛,2
8956,行程安排挺好，充足的时间玩耍。,2
8957,古北水镇，不虚此行。景美，人也美呢。非常感谢宋宋导游的讲解和热情服务。下次公司团建希望能让宋宋导游带我们玩。,2
8958,快速入园，人太多了，还下雨。最远走到长城索道脚下,1
8959,永顺染坊绝对是古北水镇非常有特色的区域～,2
8960,超级大的水镇，可能近些年刚刚开发好，有山有水还有别具一格的建筑，商业化气息比起乌镇和凤凰要好很多。值得夸奖的是，景区厕所不管你走到哪里就近都有，环境优雅，一点儿异味都没有！,2
8961,这个季节的古北水镇美的让人心醉～,2
8962,晚上去的，感觉特别好看，但是住宿需要提前预定，要不找住的地方很头疼。,2
8963,院子里挂了很多染布，小屋里有专人介绍，还可以自己diy,2
8964,住了一晚 第二天有点小雨 窗外望去别有一番风味吃了个饭 打道回府 话说这个豆腐真心好吃 看着油吃起来不油,2
8965,古北水镇景区就在密云，离北京近，自驾去的人还真不少，风景秀丽，值得去～一般头天中午到达，午饭后去逛水镇，第二天去爬司马台长城，是不错的选择。,2
8966,这就是一个微缩的凤凰古城，凤凰古城门票多少钱？80。古北水镇也就相当于凤凰古城的十分之一，门票多少钱？140。我敢说这是我二十多年去过最最最差的旅游景点。,0
8967,(魅力四射)古水北镇里的震远镖局(魅力四射),2
8968,沿着步道，是各种北方味道的石头老房。满墙壁的爬山虎，随风摇曳，是初夏的味道。,2
8969,古北水镇是北方罕见的“长城+古镇”混合的风景区。,2
8970,"司马台长城位于北京市密云区北部的古北口镇司马台村北，紧邻古北水镇，司马台长城的城墙依险峻山势而筑，并以奇、特、险著称于世。司马台水库将该长城分为东西两段。东段有美人楼16座，西段有英雄骨灰楼18座。中国著名古建筑学家罗哲文曾评价“中国长城是世界之最,司马台长城堪称中国长城之最。”",1
8971,走到汤河古寨游览区，差不多就快到了古北水镇的尽头。这个区域有很多的特色食馆，例如烧肉馆、螺蛳粉、羊汤馆等。古北水镇最有名的望京街就在这里，晚上可以在望京街上的望京楼广场观看著名的灯光水舞秀。从望京街可以直接走到汤河古寨的城楼上，登高望远天空、远山、屋舍尽收眼底。城楼下则是一个特色小餐馆《深夜食堂》，但是要想在里面用餐，真是要等到晚上9点才开门营业直到凌晨4点钟。,1
8972,山顶教堂是俯览小镇的绝佳位置，虽然登上去要费些力气，但是看到山顶的景色会让你觉得很值得，从山顶教堂可以看到远处的圆通塔、司马台长城以及水街历史风情区的全貌。都说山顶教堂是欣赏水镇夜景的绝佳地点，感觉白天来的话景色也很不错，山顶有望远镜可以免费使用。白天到山顶教堂的人不是很多，教堂内部可以免费进入，累了可以在里面休息一会。,2
8973,无论是作坊街还是汤市街最后都会汇集到日月岛广场，广场上有一些售卖手工艺品的小摊位，有草编、糖画、字画之类的，最显眼的就是正对广场的戏楼，这里一天会有很多场的演出，曲目也不同，需要注意的是想要观看戏曲，一定要注意表演时间，免得错过。另外，晚上这里会有舞狮表演，也非常的精彩。表演结束后，还可以和演员合影留念。从日月岛广场可以看到远处的司马台长城，长城修建在悬崖峭壁上，非常的震撼，长城是世界之最，司马台...,2
8974,今天是在古北水镇的最后半日。在酒店游泳🏊，收拾行囊，退房后。坐摆渡车到司马小烧酒坊买了两瓶烧酒。回家了。一路到天津3个小时到家了。希望能有人喜欢我的游记，能给你们一些参考。,1
8975,北京密云·古北水镇（司马台长城）国际旅游度假区，简称：古北水镇，由中青旅控股股份有限公司、乌镇旅游股份有限公司、北京能源投资（集团）有限公司和战略投资者共同投资建设。,1
8976,因为贝壳儿饿了，所以一路上啥也没看，径直的就来到了爱拉一直心心念念的烧肉馆。这里是专门吃密云烧肉的地方。果然没来错，密云烧肉好吃思密达~爱拉推荐的第一道大菜，也是最好吃的，就是这个密云烧肉。肉肉炖的恰到好处，在蘸上酱加上生菜，爱拉一个人吃上两三个绝对没问题。大赞~,2
8977,餐后我们在泡温泉的路上顺道游览了永顺染坊,2
8978,现在是4月，绿意还不是很明显，水也不是活水，白天可能单调了些，夜景还是很美，可惜没有爬到山上去俯拍，如果白天去，如果有条件还是不要在节假日去，建议提前搭配好衣服去，还是有很多安静文艺的地方适合拍照。补充一条，吃饭的地方排巨长的队，可以选择自带一些食物，不然饿的没力气排了。,2
8979,出外旅游，有时有孩子在身边能增加很多乐趣，但如果孩子折腾，反而有些心烦意乱了，我的总结就是，一是让孩子最好有伴，二是要有权威的人能震慑住孩子各种奇形怪状的想法。,2
8980,古北水镇位于北京市密云区古北口镇，背靠中国最美、最险的司马台长城，坐拥鸳鸯湖水库，是京郊罕见的山水城结合的旅游度假景区。夜景堪称一绝，目前已成为北京夜游新地标。售票大厅找了好久的小吃街美食街这边都不收现金，烤肠和烤玉米很好吃，鱿鱼不新鲜…桥头糕，味道很好，一定要吃，限量的，每人仅限2份炒豆腐，没几块，15元，小贵，不过特别好吃火锅店门口摆的像是景泰蓝的涮锅，这要真是，简直太奢侈了教堂俯瞰水镇音乐喷泉...,2
8981,绸缎庄门口捏一张永顺染坊，里面可以体验扎染，但是我还是觉得房顶平台上的布条最有特点。风吹过染布的样子就是这一堆，还原了古代染坊的样子煮颜料的锅,2
8982,古北水镇是一处很适合度假休闲的地方。它的特色之一就是夜景，不论是站在水镇内最高处山顶教堂、还是在司马台长城上俯瞰，景色都十分出众。另外在中秋节水镇还会举办主题活动，不容错过~,2
8983,水镇里面颇有可玩的。水镇中间有个日月岛广场，很不错，每天不同时段都有各种戏曲表演；类似表演在八旗会馆，还有一个戏楼也有。在水镇里有很多民俗店和作坊，比如烧酒、酱菜、染坊、风筝店、灯笼店、镖局等等，里面都是免费参观的，还可以看工匠的工作过程，做得还是相当不错。 水镇里面还是非常大的，如果什么都不想，径自走的话，从最南端到最北端大约要走一个半小时的样子。如果要细细逛，一天功夫绝对是需要的。 如果在水镇住...,2
8984,古北水镇融入了江南水乡的特设，让北方的朋友可以不用出远门体验一把江南水乡风情还是不错的，司马台长城比较原汁原味，傍晚时分在长城上看落日洒下一片金色的光芒，拍照很美。最让人讨厌的地方就是工作人员的服务意识太差了，也许你们自认为在天子脚下觉得自己高人一等，其中入口处验票的一个小管理人员，我觉得你那样的行为，简直就是一个社会小混混，拉低了整个景区的档次，体验感极差！,2
8985,风景秀丽，环境不错，空气清新。,2
8986,好像是中青旅的项目，整体非常好，建议在古北大酒店住一晚，夜景非常漂亮。很适合亲子和拍照，有一个染布坊，拍照很有感觉。古镇里面的餐饮略贵，但可接受,2
8987,周末游的最佳选择，小镇的安静可以隔开世事纷扰，已经去了两次，很爱,2
8988,最不推荐的景点，理由如下 : 一是票价天价，半程船票80元，而且半岁的娃娃也是全价，甚至80岁以上的老人也全价；水镇门票80岁老人的也不免费，连半价都不打，作为从南方过来的无法理解。二是服务态度奇差，没有一点服务意识，买了日游长城与古北水镇的套票，因太阳太大，想改为夜游长城，并愿意补差价，打了景区服务热线、售票处电话与求助投诉电话，被粗暴地告知门票不退不换。,0
8989,对不起门票，非常对不起，免费还得考虑下,0
8990,"去过乌镇，听别人说古北水镇还行，试试看的角度去了！结果大失所望。全部后天建造，模仿乌镇也就达到了50""[%]，很小，两条街，2个小时可以走2圈",0
8991,真是不想说什么了，去了觉得一点儿意思没有！就是一个小规模的步行街，还什么都没有！,0
8992,坑人，北京周边最坑人的景点，忽悠了很多人去，管理混乱，态度蛮横，黑车黑司机到处都是,0
8993,只想说说怡静园农家院，吃得太差，与网上介绍的严重不符，老板不实在！离景点还远，大家要去要提前预定，但千万别选这家。我们是周六晚上夜游的，人多得让人窒息，无处停车，光找车位找了40分钟，进去后什么也没看见，只顾着脚下的路别绊倒，想租条船，排队的人似长城，没有两小时别想租上，无奈，走吧！基本人挤人，想看的景点跟本挤不进去，看个喷泉都要排上一小时的队才能观看！无语了！一次“难忘”的行程。,0
8994,没啥大意思，风景都是刻意的，房子没有建筑的美，没有水乡的意境，也就算是个人工景区，装修味儿大，酒店客栈都是新的，服务还行，就是装修味受不了,0
8995,司法长城收费非常不合理、入场票40元、进去之后坐缆车还要再收160元才能乘坐缆车、但是里面除了看长城以外根本没有其他景点、非常的昂贵、让人消费的经验留下非常差的印象。,0
8996,景色一般，都是商家建造的，谈不上古镇，就是条河，里面商家多，消费多！,0
8997,挺安心的一个团，现在疫情期间餐安排的很踏实，都是分开的锅，夜景挺美，行程自由，挺符合我的预期！,2
8998,风景很美，张导游讲解也很清晰，但是夜游长城有点可怕，路又陡又黑，恐高的就算了,2
8999,从出行到游玩都比较方便。也不匆忙，比较悠闲的全部逛完。,2
9000,项目非常齐全，能够满足一家人的需求了，遛娃好去处，体验非常好，价格公道，下次还会再来的.^◡^.,2
9001,窦导游非常给力！遇到问题帮我们全都协调好了！十一人多，但是玩的非常开心，赞赞赞赞赞~,2
9002,古北水镇值得来，景色秀丽，天热氧吧！司马台长城，中国长城之最！,2
9003,一天的游玩很开心，导游小陈非常好，安排合理，路上把古镇的游玩路线讲解的很清楚，特色小吃，网红食品都详细告知，尤其是晚上突然下雨☔️，陈导来回跑了好几趟接游客，给没带雨具的游客送伞，送雨衣，自己却淋湿了，真是非常的尽职尽责！有朋友来北京玩，会推荐小陈的，认真负责的导游！,2
9004,小陈导游的服务真的不错，安排井井有条，能悉心照顾到每个人，非常满意。就是一天时间有点紧张，下次带家人朋友来选择两天游，下次还是报小陈带的团。,2
9005,很不错的水镇，晚上表演也不错，和司马台长城连着，也很值得一爬,2
9006,第一次遇到一个景点可以免费用充电宝4小时的，这个很刚需，就是端午来玩儿感觉太热了，晚上还来了一波狂雨，整体游玩体验还可以,2
9007,这个景区不错，在北方难得一见江南水乡的风格，而且导游的服务态度特别好，很细心也很有耐心，就团餐来说也比较合胃口，红烧肉超赞的，还有导游推荐的烤梨，非常不错。有机会会再来,2
9008,游玩特别好的一次，导游小李人美心善，热情周到。在北方有这样的景区很不错。。,2
9009,挺好的，景色很美，饭也很好吃，尤其五花肉，特别好吃和说的一样，符合预期，下次会再来,2
9010,虽然是新修的古镇，但管理和项目安排，包括景区游乐性还是不错。,2
9011,非常值得推荐的一日游，不过全程很需要体力。午餐正常可以吃饱，饭量大的可以自行小吃街补充。夜游长城很美，只是夜晚游玩有风险，多做做攻略更好。我们从景区出来的时候迷路了，跑到大酒店去了，热心的导游发定位，打电话才回来。出门在外遇到认真负责的导游真心不错哦！,2
9012,古北水镇，值得一来，如果时间允许，可以在这里休闲住宿一晚，晚上夜游长城感受灯光带给长城的美 。白天可以欣赏长城的伟。水镇干净，最让人舒服的就是没有太多的商业气息，可以安静的在这里休养。最后感谢这次的，白富美，大长腿，白导。她的生动介绍让我们的这次行程合理化，趣味话化，生动化。,2
9013,水镇蛮美的，天气也很好。长城很险。,2
9014,服务周到，热情，很舒心。。,2
9015,陈导认真负责，专业细致，五一节假日省了很多事情，推荐大家来玩,2
9016,杜导带队 玩的非常开心 耐心负责 古北水镇还是不错的 就是假期人太多了 京郊娱乐的好地方,2
9017,杜导人很热心，夜晚水镇景色很美，今天很开心。,2
9018,郭导特别好，很开心的一次游玩，安排的很紧凑，值得一游！,2
9019,人少，基本都不用排队，导游，小张（跳跳），热情幽默，负责认真。不错的一次体验。下次还会再考虑。,2
9020,体验很好，陈导安排合理，讲解详细，古镇风景很好，愉快的一天。,2
9021,司马台长城是唯一一段保留明长城原貌的古长城，到了古北水镇这里也是必去的景点。保存有完整的20座敌楼，特别是海拔千米的陡峭峰顶的望京楼，可遥望北京，非常的震撼。此时的古北水镇是长城下的圣诞小镇，到处可见圣诞气氛的装饰。建议在水镇里住上二三天，游泳、健身，再泡个温泉，完美健康的度假生活。漫步于古香古色的水镇之中，下午选一个可晒太阳的咖啡馆小憩，推荐山顶教堂以及云端咖啡，都是热门打卡点，特别是云端咖啡的露...,2
9022,真的很美！一天的时间有些紧张，建议玩两天，可以好好的逛一下！夜景太漂亮了！杜导也很细心，漂亮的美女一枚！下次一定要住一晚玩两天，,2
9023,水镇景色美，司马台长城险而峻！,2
9024,古北水镇，北京有名。,2
9025,夜景很美，远远的看长城也别有一番风味,2
9026,总体超赞，体验很棒，非常满意，服务很好，,2
9027,非常满意，好久没有参加这种周边一日游了，这次参加出乎意料的满意！行程安排很好，导游很专业，没有任何的推销，团友素质也很好，没有任何的迟到，包括最没期望的团餐，也是性价比很高的小火锅，再说古北水镇，向我们这样休闲游的，就没有选择长城夜游，所以在古镇里拍拍走走六个小时，非常的惬意，总之，很满意的！,2
9028,不虚此行，特别要说下我们此趟的带团导游老张非常棒！敬业幽默风趣热情！旅途非常愉快！谢谢！,2
9029,点名夸赞王学红导游小姐姐٩(๑^o^๑)۶：小姐姐人也好看，声音好听。工作能力强，很专业，不会说多余的话，讲话简明扼要。热心帮助旅客解决各种奇奇怪怪旮旯拐角的问题niceee！旅途很愉快，自由活动时间长玩的很开心，期待下次还能跟王导,2
9030,每到夜幕降临的时候，水镇的气氛逐渐凝重起来，人们蜂拥而聚的地方都集中在喷泉广场周边，等待着电影的上映。影片是专为水镇拍摄的，非常值得关注。,2
9031,导游人不错，纯玩团，没有什么乱七八糟让你买东西的。里面的矿泉水3块，还是挺便宜的。去长城一定要早，晚上去就上不去了。建议小伙伴来这玩的话住一个晚上。单独一天太累，也不尽兴。,2
9032,古北水镇——长城下的星空小镇。 夜游小镇比白天来访更有意思。到了晚上7点，所有灯光点亮，音乐喷泉开启（注意要提前去排队哦），日月岛广场也有相声等表演活动。虽然是晚上，小镇依然人头攒动，好不热闹。品尝美食，累了到温泉泡个脚，回城时包个船，别有一番滋味。,2
9033,水镇里有很多家民宿和酒店：御瓜园客栈、英华客栈、永顺客栈、邻家客栈、青叶客栈、威廉埃德加精品酒店、望塔客栈、艺城客栈、伴山居、乌镇会精品酒店、十三妹女子主题温泉酒店、段家大院、古北之光温泉度假酒店，还有很多没有说…… 景点外也有客栈和酒店：水镇大酒店、纳兰客栈……  从2014年开始试营业到现在，票价已经涨到了140元/人，如果入住旗下的酒店、客栈可以享受优惠价：80元/人 人为的水镇，在建筑材料上一点儿都不含...,1
9034,@红蚂蚁，王导特别热情，和男朋友团的含餐一日游，午饭很美味，今天玩得特别开心,2
9035,王导亲切随和，专业能力强，超实在的推荐使我们玩得很尽兴。,2
9036,南有乌镇北有古北水镇，这里是周末比较好的选择。 如果不住在景区内，行李可以先寄存在景点游客服务中心内，还是比较方便的。有宠物寄养的地方，但环境着实一般…… 如果预算有限，还是建议住在景区内，这样游玩起来都会非常方便，不用考虑一日门票的出入次数。 这次没有夜游司马台长城，有点点遗憾，下次补齐～,2
9037,古北水镇景色优美，风景宜人，水镇非常有特色，早上人不多，出来逛逛，感受当地的民风和民俗，趣味性强，性价比超高的，令人心旷神怡。,2
9038,一次特别愉快的旅途，很幸运也很开心遇到王导～小红红，同是东北人，热情、周到，讲解的的特别细致，本来路上很困结果被讲解吸引的完全无睡意。时刻关心大家～希望大家抱团的时候也能遇到她哦！一家人超开心,2
9039,龙行天下郭导带团周到耐心,2
9040,夜游古北真的是不错的选择！这次举家出游，选择了和古北水镇一墙之隔的长城源著里的民宿，比大酒店和园内酒店便宜很多的价格，夜观长城的露台。美的不要不要的。,2
9041,春天的古北春暖花开，从踏上古北水镇的门口，仿佛一下穿越到了南方的小桥流水人家。鳞次栉比的房屋，青石板的老街，悠长的胡同，无不展现了北方民国时期的古镇风貌。,2
9042,古北水镇虽是一个人造水镇，但现在已经成为北京夜游的新地标，在这里可以登长城，游长城，品长城，望长城，景色优美，夜景也算是一绝，赞！,2
9043,完全没有江南水乡那种，天青色等烟雨，而我在等你，打着油纸伞走在古城里的感觉，全是北方的烈日炎炎，天干物燥，周围的山光秃秃，勉强两星吧。,0
9044,值得去，尤其是不同的季节。去了两次，这次赶上下雪，简直美到不行,2
9045,很美很棒，空气很清新湿润，温度凉爽,2
9046,利用假期带着爸妈一起出行的，享受了一下江南特色的休闲之旅，一路走走停停，到处是春意盎然的景色，晚上还能欣赏到无人机表演和水舞秀，很精彩,2
9047,翟导很热心，人很好！虽然下雨了，还是很愉快的旅行！长城上的风景特别棒，爬到了十楼，很累，但是很爽！！,2
9048,古北水镇的夜晚很美，夜晚的司马台长城就像一条火龙，围绕着守护着古镇,2
9049,老板人挺好，本来定的9座车，当天来的是豪华9座奔驰威霆而且是嘎嘎嘎新的免费给升级的，司机对路况和景区非常熟悉，门票游玩项目还有用餐呀都知道，帮我们省了不少钱，非常感谢必须推荐这么靠谱的商家,2
9050,古北水镇的夜景堪称一绝，夜色阑珊，在星空照耀下与古镇上建筑星星点点的灯光相互映衬，夜色中在古镇沿河漫步，静静的体会梦幻一般的景致，美不胜收。,2
9051,古北水镇，赞。。。。。。。。。,2
9052,拉洋片是父辈们小时候的娱乐方式，也是我们难得一见的新奇好玩的节目，现在对于这种展示仍然是怀着一种新奇的眼光看待，对历史。,2
9053,疫情期间人还是不少的，五一后三天去玩，天气很舒服，凉凉的，里面景色不错，一般走走停停的话四五个小时足够玩，建议下午去，连着看夜景。另外：里面消费还可以接受，不去买一些乱七八糟的就OK,2
9054,古北水镇度假区位于北京市密云县古北口镇，背靠中国最美、最险的司马台长城，坐拥鸳鸯湖水库，是京郊罕见的山水城结合的自然古村落。度假区总占地面积9平方公里，其中古北水镇景区拥有43万平方米精美的明清及民国风格的山地四合院建筑，包含2个五星级大酒店，6个小型精品酒店，400余间民宿、餐饮及商铺，10多个文化展示体验区及完善的配套服务设施。,1
9055,冀导 讲话利索 不啰嗦 办事也给力 辛苦了,2
9056,点赞， 行程安排的很好，玩的很不错，感谢冀导,2
9057,自驾游过来，住的农家院离古北水镇入口有点远，下午两点多过去的，那天还挺热，逛了一圈，特意到码头终点去坐船看夜景，夜景还是很漂亮的，建议如果有条件的话可以选择古北水镇里面的客栈，下午过来看夜景，吃饭的地方很多，可以在酒吧喝酒看夜景，很不错哦！,2
9058,古镇还是很好的，而且夜景真的很漂亮嗯，卖东西的也很多，而且都很完善，有机会一定要来看一看，景色很美，尤其是夜景定要看，哈哈,2
9059,夜游司马台长城~无人机的孔明灯表演在日月岛广场开始，当无人机带着小小的孔明灯飘上天空时，大家惊呼、祈福，还会表演无人机拼出各种图案，在夜空中变幻不同的形状~无人机表演~2019~,1
9060,在这个莺飞草长的季节，快点来古北水镇踏踏青吧，远处的万里长城，近处江南水乡，是难得的北京市内的踏青，郊游，赏景的好地方！,2
9061,古北水镇，位于北京密云区，是北京的东北门户，距北京市区120公里。地处燕山山脉，是华北通往松辽平原，内蒙草原的必经要塞之一，古北口以雄险著称，战略位置非常重要。如今的古北水镇依托司马台遗留的历史文化，深度发掘，将9平方公里的度假区打造成观光游览，休闲度假，商务会展，创意文化的六区三谷的北方小江南。,2
9062,几年前去过一次，风景真的很好，小桥流水乌篷船，尤其是夜景特别的美，咱大北京的江南水镇就在身边，因为是跟团没玩尽兴，准备再去一次。,2
9063,古北水镇位于北京市密云区古北口镇，背靠中国最美、最险的司马台长城，坐拥鸳鸯湖水库，是京郊罕见的山水城结合的旅游度假景区。夜景堪称一绝，已成为北京夜游新地标。 【景色】夜景很棒 【趣味】可以赏夜景也可以夜游长城 【性价比】还不错 与河北交界，交通便捷，距首都国际机场和北京市均在1个半小时左右车程，距离密云区和承德市约45分钟车程。景区内建有精美的民国风格的山地四合院建筑43万平方米，总占地面积9平方公里，集观...,2
9064,很漂亮的一个古镇，很有特色，跟南方水乡差不多，不是很大，但在北方算是不多，教堂，酒坊，染布房，摄影爱好者很多，很吸引人。。,2
9065,我们订的是古北水镇两天的跟团游，早上八点出发，到了古北水镇先领票进入景点，住的是景区里的古北之光温泉酒店，如果不在景区里先吃饭的话可以直接座摆渡车去酒店，我们现在景区的司马缸大酒楼吃的饭，这的饭菜还是推荐去吃的，味道不错，价格也合理，比起景区里其他的特色小吃，这算是性价比最高的了景区的入口吃完饭没有急着去住的地方，因为住的地方在景区的深处了，一路上正好边走边逛逛，这是染坊镇远镖局，儿子喜欢脚下的这...,2
9066,这个古镇很火，在北京郊区密云县，挨着司马台长城，可以一起游览，古镇不大，但是景色相当不错，尤其早晚人不多的时候，感觉比较好些，很清净。,2
9067,好漂亮的一个古镇，石板路，灰房子，一条蜿蜒曲直的小河从古镇中间穿过，可以坐船荡漾，慢慢欣赏，很有江南水乡味道，染布房，酒坊打卡人很多。,2
9068,古北水镇位于北京市密云县古北口镇，背靠中国最美、最险的司马台长城，坐拥鸳鸯湖水库，是京郊罕见的山水城结合的自然古村落。也是摄影师爱好者最好拍摄风光，可以游览目前保持最完好的司马台长城，还可以在长城脚下参与体验感受当地独特的民情民俗，体验参观司马小烧、永顺染坊、英华书院、杨无敌祠、震远镖局、八旗会馆、月老祠、司马台长城等景点。夜晚的司马台，古老静谧。步行攀上长城上，欣赏历经数百年沧桑的古北水镇，司马...,2
9069,古北水镇很漂亮的一个古镇，在北京郊区密云县，古镇收费区域不是很大，半天足够，但要是想好好感受古镇，建议住一晚，早晚人少。,2
9070,古北水镇是司马台长城脚下混合南北方风情的度假式小镇，充满北方古镇的大气威严，也有很多江南水乡的特色，还可以泡温泉、品尝美食、爬司马台长城……,2
9071,好漂亮的地方，好美的一个古镇，保留的很好，很完整，后建的痕迹很多，倒也还好，干净整齐，管理很好，景区不大，门票偏贵。。。,2
9072,值得去的好地方，特别美，拍照技术不好实际很美，很漂亮,2
9073,很漂亮的一个古镇，尤其在北方城市，保存也很好，管理的也很好，景区不大，两个多小时就可以转上一圈了，要是人少时还挺舒服的。,2
9074,秋季的古北水镇更漂亮，红叶覆盖着灰墙，在阳光下，小桥边坐着发呆，很舒服。景区管理很好，不大，游玩时间很短，但可以几人坐下聊聊天很好。,2
9075,古北水镇在密云区古北口镇，边上就是很有名的的司马台长城，还有鸳鸯湖水库，景区宜人，晚上夜景非常漂亮，星星点点的景观灯把古镇装饰的古朴雅致。,2
9076,古北水镇很漂亮，虽然不大，但是景色很美，最好住一晚，傍晚人少，清净，还有表演。景区管理的挺好的。。。虽然有点小贵，还可以吧。,2
9077,古北水镇真的很值得去，虽然离北京市区有些远，最好住一晚，傍晚的时候，古镇里人不多，很清净，适合发呆，晚上还有夜景，也很美。,2
9078,古北水镇很漂亮，景区不是很大，在北京郊区密云县，离北京市区有些远，但是还是很值得去的地方，很漂亮的，晚上有表演，还可以泡温泉。,2
9079,在北方这样美的古镇不多，景区不是很大，但管理很好，环境也不错，在古镇里走走很舒服，很有穿越感，景色很美，还可以住一晚，泡个温泉。,2
9080,景色很美的地方，古镇管理也很好，就是有点小贵，离北京市区有些远，专门跑过去玩一个地方有点小，两个小时就够了，如果住一晚，泡个温泉，安静渡个假还是不错的。,2
9081,古北水镇很漂亮，在北方这样美的古镇不多，保存的也很完整，管理的也很好，很值得一去，不比江南水乡差，还有北方特色。。。。。,2
9082,古北水镇很漂亮，位于北京郊区密云县，离北京市区有些远，是这几年网红打卡地，去的人很多，我喜欢早上和傍晚，很清净，很舒服。,2
9083,古北水镇很漂亮，尤其秋季红叶季节，灰墙加上红叶覆盖，很美。最好住一晚，傍晚人很少，很清净，很喜欢在小桥边坐着，看看夕阳西下。,2
9084,古北水镇很漂亮，在北京郊区密云县，水镇很不错，管理的很好，景色也很美，还可以登司马台长城，晚上欣赏夜景，泡温泉，都很赞。,2
9085,建宇导游服务棒棒哒🎊，靠谱、服务好，还不停的发红包给我们，很快乐哈🎆,2
9086,红叶季节的小镇美极了 北京市的一道风采，上次去的时候赶上工作日人少玩的超级开心，基本都走遍了，可惜晚上没能住下，夜晚灯光下一定更美丽了。,2
9087,整体的感觉非常好，就是早晨起得早点，这也是没办法的事。一路上纯玩无购物，中午还有北京火锅吃，饭菜比较干净。司机师傅开车也比较稳当！小燕导游不愧是干了10多年的导游，知识面非常的广，在景区做了不少攻略。希望下次有机会还能凑团！！,2
9088,"古北水镇位于北京密云，背靠司马台长城，坐拥鸳鸯湖水库，风景极其优美，尤以夜景为胜。最有特色的是具有老北京年味儿的""古北过大年""活动。",2
9089,古北水镇很漂亮，近几年网红打卡地之一，尤其好多温泉酒店，挺高大上的，景区很清净，管理很好，夜景非常漂亮，值得一去，还可以去司马台长城。,2
9090,冬日的水镇异常寂寥。古北水镇位于北京市密云区古北口镇，背靠中国最美、最险的司马台长城，坐拥鸳鸯湖水库，是京郊罕见的山水城结合的旅游度假景区。古镇依水而建，充满北方古镇的大气威严，也有很多江南水乡的特色，还可以泡温泉、品尝美食、免预约爬司马台长城，是京郊地区休闲度假不错的选择。,1
9091,北京的天气不错，出来玩挺好，难得一家人都有空包车出来挺省心，很满意,2
9092,师傅早早的来到酒店，打电话在停车场️等我们，十足的耐心。北京路上很堵，师傅驾龄很长，开得很稳，小孩都睡着了。一路上还给我们做了详细的景点介绍，我们提的景点的问题都能回复，太厉害了下回出行，继续坐师傅的车！,2
9093,很漂亮的一个古镇，尤其在北方，保存好，很完整，管理的也很好，很值得一去，住一晚最好，可以慢慢逛，适合午后发呆。。。。。。,2
9094,领队特别负责任，不仅人帅，而且声音好听！不仅有颜值，还有才华，专业性很全面，听了受益匪浅！,2
9095,很不错的一个古镇，，尤其在北方，能有这样的古镇很难得，管理也很好，环境服务都挺好的，景色很美，晚上有表演，附近住宿很方便，古镇里偏贵。,2
9096,很不错的水镇，一点也不比江南的水乡逊色，走在街道上，很有穿越的感觉，平时人不多，很清净，管理很好，还可以住宿，泡个温泉，很舒服。,2
9097,导游非常热情周到，能照顾好每一个团员，景区非常漂亮，晚上的景色更美，还有很赞的无人机表演，总的来说是一次物美价廉的旅程，好评～,2
9098,特别好特别好特别好，出乎意外的好，没有特别的商业化，冬天跟水镇的气质也超搭,2
9099,冬天的古北水镇特别美，虽然景色有一种萧瑟之感，但确实苍茫之美，很值得游览，晚上可以看万家灯火，吃火锅，还可以泡温泉，简直不要太享受啦！！,2
9100,秋季的古北水镇更是漂亮，灰色的墙上披上了红红的外衣，格外鲜艳，黄色柳树倒映在水中更是美丽，坐在小桥边上，吹着徐徐微风，晒着太阳，发发呆，享受美好时光。,2
9101,北方能有这样的古镇真的很难得，保存挺完整，管理的也很好，小桥流水，弯弯曲曲，染布坊，酒坊都很有江南特色，逛古镇，不必下江南了。,2
9102,古北水镇很漂亮，位于北京郊区密云县，离市区有点远，两个小时路程，但是很值得去，可以住上一晚，和司马台长城一起游览，看看夜景。,2
9103,好喜欢古北水镇，尤其人少的时候，在古镇的石板路上走一走，很平静，坐在小河边，发呆的感觉也很美妙。就是门票有点贵，不能经常去。,2
9104,过年时去的，与男友的一次旅行地。总体感觉很不错，唯独就是没有穿厚那天很冷。傍晚进去的，游街逛景，还有去到山顶教堂。水镇还是很不错的。值得去游玩。,2
9105,很漂亮的一个古镇，一百多的门票有点小贵，里边都是景区化，管理挺好，就是卖东西还有饭店缺少商业气息，景色很美的，人很多。。,2
9106,古北水镇很漂亮，在北京郊区密云县，小桥流水，教堂，寺庙，布坊酒坊，要是再有原住居民就好了。不过周围可以住农家院，也不错。,2
9107,我怕三十晚上的祝福太多。你会看不到我的问候。我怕初一的鞭炮太吵。你会听不到我的祝福。,1
9108,小燕导游很负责，一日游的导游这样真的太不容易了。来到古北水镇建筑很有风格，就是排队吃桥头糕，萝卜丝饼，螺蛳粉，冬季人不多不用排队，非常好吃哦，这是我来过的旅游景点的小吃这么好吃的。一天游玩很顺利，基本都没晚点的。,2
9109,跟团闫冉导游的团去的古北水镇，选择跟团就是为了省心，确实整个行程也达到了目的。从前一天下单开始，导游一直有耐心的联系确认出行时间，安排车接，直到出行当天顺利上旅游大巴。一路上也有细心的讲解整个行程的安排，包括上下车集合地点。到达景区内也非常清晰的讲解合理游玩的路线等等。确实是一次非常完整、有归属感、满意的出行哦！下次来北京还是会选择闫冉导游的团！,2
9110,对于我来说感觉古镇里吃饭相对比较贵，但是出门玩，没几个地方是便宜的，所以还是在允许的情况下尽情的吃吧，不然岂不辜负了时光。推荐:火锅涮肉不错，料是自己配的，符合口味，肉不少，够吃。,2
9111,拍电影《邪不压正》的地方，离北京有点远，建议在景区内的酒店住一晚，晚上可以逛逛景区的夜景，景区的夜景非常漂亮，一般定酒店都会送温泉券，请自备泳衣，景区内卖的贵且丑。景区的最高处是一个教堂，体力好的话可以爬上去看看，很适合拍照。景区最里面就是司马台长城的入口，司马台长城是古明长城，很破败，但很原始，不像八达岭长城完全是现代人加工的。,2
9112,旅游景点不错，很漂亮挺好玩的，导游讲的很详细，风景优美，诗情画意有种回味无穷的感觉，太开心了😊，值得推荐👍👍👍,2
9113,很不错的一个古镇，小桥流水，各种店铺，稍微有点小贵，晚上有表演，还可以住在附近，泡个温泉，住住农家院大炕，都是挺不错的体验。,2
9114,和男朋友去的，正好赶上下大雪，很嗨，景很美，导游雪瑶讲解的也很好，中午团餐吃的火锅（下雪天吃火锅很配，这点很赞），10人一桌，能吃饱。吃饭后全程自由活动，导游不跟随，到点集合。晚上的司马台很美，赠送项目选择单程电瓶车 ，也正合适，晚上小镇很美，快到圣诞，很有气氛。我们选择的是双人套餐，比较划算，推荐大家。温泉要自带泳衣哦。,2
9115,看照片就知道特别美，氛围特别好，跟家人朋友都可以一起来的，感觉深陷其中无法自拔，如果有机会的话一定还会来👍👍,2
9116,风景真的太美了，导游人真的好友好，每到一个景点都给大家讲的特别的生动！关键是价格优惠，下次还会介绍朋友过来！！！！,2
9117,非常满意的一次游玩，服务很好！,2
9118,这个水镇很有韵味。比南方水镇感觉还好，尤其红叶季节，南方古镇少有的风景。还可以爬长城，看全貌，很清净，有夜景。很值得去的地方。,2
9119,这几年比较火的一个古镇，去了之后能感觉到，确实该火，景区真的很赞，一点都不输江南水乡，只是门票有点贵，要是更亲民些就好了。,2
9120,很不错的水镇，尤其在北方城市，能有这样的古镇，真的很漂亮。可以住一晚，轻松游览，泡个温泉，还有夜景，据说也很棒。再爬个长城。,2
9121,和朋友佛系逛。也都正好赶上了各个演出。夜景真的超美的。还有水舞。冬天和秋天都去过一次。各有不同。相同的一点就是景色很美。,2
9122,很好看，也很像江南水乡。但是太贵了，一串糖葫芦要25，一个很普通的冰激凌就要九元。如果它不降价的话，我会再去了。建议秋季去或者冬季这样会别有风味的。Ps图不都是我的。,2
9123,第一次秋天去古北水镇，比其它季节感觉漂亮许多，红色，黄色为古城墙增添许多艳丽，人很多，傍晚还好些，人没那么多了，夜景很漂亮。,2
9124,最近两年郊区比较火的一个景区，平时人都是很多，住宿也贵，好点的基本都在一千多，但古镇环境确实不错，适合小住一下，散散心。,1
9125,去之前总觉得北方的古镇能有啥景色可言，门票还那么贵，去了之后，觉得挺值得去的一个地方，景区维护的不错，也很有特色，尤其秋季。,2
9126,古北水镇很漂亮，在北京郊区密云县，快出北京了，可以和司马台长城风景区一起游览，或者住在附近，泡个温泉，在古镇散散步，挺好的。,2
9127,京郊的一处近几年新兴的旅行目的地，在长城脚下，距离市区比较远，开车走京承高速一个半小时左右，但是非常漂亮，江南水乡的感觉,2
9128,地理环境 古北水镇位于北京市密云区古北口镇，背靠中国最美、最险的司马台长城，坐拥鸳鸯湖水库，是京郊罕见的山水城结合的旅游度假景区。夜景堪称一绝，目前已成为北京夜游新地标。与河北交界，交通便捷，距首都国际机场和北京市均在1个半小时左右车程，距离密云区和承德市约45分钟车程。景区内建有精美的民国风格的山地四合院建筑43万平方米，总占地面积9平方公里，集观光游览、休闲度假、商务会展、创意文化等旅游业态为一体，...,2
9129,没去之前，一直觉得古北水镇不会太好，北方能有啥，跟南方水乡古镇肯定没法比，但今年十一后去了一次古镇，改变了我的看法，真不比江南水乡差，北方红叶的衬托甚至比南方古镇更美。,2
9130,古北水镇现在很火，很有名气，景色确实不错，尤其秋季更美，只是门票，酒店不算便宜，缺少了农家味道，游玩时间半天足够了，平日去比较好，人少。,2
9131,秋季的古北水镇好美好美，尤其平日人不多的时候，坐在那里静静的欣赏，像是在欣赏一幅幅画，住宿和门票稍微有些贵，游玩时间不需要太长。,2
9132,古北水镇在北京郊区密云县，挨着司马台长城，过了长城就出北京，到承德地区了，离北京市区挺远的，但是景色相当不错，尤其红叶季节，很漂亮，下次住一下，夜景很漂亮。,2
9133,此次行程非常开心！古北水镇值得一游，而且还遇到了非常贴心的白导，棒棒棒,2
9134,没去之前就听说古北水镇很漂亮，一直不太相信，就想北方能有啥出奇的古镇，尤其缺水的北京，十月底去的，红叶正好的时候，太美了，还会再去。,2
9135,整体还是不错的，就是商业气息确实挺浓的！里面的饮食价格不便宜，小吃基本打了一遍卡！逛吃逛吃就饱了！ 特别想说的是，里面卖的糖葫芦，还有山楂味的冰淇淋好吃！,2
9136,古北水镇一日游玩的很愉快 时间充足 很值得一去 导游闫冉讲解路线很清楚 服务态度好～,2
9137,位于北京密云区司马台长城脚下，是一个非常有意境的古镇。可以乘船游览，也可以体验古北水镇的特色小吃，还可以登司马台长城。从北京市区开车前往125公里，大概两个小时左右，推荐在古镇里住上一晚上。,2
9138,古北水镇的秋，挡不住的美！！！,2
9139,古北水镇位于长城脚下，距北京约150公里。古镇历史感很强，有许多民宅距今有近百年了，街道用大青石铺设，干净整洁，景色不错，在古镇可以泡温泉爬长城。,2
9140,景色还是挺漂亮的，而且可以从另外一个角度看长城，而且人还没有那么多，全程徒步，而且破坏没有八达岭那么厉害，那里有公园，有温泉，建筑也是古色古香的，吃一下地道的北京小吃，不错的私房菜，游下船，而且性价比很高，非常惬意。,2
9141,晚上的水镇很热闹也很漂亮，由于时间关系，没有坐船，看了无人机表演的孔明灯和灯光水舞秀，小朋友很喜欢，里面的混沌很好吃，还有一些小吃人太多，没排队～,2
9142,几年前的春天来过水镇，心心念念它的秋色，这次终于如愿！ 美不胜收的景色让人流连忘返！ 景区还是那么干净，客服人员态度很好。就是吃的太贵了！除了桥头糕一类的小吃价位还可以。 预定周五景区里的酒店，在客服中心办理入住，行李可以免费托运，景区内的电瓶车也可以免费乘坐，景区门票可以打折，赠送温泉代金券，无限次出入景区，这些都是入住景区内酒店的优惠。 傍晚入住，吃货晚饭，慢慢欣赏夜景，无人机表演，京剧……游客不...,2
9143,值得一去，顺便爬司马台长城，景区的管理不错,2
9144,国庆去的北京，第一天去的古北水镇，找的当地的旅游团带的，其他先不说建议的，先来说说不太建议的地方，如果大家之后有去八达岭长城的行程建议不要上古北水镇的这个司马台长城，因为司马台上面的臭虫是巨多，请注意是巨多，而且我们是买的缆车票上去之后还爬了一段才到顶，第二天的行程我们上了八达岭长城，还是一样的套路坐的缆车上去+爬一段路到顶，你就会觉得行程重复，而且司马台长城的缆车票比八达岭长城的还贵。虽然司马台...,0
9145,王学红导极尽的尽职尽责！从最开始联系出行，在大巴车上滔滔不绝的给我们讲小镇的一切，从起源，攻略，游玩路线，美食，怎么省钱怎么方便，面面俱到，应有尽有。我参加过很多次团了，咱们这个团，就冲王学红导游都是最完美的一个团。纯玩无购物，听口音应该还是老乡！小镇的美咱不多说，安排的团餐也是我吃过的最好吃的团餐了！特别有家的味道。完爆五星好评，下次有机会还参加王导的团！,2
9146,古北水镇的夜景最美，长城下面的小镇。难得趁着秋天休假取古北水镇玩，比想象中好很多，可能催过了高峰期. 人不多，环境优美，体验感很好。,2
9147,我们一家人自驾去的古北水镇，看着广告很美。05年左右登过司马台长城，当时水库下面是个破败的小村庄，近几年拆迁了变成了古镇，都是新建的。但也算是一个游玩的好去处，可以锻炼孩子的胆量，体会长城的险峻，比八达岭长城的雄伟壮观，多了一丝战争的血腥。这次只能到第六个烽火台，比较遗憾，原来可以上到十个以上，真是险峻啊。感叹祖国山河壮美，感叹古人智慧！,2
9148,古北水镇夜景堪称北京一绝，2016年全新重磅打造长城脚下的夜游“八大名玩”：登长城，提灯夜游司马台；品长城，城下湖畔精致晚餐；望长城，摇橹长城下；赏长城，星空温泉絮语；聆长城，浪漫水舞秀；宿长城，夜宿长城脚下；戏长城，戏水长城脚下；醉长城，山顶品酒观星。这个基于北方水文化建造而成的小镇，正在成为北京夜游时尚新地标。,2
9149,秋日里的古北水镇简直美透了。一片红叶，一串红豆，一个美丽的秋天！在古北水镇体会北京秋的美丽。无论是周末，还是平时，都是郊区游的好去处。,2
9150,音乐喷泉，山顶教堂的夜景，日月岛广场的活动都还不错,2
9151,总体来说挺好的，如果住在景区赶上旺季，价格高的望而却步。有6个停车场，10元/次。如果车停的远，夜间可以自己挪下车，放倒1号停车场。门票140元/人，如果能降20[%]左右我觉得更合适，毕竟还有很多古镇是免费的。,1
9152,很美的小镇❤️夜景超赞的❤️再会❤️ 【景色】,2
9153,来北京游玩无意之间看到了古北水镇及司马台长城的介绍随即决定来一探究竟，出来感觉水镇之名应属江浙之地打，但实际到访之后发现和南方的水镇大相径庭，或许都会有它独特之处，最可圈可点的就是华灯初上在山顶俯视水镇夜景那真是美轮美奂让人流连忘返不虚此行。,2
9154,古香古色的地方 都是用原有的建筑材料收集而成还有全国收集的建筑材料 每个建筑材料都有不同的痕迹 里面也有很多的吃的 我觉得吃的价格相比之下已经很良心了 30左右的小吃挺好的 下雨天去又是不一样的感受,2
9155,门票非常贵，跟着旅行社去的，因为去晚点了，来去匆匆，只有一个半小时，还是晚上进去的，只觉得走了很长一段路，往里走了没多远，因为时间关系就返程了，什么也没看到，浪费了门票，焦灼了心情，千万不要为了省事跟旅行社，一定要自己走，在这个地方慢悠悠旅游！,0
9156,古北水镇位于北京市密云区古北口镇，与河北省交界，紧邻司马台长城景区，实际上两个景点在一起，可一块儿买票。小汤河与鸳鸯湖水库相连，流经水镇，河两岸是民国风格的四合院建筑，多座古式石拱桥横跨小河，岸边建有游船码头，仿古建筑比比皆是，如圆通寺、月老祠、杨无敌祠、英华书院、八旗会馆等。住宿可选择民宿或现代化酒店，古镇还建有各种温泉设施、餐馆、商铺，赶上过年期间还可以体验这里的庙会和各种民间艺术表演。现在水...,1
9157,司马台长城缆车上去大概7分钟，徒步上山来回4小时…,1
9158,北方江南水乡特色小镇，一步一景，四季各有韵味。,2
9159,周日古镇的游客已是很少了，夜游古镇特别是傍晚登司马台长城可览绝世景色啊！但晚上在长城上照相，最好还是要带个手电筒什么的，补补光，那绝对是舞台效果了！晚上9点回酒店游泳，室外的有点冷了，室内还是不错的，没几个人。,2
9160,值得去，晚上非常漂亮，就是物价比较高，一对耳环298，项链也是，唯品会买同样的也就是108这样子，不说买东西，景色是真的超棒，就是容易迷路哈哈，路痴介意带个方向感好的 【景色】  【性价比】,2
9161,小镇特别的美，超级适合拍照，是北方少有的水镇，小桥流水，还有各地特色小吃，逛累了，就去温泉泡泡脚，晚上在登长城看看夜景，特别美好。,2
9162,摄影的好去处，尤其是十月份，叶子红了的时候，不过一定记得避开公众假期去才好！夜景还是很不错的，最好在那住一晚，里面的客栈也很有特色！,2
9163,古北水镇在北京的密云这里，离市区还是非常远的，第一次来这里还是挺惊艳的这里开发的很漂亮啊，已经是算相当成熟的旅游景点了。,2
9164,古北水镇前一阵子非常的火啊，经过开发以后这里的古镇已经是北京郊区最漂亮的旅游景点了，晚上的夜景真的是非常的漂亮拍照片很不错。,2
9165,古北水镇在北京的郊区啊，来这里玩的人很多啊，这里是周末郊游的好地方啊，来这里住一晚上看个夜景度度假远离城市的快节奏很合适。,2
9166,北京郊县的古北水镇现在可以过来玩一玩了，地方挺大的景色还是很不错的，感觉在这里住了一晚上感觉还是很不错的，夜景还是很漂亮的。,2
9167,第一次来，比想象的好，从早到晚活动很多，管理非常规范，适合住上2到3天。,2
9168,风景美如画，特别喜欢这里，夜景特别好看，处处都是景致，简直太好看了，非常喜欢这里，还会在去的，吃的也很多，就是摆渡车再多点就更好了,2
9169,虽然并不是真正古老的小镇是后建的，要想逛逛还是不错的，尤其晚上的灯光很美！有几家吃的还是不错的，住宿有些太贵了，北京来完全可以当天来去，可以顺便爬爬司马台长城,2
9170,建议去两天一夜，晚上夜景赞，白天没什么好玩的，一般般，但是晚上长城只能玩一节，其余部分不能爬，前面还要坐索道，没有爬长城的意义,1
9171,古北水镇，处于北京的门户，密云一带，这里充满燕赵风情，很有古代燕赵之地的感觉，这里有青石板路，和很多古城古镇类似，可以吃到不少特色美食，很多人来这里都是和司马台长城一起玩的。,2
9172,古北水镇是北京近郊很有名的景点，最近几年非常火，和江南古镇不一样的小镇，很有北方的特色，很不错的地方，有时间的话一定要去体验一下。,2
9173,古北水镇是这两年做起来的景点，经营思路先进，背靠历史景观，加以人工修葺，相当有感觉，食宿玩的价格也小贵就是了。就我去过的看，水镇夜景堪比无锡苏州，官方推荐游玩方式是：登长城，提灯夜游司马台；品长城，城下湖畔精致晚餐；望长城，摇橹长城下；赏长城，星空温泉絮语；聆长城，浪漫水舞秀；宿长城，夜宿长城脚下；戏长城，戏水长城脚下；醉长城，山顶品酒观星。堪称摄影爱好者的天堂。,2
9174,古北水镇真心推荐，适合休闲度假的一个地方。山水江南不仅仅局限于苏杭，在繁华的首都，亦可找到一处寂静的地方。还会再去，带上一个小长假,2
9175,晚上比白天好看，晚上有各种灯光，还有音乐喷泉，无人机表演，这些都是晚上看的，里面的吃的就一般，还贵，司马台长城没上去，因为排队的人太多了，下午四五点钟就排了好几千人，因为都想要上去看夜景,2
9176,周六人特别多，广场不断有演出，晚上节目多，更热闹。不过人那叫个多。,2
9177,在北国能见到江南景色，在雄浑的长城脚下，南国灵秀的风景给人留下深刻的印象。特别值得一提的是，此处的长城是明代修建的古长城，没有现代重修的痕迹。,2
9178,古北水镇是像当年老祖宗讲风水学选择北京作为都城那样讲究周易八卦的，往里走是万里长城的古北口，长城脚下依山傍水地理位置极佳景色也非常纯美自然，我就住在长城脚下的雁门客栈，想到出口就背向长城往反方向走即可到游客中心河停车场...,2
9179,同为水乡，不同于南方温婉的小家碧玉，古北水镇是知性端庄的大家闺秀，处处显精致。司马台长城也不同于其他长城，逶迤中尽显隐忍。导游尤帅细心而温和，有问必答，也提供了很好的建议，非常到位，是很棒的北方大男孩。,2
9180,空气不错，夏日过来度假还是不错滴,2
9181,冬天去水镇和夏天去完全不是一个样子，江南灵秀居然也是有模有样地进入了古北，很多人都觉得水镇人工的痕迹太明显，但失去的东西又回来了,2
9182,周六日去的！给我一个字来形容就是累……还有就是真的是人好多！真的是人从众……我们是两家人，四个大人，两个孩子，孩子都是不到三周的！我家有小推车，但是基本没怎么用，因为都是石头跟石板路，特别容易卡！我们是下午四点多近的景区，人真的是超多，有的时候真的是走不动！想吃个小吃都是在排队，而且特别长……真的可以说成排队一小时吃饭十分钟！饮品、小吃的价格大家可想而知，不过是在景区大家可以理解！我就在景区排了一...,0
9183,为了欣赏古北水镇的夜景，找了家饮品店一直坐到了夜晚时分，小镇上的街道和商家的照明灯、景观灯都纷纷亮起，如繁星点点，璀璨明珠一般点亮整个古镇。,2
9184,夜景实在太美啦，晚上非常凉爽，吃的很多，客栈很好，很喜欢这里，就是暑假人多啊，还会再来的。很喜欢这里的氛围，小店很有特色,2
9185,对于来自水乡的我们，古水北镇不值一游。人多且过于商业，皮影戏倒是不错。匆匆一游，向草原进发,0
9186,不用取票，只需要去检票口扫平台一定是平台的二维码进去就行，进去200米不到就可以坐船，坐船也是找到手机短信一定要手机短信给你的那个二维码他扫你二维码上船！船分三段，这个团购的坐船只能两头坐船可以使用，中间的明月码头那个是半程80元的！我是15:00入院的走到长城那边19:20，正好长城开灯上的船！这时候灯都开了，特别好看！还有就是最后上船有惊喜，因为回头开车最后上船坐的那面是开头船，看得广，拍的好！,2
9187,从北京城区去古北水镇的交通十分便利。去往古北水镇可以乘坐东直门大巴，不到50元，车程两个多小时。可以选择一日游，或者两日游。如果时间充裕，建议同时去司马台长城玩玩。,2
9188,古北水镇总体而言还是很好玩的，童玩馆很有意思，面积很大，是孩子们的乐园和欢笑的海洋。餐馆里面也很不错，食物性价比尚可，很值得游客尝试。,2
9189,不错的一天,2
9190,门票略贵，但值得一去，夜晚景色很美,2
9191,古北水镇既有江南的婉约又有司马台长城北方的粗犷，值的一游，多谢直率爽朗的老张导游的细致讲解，感谢！,2
9192,景色秀美，人造景观，仿江南水乡风光。夜晚灯光效果不错。门票小贵，乘坐游船游览感觉很好。各种各样的特色店铺林立。起的名字也很有个性。 【景色】 【趣味】 【性价比】,2
9193,一家老小一起出来玩，选择了京郊密云古北水镇，司机跟导游服务很到位，很贴心，全程自由行，纯玩的行程，很棒！,2
9194,丛丛导游让人特别有安全感，耐心负责任，热情心还细，一路上很省心。第一次跟团游，本来还有点担心的，现在行程结束了，完全没有任何顾虑，玩得很开心。景色也很漂亮，不虚此行,2
9195,古北水镇非常值得一去，风景优美，给人一种很惬意的感觉。承德避暑山庄，果然是避暑的好地方，凉爽舒适，景色宜人，玉姐给讲解了很多历史文化和知识，价格实惠，行程也比较合理，玩儿的时间比较多，酒店住宿也比较满意，中午的饭菜特别丰盛，两位导游都特别好，尤其是玉姐非常热情。,2
9196,仿江南水乡的景色，紧邻司马台长城，夜景真的很美,2
9197,古北水镇是距离北京最近的江南水乡风情度假胜地，很难想象在北方城市能够看到如此仙气十足的小镇子，有种婉约的气质和独特的魅力，令人流连忘返，乐不思蜀。很适合带老人和孩子前来度假。,2
9198,古北水镇位置离城区很近，不用大清早坐车，不会很累，是一个亮点。虽然是人造的水镇，但是夏天的景色依旧是有趣的，还有司马台长城可以攀登，两天的时间不会无聊。晚上气温比城区低一些，非常凉爽，有露天温泉可以泡脚，有震撼的音乐喷泉表演，晚间漫步闲逛，非常休闲。是一次很好的度假放松之旅。,2
9199,去了三次了，和老妈。和朋友，坐船，爬长城，吃小吃，再北京感受江南水乡，感受苏杭美景，有时间的朋友可以带着情侣家人一起溜达溜达，,2
9200,古北水镇是中国华北地区知名的度假胜地，这里风景秀美，空气怡人，交通也十分方便，特别适合一家人趁着假期、周末前来休闲旅游。很喜欢在北方城市也能看到这种婉约秀丽的好风景。,2
9201,“古北水镇”， 【划重点】～划重点～切记切记～ 一、｛无人机孔明灯编队表演｝晚8点20分；晚9点50分，每晚两场表演，最佳观赏位置在日月岛广场。表演时长10+分钟。超级的梦幻，绝对的震撼，真正的高科技在线，与看08年北京奥运会开幕式的感觉一样一样的，感动的要哭。 二、｛望京楼水舞秀｝晚19点50分开始，表演时长20分钟，每晚有多场演出，每场间隔15分钟。受观看场地狭小影响，每场观众人数有限，需要排队候场，工作人员现场秩...,2
9202,第一次知道古北水镇是看了姜文导演的《邪不压正》，据说影片的取景地在古北水镇，自己很喜欢。于是趁着休年假来到了这里，在附近的龙湖长城源著订了民宿，民宿的装修风格很喜欢，这趟旅行很值得。,2
9203,友情提醒：人多的时候提前一个半小时到灯光秀附近等待，第一场结束后可以去看无人机秀，否则就会排队等灯光秀等到绝望，值得一看哦,1
9204,充实的两天古水北镇游，让我流连忘返，景美，山美，古镇美，古镇的客栈很有韵味，舒适，干净，美食街小吃让我回味无穷，古镇里面的服务堪称五星级，人们很厚道，实诚，水舞秀不单纯的是喷泉演出，让人很震撼，无人机表演让我惊讶连连，在北方大山里，能有一个这种古镇，真的让人喜欢！,2
9205,北方人造水镇，打造经营的很不错，最好至少住一晚，白天漫步或乘船逛水镇，小吃食品街边逛边吃，晚上灯光效果不错，尤其长城灯饰夜景很美。一定提前预订宾馆或民宿，节假日还是爆满的。,2
9206,太美了！人间仙境！感受一下吧！不到张家界旅游你就不配说你旅游了？那山，那是山吗？那是仙境，那水，那是水吗？那是雨露？去感受一下吧！,2
9207,杨导服务不错，讲解很详细,2
9208,很好的一次出游，导游静静特别贴心，介绍详细，安排妥当，非常满意！只是水镇的夜景太漂亮，一日游很有遗憾啊！！！,2
9209,住在古北水镇，吃在古北水镇，玩在古北水镇，不虚此行。不走寻常路的，选择了夜游司马台长城，落日下的长城顶上别有一番风味。两天的时间有点短，值得更多的时间慢慢品味。,2
9210,古北水镇景色不错，风景优美，是司马台长城脚下独具北方风情的度假式小镇，建筑风格独特魅力，趣味性强，随意逛逛，感觉不错。,2
9211,不错！这里景色不错！街道很棒！去过丽江古城和乌镇！这里是二者的合体！夜景很棒！美食很多还不贵！卫生间很干净！水中有荷花！还有鱼！就是酒店太贵啦！住不起！ 【景色】 【性价比】 【趣味】,2
9212,带娃去简直是受罪，完全不照顾行动不便人士。没有好走的山路，就是各种故意做旧的房子，小桥千篇一律，没啥意思。入口非常好，越往里越一般。进去都是隐形消费，坑一次到位。东西非常贵，还不好吃，景色也就照片里还行。门票价太高，非常不值。,0
9213,开发的很成功的景点，与乌镇的风格比较相近，南方水城的感觉，住宿上有些民宿搞得不错，很有特点。且紧邻古北口长城，可以顺路去爬这段比较险峻的长城！,2
9214,我们既夜爬司马台长城，也在白天爬了司马台长城，可谓是三维立体感受了司马台长城，不论什么时候的司马台长城都能令你着迷！,2
9215,极力推荐要在这边住一个晚上，景色特别美，尤其是晚上整片山上的灯都亮了之后。感觉自己穿越了。山上到了晚上非常凉爽，空气也特别好。要是赶上阴雨天可能会比较冷了，白天很晒。 进了古镇里面像是到了影视基地一样，街道两边的店铺到了晚上亮了灯也特别有代入感。 【景色】 【趣味】 【性价比】,2
9216,导游态度好，讲解详细认真，古北水镇景色优美，小吃味道非常好，下次还会再来。,2
9217,早上基本是睡醒了，然后去到上车地点上车，时间比较充裕，没有强迫消费的情况,2
9218,古北水镇我只在那里呆了一晚就回来了，意犹未尽，水镇适合秋天凉爽枫叶红的时候去我想会更加美丽，水镇里有一条小吃一条街，有很多好吃的东西，你想尝到口的话还不容易呢，为什么呢？因为买小吃的人很多你要排好长时间的队才能吃到嘴,2
9219,"周六早上东直门做古北水镇专线到景区，48元一位。进去后买了联票280一个人，（水镇门票加长城门票加长城往返索道），建议大家刚进去先坐船，120一个人单程，人少。或者坐摆渡车10元一人,但是人超级多。这两者都能到长城底下检票口。如果走过去，一会根本没有力气爬长城，哪怕你是坐索道。完了索道做上去还得爬到烽火台呢，来回可累，尤其大热天。ps:孩子做索道，一岁，居然要收费，80来回。  长城爬完下来后，可以慢慢逛吃逛吃，东...",1
9220,谢谢王学红导游细心讲解景点文化和景点地图以及各个景点注意事项，非常贴心服务态度。,2
9221,水镇夜景真的不错，音乐喷泉很震撼，一家四口从下午六点逛到大概十点回住处，水镇外面小区里的住宿相当不错，气候也比较凉爽，适合周末度假，尤其对于恋爱中的小情侣是个不错的地方！,2
9222,醉美夜色，长城脚下的星空小镇。古北水镇的夜色确实令人陶醉，可以置身其中，感受那份江南水乡一般的风景，吃个玩乐一应俱全，提醒大家在节假日一定提早订房，要不会贵很多。,2
9223,可以一去，风景不错，有江南小镇的韵味……,2
9224,超级无敌的北京周边游路线，周末带上老人和娃，开到古北水镇长城脚下，泡着温泉，吃着大餐，享受生活。或者约三两好友，小聚聊天，也是不错的选择。,2
9225,玩的很开心，杜导人很好,2
9226,去过好几次古北水镇，风景的话可以说一般般，有一些人工雕琢的痕迹，还是不如南方天然的风景好，里面的酒店不错，就是价格偏高，亲子游览还可以吧。,1
9227,来到北京的后花园一一一古北水镇，便明白了为什么电视剧《小团园》里母亲对孩子说：这次你英语考上95分，周末让你去古北水镇！确实，这是北京地区周末游玩，有山有水有趣味的好地方。,2
9228,工作日去的、人没那么多、不多不少刚刚好、可能是新开没多长时间、商业店铺开的比较稀少、白天显得没那么热闹、适合看看景色划划船、据说晚上的景色很美、特意等到了8点左右、瞬间感觉换了一个世界、有点像我们南方的夜景、宁静优美、小夜灯和环境建筑相辅相成、水舞秀很刺激、古北水镇适合夜场时间时间多一点、遗憾的是平台上订不到客栈的房间、时间没安排够、没去爬长城、只能远观、带点遗憾、给自己留点念想下次再来、哈哈…,2
9229,古北水镇是生活在北京的人周末休闲度假的好地方，风景很美，生态也好。但是最好避开节假日，人会比较多，暑假的时候一家三口前来游玩的也很多，如果不喜欢人多的景点，最好合理避开这些时间。,2
9230,很少写点评 也很少出来玩报团,1
9231,古北水镇位于北京周边的郊外，虽然距离市中心较远，但是交通还算比较方便，非常适合全家人一起周末两日游或者企业团建、休闲度假。古北水镇风光甚好，虽然地处北方，但是宛然是一派江南水乡般的好风光，特别适合放松身心。,2
9232,在北京的古北水镇开心地逛逛吃吃。,2
9233,下雨天爬的，夜景没有想象中的好，往返路线是一样的，感觉一般般,0
9234,古北水镇的荷花池看看还有蛮好的。,2
9235,司马台长城是唯一一段保留明长城原貌的古长城。由于其特殊的地形条件和修筑者们的智慧创造，长城随着刀锋般的山脊奔驰，时宽时窄，时起时落，城台、敌楼、障墙在很短的一段距离内形式之多，变化之大，在整个万里长城之中极为罕见。苍老城墙上的文字砖群，记载着祖辈的辛苦，至今淌流不尽的温泉和冷泉就是古人血泪聚合而成。司马台长城雄险奇特，著名长城专家罗哲文教授赞誉道“中国长城是世界之最，司马台长城堪称中国长城之最”。...,2
9236,这里是北京的后花园一一一古北水镇，水镇，顾名思义，水是这里的特色之一，确实，这里的水伴着岸边依依的柳条与爬山虎，别有一番韵味。,2
9237,出发前两小时订的票，然后不知道外面下雨，赶车还迟到，谢谢我们的导游孙维,1
9238,小长假去的，人超级多，摩肩接踵就是这个意思 因为选了附近的住处所以逛的比较晚，人慢慢少了才感受到美，景区整体还是不错的，下次找机会工作日来,2
9239,东西不贵，酒店不便宜，挺大的公园感，从闲游的目标出发还是不错的，换换环境，属于减压地，可以带孩子下午出发转转然后看看夜景。,2
9240,风景不错，照着南方水镇建的，但消费价格比较贵，不会再去第二次的，离市区较远，停车场不小，只是停车场有点远了，节假日千万不要去！,0
9241,还好吧，一般般，差不多没有超过预期，基本上属于可去可不去的地方，都是假的景色，虽然很逼真，尤其是餐饮太差，基本上不及格。,0
9242,谢导游带队认真负责，古北水镇的推荐游玩线路及注意事项都讲解很详细。,2
9243,不过提起度假，除了美丽的风景，舒适的环境，最让人期待的无疑就是威廉埃德加精品酒店的夏日缤纷泳池派对！这是一场心灵的放纵，是在长城与泳池间畅享的自由。音乐仿佛最为活泼的小精灵在人群中肆意穿梭跳跃，一会牵起你的手，一会缠绕上你的腰，让你不自觉地在水池中自由的舞动，清凉却又火热，欢声戏水中遥望长城。如果说动感的音乐和随音乐起舞的曼妙身姿让你享受了一场视觉和听觉的盛宴，那么空中弥漫着的酒水甜香无疑让你在嗅...,2
9244,第一次爬长城！做了缆车上山走了很久！很斗！爬过一次长城这辈子应该不会再爬第二次了太累了！！！这的长城比较破旧！比较佩服古代人没有现在这些高科技东西辅助可以搭建长城真厉害,0
9245,古香古色的！没去过江南的可以来这很惬意！公司安排确定时候水面结冰了没有船做了很可惜！有机会带爸妈孩子一起来！景区里的吃的喝的多比较贵！毕竟花了大价格投资的地方,2
9246,很完美的一次体验 景美 山秀 歌美,2
9247,【景色】非常好，人工和天然绿色植备混然一体！ 各种设施非常齐全。,2
9248,来古北之前做旅游攻略，看到网上很多人喷古北，说没意思云云，但是抱着没来过的想法还是带妈妈一起来了，虽然是盛夏，但是真心觉得玩的很开心，很凉爽，导游谢谢妹妹（导游姓谢，是个漂亮的北京妞儿），特别活泼开朗，刚开始上车被她大嗓门震撼到了，但是整个过程中，满满的都是爱，好吃好玩的路线安排的非常合理，没有让我们多花钱，多走路，而且行程非常紧凑，既享受了美食，又看了每一场演出，泡了免费的温泉足浴，很幸福，希望...,2
9249,这里是北京的后花园古北水镇，在英华书院里，你可以沉浸在书香中，也可以漫游在水榭回廊中，品一盏香茗，读几段文字，尽情享受美好的时光。,2
9250,导游王学红女士讲得不错，服务也很好，中午餐也不错。古北水镇很美，适合拍照。,2
9251,古水北镇管理很好，很干净，报的是二天一夜的团，天很热，个人觉得喜欢小资生活的慢生活建议3天2夜，景区本身并不大，但是很多景点适合慢慢的享受生活，比如司马长城，温泉，喜欢拍照的朋友建议非双休日来错峰出游，否则景区到处都是人。司马长城建议夜游，5:30检票就上去，这个时间可以看日落，白天与黑夜的景色都可以看到，落日余晖就那一瞬间真的很美，我们正好雷阵雨后到长城上，色彩斑澜的天空真的很美，要趁着刚点灯的时候拍...,2
9252,不止是白天的亲水狂欢，在星光璀璨的夜空下，背靠着俊美的司马台长城，在小镇的望京街正上演着一场水舞盛宴。应和着悠扬的乐曲，水柱编织出种种美妙的图案，水与火相交融，音乐与灯光相碰撞，配合3D灯光投影，唯美震撼，亦真亦幻，为每一个水镇游客带来了难忘的夜晚时光。,2
9253,司马台长城是国内目前唯一开放夜游的长城，曾在2012年被英国《泰晤士报》评为“全球不容错过的25处风景之首”。夜晚的长城，如同蛰伏的野兽一般充满了未知，让人沈耽于“夜里挑灯看剑，梦回吹角连营”的壮怀激烈，没来由的生出几分宽阔的胸襟来。如果说提灯走桥是一道风景，那提灯游长城一定是一种情怀。在繁星夜空下，提着一盏小灯，漫步于灯火蜿蜒的长城之上，仰望满天星斗，俯瞰灯火阑珊，如此浪漫的情景最适合与心爱之人一起享...,2
9254,坐落于长城脚下，古北水镇的边关美食文化尤为厚重。在小镇街巷，处处可见各类特色美食：如古关火锅城、汤河清真餐馆、古北烤鸭王、纳兰轩餐厅…… 除此之外，更有水镇食街，汇集着来自全国各地的特色小吃，如香甜的烤红薯、热腾腾的古北烤梨，醇香的司马小烧酒…… 漫步食街，可以畅享珍馐美食的世界。夏日的夜晚，热闹尤甚。长城露天啤酒夜市已成为古北水镇一道独有的夏日风景，烟火气息的特色美食，吆喝声起此彼伏的集市摊位，带...,2
9255,骑行在长城观景路线，吹拂着湖畔的柔和山风，欣赏着古北水镇的夏日风景，远眺着青山之巅的壮观长城，这是最不容错过的美好度假体验。,2
9256,在古北水镇，风筝坊、年画坊、灯笼铺、永顺染坊、皮影戏馆、司马小烧酒坊…… 这座长城脚下的小镇将众多古北口文化遗产尽数复盘。整体建筑的布局沿袭了古时前店后宅、左坊右铺的特色，这些酒坊、书院、镖局、会馆、祠堂，有的生长于古北口村落自古流传的轶事，有的孕育于古北口土地滋养的勤劳双手，有的依存于古北口地区的特殊地理位置带来的商旅文化，让人们在街头巷陌聆听穿越历史的声音。在风筝坊里，摆满了形态各异的风筝，还...,2
9257,司马台长城是唯一一段保留明长城原貌的古长城，以其险、密、齐、巧、全五大特点著称于世。而在旭日初升之时，大气磅礴的烽燧刚从薄雾中显露了身姿，婉转曲折的城垣如同一头刚苏醒的雄狮，锐气还未迸发，仍有着几分慵懒的意味。踏着熹微的晨暮，迎着第一缕阳光，登上司马台长城，远眺重峦叠嶂的山丘和连绵蜿蜒的长城，收获一整天的好心情。跟着瑜伽老师，在杂草丛生的野长城上开始一场舒身瑜伽，慢慢唤醒身体，在一呼一吸间感受天人...,2
9258,夜幕下的古北水镇才是最美的，交通方便，建议住在景区里面的酒店，可以无限出去景区而不用再次买票，票价80还送200元温泉卷，性价比不错，高中档的都有。相对来说吃的比较贵，景区外面有个纳兰轩最好别去吃，太抗，贵还不好吃，总体来说古北水镇还是不错的。,2
9259,景点很丰富，导游服务态度很好，很贴心，线路很好，玩得很开心，有机会再来,2
9260,个人觉得还不错！我们一家三口慢悠悠开车，也没早起，中午到的。先到水镇大酒店办入住，可以办理但不能领房卡。80元特惠价买了景区多次出入的票然后进景区，边逛边吃，各种网红小吃。有的并不好吃，但我也要都尝一遍。走累了随处有座。垃圾桶也很多，所以景区里很干净。白天就是吃逛，参观游览，所以半天就够。走累了从小吃街坐摆渡车回景区门口，然后走回酒店，也就三五分钟。拿房卡，收拾一下就去酒店游泳了。晚上时间背着泳衣去...,2
9261,导游小姐姐人好服务好。天气好，心情也很好，玩的也很好。。五星点赞👍,2
9262,古北水镇像一个小水乡，商品吃的都很齐全，晚上的项目比较惊喜，喷火的喷泉，浪漫的无人机，尤其帅导游讲解很贴心，负责照顾每一个家庭，很尽职，总之来说市一段开心的体验,2
9263,和男票迷迷糊糊的上错了车.之前的导游说他就在地铁拿旗子等我们 结果出来看到的杨磊导游.阴差阳错的上错了车 可能和杨磊小导游有缘份吧. 气质儒雅 说话慢声细语 全程服务都是乐呵呵的 很棒的导游 推荐哪里好吃 哪里好玩儿 跟真诚为顾客着想.还有一些小活动猜对有奖.阳磊小导游在最后还是给每个家庭一份小礼物明信片 跟贴心 .由于我和男票是后加塞 送了他一块巧克力感谢他照顾❤️,2
9264,古水北镇，最好的玩法，安排两天时间在里面，找一间景区内的民宿住一晚。早上进入去爬司马台长城(个人觉得下午太热不适合爬长城)，回来后休息休息，晚上出来逛夜景，看看水舞秀。第二天喜欢的话，可以继续逛街想逛的地方,2
9265,景色超级美，拍照特别好看！尤其晚上在山顶教堂拍夜景，超级无敌美！！！里边也有很多特色的小店，拍照也特好看！还能自己diy风筝啥的，不过大部分都是小朋友！（悄咪咪说一句，饭好贵）,2
9266,夜景超级美的，节目表演也很多，水舞秀超级推荐,2
9267,第一次来古北水镇，很小清新啊。让人感觉很放松，很舒服，夜景尤其漂亮，非常有特点，推荐来体验一下，只有体验了才有切身的感受，个人非常喜欢这样的景点，另外王学红导游服务超级赞，辛苦了,2
9268,古北水镇，北方的水乡，秋天去最美，满墙的爬山虎已经变红，层层尽染。青石板铺就的路，悠长的巷子，爬满墙的爬墙虎，一切就像发生在画里。,2
9269,打卡古北水镇，这里游客不多 风景却不错，在长城脚下，看着这河水潺潺，还有悬挂着的七彩染布，带有几份江南水乡的感觉了 在这里 我们乘着摇橹的小木船，感觉还是挺惬意的,2
9270,古北水镇是司马台长城脚下独具北方风情的度假式小镇。整个水镇，弥漫着江南水乡独有的小桥流水的恬静，古朴温柔的情调。青砖灰瓦的四合院，青石板的老街小巷、古香古色的店铺等，让人犹如看到了北方的民国时期的古镇风貌。漫步司马台长城，俯瞰灯火倾城的古北水镇，雄伟长城与柔魅水镇浪漫相呼应。司马小烧、永顺染坊、镇远镖局、八旗会馆等景点都会有不一样的体验，再品尝一下水镇的特色美食，真是陶醉了！,2
9271,感觉晚上还挺好看的 白天就有点鸡肋了 白天就是擦不多一条商业街 很多买东西的 景区的东西大家都明白 晚上特好看 灯光不错,2
9272,"号称“北京的后花园""的古北水镇位于北京市密云东北侧，是一处在古村的基础上修缮改造重建的古镇景区，古镇依水而建，充满北方古镇的大气庄重，也兼具江南水乡的柔和秀丽。",2
9273,临时决定带爸妈来玩、看到好评如潮、选择了这家,2
9274,是看重夜游司马台长城这个特色去的，镇子本身是个温泉小镇，如果有喜欢泡温泉的是个不错的选择。从北京市区过去大概两个多小时，在景区住一晚比较合适,2
9275,打卡古北水镇，不愧为北方乌镇，景色确实不错，值得来一次，水镇里全是绿色的，夜景也很赞，体验不错，音乐水舞秀值得看特别赞！,2
9276,古北水镇位于北京市密云区，仿古建筑环境优美，有点江南水乡的感觉。小镇上有很多特色店铺，曲折蜿蜒的石板老街古韵悠长，适合住下慢慢的逛，感受早晚的生活气息。景区卫生很好，吃的东西有点贵。,2
9277,真的是值得来的好地方，孩子玩的特别开心，水镇很有特色，从很多小细节都看得出来经营者的用心，下次有时间一定带爸爸妈妈来看看,2
9278,在北京古北口镇，投资商在缺水的地方，花大力气打选了一个北方水镇-古北水镇，这里河道纵横，小桥流水，一应俱全，仿佛置身江南水乡。夜晚华灯初上，美极了。,2
9279,古北水镇有小乌镇之称，虽然里面比较商业化，但是景还是很美的，在里面可以吃到各种好吃的，有深夜食堂，烧烤，火锅还有各种各样的小吃等等,2
9280,爱拍照拍视频的绝对值得一去 只要你会构思 随处都是美景 园内还有汉服出租按时计费很方便 小情侣建议在那里住一晚 夜景不错,2
9281,性价比不算很高，但确实很有意思的地方，可以到酒坊喝一杯，带小朋友体验一下做风筝，还有童玩馆，就是不要在节假日和暑假的周末去,1
9282,司马台长城下的一个景点，青石板的老街迎面而来。古朴，典雅，鳞次栉比的房屋，悠长的胡同，但都是北方的建筑。看到了河道，顺着古镇延伸，摇着撸的小船晃悠悠地过来。,2
9283,古北水镇是北京郊外一处有江南格局的景点，特色的地方在于：有温泉可以泡着解乏，小镇的尽头就是司马台长城，还开放夜游有野趣；在北京市中心有直达车,2
9284,这两年才比较火爆起来的景点，北京人周末度假圣地，就是要收门票，民宿价格略贵。很避世的感觉。,2
9285,总体不错，吃吃逛逛，好好好,2
9286,今天，来到古北水镇，风景特别美，尤其是晚上，导游靠谱，团票有非常便宜，值得一看，开心的一天,2
9287,提前一天订的5月4号的酒店，780元一晚，属于正常时的价格，这个酒店基本没有低于这个价格的时候。 酒店离景区入口走着3分钟距离，环境好，有自己的停车位，可导航直接去这个酒店办理入住，然后就进景区，下午3点可以入住，其实是非常方便，景区内的客栈最低也是7百多，条件和管理一定是差不少，景区内的酒店价格较高，2千算正常的，性价比略逊。 酒店在我们入住后送了一份水果，一份点心，晚上查到我们有当天生日，特意送了一份生...,2
9288,北京的古北水镇是具有江南小镇风格的，有商业街，有各式仿古特色商业店，有灯笼店、琉璃店、乐器店、小吃店、风筝店等等，有些店里的装修也非常值得观赏的，值得好好浏览观赏一番。,2
9289,购买索道联票更划算哦，否则单程索道就90元了。 进入景点先乘船，可以直接到达司马台长城索道那儿，乘船个人感觉很不错的。 然后步行下长城，继续游览古镇，既不累，景色看的也全。,2
9290,买的是古北水镇和司马台长城的联票，头天晚上买的第二天用。显示二维码后截屏后预留使用。进古北水镇扫一下二维码，到长城门口再扫相同的二维码。从长城出来后再进水镇还要再扫一次二维码，所以还是先截屏比较好，挺方便。,2
9291,北京的后花园古北水镇是个好玩的地方，水镇内有美食街，美食街里各种小吃琳琅满目，口味各异，当然也有南方人一般吃不惯的羊杂碎汤。,2
9292,管理完善，价格合理，可以选择错峰来玩,2
9293,里面挺大的，有一个染布纺，八旗会馆，挺有特色的，五一假期人非常的多，停车吃饭都有点儿费劲，有个灯光秀，因为人太多没进去，在一个大广场有个戏台，有综艺节目，相声，戏曲等演出，那儿的饭馆儿吃饭人还行。,2
9294,古北水镇确实不错，是一个商业很成熟的综合体，看得出来是经过精心规划和设计的景区，这次只去了一半的景点，下次再来的话，再看另一半的景点，游船的话，还是应该白天游船，我是夜游的，其实观感一般，不如白天景色好,2
9295,在号称北京的后花园的古北水镇，穿过水镇的街面，转到水镇各式小店后的小河旁，这时，突然有一种感觉，这是在北方吗？这分明是江南水乡啊！,2
9296,导游小姐姐人美又负责，中午饭好吃丰富，行程还送了剪纸和明信片。五一人有点多，人少的时候逛可能更好玩。在缆车上也看到了小镇夜景。值得一来！,2
9297,五一假期，人太多，但导游雪瑶带队迅速，让我们最快速度玩的好尽兴，好开心的一天,2
9298,水镇挺美的，就是五一人有点多，可以三四月份不热的时候来。杨导小姐姐也很靠谱。,2
9299,总体不错，尤其夏导很热情👍,2
9300,古镇风景非常美，就是五一假日游客特别多，有些拥挤，其他都挺好，来北京值得一玩的景点，感谢刘博导游一路上耐心、细致的服务！,2
9301,从早上7点到晚上八点，从石林峡到古水北镇，很充实风景很美。感谢王丛丛王导的一路讲解和引导。期待下次再来玩。本次旅途很开心。,2
9302,北京热门的旅游景区，适合休闲渡假、江南水乡风格和民国风情的小镇。游玩时间完全看个人兴趣，专门有一个“童玩馆”，适合带小朋友玩耍。,2
9303,古北水镇，王珞丹代言、北方小乌镇。古北夜景，世界25个最美夜景之一。一个清新宁静的地方，适合各种文艺清新范、有着古镇情节的旅友们。,2
9304,还算一般，就是普通的古镇，建议夏天去游玩，景色会更宜人更美丽，建议游玩时间3-5h，可以先一路走着，边欣赏古镇边游玩，回来的时候可以做电瓶车，附近停车方便，就是离景区距离较远，性价比不高，选择需慎重。,2
9305,谢导人很好，热情细心。行程安排合理，体验不错，值得推荐。,2
9306,很有意思的一次周边游～ 今天的天气也很给力。还是很值得来一趟的。对于我来说，很新鲜看到染坊，酒坊，了解到可能以前的衣服啊，酒啊都是如何制造出来的。如果时间充裕的话其实住一晚选择不错～ 因为晚上有很多表演～ 这次没有看到喷泉，下回吧～,2
9307,客服和导游都挺好的，有耐心的解答问题，水镇确实挺美的，值得来一趟，玩的很开心，时间充足，带父母可以走走停停，不累，很自由,2
9308,古北水镇和先前去过的乌镇、朱家角很相像，是北方的水乡小镇。小镇不大，但是游览内容挺丰富的，在这里既可以乘坐乌篷船，体验水乡的小桥流水，又可以品尝到许多小吃，还可以欣赏到皮影戏，喷泉灯光秀等。这里还有司马台古长城，登上长城，可以俯瞰整个小镇景色。逛累了还可以泡泡温泉，缓解疲乏。两天的行程很宽松，可以把小镇逛过来，享受一下慢生活，还是很不错的。,2
9309,非常好，午餐也不错味道赞！到了水镇自由活动，临时买了夜游司马台，看到的景色确实不错，推荐。夜景也玩了，音乐喷泉真的很震撼，一定要去看哦。晚上还有放电影的，有那种小时候的感觉。开心。,2
9310,古北水镇很美啊，尤其是夜景，简直是陶醉了。,2
9311,古北水镇四季皆宜，古北水镇比邻司马台长城，观看日出是来古镇不可错过的活动，伴随着第一缕阳光的洒落，整个司马台长城更宛如一条金龙盘旋在蜿蜒起伏的崇山峻岭之巅，蔚为壮观。站在司马台长城上可以俯瞰到古镇的全貌，静谧而灵动，透着勃勃生机。,2
9312,水镇人现在还不多，夜景很漂亮。摇橹船也很好江南水乡的感觉,2
9313,一天下来很满意，古北水镇表演很多，看了水舞秀，夜光杂技还有古巴舞蹈，张新导游声大心细又幽默,2
9314,王丛丛导游非常温柔，讲解很详细。大巴车很干净也准时，大概两个半小时就到了，感觉跟着一日游走更加省心，坐车上导游讲解之后就眯着节省体力。以前从没来过古北水镇，真的挺美的，感觉特别安逸舒服，没有嘈杂匆忙的感觉。团队午餐很棒哦,2
9315,很棒，去年十一去的~很好玩儿，也适合拍照~北京附近很有特色的景点,2
9316,景区门票价格偏高，成人140元，停车场面积很大，按次收费不限时，这个不错。从停车场到景区要走一段距离，在游客服务中心购票入园。,2
9317,非常感谢宋导，我们一共四人，只有我懂中文，其他几位是法国人，行程只靠我来记，有没记住的宋导都很耐心的讲解。还给了我们很多好的建议，品尝了豆腐角，桥头糕，得月楼的烤鱼等等，夜长城是不错的选择。很开心的一次旅行，我们选择的是二天一夜入位住古北之光酒店，晚上去段家温泉泡了温泉，御大温泉正装修沒开门。他们都说没玩够下次还会来！老外让我转达感谢宋导merci beaucoup !,2
9318,三月初和几个朋友自驾游盘山，然后转战古北水镇，玩的特别好。先爬盘山挺累的，然后吃完饭开车直奔密云古北水镇，给我累坏了，到那都天黑了，订的民宿，五个人，五百多一晚，上下两层有露台能看水镇夜景，自己买食材吃的火锅，挺好。第二天快中午起来进的水镇，然后玩到四点多出来回天津，当司机是真的累啊！,2
9319,水镇的风光很好，仿古的建筑设计还是很吸引人的。到这边游玩的人真不少。景色秀丽，人文景观丰富，可以有不同多种的体验。值得一逛。,2
9320,位于北京市密云区的古北水镇坐落在司马台长城脚下，古镇风格与乌镇近似，大大小小的明清及民国风格院落，游客服务中心旁是一家星级酒店，古镇内有不少特色民宿及餐饮美食小店，饮品店。,2
9321,小镇内街道两旁有各具特色精致的小店，有美食餐厅、快餐店、和饮品店，咖啡馆。天气晴好的时候可以坐在店外，喝杯咖啡，感受蓝天白云，遥望远处的司马台长城，心旷神怡。,2
9322,尤导服务很满意，景色也很好。,2
9323,走在古北水镇的街道，远远的就可以看到山坡上的圆通塔寺，沿石阶上山，进入寺院，院内游客不多，环境清幽。一直往里面走就可以看到圆通塔。,2
9324,非常惊喜的一次旅行，超值，吃的好，玩的好，导游董伟很负责，这一路辛苦她了，看图吧,2
9325,上午到张裕爱斐堡酒庄，欧洲风情小镇，草和树还没有完全长出来，觉得夏天或者秋季来会更美，不过现在也别有一番风情，是北京春游的好去处，品尝了美酒，这里的酒也不贵，一天时间太短，下次来这住几天玩，问讲解说酒店也不贵400多的也有，古北水镇里面的要800-1600元，相比较这里住宿性价比高，想报此团的朋友不用犹豫，超值，赶紧报，导游董伟说到了五一以后就人山人海，导游不错，人很实在，一路辛苦拉,2
9326,很有特色的人造景观小镇，有乌镇的感觉。里面的景观很精致，设计者是用心在做了。除了景观之外，特色小吃也挺多的，可以顺便饱饱口福。而且就在司马台长城脚下，可以顺便爬下长城！,2
9327,停车场很大，车位充足，停好车往小镇里走就是游客服务中心和购票处。大厅中间有一家星巴克咖啡和旅游纪念品商店。服务设施比较完善。,2
9328,北京周边最值得一去的古镇。无论是白天还是夜晚这里都是那么的美，你还可以去登长城，泡温泉♨️，享美食，最主要的还有溜娃，这里的童玩馆简直是看娃好场所。,2
9329,白天和晚上两种风格的景色，游玩放慢脚步，一张古镇门票，可以玩到晚上十点，去的朋友，一定不要错过夜景，非常美，如果说白天还能感觉北方的粗犷，晚上就是江南的平静与秀丽，可以在景区外面定个民宿，都是统一专业管家管理，从停车场到民宿，有专车接送，非常方便。,2
9330,住的古北水镇大酒店，从酒店买票录入指纹可以无限次出入当天，水镇环境很好，可以坐船有几个码头可以下，有温泉在古镇中，晚上有灯光秀,2
9331,古香古色的风情小镇，停车场比较大，自驾出游比较方便。小镇面积不小，两边是特色商店和餐饮美食小吃，咖啡馆。游客可以在小镇大舞台欣赏到传统戏剧表演。,2
9332,很好，行程安排合理，午餐也不错！导游人也很好，很照顾大家！玩的很开心。,2
9333,古北水镇淡季去其实一天就足够了，可以选择上午先逛逛水镇和山顶教堂，下午去爬长城，长城不高，体力不好的小伙伴可以爬上去在坐缆车下来。,2
9334,天气晴朗，预订地点非常好找，准时出发，行程大约两个半小时。清明第二天去的，人少了一些。午餐非常棒，在古北之光酒店宴会厅吃的，环境也非常好！导游姓杨叫杨磊，很细心，服务态度非常好，很实在。下回有时间还走他的团。,2
9335,非常满意，40的中餐超值，已推荐给朋友,2
9336,尤导非常耐心解答问题，幽默风趣！,2
9337,今天的游玩很开心😃小卢导游车上讲解也很到位，总之，很不错的一次出行！,2
9338,来回大巴挺好的，团餐很好吃，旅行社还报销了来回地铁票。水镇夜景真的很美，充实的一次旅行。下次还会再来的。,2
9339,挺好的，姚导比较负责 就是去的时候 路上太堵车了,2
9340,水镇夏季凉爽宜人，是不错的旅游地。,2
9341,今天一天还是满充实的，玩得还蛮开心的哦。谢谢董伟导游的耐心，人特别好。,2
9342,服务做的很细致到位，态度也很好,2
9343,每个季节景色不一样，这个时候春暖花开，景色还不错，开始变成绿色的世界，跟团走也很省心，早上出发，到了先吃饭，吃完饭自由活动，可以看夜景，夜景真的很赞，强烈推荐音乐喷泉，好看 很震撼！小吃还不错，推荐桥头糕。,2
9344,司马台长城脚下的特色风情渡假小镇，民国风格的仿古建筑和店铺，精致的咖啡店，仿旧时小酒馆，京味儿十足的老物件，大戏台还有京剧演出可以让游客观赏。,2
9345,在游客服务大厅购票，验票后进入古镇，服务大厅有一家星巴克咖啡，大厅紧临着酒店。古镇建筑古香古色，类似乌镇的江南水乡风光。,2
9346,距离北京市区大约一百五十公里左右，开车去停车场很大，车位充足，停车每次十元不限时。门票成人每人一百四十元。服务设施比较完善。,1
9347,特色风情旅游小镇，由北京市区前往小镇自驾车很方便，走京承高速，按导航提示即可到达。由北四环出发高速费单程大约六十元左右。,2
9348,每年都去一次，美得不得了啊！好山好水，好风景！江南四大水乡，除了乌镇以外，西塘、周庄、同里都去过了，还有一些不是特别著名的景点例如甪直、木渎等等，古北水镇比起来就是很新，也很贵，气候也不一样。,2
9349,初听古北水镇，不觉就会联想到江南的水乡。好吧！水镇也是尽力营造这样一种气氛，目的肯定是给干燥少雨的北方带来一种来自湿润温柔江南小镇的错觉。就像宣传片展示的那样“生活在北京，遇见另一个江南”，但是不像江南小镇大部分都有悠久的历史文化积淀，导游们还能随便说出几个关于此地的或美丽或忧伤的故事，古北水镇完全没有历史可言，2014年才正式开放迎客，因此在车上导游关于古北水镇的背景基本一笔带过，并无赘言，因为实在...,1
9350,王学红导游，貌美如花，幽默风趣，一路上跟我们谈笑风生，给我们详细科普了古北水镇的风光，叮嘱了我们注意事项，介绍了哪些地方要钱哪些免费，哪些地方值得参观，哪些可以不用去。让我们度过了一个愉快的旅程^_^,2
9351,景色不错，有山有水，山水相依。挺不错的一个地方，就是景区里面住的地方特别贵，一天逛不完。当地的特色菜也很好吃，不过虽然标榜是野菜，那肯定是你懂的。只能去附近的村里住民宿，价格不贵，服务态度就得看老板心情了。总之司马台水长城值得一去，比八达岭长城好玩多了。,2
9352,古北真的是北方孩子的福音，来到古北仿佛就像来到一个画一般的小镇，小镇特别大  休闲娱乐都很方便  适合一家子 情侣游玩 景区里的小吃也特别多 强烈推荐牛肉火烧和萝卜糕 敲好吃的  小镇特别适合拍照 美翻了 时间充裕的话还可以去泡温泉 爬长城 尤其是小镇的夜景 超级无敌巨美  除此 导游还会讲解 还会给出一些游玩建议 可以省去花冤枉钱 出行前可以跟客服咨询下 客服敲有耐心的 给出一些出行和游玩建议 这次游玩100分 下次有机会...,2
9353,古北水镇是北方水乡，站在桥上望着两岸的枕水人家，阑珊夜色，与白日风景截然不同。 当夜色将近，岸边微风阵阵吹来，姹紫嫣红的灯光浑然亮起，灯光与水影遥相呼应。 白天到来时，你可以把景色收之眼底，走到半截累了便可休息，还有天然温泉池在那里等候你，你可以进去享受放松一下，很是惬意。 游玩温泉到了傍晚你可以享受夜景，有空夜观长城很是不错，可以看到整个水乡夜景。 你以为这样就完了吗？不，因为还有⛲️音乐喷泉等着你...,2
9354,很好喝好玩好看，就说住房有点小贵,2
9355,今年春节去的水镇，晚上进入水镇去看夜景，灯光掩映之下，我真的美无法诉说。夜阑风轻，月淡星稀，浮光暮霭，寒谭映雪。唯一的遗憾，人多，休息的地方很少。,2
9356,很好，张导负责，态度服务好.说话办事太棒了👏.不枉此行！,2
9357,比较有特色的古长城，虽然有些长城段遭受损坏，但反而让人更加能看到古长城的沧桑，一幕幕烽火狼烟仿佛在眼前。,2
9358,很不错的体验，省去了排队买票的麻烦,2
9359,值得来的地方 很漂亮 很古老的建筑 晚上的时候更漂亮 建议住在水镇里面比较好呢,2
9360,帮朋友订到古北水镇一日，值得一去，来古北悠闲自在，吃喝玩乐，真的是度假的好地方，古镇里很干净，设施也很好，超级推荐音乐喷泉，真的很震撼很美。,2
9361,地方挺好的，活动也不少，但千万不要暑假去，人人人人人，吃饭排长队，喷泉看不到，人挤人。如果可以一定要在里面住一晚，晚上去爬长城看夜景，清晨起来逛逛人少景美,2
9362,说实话，古北水镇是我们此行我最报以希望的地方，确实选择最糟糕的行程。不知道是我把它想象的过于美好，还是他们广告打的太好，一个半天加一个晚上下来，除了景点内卫生间确实干净，随处可见这点可圈可点，没有啥值得看的。大家图片看看就罢了，没有拍到的那么好。,0
9363,距离北京市区开车约2.5小时，逛的话有古镇，有长城，吃的话有小吃，有餐厅，价位适中，最推荐烧肉馆，住的话有两个酒店已经各种客栈选择，总之很适合情侣或家庭来度假。因为同属于乌镇管理，所以整体体验很好。,2
9364,古北水镇位于北京市密云区古北口镇，是司马台长城脚下独具北方风情的一个度假式小镇。小镇里有小桥流水人家，有许多民俗的店铺，有大戏台，有图书馆，过年去能感受到十足的年味。,2
9365,很不错的一次旅行，首先张导游很负责，也很有素质。古北水镇很值得一去，虽天气很冷，人很多，但风景很不错，值得一去。,2
9366,景色和描述的一样 很美 尤其是晚上，司马台长城很赞。张导非常靠谱，非常开心的一天～,2
9367,很不错的一次旅行，首先张导游很负责，也很有素质。古北水镇很值得一去，虽然今天是大年初三，天气很冷，人很多，但风景很不错，值得一去。,2
9368,感谢杨导！服务周到。新年快乐😄️,2
9369,景色和描述的一样 很美 尤其是晚上，司马台长城很赞。夏天来应该感受更好。张导非常靠谱，从讲解和分享小的tips都用上了，人还很幽默，总之充实且开心,2
9370,很早之前的照片，秋天去有些冷，但是露天剧场看演出时候给配毯子！赞,2
9371,客栈里的饭菜实惠好吃。早知有古北何必下江南哈哈,2
9372,非常棒，订了两个一日游，都很棒，玩的也很好很愉快。一路上导游讲解也比较风趣幽默，讲解一些注意事项啥的，导游人很好。古北水镇还是很不错的，景区很干净，特别有南方古镇的气息，能看的出来很用心！很赞，下次还会来。,2
9373,去古北水镇正好赶上阵雨天气，不过别有一番风情～         古北水镇位于北京市密云区，是司马台长城脚下独具北方风情的度假式小镇，有些乌镇的感觉，里面很大，集观光游览、休闲度假、商务会展、创意文化等为一体。          我们去的那天，看到不止一对，穿着古装拿着单反在那里拍写真的游客，感觉棒棒哒，，，附近的住宿比较贵，根据个人经济能力选择哈，我们当天起大早，一天来回没问题，一样玩的尽兴～         总之，古北水镇...,2
9374,北京的水镇夜景还是很漂亮的，缺点节假日去的，酒店费用翻倍成本不低呀，住一晚可以出国游了。建议不要节假日去，在镇里住一晚感受一下不一样的北京,2
9375,秋天最美的季节去的，工作日人少景美，小镇里开发很好，每家店都很有特色，值得逛,2
9376,在2018年最后几天完成了古北水镇之行，没想到选了最冷的两天。从西南四环出发，开车正好花了3个小时，由于平日去的加上天冷，到了停车场看不到一个人，我们只好顺着仅有的景区两个字的指示牌往里面走，10分钟之后终于找到了服务中心，赶紧进去暖暖。服务中心挺大，还有个星巴克，找到办理入住的柜台，拿上门票，摆渡车票和行李托运票就去托运行李，被告知行李要一个小时才能到酒店，算了，自己带着坐摆渡车吧，好在服务人员帮忙把...,1
9377,本人特别喜欢古镇旅行，冬日淡季选择了这里，也是一直以来想去的地方，虽然是淡季没有绿水青山，但冬季的景色也不逊色于旺季。游客不多，走到哪里都不拥挤，而且有时街道上空无一人。赶上晴天日照充足并不觉得很冷，从入口一直走到司马台长城。沿途欣赏着冬日的美景，值得一提的是夜景更是美丽！此次旅行非常满意！,2
9378,古北水镇的小店里卖的东西好精致呀。最喜欢逛这样精致的小店了。晚上在古北水镇里边逛边吃，别有一番风情。那会儿正好快要过母亲节了，有卖八音盒的，很适合送给母亲。,2
9379,1、预约换票处，在游客中心广场（下图左拐）左侧的城门内，穿过城门，就看到【长城专项游览预约处】。换好票，在门口乘坐景区免费专车前往长城,1
9380,据说，“烧肉、烧酒和烧饼”是这里的特色，所以算是慕名来打卡~,2
9381,还有很多景点和区域，因为人多和时间问题，我们都没有去。想来看秋天的红叶，希望能够再来。,1
9382,这是 古北水镇 的最高点，可以鸟瞰整个 古北水镇 的全貌。爬上山顶教堂，看层层叠叠的石屋在视野中越变越小；看夕阳渐渐西沉，余晖洒落古镇。事实发现，在山顶教堂处是看不到日落的……要在前往或离开山顶教堂的石道上才可以欣赏日落哦。指导舍友在给我拍照的时候，被一群可爱的阿姨们围观了。,2
9383,从古北水镇下山往回走。夜晚的时候路过很多精美的小店，其中有一家是卖灯具的，很喜欢里面的灯笼。等我什么时候攒了钱，一定要买一个放在家里。,2
9384,在北方算是很不错的，价格不算便宜，景色很漂亮，孩子很喜欢，住在这里觉得也不错，就是冬天太冷了，总体还可以，预定很方便，住宿比较贵,2
9385,一晃儿时间过得真快，上次来的时候还没穿外套呢。夜晚从司马台长城下来，探索了古北的很多小店。很多卖工艺品的小店，我特别喜欢。就是价格不菲。,2
9386,杨娇导游很负责，一日游很愉快！已经是N次来古北了，这次赶上圣诞，景区很美。还去夜游长城，风景很美，期待下次旅程.,2
9387,冬天来这里别有一番风味呢，不堵车，开过来两个小时，酒店不能入住，先去古镇溜达，水都结冰了，目测还挺厚实，瀑布也是冰柱的效果～本以为没多少人，走到了吃饭的地方，人一下全出来了的感觉……赶上圣诞节活动，还挺有特色的,2
9388,夜晚的司马台长城真美。长城沿路的灯都开了，形成一种独特的风景。我们坐缆车从长城上下来，又游览了夜晚的古北水镇。很多水镇的项目都关闭了，但是不影响看风景呀。,2
9389,下司马台长城的时候，路过古北水镇。古北水镇的夜景真美。好喜欢这一排排美丽的小房子。别有一番风情。错落有致的房子和南方水镇又大不相同。,2
9390,很美非常适合家庭出行，美得不要不要的,2
9391,从北京旅游回来后忘记点评啦，过了几个月，正巧今天看到，我们当时是 李娟导游带的团，讲解非常细心，到位，也非常认真，和蔼可亲，感觉携程有这样的导游真的是很棒，给李娟导游点赞，谢谢！,2
9392,选了圣诞季来古北水镇玩耍，选了一墙之隔的客栈居住，环境很不错，中午出发，买了长城和水镇的门票，选择先去爬了司马台长城，买票时被告知开放到第六座烽火台，我们只爬到第五就上不去了，下来开始各种逛各种吃，欣赏了古镇的白天与晚上不同的美，有机会还要再来！,2
9393,位于北京密云区古北水镇景区内的古北水镇古北之光温泉度假酒店，是我第二次入住古北水镇旗下的主题酒店，第一次入住还是古北水镇酒店，这两个酒店在硬件上难分伯仲，只是一个位于景区外，一个位于景区内，温泉非常舒适，还有外国人演出表演，拉丁舞，芭蕾舞，西班牙舞都独具特色，酒店大厅很豪华，乾隆皇帝和富察皇后头像分立两旁，一种皇家气派，酒店内部安静，早餐种类繁多，中西结合。酒店房间内中国风风格，独立马桶与洗浴分开...,2
9394,​从古北口饭店出来就是古北口水镇了，这里可是京城人民近郊游玩最好地方。探古镇，体验参观镇远镖局，八旗会馆，司马小烧酒坊，杨无敌祠等。仿佛到了水上江南的感觉。惬意舒服。这是我第三次来到古北水镇了虽然季节不同，但是景色依然美丽。可以说这里是北京的江南风光，这里仿佛让我穿到了周庄，小桥流水人家的感觉。夜景照片感谢梁老师提供。航拍 感谢玻璃提供司马台长城,2
9395,来时正巧清明时节的大雪，阳光初照，古北水镇难得一遇雾淞。雾淞为何难得？小学课本里面就讲过，温度低于零度，水结成冰；高于零度，冰化成水。而雾淞需要两个必要而又相互矛盾的自然条件：足够的低温和充分的水汽。也被称作是“冬天里的春天”。,2
9396,夜间古北水镇很有特色。喜欢这样的小民宅。看上去既有历史感，又用现在的小别墅气息。希望有一天有钱了以后，我可以在这边的民宿住一晚。,2
9397,晚上路灯燃起，整个水镇沐浴在黄色的灯光里，很有意境。古北水镇更像古水古镇。房子看上去很古老。像是有些年月了。也算是历经沧桑的了。,2
9398,《采桑子。古北水镇》(中华新韵)   长城古北水乡好，画舫游春，水镇泉温，古寨水街柳岸荫。      京师锁钥鸳鸯美，司马龙腾，四季花灯，度假休闲爬望京。(祖国山水914),2
9399,有山有水，不宰客，还能免费观看杂技表演，就是离北京市里远点有好几个小时的车程,2
9400,缆车上下，主要看夜景，天气很冷要在外面排队等缆车，主要就是看夜景的古北水镇，长城只能看一个烽火台，其它的都不开放，就算都开放也爬不完。性价比不高，如果住古北旗下自己的酒店价格还能优惠,0
9401,北京中心120 多公里处的一个古镇，算是北京的郊区的一个地方。我去的时候人不多，景色虽然美但是没什么特别独特的地方，周围吃偏贵，可能是旅游景点的原因,1
9402,十一月底来的，属于淡季，可人还是不少，里面很多小吃都关了，夜景不错，里面的工作人员服务很到位，如果来最好住在景区里面，门票可以进出几次，门票在北京的景点里算是贵的，150,1
9403,夜晚的古北水镇特别美。这里和南方很多古镇没有什么区别，有山有水也有你。正巧半山腰在举办音乐会。很多人驻足围观。从司马台长城下来，就看到这样的一景。,2
9404,有乌镇的水乡和北方御敌的古北口长城的主题相结合，于现代的服务和传统的建筑和遗迹中游弋，再加上美景和美食，能暂时平静烦躁的心情，,2
9405,小桔灯在清凉的春季夜晚，给我们带来了些许温暖。那是我第一次爬长城，司马台长城给我留下了美好的回忆。不好的就是那次是我18年第一次被蚊子咬。,2
9406,春天的时候最适合爬长城了。这次我选择的是比较小众的司马台长城。很开心第一次爬长城就绕开了大量的人群。正好不是在周六周日，也不是像嘉峪关，居庸关那种比较大众的旅游景点，再加之是在黄昏时分，所以人没有很多吧。温度也适宜，不冷不热。站在长城上看落日，好美呀。,2
9407,谁说长城必须要白天爬呀？傍晚爬也是极好的。不到长城非好汉，这次我终于成为好汉了。这次我成了一个货真价实的女汉子。黄昏时的烽火台很美。落日余晖下的长城，显得那么高冷。由于周围都是山野，春天去的时候，晚上蚊子还挺多的。,2
9408,陪着朋友一起来的。朋友想带另一个国外友人了解一下中国文化和历史，欣赏一下中国的美景，体验一下在中国爬长城。我正好也从来没爬过司马台长城。别说司马台长城了，我那时候连长城都没爬过。所以是一次难忘的旅行。黄欢下的司马台长城真美。长城上的小桔灯照亮了沿途的路。本来拍了一段小视频的，结果时间太短了，没法上传。只好截图了。,2
9409,司马台现在也算是赫赫有名。在北京的三个长城中，八达岭和慕田峪长城算是比较出名的。我看来现在司马台长城有后来居上的趋势，在这里不仅可以看到长城，另外一个非常吸引人的就是古北水镇，这个古北和上海的古北新区完全是两个概念，但是在北方能够发现这样的江南水镇确实令人惊奇，整个的小镇世界里在水上。河道非常的密布。而且古桥很多。来这里穿越到了古代的时光，而且这里也是个休闲的好地方。,2
9410,还不错的一次旅行。小桥流水的柔美婉约与长城的阳刚坚毅交相辉映，形成北方“江南水乡”的独特之美！值得一去。,2
9411,太阳快落山的时候坐索道上了司马台长城。上去以后如果要去烽火台还是要步行自己爬的。落日余晖下，从长城向下远眺，还是很美的。这段长城整体没有居庸关那段难爬。台阶不多，但是有点抖。恐高症胆小的人比如我还是望而生畏了。,1
9412,订制的是双人两日游，不错省事，解决了车子和住宿，行李直接托运到住的客栈，退房客栈又将行李托运到客服中心，水镇只支持微信和支付宝扫码支付，不能收现金，统一化管理。古北水镇是个休闲漫游的小镇，导游说我们来晚了点，10月中旬来小镇是最漂亮的时候，红叶挂满了整个小镇，非常的美，小镇有江南乌镇的秀美，又有北方京都的宏伟，依山傍水，还有列入世界遗址的司马台长城，以险、峻、惊、陡著称长城最原始的一段。小镇有很多小...,2
9413,据说，每个季节的古北水镇都有不同的美，我把第一次选在了秋天，五彩斑斓的树叶装点着一座城的绚烂，一家挨一家古朴的店铺诉说着曾经的辉煌，铁板书、京剧、皮影戏、相声，那些曾经走街串巷的艺人如今在高台或者剧院里演绎着他们的戏剧人生。带着没有看到夜景的遗憾离开，古北水镇，期待下一次的相遇！,2
9414,北方的小江南，景色优美，适合带着家人来度假。,2
9415,总体来说，在北方，有这么一个江南风情的地方很不错了！值得周末去一下！可以住酒店外面的民宿，酒店还是有点贵的，建议下午到后先去长城景区，然后下山后在古城溜达，这时候灯光点亮，更是好看。,2
9416,真的性價比超高 風景美 長城古鎮 留下美好回憶 長城一定要走一遭司馬台 並且整個從頭到尾走一遍 體會歷史的滄桑感 物換星移,2
9417,很棒的古北水镇 在北方是比较难得的 仿水乡风情 却保留北方风情 亮点是长城 夜景更是美极了 古镇里面还有温泉 特别棒 四季都适合的休闲地 镇里面还有一些特色小店和小吃 逛吃逛吃一天绝对没问题 也不会感到无聊 时间充裕强烈推荐住一晚感受夜间 棒棒哒,2
9418,古北水镇夜游别有一番味道！这个时间正好，有点微凉但人少，可以很悠闲的慢慢逛！,2
9419,主要是吃喝，然后逛逛再看表演，夜景的灯光效果不错，值得一看，拍照效果好。喷泉表演也不错，值得一看。拍夜景要么上山顶教堂，要么上圆通寺，居高临下。我上的是山顶教堂，但事后看可能圆通寺的效果应该会更好，大家可以试试。,2
9420,我是10月28日去的，景区外的停车场挺大，停车还算方便。但山上的红叶基本掉光了，没有看到期待的景色，就是爬爬长城，长城比较原汁原味，第五烽火台后两两边的城墙也没有了，第八烽火台以后也封了，没上，就乘缆车下来了。,1
9421,烽火台在黄昏之后观赏别有一番风味。但是古人应该没有时间赏烽火台吧。他们应该助手在烽火台里发现敌情的时候就点燃火把。不得不佩服古人的智慧。同时我又担心他们在秋冬时节露宿在烽火台里，会不会特别冷？当年孟姜女就哭的悲天恸地的。,1
9422,最近的北京，温度持续维持在1℃~20℃之间，出门很少看到短袖上身了，被深秋的寒意所包裹，明长城脚下的古北水镇，一番小桥流水人家的景致，江南般的温婉柔美，送来寒风中的如水温情。图片来自去哪儿聪明旅行家@小达叔叔有很多像我一样的北方人，都会非常的羡慕生活在苏杭江浙一带的人们。然而，在北方也有一座风景秀丽的古镇——古北水镇，它既融合了江南的秀美，又兼并北方的巍峨。图片来自去哪儿聪明旅行家@小达叔叔古镇的西端与...,2
9423,登高望远，登高必自卑，行远必自迩。我来登山了。长城建在山上，是古人智慧的结晶。我不禁联想到果然是需要多少劳力，耗费多少年的心血，其中又要牺牲多少人马才能建成这么浩瀚的长城呀？很喜欢这样的烽火台。在里面可以遮风寒。冬暖夏凉。,2
9424,一直想要打卡的地方。总听朋友说如何美，但总觉得去看过真的江南美景，这人工建的江南水乡也不过而已。但这次游览完，真是完全改变了自己的想法，不虚此行。 古北水镇既有江南水乡的清秀灵气，又有北方的浓墨重彩。尤其是在北京的深秋时节，蓝天白云的映衬下，更是犹如油画般迷人。清清的水，蓝蓝的天，白白的云，绿绿的树，红黄的叶，画面绝美！ 古镇中有许多有特色的店铺，如染布坊，酒坊，药房等，在购物的同时，也能了解学习内...,2
9425,古北水镇在北京的密云县，距离古长城遗址很近，是近几年新修建的仿古小镇。古镇管理体制很好，与乌镇是同一个公司在管理。小桥流水人家，蓝天白云下的长城与南方的水镇又是另一番风景。,2
9426,这个季节来这里逛正合适。这算是北京比较小众的旅游景点吧，虽然人也挺多的，但是比起故宫啊，长城啊，人头攒动的景象，这里就清静得多了。当然我去的时候也不是节假日。很喜欢古城这一座桥。桥的一侧房子都是民宿。很有文艺气息。也有江南水乡的感觉。,2
9427,美丽的古北水镇，有山有水，还有古城。我希望有一天可以带着心爱的人来这里。那时候我希望时间可以足够充裕，我们在这里住上一两天，体验一下这边的民宿。真正的住在古城里。小吃街里的梨糕太好吃了。桥头糕我觉得就一般了。,2
9428,我们经过小吃街，从一个岔道口选择了一条路，景色更深幽些的路往古北水镇的民宿那边走。路上路过祠堂和各种有历史沧桑感的建筑，还看到了挂晒的真玉米。一副农家乐的淳朴景象。看到这些就不难想象到几百年前，北京城这条古道上的各种景象。,2
9429,带我们来的是北京老土著，来过这里多次了，对这里了如指掌。所以我们走的路线是最高效的。哪条路上什么值得看，哪条路走的最近，哪条路适合晚上回来早他都知道。就相当于一个专业的导游了。我们一路古北水镇就泛舟直上。路过一群鹅鹅鹅，曲项向天歌。,2
9430,活动很丰富，去了一定要吃桥头糕！,2
9431,游玩很开心，周六中午12点半也就到景区了，有点可惜没有住在景区内客栈，不过帮我们升级到水镇大酒店了，自助早餐超级棒！跟小伙伴对这次游玩非常满意！特别推荐想拍照的小伙伴早晨8点之前就进景区，人特别少，随便拍拍拍，10点半的表演都随便坐着看，周六日下午的景区人就太多了。,2
9432,刚买票进去，我们就乘船直上了，虽说也就几步的事情。但是陪同的人说，希望我们能坐船感受一下两旁的风景。和大自然来一个亲密的接触。太贴心了。我喜欢这些古代的建筑呀，不知道是不是历史上传下来的，但是后来又修葺的。,2
9433,这边风景独好。以前多次次听说过古北水镇的大名。终于有机会来亲自的目睹体验了。虽然是带着任务来的，但是行程整体玩得很愉快。连我们来的人对古北水镇特别熟悉。所以用最短的时间，最高效的游完了全程。刚进了古镇，我们就坐了船。微风袭来，水波不兴。,2
9434,古北水镇，色彩缤纷，景色宜人，古朴、典雅、美丽，畅游山水间，风景如画，蓝天碧水，仿佛看到了仙境，墙壁上挂满了红色的爬虎，太迷人了。,2
9435,不错的地方，值去看一看，建筑别致，各店铺冷气充足，服务热情，景区内各项服务设施齐全，而且做到观景，游玩，学习融为一体，让孩子乐此不彼。,2
9436,非常愉快的一次古镇之行，住行旅行社安排的都很周到，让我们可以无后顾之忧的放松游玩，导游老张人非常好，讲解幽默全面。,2
9437,非常开心的一次旅程！从行程开始说起，大巴车从望京西出发，正规大巴车，空间很大，由于不是周末，有很多空位，一点不拥挤。导游是个个性帅哥-宋导。人不磨叽，上车之后开始讲解行程，注意事项，整个流程，很有用，很用心的听了之后，决定选择长城夜游。推荐的客栈菜馆也都去尝了，味道不错，价格公道，其中一家菜馆还巧遇宋导，可见是良心推荐。去之前还为了选择古镇之光酒店还是客栈纠结，去了之后非常庆幸选择了客栈，随机安排...,2
9438,长城加门票170元，长城很抖！,1
9439,说到古镇你能想到的是什么？小桥流水的江南还是粉墙黛瓦的徽州呢，其实在中国北方还有这样一座古镇，它背靠中国最美最险的司马台长城坐拥鸳鸯湖水库，是典型的民国风山地四合院建筑，青石板的老街，北方四合院式建筑，真可谓一步一景，不管是春夏秋冬，不管你是儿童，老人还是文艺青年在这里都能找到你的属于玩法；秋季更是古镇最值得期待的季节，一草一木构成了色彩斑斓得古镇童话。 水舞秀表演、夜幕下的星空小镇、无人机孔明灯...,2
9440,在北方而言有这么个小城还是挺惬意的，不是特别大，每逢节假日人还是不少，走走停停，看看湖水山色还是不错的，消费吧景区都不是很便宜,2
9441,真心的一般！商业气息太浓！不值得一去。如果去过乌镇就不用去了没有可比性。太新了里面的商家价格偏贵有点宰游客的感觉，羊肉串25一串,0
9442,一个人出来想散散心，就报了两天自由行，郭导服务很好，很热心，早上出发晚到了几分钟郭导也是耐心等了一会，特别感谢，酒店虽然补了房差，环境很好很干净，里面吃的玩的应有尽有，郭导也是耐心推荐，总之很满意这次行程，里面景色超美，尤其夜景，真是一个散心放松的好地方,2
9443,古北+K9444:K9513水镇的秋色简直太迷人了！绿，红，黄，橙等多种颜色交织在一起。爬山虎布满屋檐，巷尾。不愧为红叶小镇。 【服务】 周全到极致。给客人很好的体验感。游客大厅气派。 特色： #免费行李托运 乌镇集团统一管理景区的酒店、客栈，所以可以做到在游客大厅为客人办理免费行李托运。客人轻松游玩，行李直接被送至入住酒店。 #刷脸多次入园 便捷。景区检票口旁，入住酒店的客人可持身份证办理。 #免费宠物寄养 在游客大厅右侧免费办理...,2
9444,超级棒，小镇景很美的，到了之后可以自由活动，到处逛逛，有吃的有玩的，有看的，挺不错，建议不要夜游长城哦，我就因为夜游错过了孔明灯，在长城上市是不怎么能看清的，而且晚上的长城风景基本看不见，还超冷，有些地方也不能爬（安全问题），不得不说住的很棒，基本会有温泉赠送，记得带泳衣～,2
9445,带着父母孩子一起出游，遇到了热情的房东。从介绍景区游玩儿去处到温馨提示昼夜温差大多带衣服。句句贴心。一定介绍朋友订房。好房子要共同分享！,2
9446,水镇里非常好，整体都是仿乌镇建设，真个镇都是，看不出人为的痕迹。里面的司马台长城也不错体力一定要好，要不还是乘坐缆车吧。,2
9447,行程很好看了要看的景點，自己來應該沒辦法這麼周全，最後謝謝玉姊和光頭司機的幫忙，讓我轉搭別的車順利趕上9點北京發車的火車，也謝謝同團隊的格格和小楊司機的協助，讓我們順利返家！,2
9448,十一去的，人爆满，三号停车场离入口很近，网上可以直接购买成人票，以及套票，儿童票需要到检票口补票，电子售票都没有儿童票。古镇很大，爬墙虎都已经变红了，超级漂亮～人山人海啊，建议先去爬长城，不过晚上灯光亮起长城会更漂亮，里面小吃、餐厅、咖啡厅、酒吧都有，数不清的客栈民宿，由于没有住宿，不知道谁家的好～温泉也有不少，一天时间太过于匆忙，建议住在古北水镇温泉之光度假酒店，那个在景区里面。强烈推荐晚上七点...,2
9449,古北水镇中的建筑保留了古朴典雅的北方民国时代古镇风貌，河道干净整洁萦绕整个古镇，时不时有小船荡漾其中，周围大山环绕，蓝天白云映衬着绿水碧波，好一处休闲之所。,2
9450,北水古镇真的很不错，我们的导游玉姐服务的很周到、态度非常好，有缘下次再聚,2
9451,燕山脚下的一汪清水，皇家园林建筑的典范，乘船荡漾于碧波之上，十七孔桥、万寿山左右辉映，远处的中央电视塔若隐若现、美不胜收，虽处于闹市但远离尘嚣，是一个放飞心情的绝妙地,2
9452,景区里有有历史的东西，但也有很多是新修的，商业化气氛比较浓，不要节假日去，否则连吃饭都排不上队,2
9453,特别值得推荐，古北水镇的夜游长城以及秋天的红叶，简直太棒了。来北京还可以感受北方的民宿气息，在这边看表演，然后还有很棒的音乐水舞秀,2
9454,还不错水镇风景很好，夜景也很美,2
9455,杨导、一个年纪不大的女孩、非常佩服！玩的很开心😃、,2
9456,总体还行  面积挺大  值得一去,2
9457,古北水镇位于北京市密云县古北口镇，背靠中国最美、最险的司马台长城，坐拥鸳鸯湖水库，是京郊罕见的山水城结合的自然古村落。图片来自去哪儿聪明旅行家@小达叔叔在古北水镇，你不仅可以游览目前保持最完好的司马台长城，还可以在长城脚下参与体验感受当地独特的民情民俗：住进古北特色民宿。图片来自去哪儿聪明旅行家@小达叔叔当然，对于吃货来说，你也可以品尝烧肉馆等地道的北国美食和小吃，还可以去参观永顺染坊、震远镖局、司...,2
9458,带娃毕业旅游去的，从天津走高速开了将近5个小时抵达，也是自我驾车长途一次突破[偷笑]我们入住的是古北之光大酒店，在景区内部，所以我们进了景区后就完全封闭了。酒店有泳池，毗邻小吃一条街，离司马台长城也不远，非常方便,2
9459,这是第二次来古北水镇了，住在景区里非常方便，累了可以随时回客栈休息，每个客栈装修风格都不同，上次的枕水客栈这次的码头客栈都非常棒，这次还赠了电瓶车票、温泉票，还有露天泳池和无边泳池（非常高大上的感觉哦）。,2
9460,来到古北水镇是一定要住在这里的，这里的酒店感觉已经被统一化了，所以还是很整洁，各种设施还是很齐全的。北方的水乡还是很有特色的，而且在晚上的时候会安排很多节目，最经典的就是无人机放孔明灯了，感觉真的很震撼。,2
9461,一天的行程很丰富很充实，白导人美心善又专业，给了非常合理的游玩路线建议，一百个赞～,2
9462,车上的话筒不要不舍得修，都听不清楚在讲什么。其他都挺好的。小镇很值得去。,2
9463,闫导服务不错 人很帅气实在 一次愉快的旅程 没赶在节假日去太明智的选择 人不是很多 很好～,2
9464,景色很美  只是很遗憾 晚上急着赶回去 没看上夜景,2
9465,古北水镇位于密云司马台长城脚下，前几年去过乌镇水乡，被南方水乡风情小镇吸引，今日来到古北水镇，虽然与乌镇有着不同，但他更具有特点，在司马台长城脚下开发的具有南方水乡的风情又有着北方古镇的粗旷，尤其在雄伟的长城映照下更具特色！水镇大小房间爬满了爬山虎，如到十月红叶时，水镇将会更加风情浓郁！到了古镇一定要夜游司马台长城，从长城上俯瞰水镇！,2
9466,林中有林，山中有山，城中亦有城…美！,2
9467,环境很好。景色优美。果然是门票收的好些，里面的卫生打扫得到位。工作人员很称职。卫生间也很干净，一直有人打扫。洗手液，和洗完手后的纸巾都有。感觉门票贵点总归是有道理的。吃的东西有些小贵。但是完全可以接受，味道还不错。唯一遗憾的是没有坐船游古镇，原因是老公不喜欢坐船。好吧。有遗憾才会有再次来的理由。,2
9468,夜景非常美，厕所那绝对是星级，景区很干净，商业险化气息遮盖的很好，如果非要挑点儿毛病，美中不足的就是小吃还不够丰富，价格尚可以接受,2
9469,#穿着汉服去旅行# 司马台 · 与君书,2
9470,今年公司组织的是这里，住的地方是很好，出门就是古镇，长城很陡，一定要穿裤子，因为有的楼梯高度真的是接近九十度，穿上舒服的鞋子，古镇里面夜景不错，总体来说两日时间够够的了，,2
9471,非常好的一次出行，旺季旅游，自己去水镇，住宿特别贵，这样报团很合适，导游小锅也热情周到，安排的客栈各具特色，重点夸一下枕水客栈，从老板到住宿条件到早餐，给十个赞👍,2
9472,酒店好棒，环境比南方的还好，而且这里特别干净，晚上夜色是一定要看的，孔明灯和音乐喷泉大赞，导游小闫服务很好，没有太多废话，讲的东西都是重点，总体来说是最近最满意的一次旅游,2
9473,十分方便，不用排队，入口刷二维码就可以了,2
9474,享北方之凉爽，赏江南之秀色，乐古水北镇之娱，攀司马台之险。逛美景品小吃泡温泉登长城，愉快的2天意犹未尽。景区设施完善，服务极好。导游老张幽默大气，业务熟练，尽职尽责，妙语连珠，出口成章。 只是网页介绍较模糊，自费项目较多，要想玩全定要做好自费多于团费的准备。,2
9475,景色不错，远离市区喧闹空气环境都非常好，古北水镇夜景非常漂亮，手机是拍不出美感的。在长廊走走停停，仿佛穿越一般，晚上夜宿客栈，摇橹船从窗前划过，仿佛置身江南水乡的感觉。,2
9476,古北水镇是北京的北门户，一个具有江南水乡古镇韵味的北方古镇，山水、建筑让你好似置身江南水乡，真是早知有古北何必下江南啊。,2
9477,↪↪第2⃣次来到古北水镇游玩。上次是冬季，这次是夏季，完全是不一样的感觉。  ↪↪冬天的古北水镇，若是一位尽显阳刚之气的翩翩君子；  ↪↪夏天的古北水镇，则是一位略带阴柔之美的窈窕淑女。  ↪↪赶上周末两天整个北京迎来阵雨⛈️天气，雨️后的古北水镇没有了灼热的阳光☀，湿漉漉的街道更增添了几分江南水乡的感觉，让人怀疑到真的是身处北方吗❓,2
9478,买的古北水镇和御大温泉的套票，先从古镇最热闹的商业街开始游览，真心感觉是把南方的水镇模式特点都照搬来了，连卖的东西也都是大同小异，御大温泉在景区的最里面，快到长城检票处了，走了好远，累得腿脚发酸才找到，但真心不怎么样，比专业温泉差得好多，全当歇歇脚的地方吧,2
9479,开学前去了趟古北水镇，因为距离比较远怕玩的时间不够多所以定了两晚水镇外的爱依公寓，公寓距离水镇入口特别近，步行三分钟就到景区门口，很方便。,2
9480,郭导人好，服务认真，景色美，自由行来古镇是个不错的选择,2
9481,郭导人很好，也很热情，景色很美，自由行很不错。适合不错的选择哦,2
9482,古北水镇在建阶段门票是80元，现在都150了，在北京来讲这儿还算是比较可选的游玩场所。旺季人很多。停车场都容纳不下。内部特别有趣有价值的地方到没有。不过到是可以躲避城市的喧嚣，内部还在扩建，总觉得门店缺少些特色，卖的吃的也不是很多！期待日后改善吧！里面还有游船，建议最好徒步，要不会忽略美景。不得不说晚上的夜景还是挺美的！,2
9483,北方人值得一去吧，还是看夜景的灯光，别的没什么，临近傍晚的时候到最好，住宿景区太贵，当然消费观念不同，在景区里面得1000多2000多的标间，晚上灯光效果不错，总的来说值得吧,2
9484,古北水镇是2015年才对外营业，因此最初并没有对它抱太大的期望，主要是想去司马台，顺便一逛，结果，古北水镇给了我一个很大的惊喜，首先，虽然是新建的项目，但是所有的建筑都很有古味，整体风格很古朴，配上满眼绿油油的爬山虎，每一个店铺客栈都很有意趣，每一条窄窄的无人小巷都是摆拍的绝佳地点，青石板路，爬山虎墙，原木窗棂，随手都是一桢美照，入夜后的水镇夜景更是景点的主打项目，入住古镇内，可以泡温泉，可以观夜景，...,2
9485,司马台长城在古北水镇内，与古北水镇想通，性价比确实不高，但是却能够避开人群，拍到美景。相比八达岭长城会更推荐司马台长城。,2
9486,古北水镇作为京城的复制版江南水乡，还是值得推荐的。相比江南水乡古北水镇更多一份霸气。 水镇安静，游客并不是特别多，里面很多商铺也是貌似无人经营似的。门票150说真心话有点高了，里面的接驳车也比较坑30一趟，但是点与点之间的距离并不远。餐饮里头并不是特别多，但是入口处有星巴客。要是觉得逛累了还能打打保龄球。,2
9487,有着千年历史的古北水镇，古朴、端庄、典雅、风景如画。鳞次栉比的房屋，青石板的老街，悠长的胡同，无不展现了北方民国时期的古镇风貌。,2
9488,司马台长城比较陡峭，拼劲力气终于爬了上去,2
9489,古北水镇是今年临时决定的游玩景点，不过它终究是不负所望，作为北京标志性旅游景点它的规模很大，也很成熟。我们住的客栈，中午12点多到的景点，先去的司马台城，然后游得古镇，在山顶教堂我还拍到了超美的景色，雨后的古北水镇真的太美了，我们还游了夜景，非常美，不虚此行,2
9490,值得去的景点，司马台长城爬起来真带劲，如果腿力不行的还是选择缆车上去，再徒步下来！不推荐夜行长城，还是比较路滑陡险的！在北方能看到这样的水乡景色实属难得，还伴有高山流水，非常美好！只是景点吃的东西不够多，每样都要排队！长城下来去做个温泉足疗太惬意了,2
9491,非常好的独家休息的景点。司马台长城巍峨，古北水镇旖旎。水镇整体规划设计精致巧妙，服务设施完备，管理规范有序。适合两天游玩，推荐古北水镇大酒店。性价比超高。,2
9492,距离北京最近的古镇，规划得很不错、四季有不同的味道。春天万物生，夏天满目皆绿，秋天红叶如火，冬天雪景美。空气清新，看看蓝天白云，不亦乐乎,2
9493,很好的地方，今天夏天去的所有景区就这个景区最好啦,2
9494,司马台长城，地处河北与北京的连接处，开发开放的比较晚，所以，基本上还保留了明朝长城的样貌，还比较野，喜欢古朴味的游客比较适合！,2
9495,古水北镇，简直就是美丽安静的桃源仙境~,2
9496,有着千年历史的古北水镇，古朴、典雅、风景如画。鳞次栉比的房屋，青石板的老街，悠长的胡同，无不展现了北方民国时期的古镇风貌,2
9497,小桥流水人家，北方乌镇之称的古北水镇果然名不虚传。带着孩子和父母去游玩，一进入口，就被游客服务中心的大厅吸引了，抬头看见天花板上各式各样的风筝，里面的设施和服务人员态度很好，告知旅游事项。再进景区入口，被古北水镇的自然风貌和古香古色的景致吸引，妈妈尤其高兴，感觉不虚此行。本来想坐电瓶车到住宿的地方，但是我们决定走路过去，欣赏古镇风采。一路上，看到了风筝，小灯笼，说书，镇远镖局的表演，街头魔术，相声...,2
9498,玩的很开心，住宿是孩子特别喜欢的大酒店，水镇最好看的还是晚上，值得去的好地方，导游介绍的很详细，服务点赞。不过遗憾的是赶上天气不好没能夜游长城，期待下次再去一回。,2
9499,古北水镇景色宜人，值得去游玩，推荐!入住的古北之光酒店很赞，无边泳池，早餐丰富，房间干净宽敞。小镇美食街也是应有尽有，桥头糕，豆腐角，烤梨排长队也要买一个尝一尝。郭佳导游对小镇住宿、美食、活动都很了解，介绍的特别详细。音乐喷泉值得去看，不仅喷水还能喷火，还有灯光秀真的很赞,2
9500,董导把时间安排的非常合理，长城和古镇都逛了。准备回去的时候下大雨了。没有看到夜景有点小小的遗憾。,2
9501,白天晚上的景色都好美,2
9502,夜晚的古镇显得更优雅，宁静！灯火阑珊处，一座古镇格外的迷人！弯弯绕绕，游客挤满了整条小道，扑所迷离的夜色在这里慢慢沉醉！,2
9503,两天的行程安排的满满的，很紧凑。水镇的郭导和承德的彭导很周到服务很好。,2
9504,水镇不大，水也比不过江南的水清，司马台长城是亮点，夜景真的好美，不能带无人机上长城，太遗憾了，据说野长城没人管理，可以出壮美视频！,2
9505,古北水镇的夜景还是很不错的，远处瞭望可以看到山脊上的司马台长城，灯河连绵起伏。漫步于古镇中的小桥流水，凉风习习，再看一场灯光秀，感受一下水火交融的惊艳！,2
9506,景区服务处有导游图可以免费领取，大家可以按照景区图进行游玩，山顶教堂这里是古北水镇的最高点，山顶有免费的望远镜，可以看到远处的司马台长城，景色壮观。还有音乐喷泉我们去的时候没看到，但是好多人都说有，很喜欢这里的夜景。,2
9507,水景合一灵动，古镇夜景璀璨，值得一去，再去，处处是景，时时留停品味细腻，古镇古街古文化，古朴踏石景中有景，流连忘返秋日约……,2
9508,古北口以前是正黄旗的驻地，现在是北方乌镇。  和司马台长城在一起，看夜景的话280元套票，包括上下缆车，长城夜景只开两个烽火台，但最好住那里，因为回市区要3个小时左右的车程。水镇里面和外围有很多民宿。  水镇虽然很多是仿建筑，但是还是值得一逛。,2
9509,长城以磅礴飞舞的身驱吸引着人们对它的欣赏和了解。今天冒着炎热攀登上了长城，为了证明一一不到长城非好汉！[强]谁让导游不让我们骑，说55岁以上的老人不准骑，现导游应该服输了：“我们正年轻！”[偷笑],2
9510,古北水镇位于北京市密云县古北口镇，坐落在司马台长城脚，环境古朴优雅。图片来自去哪儿聪明旅行记@小达叔叔孩子可以来这里参观中国印染技术博物馆，观看几百张布高高挂起的晒布场。还可以一起在染布师傅的指导下，给自己染上一块靛蓝色的布料留作纪念。图片来自去哪儿聪明旅行家@衣鱼911图片来自去哪儿聪明旅行家@衣鱼911晚上一家人坐在四合院里，店家端上景泰蓝铜火锅，一边涮肉，一边在院子里玩耍。图片来自去哪儿聪明旅行记@小...,2
9511,客栈特别舒心，景点悠闲，有文化底蕴，值得一游,2
9512,司马台长城是几段长城中比较险的，因此也只开放了第5、6烽火台。可以坐缆车，来回160，单层90；自己爬上去的话比较累，因为比较陡。,2
9513,激情一夏，北京周边去哪玩？古北水镇真的让人忍不住剁手。江南水乡的风韵，古老长城的伟岸，小桥流水与斑驳烽火台交相辉映，构成一幅让人流连忘返的迷人画卷。,2
9514,人工痕迹太重。性价比总得来说还可以。,2
9515,古北水镇美的难以置信！一定要看夜景！,2
9516,最向往的地方，太美了，尤其晚上的小镇，安详宁静，虽然奔着里面客栈来的，没有排上，但排到门口的水镇大酒店环境是真好，一路上王学红导游也特别棒，几乎问到都是秒回信息，没待够啊，好想把后面的行程推延，在住一天,2
9517,“生活在北京 遇见了另一个江南” 寻着这句广告语 我们来到了古北水镇！  确实很美 一步一景 古朴又繁华！ 孩子喜欢这里的水 温泉 泳池！ 我们徜徉在古街 编风筝 糊金鱼…  这是夏天 等到了秋叶黄了 我们还要来看看！,2
9518,真是个好去处，躲开了城市的喧嚣，感受了小镇的风情！攀登着古老的长城，领略着历史的幽远！和家人在一起，更觉这就是幸福！不枉此行！,2
9519,站在高处看水镇的夜景真的很美。,2
9520,票有点贵，不值这个价。感觉和成都的宽窄巷子差不多…人家还免费…不过这边夜景挺好看。,2
9521,风景一般般，吃的东西贵且难吃。最让我不能忍受的是还都排大队！所以大家最好自己多带点吃的，不惯景区的毛病！古北之光酒店我很喜欢！一水中国风，房间干净，里面居然还有胶囊咖啡机。但冰箱是锁着的！如果不喝他们的饮料，冰箱是用不了的，这点太小气了。早餐很丰富，每样吃一点你都吃不过来！司马台长城夜景挺好，就是人太多！坐缆车也要走半天路，比较累。,2
9522,此次出去玩感觉非常好，两个导游也非常认真负责。有机会推荐给朋友来玩,2
9523,旅行社居然把我们漏了，居然漏单了！！不过被一个好心的导游—宋导，收留了！！玩的不错，宋导讲的也不错！！,2
9524,很喜欢这里，北方的星空小镇，有山有水，有船，还有很多小吃，特别值得推荐的是音乐喷泉有3D效果投影，非常值得等待，在北京郊区门票也OK哦,2
9525,北方的小桥流水人家，如诗如画。音乐喷泉孩子喜欢,2
9526,干净，精致，且有多种实景演出。夜景更为壮观，尤其夜间游船，更是一番江南趣味。美食很多，村落很典雅，适合拍古典或民国风格的照片。,2
9527,开在古北水镇的花。这个是三角梅，没想到长这么高也是第一次见。这是一家民宿，忘了叫什么名字了，在人家家民宿门口拍的。因为朋友对这家民宿挺感兴趣，我们进去逛了一下。我家民宿在古北水镇桥旁边。朋友希望下次来的时候住在这里。,2
9528,北方的乌镇，可以带着家人感受一下江南水乡的生活，还可以爬一爬司马台长城，很不错的短期旅游景点。,2
9529,古北水镇的酒店和客栈真是紧俏得很，价格也是相当之高～,1
9530,古北水镇紧邻司马台长城的“古北水镇”具有悠久的历史，是在原有守卫长城军民混建而居的古堡基础上发展起来，其现存的“司马台古堡”是北京市重点文物宝物单位，“长城+古镇”是罕见的雄伟自然、文化景观混合在一起的历史人文风景区。图片来源于去哪儿旅行家@江枫渔火JFYH在古北水镇，游客们不仅可以游览目前保持最完好的司马台长城，还可以在长城脚下参与体验感受当地独特的民情民俗。图片来源于去哪儿攻略用户@juwq7604参观永顺...,2
9531,第二次来了，第一次自由行，这次跟团来，很不错的一家旅行社，活动安排合理，不会强制消费，龙行天下王丛丛导游也很热心，有问必答。,2
9532,“长城下的星空小镇”这一句宣传语是很多人了解古北水镇的开始。,2
9533,古北水镇 值得推荐！镇内所有商家及服务人员，都是五星好评。当你质询所有问题时，服务人员都是以精准，幽默，风趣的毫无保留的给您建议。,2
9534,挺好！古北和承德都挺好，住的和吃的还好，继续保持良好服务。,2
9535,还不错，古色古香，设施也比较新，但是各种表演就比较应付,2
9536,长城下的星空小镇。古北水镇位于北京密云县，紧邻司马台长城，是司马台长城脚下兼具北方风情刚毅和南方水乡温婉的度假式小镇。图丨古北水镇官网大家可以一边感受司马长城的雄伟壮观，一边住进农家院，体验长城脚下独特的风土人情。图丨古北水镇官网喝着独具特色的司马小烧酒，品尝着地道的北国美食，在悠久的英华书院回廊中，沏一盏香茶，赏几首古诗，享受悠闲的午后时光。图丨去哪儿聪明旅行家@大美爱拉,2
9537,就北方而已，无疑是最佳选择哈，很美的，去的话长城必去,2
9538,北京周边值得一去的地方，小桥流水移步换景的感觉造得非常棒，夜游长城回来再泡个露天温泉不要太舒服！小镇里可以完全不用现金，全部电子支付，很方便。导游郭佳服务很到位，打算秋天凉快了再去一次，感受下秋季色彩斑斓的美。,2
9539,当天往返可惜无缘古北夜景，傍晚的灯光水舞秀中喷火的地方还挺酷的。看秀时间请相信当地酒店的前台小哥，导游都不靠谱，害我们干等20分钟....  不要对食物有什么期待了。  逛街请到南锣鼓巷之类的。当地人都穿大衣，晚上巨冷，后来我买了条丝巾御寒，太冷了！！！  在大戏台看戏，也就那样吧,0
9540,这里非常值得来玩 环静清幽 干静 接待人员亲切 一早爬长城凉爽不累 晚上还能再古镇看京剧逛街吃小吃 游船河 来2日旅游最刚好,2
9541,愉快的一天，值得一游。,2
9542,微缩版江南水乡，司马台长城很原始，很陡，夜景很美，还有光影秀。从早玩到晚，会有不同的景色。人文气息浓，京津冀地区设施比较完备的景区。,2
9543,提前一天，宋导就发来信息一一确认，一路上宋导仔细的讲解了古北水镇，面面俱到的告诉了水镇里的特色美食，怎么游览，等等，有事儿随时都能打电话联系他，感觉像是长辈一般，总之，很负责任。水镇的特色美食印象最深的就是冰梨了，真的又解暑又不是很甜很腻的那种，还有山楂味儿的冰淇淋，都是很不错的，值得推荐的。玩儿起来的话，除了在水镇里悠闲的逛以外，除了泡温泉以外，除了去看扎染看风筝看景泰蓝制品以外，最酷的就是夜游...,2
9544,古北水镇是司马台长城脚下独具北方风情的度假式小镇。北京古北水镇旅游有限公司成立于2010年7月。古北水镇里充满着江南水乡的色彩。,2
9545,王导有耐心，负责任，愉快的一次旅行！,2
9546,土味的浪漫，大家懂得，看夜景，看星星之类的。听说水镇的夜景很美，所以我们睡到自然醒，去东直门坐的大巴，12点。在大巴车上睡的昏沉，拉开窗帘，惊喜看到的天：无滤镜无美颜，看到后有种跳下去的赶脚。一个小时40分钟就到终点了，当天比较热，也很晒，所以建议要去的小仙女小仙男们带上伞，景区外面的风景其实也很美，当时大中午人比较少，我们就开启了肆无忌惮的拍照：实在太晒了，所以我们就去了住的地方，是在网上提前订好的...,2
9547,整体来说就是人工改装了一下的江南风景，适合两口子去拍拍照住一宿，我们七八个人去，感觉走马观花的溜达了半天，吃了个饭，就走了,1
9548,去和朋友整整玩了一天，无论是园内还是园外，景区都很赞，就像是七八十年代那种，有小吃，卖各种各样的小玩意，真得可以来一次,2
9549,小桥流水，古香古色，具有江南风景，值得一游！,2
9550,最近迷上爬山，刚爬完泰山没多久，又一个人登顶司马台长城，果然跟泰山比简单多了，越爬越轻松[得意]巍峨长城彰显中国古人的的智慧和毅力,2
9551,景区的建筑错落有致，身在其中很有感觉！中午的时候人多了，有点嘈杂。很多店，主要是小吃和餐馆，都是临近中午才开门。另外，很多人在景区抽烟，很是煞风景。,2
9552,景色美，人也美，嘻嘻，下次还要来，杨导棒棒的，！,2
9553,如果平时人少一些的时候去会更好,1
9554,小王导游特别幽默，特别靠谱，对待游客态度很好，总是非常有耐心地给游客们讲解，能现在游客的角度思考问题，非常棒的导游,2
9555,闫导人不错，很负责，有耐心。时间安排得也很合理，注意事项都交代的很清楚，赞👍,2
9556,不愧是北方小乌镇，没想到北京还藏了这样的宝地，给人超多惊喜，还有超萌超逗超帅的王学红导游，碰到的最贴心导游，没有之一 ！,2
9557,游玩一天很不错。夜景很美，导游王学红幽默风趣，态度好，很棒的一天！,2
9558,景色宜人，风光秀美，虽然都是人造景观。但修建颇为用心，龙行天下旅行社导游杨娇。很赞。,2
9559,龙行天下的导游，杨娇妹纸棒棒哒，说的很详细，很负责，古镇挺好的，这个旅行团物美价廉,2
9560,本来要去金山岭长城的，傍晚到了住的地方，临时起意去了这里。既保留了水乡的柔美，又无痕地享受了现代的便利，设计非常棒！,2
9561,导游很幽默  一路欢声笑语觉得时间过得蛮快的就到了水镇，在车上不会觉得无聊想睡,2
9562,其实相对来说我觉得比乌镇还是差了点事，可能我们是周日晚上住的，人很少，下午到了以后街上基本上没什么人，更没有商户了，感觉很冷清，永顺染坊还是不错的，很漂亮，由于带着两个孩子，景点逛的不是很全，长城那边也没去，晚上的话，确实也还可以，可能是之前心里期待值太高了，总体来说还是有点小失望，强烈推荐晚上去看一下水舞秀，在八旗会馆旁边，真的是太震撼了，免费的，我们是在景点里面睡的，感觉很好，其实相对来说也贵...,1
9563,郭佳导游绝对的超5星服务好评，服务很周到。古镇风景很美，设施很完善，其他的也就一般般。,2
9564,水鎮確實適合帶著老人家去的地方，特別是愛拍照的⋯⋯選的車票+門票住客棧⋯也是預期之外的好，雖然要走一段5-10的路才進園區，吃東西沒那麼方便，但總覺得比看到要拖著行李逛水鎮住園區裡的方便，晚上吃飽飯，順打包啤酒小吃回酒店再吃也是挺好的！,2
9565,写优质点评，返代金券红包！你还有1单待点评~,1
9566,值得去，在司马台长城下，服务不错，改造不错。在北京周边非常值得去。从北京去大概2小时，如果人多，最好包车去，不贵! 早上10点出发，下午在水镇走走，然后黄昏上长城，看长城夜景。下来吃完饭，再回北京。在水镇门前的烤鸭店很好。,2
9567,像南方的水镇，环境不错。个别店铺略显冷清。卖小吃的摊点最好再多一些。住宿稍贵，需提前预订,2
9568,第一次来古北水镇，好吃的，好玩的挺多的，还爬了司马台长城，玩的开心，挺好的，,2
9569,小桥，流水，人家。不错的一次出游体验，服务还可以，下午过去的，水镇晚上很美，进入时候问了，不关门，但是小镇23点后关灯，看了夜晚的长城，水火之中的音乐喷泉，山顶的教堂，霸气的镖局。总体来说不错，适合情侣，全家一起放松，游玩。,2
9570,这次带父母和孩子出游，非常满意，小镇环境优美气候宜人，最重要选择对了旅行社，还有爽朗可爱的张导游！！给我们全家留下非常深刻的印象，我妈说过一段带着亲戚还得来多住几日！！还要选择这家旅行社和导游！！现在国人生活水平越来越好，定期出游成了必备，选择靠谱的旅行社会给我们的旅行景上添花…非常感谢老张导游（是一个美女哦）,2
9571,值得一去，去了还想去、真心好、爬山做滑倒好、下山走下来没那么累,2
9572,景区非常棒，我们由于时间原因天黑前就下山了，下次有机会一定要看看夜景,2
9573,古北水镇向往已久，我们是白天带孩子玩的童玩馆，然后里面慢慢溜达看的皮影戏！由于天气太热只能走走停停！一直拖到晚上看了场超级震撼的水舞秀表演，真是不虚此行！看完后游览才算开始.建议下午4点多开始游玩，最重要的是夜景！白天没什么意思！晚上不想出来！,2
9574,今早没联系好导游处于离线状态，多亏绳导快速和客服商讨带我过来水镇，不至于白走一趟。绳导人真诚，讲话明白，安排妥当，值得推荐。今天总体而言还是比较满意的，水镇司日景夜景以及司马台晚景都看到了，穿梭在水镇，感受北方建筑与南方水系的独特搭配，坐在阴凉的回廊边听着音乐，看着小桥流水人家，放松心情。由于没带防晒衣，临时把日游司马台改成了夜游，下午坐缆车上去的，在长城上吹着风吞吐着新鲜空气，在一片红霞中等待着...,2
9575,第一次来古北玩，风景秀丽，绳导的服务也非常的到位，感觉不错,2
9576,还不错，夜景很美。就是好多建筑门都锁着的。下午到的，主要看夜景了。没有去司马台长城，因为4.30就要清人了，来不及。很大，不虚此行。,2
9577,古北水镇适合家人一起度假。我住宿的是枕水客栈，位置就在渡船码头和望京街处。早餐食品丰富，中晚餐菜品不算多，但是价格还是蛮合理的。建议淡季去，不过淡季还是有许多游客。早起在古镇里走一走人很少，晚上夜景不错，这些图片都是手机拍摄的。重要的是千万不要去看司马台长城，更不要登顶观赏，没有意思。,2
9578,比之前扩大了，多了美食街，人也多了，不过周末还是值得一去的，很喜欢,2
9579,仿乌镇建造，夜景很美，白天还行，趁人少时候去，走走还是不错的。,2
9580,很漂亮，还会再去，喜欢里面的一切,2
9581,十分美丽，而且商业气息并不浓郁，特别夜里，非常美,2
9582,下午来到古北水镇，有点像江南小镇商业气息也是一样的浓。不拍景色还是很适合的。,1
9583,很漂亮，夜景不错哦！张导游不错，服务好，到园区自由活动，到点集合，里面吃的多，爬的司马台比较陡，但值得，嘿嘿，推荐哦，一点购物都没有,2
9584,水镇已经让人心旷神怡流连忘返了，没想到北京杜莎夫人蜡像馆更好看😊名人蜡像和真人1:1的比例真是惟妙惟肖！,2
9585,我去过乌镇，古北水镇比乌镇还要好！这里有被教科文组织称为的“原始长城”有五六百年历史的明朝原汁原味的司马台长城，有产自中生代地下20km深的最高达到61℃的御大温泉，有具有北方特色的曲艺演出和美食，比如桥头糕，古北三烧（烧酒烧饼烧肉）。真山真水景色宜人，燕山山脉鸳鸯湖，再配上汤河和美不胜收的长城……一进门就能看到长城专家罗哲文题字：中国长城是世界之最，而司马台长城又堪称中国长城之最！真是名副其实😄,2
9586,非常好，值得一去，很满意的一次旅行,2
9587,景色很美，适合拍照的好地方，郭导人很好，准备下次出来玩还找郭导帮忙 ，双击666，赞一个,2
9588,真的很美感觉不是我拍的而且导游很好很负责值得来下次来还报这个团方便靠谱,2
9589,非常美丽，而且很大，商业气息并不是很浓郁，景色优美，别的东西也很多元素,2
9590,想住在山里的一天旅行,2
9591,夜晚的小橘灯。请照亮我回家的路。北京的天也有蓝的时候呢。天真美啊，因为我有恐高症。就不扶级而上了。坐着在等朋友。我们后来又坐缆车下去的。因为比较省时间，而且天色比较晚了。一路上看到了，整个司马台长城的夜景和古北的全貌。,2
9592,整体感受挺好的，桥头糕很好吃，最有感觉的是司马台长城，爬得爽爽的，音乐水舞秀很好看，被惊到了，古北烤梨也很好吃，吃出了健康的感觉，,2
9593,一如既往的美，就是人比去年还多了,2
9594,李导讲解幽默风趣，古北水镇里面的小景点基本上都讲到了，非常详细。景色不错，值得拍照游玩，,2
9595,早早就去集合点集合了，大家都比较准时，到水镇时间也稍微早了点儿，这样玩的时间就更多了。天气不错，拍了不少照片，白天人还不是很多，很适合拍照，晚上没有那么晒人就很多了。自己带了吃的，但是水镇里面也有不少吃吃喝喝的小店，价格稍贵但是还不错。导游小姐姐讲解详细，还给了几种路线选择，非常好，值得推荐！,2
9596,一步一景很适合拍照，就是人比较多，建议自己带一些零食，不知在哪家吃的小吃一直拉肚子，黄连素都不管用了。希望景区提高饮食卫生安全检查，让大家吃好玩好……,0
9597,看着这么精致的小物，很是稀罕。现在发现标价很贵哎。还好没有在那里买。当初觉得挺喜欢，但只是陪人去的，时间仓促，没有时间买。如果真的喜欢的话，还是建议不要在景区买吧。你就能知道价格实在是太贵了。还是很可爱的。,1
9598,烟雨季来拍照 每一个街角都是古镇水乡韵味 大赞 后悔没穿汉服来 吃饭还是比较实惠的  就是瓶装饮料只有两家卖 剩下都是鲜榨果汁和茶 适合去那里 让生活慢下来  感谢导游垚垚,2
9599,古北水镇里面其实也没有那么好玩，尤其是白天，除了客栈就是一些特色商店，比起乌镇来还是要差一些的，相对来讲性价比不高，餐饮价格还算合理，停车也很方便。,0
9600,景色非常美丽，夜景更漂亮，景区人挺多的。前一天在网上订票，中午到景区，里边的商户开始营业，正好溜一圈爬司马台长城，下来以后吃点饭逛夜景，庙会广场和八旗会馆下午都有活动挺好的,2
9601,进园非常方便，扫码进园很快，儿童票要在检票口附近购买。,2
9602,怎么说呢！首先，旅行社和导游都很好！点个赞！但是古北水镇，我就不得不要吐槽了。太失望了，我是看了评论觉得很好的样子，但是来到这里发现完全不像水镇的样子，第一！整体建筑给人一种在干旱地区的感觉。第二！里面风景没有赏心悦目的感觉，景色很少，很勉强。第三！吃的真的很难吃，没特色，还死贵，啥吃的都要排队。不要以为排队就很好吃的感觉，其实大家都是因为没得选择才在里面排队的！吃完了你会发现你都记不住刚刚的味道...,0
9603,景色好，自驾游，交通方便，晚上更好，需要一整天的时间游玩！,2
9604,第二次来，但是每一次都有不一样的感觉！,2
9605,古北水镇位于北京市密云县古北口镇，是在原有长城守卫军的古堡基础上发展起来，也是“长城+古镇”的罕见的雄伟自然、文化景观混合在一起的历史人文风景区。图片来自去哪儿旅行家@江枫渔火JFYH在古北水镇，游客们不仅可以游览目前保持最完好的司马台长城，还可以在长城脚下参与体验感受当地独特的民情民俗：住进农家小院，返璞归真。图片来自去哪儿旅行家@摄影师孟孟在古北水镇，可以选择的娱乐方式非常多。你既可以与三两好友上山...,2
9606,"Time for the music show, wow. We are on top of the mountain. And now we are back to the square. 古北水镇真的不亏此行。很震撼，很美，水质很清澈。美食很好吃，小吃街上的美食，我最爱吃的还是烤梨。",2
9607,北京强推的一个景点！水镇连长城！噱头十足，景色一级棒，这个点绝对可以和国外一些点媲美！只是人多到爆炸，影响体验！进入水镇唯一的道路 破烂不堪，停车场爆满，管理混乱，水镇导览指引不清！容易走错路！ 建议可以住水镇里，安静的玩2天 体验下温泉,2
9608,去古北水镇玩在去哪网买的票。不用换票直接扫码进入，很方便，不排队入古镇方便。,2
9609,体验感灰常好，酒店和景区的工作人员态度都让人很舒服，热情 不是那种冷冰冰的，虽然只有两天一晚，真的很惬意啊！夜景特别的美，还有喜欢的人喜欢的美食，对了  提示各位  买小吃一定白天哈  晚上买不到  排队太久了！火锅必须要吃  比北京市里的好吃多了，就是有点咸  哈哈哈！！！,2
9610,行程满满，风景宜人，绳导专业，非常不错的一日体验！,2
9611,夜景很美，吃的也有，虽然吃的少但都挺好吃的还可以泡脚,2
9612,体验极好，值得一游。,2
9613,想到前往古北水镇、司马台长城的行程，最初是因为在上海地铁看到王珞丹代言古北水镇的广告牌。见惯了江南烟雨的小镇，突然激起了对这个北方“长城脚下仰望星空的小镇”的好奇心。于是计划了这次两天的北京行程。 不同于江浙沪，古北水镇的建筑风格是明清及民国风格的山地合院建筑。 午后走走停停，每处都是美景，不似江南的温婉，北方小镇空气里清冷肃穆，也别有一番风情。 这次古北水镇、司马台长城之行非常难忘。有些景区是去过...,2
9614,有山有水风景秀丽很不错～值得推荐～,2
9615,1、北京最有名的酒吧街，跟三里屯酒吧街相比，多了点文艺，少了点喧嚣，都是清代建筑建成的，很有特色，2、这里有老北京特色的胡同，最有名的当属烟袋斜街，两边都是小店铺出售物品，离地安门鼓楼也非常的近，可以一起浏览，同时还有银锭桥跨河，河可以自费划船，这里还有一些老北京的小吃、礼品出售，但是不建议在这里，因为价格比较贵，3、吃饭的话攻略推荐的都是烤肉季，但是味道真的一般，而且价格还很贵...,2
9616,恭王府是我国保存最为完整的王府建筑群，拥有各式建筑群落30多处，布局讲究，气派非凡。,2
9617,地理位置非常好找，什刹海中心位置，离南门刷肉100米。虽然人很多，不过都是在外面叫外卖带走的，不要被门口的阵势吓死。环境一般可能是因为人比较多，桌子间的间隙比较小不太好整理，不过菜品口味总体不错，羊腿非常好吃，一斤168-198元，餐厅有个非常人性化的地方，就是2个人去是不需要点整只的，而它是自动按分量点的，满足了人少也能吃到羊腿的期望。羊肉确实很入味哦，容器非常高大上，可以持续加热保持...,2
9618,北京游，游得是文化，看的是历史。恭王府就是北京的清史，看着和珅的府邸，不禁让人回忆那一段段电视中熟悉的场景，想到一代大臣的奢华。来北京看看恭王府，主要就是为了看看园子，看看里面的建筑风格，看看雕梁画栋。恭王府是清代规模最大的一座王府，现在是国家重点文物保护单位，也是一个AAAAA景区。,2
9619,再一次来后海这边、只为了伯爵～【交通】乘坐地铁8号线在什刹海下车，A2出站，左转，穿过一个胡同就到后海了。过桥右转一直走，左手边就能看见---声声慢！【环境】小酒吧，店面不是很大，但这都不重要，歌声最重要！【服务】进去的时候服务生特别热情，因为灯光比较幽暗，主动为你点手电筒【价格】点了三瓶百威，40/瓶，瓜子什么的也是40/粉【注意事项】如果不点套餐的话，只能坐1小时，点套餐就随意了！tips...,2
9620,总体来说，恭王府真的是值得大家去参观的！！！先说下门票，门票是40元一位，学生带上学生证可以半价，最好不要赶到假期去因为人会超级多，那样不仅有大量本地游客，还有很多外地游客。恭王府就是曾经和珅的家，内部自然十分奢华，里面既有独具特色的中国古典建筑，如和珅的正方和书房等等，还有很讲究的水系和树木，我最喜欢的就是里面有天下第一福的石碑，十分难得。,2
9621,后海与海不同的地方在于，它是积淀，海是释怀。,1
9622,后海是北京地安门附近的一片小湖区域，是什刹海一带的重要组成部分，在银锭桥这里分界，另一边的小湖是前海，通常说的后海其实是以后海一带的酒吧街，老北京胡同以及大量特色餐饮礼品门店聚集区域形成的一个靓丽的游玩放松区域，过来的话地铁8号线什刹海站A2出口出来沿着地安门外大街，万年胡同银锭桥方向步行个10来分钟左右过来就能到后海区域了。这里最著名的莫过于后海酒吧街和音乐制作，晚上来的话特别赞...,2
9623,有点像前门大街，也有点像天津的古文化街，两边全是店铺，老字号什么的最好别信...卖的东西其实网上都有卖的，有情怀可以在这买点，南锣鼓巷，什刹海，烟袋斜街，后海这4个地方挨着，如果来玩的话可以一块逛了，都是步行街性质的（然而有的地方车也能走），当然也很消耗体力，各位朋友请量力。,2
9624,1、这里附近貌似最近的地铁是地安门站，所以建议坐公交来，2、这里是一大片的景区，后海酒吧街、烟袋斜街、鼓楼、南锣鼓巷等都在一起，而且都是免费的，3、所以最适合来的时候是傍晚时分，感受落日的后海非常的美，同时看看酒吧街夜色醉人、灯红酒绿，晚上的烟袋斜街也非常的热闹，烟袋斜街除了明清的建筑之外，两边都是卖一些文房四宝之类的，还有些北京特产，不过补偿，4、吃饭的话这里很多小吃，但是不建议...,2
9625,坐公交在鼓楼站下，坐地铁到南锣鼓巷下，走几步就是烟袋斜街了。你别说，这附近周边的东西还真是没想象的那么贵。无论是吃的还是用的。烟袋斜街也是后海边有名的历史文化名街了。逛这种街不能走马观花，其实每一家铺子都是有特色的，所以可以慢一点，走进这些店铺，去感受一种要么时尚，要么怀旧，要么前卫的文化。明清两代，这里是卖旱烟袋和水烟袋的地方，也是古玩、书画、风味小吃一条街，发展到今天，烟袋斜街彻底成为小资情调...,2
9626,恭王府是和珅的府邸，相比故宫、颐和园，恭王府美在精细、富有意境，里面有康熙御笔的福字，好多人都会买拓印的。据说曹雪芹写的红楼梦，里面的大观园，就是以恭王府为原形的。对于一个红学迷来说，恭王府当然是我去北京迫不及待要参观的地儿。在恭王府，感受那份曾经的奢华和富贵，跟着许多人排队去摸福字，真是只能哈哈一笑了。值得看的景点有西洋门、大戏楼、垂花门、后罩楼、乐道堂、葆光室、湖心亭等。既然去了北京，就别在乎...,2
9627,从恭王府出来，没有多远，大概一二百米吧就是“什刹海”。,1
9628,烟袋斜街地处北京市西城区，过来的话地铁8号线什刹海站A2出来沿着地安门外大街走个几分钟就到了，介于地安门外大街和后海小石碑胡同之间，全长也就几百米左右，逛起来主要是和周边后海一带连起来的，饭点的时候肚子饿了过来可以找到很不错的各类口味餐饮门店，另外顾名思义，既然叫烟袋斜街，那里面自然少不了各类烟袋鼻烟壶相关的门店了，著名的益德成鼻烟门店就在这里，目前鼻烟已经不大多见了，能找到这种老字号的门店也只有在...,1
9629,什刹海是北京著名的一个景点了，位置处于西城区西南这里，离故宫神武门出口也不算远。过来的话地铁8号线什刹海站出来就是了，或者游玩完故宫出来后往景山公园方向走过来穿过一些胡同到地安门这里就到了。大老远看见荷花市场古色古香的大入口就到了。沿着小湖四周有很多西餐厅和特色餐饮门店，露天餐位景观尤其好，天气好的时候凉爽的傍晚时分在沿湖的餐位就餐还是非常舒服的。另外这里还有著名的全聚德什刹海分店，外部门面不大，...,2
9630,稻香村是北京的招牌特产，也可以说是北京特产。店内主要卖糕点、甜品的，开业很多年来，价格一直保持亲们的特性，还根据时代和人群需要，研发出了无糖产品、低脂甜品，让受众群进一步加大。,2
9631,口味非常正忠的老字号鲁菜馆！餐厅位于什刹海的前海部分，交通非常便利，乘坐地铁到北海北-地铁站或者什刹海-地铁站后步行7-8分钟即可到达，餐厅除了距离什刹海，距离北京的一些著名景点，例如恭王府、南锣鼓巷、鼓楼等景点都不远。由于同和居已经是老字号餐馆了，所以开业了也有一定的时间，所以装修上面，已经有点过时，但是整个环境卫生做得很好，而且味道也很不错，所以人气丝毫不减当年。一楼是大厅，有提供外卖，二楼是大堂...,2
9632,后海边上的一条古色古香的小巷子！烟袋斜街距离什刹海和后海非常近，其实就在前海和后海的分界线银锭桥的右手边，所以参观什刹海的时候可以一起去看看。也可以直接乘坐地铁8号线到什刹海地铁站后，从A2出口出来，然后往前走大约2-3分钟，在你的左手边就能看到烟袋斜街的小牌坊了。在牌坊后面可能你会看到一个金色的人像，很多人都以为是真的铜像，就过去拍照，结果一靠近才发现是真人所扮，都被吓了一跳，哈哈。那真的是一条挺小的...,2
9633,什刹海，一听名字就被吸引了，觉得很特别。到达什刹海也非常便利，乘坐地铁8号线，直接在什刹海地铁站下车，然后A2出口出来后，步行2分钟就到达了。什刹海距离南锣鼓巷、烟袋斜街、鼓楼等景点都很近，建议安排一起参观。一来到什刹海你就会看到很多人力黄包车，价格好像都要100元起步的，这个看个人需要吧。什刹海分为前海和后海，但是游客都是主要分布在前海和前、后海的分界线。前海的游客主要是泛舟的，周末一家大小过来泛舟，...,2
9634,后海，这个以胡同和酒吧而闻名金城的地方在北京有着相当高的知名度，后海的景色夏天是非常美丽的，虽然我是冬天的时候过来的，但是玩的还是非常开心的，首先，从烟袋斜街过来，感受了一下北京传统而悠久的胡同文化。后海这边有北京非常著名的涮羊肉，还有烤鸭，都是很好吃的，平时你过来的时候可以坐车转一圈，我是晚上来的，过来其实就是看夜景的，当时后海已经结冰，上面有很多玩滑冰的，人很多，滑冰的话也是有专门的管理人员，...,2
9635,烟袋斜街就在地安门外鼓楼前，在清末至二三十年代，街内以经营旱烟袋、水烟袋等烟具、古玩、书画、裱画、文具及风味小吃、服务行业等为主，以此得名。烟袋斜街的形成和发展与鼓楼和什刹海的地理位置应该有很大的关系。整个街也不是太长，所以完全和后海啊、鼓楼啊、南锣鼓巷啊一起逛就好了。如果不买东西用不了四十分钟连走带看就逛完了。买东西的话要自己鉴别吧，因为现在鼓楼一带商业化已经是蛮严重的了，所以很多东西都是针对游...,2
9636,恭王府l来北京必须的一看。个人感觉比故宫有看头些。浏览时间为两个多小时。NO1、门票。网络订票跟实体买票是一样的价格，但是依然建议网络订票，至少取票很方便，不用排好长的队。我们定的是周末的时候，没想到人很多，但是网络取票很快。另外票价有两种40元的和70的。70的有戏曲和讲解听。NO2、恭王府。恭王府里富丽堂皇，和绅富可抵国，到这里可以看得出。虽然恭王府不算非常大但是脏俱全，豪华奢侈，可以说到这里看到了和珅的...,2
9637,去过多少趟北京还真没听说过烟袋斜巷这个名字，看起来在很多人眼中已经忘记了这个街，其实还是挺有历史的，最早这个地方住着旗人，每个人都喜欢带着大烟带，又因为这个街形状很像烟袋，老百姓慢慢就叫她这个名字了。其实这条街不算太长，没有南锣鼓巷长，也没她有名气，要不是朋友提醒，我都不可能来这里。街道不是很宽，5-6米宽的样子，大约230米那么长吧，不是太大。据说2010年起被授予中国历史文化古街，得到一定程度的修复，但...,1
9638,1、地理位置非常的好，就在银锭桥旁边，店面超级大，装修的也是老北京建筑风格，看过去非常的高档，2、排队人山人海，基本要拍1-2小时左右，都慕名来的，3、这里最有名的是烤羊肉跟烤鹿肉，下面有个炉子边吃边烤，但是说实话价格真的超级一般，肉考的又老有腥，其余的菜品做的也一般，4、价格较贵，人均在70-80元左右，5、总体来说，不适合吃饭，是个坑游客的地方。,1
9639,什刹海由西海、后海、前海三片水域构成，去的时候北京刚刚进入初夏，荷花大多含苞待放，偶尔有几朵绽放的热烈，荷叶擎擎如盖，给这个以历史古迹著称的景点增添了几分清新淡雅。什刹海这个景点是免费的，划船需要另外付费。景区内有很多名人故居跟园林建筑，还有辅仁大学旧址。胡同跟四合院是这里的一大特色，小时候看《九九归一》我就想要是能一大家子住在一个四合院里该多热闹，唉，独生女微小的心愿。因着这份情结，把几条胡同、...,2
9640,可以这样讲，什刹海是感受老北京特色与文化的重要窗口。游什刹海，是北京游很重要的组成部分。什刹海位于北京二环里，指的是后海、前海、北海等几个的河。期中后海游览是不花钱的。个人建议游览时可以选择从地铁积水潭站出来，便是后海的入口。沿着湖岸走，有各式的酒吧和老北京小吃，外地的朋友不妨试一试，沿着湖岸走，可以欣赏美丽的后海景色。要是晚上来，效果更佳。在那附近有很多经典，如南锣鼓巷，北海公园等等，相距都不远...,2
9641,什刹海由前海、后海和西海（积水潭）组成，是北京中心城区里胡同、四合院保存最集中的地方。其中钟鼓楼旁边的烟袋斜街是条历史很悠久，但现在非常繁华喧闹的商业小街，只需5分钟，便可穿过它到达什刹海中心地区蜿蜒的银锭桥。地安门西大街紧邻什刹海前海，橹船游的码头和荷花市场就在这边。街上另有多条胡同可分别通往前海和后海，途中可经过郭沫若故居、恭王府、辅仁大学旧址等著名旅游点，钟鼓楼也非常壮观。个人感觉这里是北京...,2
9642,我们在后海逛了有一会儿，就寻道来到了烟袋斜街。对烟袋斜街的第一眼并无太大的印象，感觉跟看过无数遍的“著名街道”一样，买一些贵的要死的特色商品。烟袋斜街并不长，很快就可以走完，这里的东西都比较有北京特色，印象特别深的是一个叫做老北京剪纸的地方，非常喜欢但是太贵了也没法买。烟袋斜街位于北京市地安门外大街鼓楼前，离后海并不远，在清朝末年到民国初年的这段时间内，这条街以经营旱烟袋、水烟袋等烟具以及古玩、书...,1
9643,对后海早闻大名，可能就像丽江一样听了无数遍了吧，这次来北京，第二天的晚上，和小伙伴们一起来到了后海，不过我们的后海之行没有泡酒吧，只有闲逛，说不上有趣，但觉得有一种圆梦的感觉，对后海感觉一般，无太大的爱好，但是决定下次来后海的时候一定要去泡一下这里的酒吧，感觉很不错哇。后海也是一个历史悠久的地方，是北京有名的休闲、娱乐、游玩场所。在这里流连的有达官显贵，也有市井百姓，是一个非常热闹的地方，不过由于...,1
9644,从南锣鼓巷沿沙井胡同去后海。途中遇到了书法家贴福字活动。看到一特色煎饼小铺，就忍不住来了一张，味道好极了！一路边走边玩边拍就来到了后海。银锭桥，位于什刹海前海和后海之间的水道上。那年去泰国、柬埔寨的中转也在北京，也来到了这里。我特意去了曾经去过的台湾人开的沙发咖啡小店。银锭桥附近的美景如画。烟袋斜街，过银锭桥前海东北的一条小巷，在清朝时主要经营烟具，装裱字画和贩卖古玩玉器。这是北京最古老的一条商业...,2
9645,【恭王府】清代美丽的园林建筑。,2
9646,记不清多少次去烟袋斜街了，烟袋斜街在北京众多景点中也许跟本不算不上景点，一般人都是奔着鼓楼、后海或者名声在外的南锣鼓巷去的，然后“捎带脚儿”就把烟袋斜街逛了。斜街不大，整个转下来用不了20分钟。来北京，烟袋斜街就是这么一个不用专程去而又肯定会去的地儿。在四四方方北京城正南正北的胡同深处有着这么一条斜街也算有特色。斜街里面有不少特色的小店，既有时尚的巧克力甜品店也有韵味十足的胭脂水粉店，算是古今中外各...,2
9647,【交通】地铁六号线北海北站最近，距离恭王府大门约莫500米。公共交通很方便，公交车站好像有点远，跟地铁一样，半天才能看到。估计也得500米吧。选择地铁最好,1
9648,什刹海波光潋滟，很美的地儿。夏天时候，荷花盛开，摇曳多姿，映日荷花别样红。睡莲慵懒，绿油油铺了一层。冬天冰封大地，在什刹海上滑冰，体验冰雪的乐趣，非常棒。什刹海旁边的酒吧、饭店、咖啡店，古董店，服装店非常多，这里夏天就是个尽情取乐的地儿。许多年轻人在这边拍婚纱照。什刹海几乎是我每次到北京必去的地方。和父亲也去过一次。什刹海汉白玉望柱非常的美，一行望过去，壮观的像金銮殿的汉白玉柱。岸边停泊了许多的船...,2
9649,是晚上去的后海，我是从南锣鼓巷走过去的，不远大概走15分钟就到了，也可以直接搭乘地铁什刹海站。夜里的后海是酒吧街林立的景色，这里有很多美食餐厅，以炒肝、卤煮这些特殊美食为主。推荐一家的羊肉串，看到很多人在买就跟着排队尝试了下，很不错！之后走过酒吧街，这是条单行道，所以要原路折返，然后遇到了小插曲，酒吧外面有很多酒吧的工作人员拉客人，遇到一个男的直接向我们冲过来，叫我们进去消费，真的超级可恶的，所以如...,2
9650,1.位置很方便，就在后海边上，附近鼓楼、地安门等景点众多，可以一起浏览，最好选择下午，可以看后海夜景，2、整个街不长，免费的，估计就是走半个小时不到，但是都是非常有特色的明清建筑，而且都是店铺，卖一些文房四宝等产品，但是个人觉得不要在这里买东西，3、附近很多小吃店，有个三角烧不错，红豆味的，可以试试，但是烤肉季千万不要去，坑人的。而且这里人山人海，注意财产安全。,0
9651,这条街历史很悠久了。但是现在的烟袋斜街商业味太浓，就是一条商业街，反正现在我在这条街上找不出任何古老的感觉，建筑也都是仿古的翻修的建筑了。这条街上有很多特色小店，同样的，因为连接着什刹海，所以来来往往的人很多，络绎不绝接踵摩肩的，当然，人一多，再美的风景也要打折。但是这条街上有几个小岔路口，走进去是更有味道的一些安静些的小巷胡同，周围也有很多老胡同，老民居。离钟鼓楼也很近。去什刹海可以到这里逛逛。,2
9652,订票取票很方便，就是天北京这天太热了！总体玩的不错，我爸妈觉得好那都好。,2
9653,一座恭王府，半部清朝史！太增长知识了！,2
9654,太美，风景如画！！！！！！！,2
9655,网上买方便了很多，省时省力，不错哦,2
9656,银锭桥旁一个标志性建筑，老字号，古香古色的装饰，估计大多都是游客来吃，人还挺多的，价格真的是比几年前翻了几番～烤肉也有,1
9657,需要1-2小时逛，花园挺精致,2
9658,"为了三不沾特意去吃的这家l公w)!三不沾虽然就是发甜又高热量的蛋饼,但是粘粘滑滑的特好吃，多吃有点恶心啦;九转大肠好吃，工艺繁复，酸甜口很好的遮盖了脏器味，肠壁火候正好弹性十足;最好吃的干炸小丸子，我觉得是北京城最好吃的，扎了七遍，所以即使放置一会儿也不会坍塌非常脆，肥瘦相间不会太腻，也不会太柴，蘸酱下饭;乌鱼蛋汤哪里都这个味道了，就是为了解腻的。",2
9659,挺方便的，摇橹船船工很风趣,2
9660,好久没来什刹海了，正好今天下午有半天假，这么好的机会岂能错过?顺便与老友在同和居约顿饭～酒香十足的糟溜三白是同和居的招牌菜哦，顺便满足一下已经戒烟戒酒500多天的自己的酒瘾～在同和居吃饭直接就能透过玻璃欣赏什刹海的湖景对了，二楼有观景位,2
9661,九转肥肠外层炸制的酥脆，里面是嫩的，淋上炒制的糖色甜咸口味儿，吃多了会有些腻。,2
9662,一直未能成行的恭王府之行，终于在雨☔️后的一个凉爽的天气出发了。王府有小故宫之称，下属文化部，位于风水宝地什刹海地区，占地6万多平方米，随着人流随便瞎逛，蹭听了好几个旅游团的导游，了解了很多野趣传闻故事，游览了后花园之后，去找三绝，西洋门，还有“99间半”之称的后罩楼，拦腰将之隔为府邸和花园，府邸堂皇庄重，花园以其富丽而被称作“城中第一佳山水”，确实处处是景。如果时间充裕，还可以在大戏楼听戏喝茶休息...,2
9663,我很喜欢老北京的京城的感觉的，奔着和珅去的，真的是值得一看啊,2
9664,"老爸生日,所以要迁就老爸的口味，挑战老字号同和居",2
9665,恭王府——满族第一美男子和珅的府邸 觉得和珅家的后花园比皇家的御花园还大 里面的家具雕花镶玉 做工精细,2
9666,恭王府真的值得去，王府很大，后花园比御花园还要美，因为赶时间都没全部逛完。,2
9667,点了店里的主打菜烤羊腿肉，依旧鲜嫩可口。大虾肉质弹滑，它似蜜是作为汉民的我的最爱，配上米饭香香园,2
9668,"想吃同和居了,",2
9669,带队孟导热情，圆明园颐和园景色还是很美，讲解详细生动。,2
9670,这里真的可以和皇宫相比！九千九百九拾九个福字！里面买的小叶紫檀,2
9671,很好，也很好找，直接验证电子订单号，方便，快捷,2
9672,恭王府的解说很生动，张导游也很负责任，去长城虽然下雨，路也难走，但是导游阿斌很负责任，给个赞👍6,2
9673,还行，推荐晚上来，会更有feel～,2
9674,恭王府附近还有很多好吃的店哦，闹中取静很不错,2
9675,感悟历史兴衰的绝佳之地,2
9676,要是不是十一要是不是这么多人，要是不是一个人独游，感觉应该还不错的！,0
9677,不愧是和珅的府邸，邻近紫禁城，占地面积大，建筑恢宏O(∩_∩)O,2
9678,基础建设都不错，就是景区门口小店的东西比较贵，又没特色！,0
9679,大品牌老字号的馆子还是值得信赖的，安全有保障，味道还好，外卖点起来，美美的吃上一顿还是不错的,2
9680,这次来，北京参观故宫十分的愉快！导游李海楠小姐姐全程陪同解说很到位！故事也很有意思！讲解故事生动有趣！下次来北京大家可以找她！！,2
9681,姜导很好行程很完美景色好美丽,2
9682,去了趟恭王府，噌了个旅游团，口才很好的一个漂亮女导游，从中收获了些和珅的个人经历，觉得挺有意思的。我个人认为去有故事的历史经典景点，要么噌旅游团，要么要自动解说器，这样才有收获，要不就白去了，只看山石水，到哪都一样,2
9683,"老北京清真馆子的集大成者，基本就是Top 10就是一楼二烤三轩四顺,",2
9684,北京导游果春山，还不错，行程时间紧，基本去长城只能坐索道才能上顶，除非花费一天时间自己去。见识了一下长陵和定陵，晚上的鸟巢夜景很美。还送了皮影，现在不能满大街看到这些戏了，能去皮影馆了解和欣赏一下，我觉得很有必要。,2
9685,观澜墅生活方式的提供者、缔造者！,2
9686,"烤肉季是多年以来的老字号了，然后海住这么多年，我也没吃过这家。今天可以来尝尝老字号的炙子烤肉总体来说性价比也不算高，价格略贵炙子烤肉还是很不错的,如果喜欢吃炙子烤肉的朋友们可以来尝试糊饼做的就真的很一般了。",1
9687,恭王府非常棒，是唯一留下来的亲王府了，国家一级文物，摸福字，感受比御花园还大的花园。冒着大雨逛下来，服自己的游玩精神。,2
9688,恭王府就是福气财气集结地。值得一去。,2
9689,由于婆家是回民，所以婆婆生日就选了离家比较近的后海烤肉季。很多年前的烤肉季不分季节都需要排队，现在多少受疫情影响，赶上冬季显得萧条些了,1
9690,"银锭桥旁一个标志性建筑，老字号，古香古色的装饰,估计大多都是游客来吃，人还挺多的，价格真的是比几年前翻了几番～烤肉也有文吃武吃的讲究，肉质细腻鲜嫩，味道也是没话说，火烧夹着吃那叫一个香，服务也是中规中矩，整体还是比较满意的～～",2
9691,有时间可以观澜墅看看，一边滑雪，一边钓鱼，晚上可以泡温泉,2
9692,整体行程感觉不错。原本想自己走这条线路，因为父母在身边，还是考虑跟团会比较方便，事实证明也是如此。,2
9693,恭王府挺好玩，夏天去实在太热了，但是荷花正待时，景色宜人～,2
9694,对于时间紧张的朋友还算一个选择,1
9695,所有的菜品上菜都很快烤肉的炙子比较讲究所以吃到最后也都能保持热度不要忘了点夹肉肉的好吃的芝麻酱烧饼哦,2
9696,"三不沾真好，甜润爽滑,柔胰曼妙，灶上师傅辛苦了",2
9697,什刹海的同和居位置非常好找，服务非常热情，但是菜品可能是太正宗了，对我个人而言是不对胃口的。招牌菜三不占，头两口吃着很美味，但是吃着吃着就腻了。,2
9698,"老字号，菜品也对得起这名字，三不粘，糟溜鱼片，九转大肠，干炸丸子，葱烧海参，都是特色，好吃，环境也挺好，二楼是个大包间,装修的古色古香，可以在平台上看前海后海,真是漂亮",2
9699,很实用，很方便，门口随定随进！,2
9700,很有年代感，正经八百的四合院，威严，气派，取票方便。,2
9701,金水桥旅行社导游张雅彬，这次行程安排的非常合理，也非常愉快。一家人很开心。,2
9702,从小吃这家整体还是高分的可惜我最爱的麻豆腐已经不是原来的味儿了颜色就已经不对了黑乎乎的,0
9703,荷花市场里的老北京菜了，店有些年头了，装修有老北京风格，有点老国营饭店的感觉了。是个老字号了。爆三样，食材新鲜，肝和腰子都很嫩。三不沾是这里的招牌，软糯，鸡蛋和猪油香味足，吃多了会腻，但是入口味道还是挺好吃的，趁热吃。,2
9704,终于有机会来见识一下恭王府啦，暑期过来的简直了，人实在是太多了，可以说是人挤人，恭王府倒是很好预约的，终于能有机会见识和珅的老宅了，而且这里还是还珠格格的拍摄地哈哈，地方其实不是很大，但是要看那个福碑必须得排队，所以玩起来也得俩小时。,2
9705,大厅明亮干净，服务周到态度好。,2
9706,行程安排的比较合理，玩起来不会累，导游讲解也很好，中巴车也干净，很棒的体验,2
9707,是我最喜欢的一个园子，就是暑假人太多,2
9708,取票方便。  恭王府也确实值得一去！,2
9709,懂导特别贴心，讲解有趣，性价比超高，,2
9710,上周去北京又去恭王府了，比过年去的时候有生气多了，植被现在很茂盛，后花园各种花花草草，真的很棒哦，恭王府是和珅的府邸，后来查封了，他儿子住一半，王爷住一半,2
9711,"烤肉串强烈推荐!非常好吃!羊汤清淡，味道鲜美，溜木须肉酸爽解腻,蜜豆百合爽口!晚上很忙，午餐还行!",2
9712,恭王府非常值得一看，但是一定要有讲解，会比较有趣。,2
9713,去的挺早，人还不算多，取票很方便。外面太阳很晒，恭王府里很凉爽?,2
9714,还不错，值得一去，来北京应该去的地方，听一些导游讲一些关于和坤的故事，很有趣，周围的胡同有吃有喝，价钱上也不是很贵。普通消费可以，景点也还不错。就是有些地方还没扩张好，还有就是里面现在比较商业化，不过来北京恭王府是值得的,2
9715,清炒虾仁扒肉条它似蜜都可以点哈很地道汤品出品略弱几次点的三鲜汤酸辣汤水平都与其它大菜不可同日而语能免就免了吧,1
9716,"最后俩人没吃完，下次可以少点一份，换个小菜。肉很好,刚上桌时就已经烤好了，很香，不过两份一起上来确实有点吃不过来，虽然有火但是温度和口感还是会慢慢下降，应该分开点。下次有机会试试武吃,可以吃炮糊可以打个鸡蛋那种。",2
9717,总体来说是不错的，唯独那人啊……黑压压哒！,2
9718,好玩，值得一去，坐地铁北海北下车！,2
9719,金水桥旅行社的陈梦琳导游服务十分周到，热情，态度和蔼，我们今天十分满意，推荐给我们的朋友，如果下次再来仍然找她导游。,2
9720,取票方便，入园也可以刷身份证，省下了不少时间。和珅府还是不错的，有自己的特色，之前听导游说，刚建国前北京城里的王府就有三千多间，为了发展都被毁掉了，现在只存下三百多间，不免感到惋惜！,2
9721,主要是导游很热情！谅解也是入木三分，充分展现了北京人的素质！强烈推荐！！！,2
9722,免费的湖景公园，可以划船。湖中央有个野鸭岛，鸭妈妈带着刚刚孵化的小鸭子在水里觅食玩耍。湖边有酒吧、西餐厅，也有家孔乙己，提前预定的话可以在船水吃饭。,2
9723,还行，电子换票挺方便。,2
9724,方便快捷，好评！和珅的花园很漂亮,2
9725,恭王府环境不错，确实值得一去！！,2
9726,去恭王府大多数人都是奔着和珅去的。不管是跟团游还是自助游一定要听导游讲解（蹭导游），带着文化和历史去旅游，这样才能更加了解景点。恭王府的福字非常有名，记得摸一摸。游客比较多，建议网上订票，进景区直接刷身份证，不用排队买票。恭王府距离后海不远，可以顺带着逛逛后海。,2
9727,"来后海逛逛拍片，一到这都已经中午了，那就先吃饱了再逛吧,正好打卡这家老字号北京烤肉，文吃，小炉子上的铁板炙子烤肉，一份牛肉一份羊肉，量比想象的大，",2
9728,希望能给看到的人提个醒，第一我没想到去哪网会这么不负责任，定的是13点的，我12点50到的，结果等到13点10分都没见到人，于是我给去哪打电话，去哪说帮我问问，问完之后给了我一个电话让我自己联系，也行，去哪网忙，我自己联系，打电话没人接，这个时候已经快13点半了，我又联系客服，客服说稍等再给我联系，我就想考虑没考虑游客的感受，利用周末来北京玩，时间挺赶的，我要求客服把票退了，客服居然告诉我不能退，还要联系导游...,0
9729,导游人真的很好，讲解的很明白，服务特别好，整个团非常满意。三分看七分听，故宫的震撼是需要自己感受的,2
9730,还可以，打开GPRS定位以后，可以实现边走边看边听，只是有时候定位可能稍有不准，还有就是解说的肯定是没有导游精彩和丰富，听个有趣吧～,2
9731,很方便，取票也很快，省去排队的烦恼了，也节约了时间。,2
9732,服务好，讲解生动有趣，了解了恭王府，很喜欢这次福气之旅。,2
9733,先过安检，再检票可以免费寄存行李两小时，之后再回到南门取。比美团便宜。看看别人住的地方，个人觉得主要是看建筑园林,2
9734,特别推荐去 一定要请导游 最好讲足3个小时 然后相反的方向 再走一遍 慢慢感受这古老的历史沉淀 有几个新修的地方 人特别少,2
9735,还不错，妈妈玩的很开心，还想再来玩一次~~~,2
9736,冬天来也没有很冷，服务好,2
9737,妄对5A景区，全是人，建筑不能进，能进的是一些展览和小贩，福字碑那放个喇叭喊：请用右手依次摸福字碑，不能拍照，北海北站地铁也不好买票，人多、机器差。,0
9738,恭王府和故宫是没法比，但也是一个让人羡慕的地方。,1
9739,取票很方便，去的太早在门口狂拍照。,2
9740,導遊宇文娜娜挺專業的，服務和態度都挺不錯的，講解清楚，客人都挺滿意,2
9741,公主和格格们这些都是珍贵的老照片和绅的藏宝楼西洋门，当年全北京只有三个这种样式的西洋门，被称为恭王府三绝之一。太湖石送子观音，像一位怀抱婴儿的妇人，移来这块石头后，和珅的妻子很快便生下了儿子，即丰绅殷德。方池水榭，也称“湖心亭”，据说是按照曹雪芹《红楼梦》情节设计的。湖水从玉泉湖引入，特点是只入不出，暗喻主人钱财富贵只进不出。福字碑本是白色的，由于人们初期对它未加保护地拓印，使得油墨深入石头中，产...,2
9742,去什刹海是替某个人去的，我也是不想再笑她了，知道我要在北京逗留，就问我去不去什刹海，我说那里有什么吗？她突然就好煽情的说不是有句歌词唱的什刹海都开满了荷花么。,0
9743,穿过北海公园，就是有名的老北京什刹海了。,1
9744,进门不用换纸质门票，刷身份证直接入园。真是方便，电子讲解很好用。每到一个景点自动讲解，让你更好的了解每个建筑背后的历史。,2
9745,老北京胡同真不错，恭王府值得一游！,2
9746,王爷住的地方风景真好啊！,2
9747,恭王府具有一座恭王府，半个清朝之说，这足以说明他的魅力所在。那接下来我们一起去和坤的神笔吧看看吧。PS：票价40元远看不过普普通通的一座府邸而已，里面却是别有洞天，故宫叫金銮殿，和坤叫银銮殿这便是它的一个模型图了。此图一出，大家是不是惊呆了。那么大的占地面积，不可想象共6万平方米，最大的王府啊。。。而三绝之一就是99间半的房间同故宫的9999间半的房间，所以规格之大蝠厅不对外，要收费，蝠同福，所以和坤很是喜...,2
9748,喜欢旅游，爱好人文，到异域他乡吃吃喝喝，写写画画，因着这点动力我也算是走遍了近七大洲五大洋。留学的缘故，无意间养成了一种习惯，每去一个地方，倒没有仰赖google做太多攻略，到达目的地第一件事，找标志“i”。“i”是英文“information”的缩写，意即信息，这是一个专门给游客们提供旅游咨询及资讯信息的点，在这你可以大致了解到当地出行的交通、美食、旅馆、景点、活动等等，在那些小格子里，有很多小册子或小单页，让我...,2
9749,回青旅休息了一会，晚上就去到后海。每次去酒吧街都想让自己放纵一下，买醉一次，但，每次，陌生的城市，终究无法安心的放肆。灯饰很美好的样子窗外看室内的人群狂欢红灯笼总能让我记起江南也许，孤单的人都喜欢狂欢,0
9750,烟袋斜街位于北京市地安门外大街鼓楼前，属西城区厂桥地界。在清末至二三十年代，街内以经营旱烟袋、水烟袋等烟具、古玩、书画、裱画、文具及风味小吃、服务行业等为主，其铺面建筑风格朴素并有北京北城特点，是北京北城较有名气的文化街，曾留下不少文化名人的足迹。现在烟袋斜街已经和鼓楼，南锣鼓巷等知名景区一样，都是每个在北京的人闲暇时寻找美食，看古玩，赏书画古建筑的好去处,2
9751,后海是什刹海的一个组成部分，由前海、后海、西海三块水面组成的什刹海，为了与北海、中海、南海“前三海”区别，被称作“后三海”。后海东起地安门外大街，西至新街口大街，南起平安大街，北至北二环，总面积146.7公顷，其中水域面积34公顷，绿地面积11.5公顷。这是北京城内700年以前元大都时期的古老水域。后海是13世纪元大都规划设计的基本项目之一，什刹海周边从元代起就是大都城繁华商业区，它在当时是漕运的终点，被称为“北...,1
9752,后海第一眼！做这个人力三轮，有地道老北京师傅给我讲解历史，绕着整个转悠了一圈，花费80，听纯正的京腔感觉挺有意思～时光变得很悠闲～柳絮纷飞～老炮儿拍摄地点什刹海,2
9753,在鼓楼附近，距离南锣鼓巷很近，可以穿过来，里面的建筑很有特色，人很多，从烟袋斜街穿过胡同就是什刹海，后海，有划船的，在穿就是恭王府，这附近都是以前王爷们住的地方，也是感谢新社会，不然，皇宫王爷府进不去,1
9754,恭王府有北京最大最好的福气，当然要来沾沾福气啦！,2
9755,北京人不去的地方，去也是路过，这里商业气息太浓，没好玩的好吃的好买的，它的附近还是可以逛的 交通方便，一般吧。,0
9756,牛街小吃店，早餐，面茶加糖油饼。面茶，大概就是特别稠的玉米面粥，上边加上芝麻酱，再洒点芝麻碎，花生碎之类的，咸口。闺女说过我，你们就爱拍“带字的”。,1
9757,他家好大，有山有水赵州桥15一个在恭王府附近吃的，庆丰包子铺,2
9758,已经结冰在准备要去坐地铁走前，看到这么漂亮的落日，真是幸运至极,2
9759,"挺好的,玩的挺开心的，买的学生票打了半折，保安大叔还贴心告诉我游客中心可以存行李",2
9760,放完行李吃好午饭就开始第一站啦，恭王府（和珅住宅）门票是在去哪儿网预定的42元/人。下单没多久就走导游联系一同入园（这是当时没想到的）。,2
9761,郭导人很好 有耐心 景区讲解细致 非常愉快的一天,2
9762,人美心善！讲解生动，让我又重新多了很多知识。,2
9763,带队的罗导认真负责，每个景点都彻彻底底的带我们游览到讲解到，午餐还亲自帮忙上菜上饭給大家服务，很满意的一次出行。好评。,2
9764,罗导人很好，下着大雨，自己淋着雨，把伞借给了我跟孩子。十一假期，人超级多，每个人都照顾到，我们上洗手间耽误了一会时间也特别宽容，很感激。,2
9765,孙美娜导游讲解非常详细，听着很舒服，一天下来非常开心，景色很美，值得一游，她还给我们讲解当地的传统文化，小吃，还免费给我一个口罩，非常感谢🙏,2
9766,强烈推荐！非常精彩！谢导游讲解的非常有意思，还接地气！来北京就是三分看景七分靠听讲！东北说得一溜儿一溜儿的，绝。,2
9767,今天带父亲出来旅游，报了双园＋恭王府，早上司机准时到酒店接我们送到集合点，谢导服务很好，讲解得比较祥细，大家都玩得很开心！感谢谢导！,2
9768,孙美娜导演非常热情，不知疲倦的为我们服务讲解，旅游体验非常好👍！还会和朋友推荐这家旅社,2
9769,跟着张导的旅游很好，很高兴，讲得很好，学到好多东西，很有意思，开心。,2
9770,罗导游的讲解不仅细致而且幽默，知识量很丰富，既有正史也有野史，服务周到，除却景点的讲解还会额外告诉一些其他景点的介绍。很不错！,2
9771,谢导人非常好，服务周到，待人热情，从头讲到尾，也不休息，在游船上讲解的时候都没有坐下休息，我真的非常感动，团队里有一个老爷爷，她也照顾的很好，让我的北京之行非常愉快,2
9772,这次来玩在网上订的！我很满意，导游很负责任，而且耐心，一点都不累，也没有强制消费也玩得很开心，认识了很多朋友！下次还会来的。,2
9773,一日游跟着张导带的团 体验感很好 适合来北京的自由行小伙伴们  虽然走得挺累但是行程还是很开心😃,2
9774,这一天的旅行总体还是挺满意的，郭导服务态度都很好，讲解也很清楚，涨了很多知识，值得大家选择。😃,2
9775,要旅游找遨游，遨游导游田田值得推荐，自带喜感，为人和善，尊老爱幼，讲解详细，服务周到，本来对旅游没什么好感，试试看的心态报了一日游，田导的服务让我完全放心，打消了所以疑虑，此旅行社值得信赖，每个人的体验不一样，我们整团的人都非常认可，每个人都开心，感谢付出，体验超棒,2
9776,今天跟着张导的一日游，行程安排合理，导游服务到位，各处风景迷人，也有人文介绍很到位，让我们对历史有了一定的了解，景美人好，感谢旅行社安排如此优秀的导游！以后有机会还会找你们金马旅行社！,2
9777,张导跟了一天玩得很开心。讲解了很多精彩景点和典故。超赞！,2
9778,跟着张导游玩了一天特别开心，人很好，讲解的也很专业有趣，来了好几次了。都是自己带朋友玩，这次报团听了很多故事，完全不一样的体验，看来导游确实给景点加分,2
9779,北京真的很大，天坛半天就可以看完的，最后走的什刹海散的团，之后我们就自己逛逛了，总体不错的。,2
9780,服务态度好，解说详细耐心，责任心强，一天的行程很满意，点赞谢导。,2
9781,导游姐姐挺替我们着想的hhh第一站恭王府挤着去排队，争取到了比较早进去参观的机会,2
9782,"非常精彩的一天!在刘导带领逛了恭王府，颐和园和圆明园并对主要景点进行了深度专业讲解,听得我们如痴如醉!",2
9783,导游很细心，一日游讲解很好，就是行程有点赶，走路比较累，其它都很好，不错。,2
9784,很开心的一次旅程！这次的导游袁导非常认真负责，而且对天坛、颐和园、圆明园的历史非常熟悉！特喜欢听袁导的讲解！听到了很多很有意思的历史！,2
9785,很靠谱的一次体验，导游讲解到位，服务周到，态度也超好，都是入团是坑，可这次让我感受到了很舒服的感觉，还包括服务人员，都很棒，谢谢各位工作人员，点赞,2
9786,“是文化，也是故事”,2
9787,五一期间去的，真的是人太多了，但是恭王府还是值得一去的。,2
9788,罗导讲的非常详细、真的感觉到自己回到了古代 感受大国的兴盛时期、为我中华大地特别自豪 骄傲、 我一直在想一个皇家园林都怎么牛逼，特别满意，必须好评。感谢,2
9789,在去哪儿网买门票很便宜，恭王府值得一去，主要是和珅和恭王住过的地方。认真地看了一下午，带着好奇而来带着思考而去。,2
9790,票价比现场购票高，五一嘛也能理解。,1
9791,中途被出租车司机骗说交通管制进不去，打去去哪儿咨询能及时反馈，顺利下午16点进园，主要是故宫出来走很远过对面景山东路一带都无法滴滴，耽误了时间，其实时间充裕，需要讲解逛好些。,1
9792,今天玩得很开心，罗导讲的也非常好👍🏻细心 耐心 专业 热情❤️感谢给我们一个这么美好滴体验！希望以后来北京还能相遇🥳罗导还带一个小册字 上面有他打印出来的照片 然后让我们看到了古代嫔妃和圆明园原貌等，有心了 再次感谢,2
9793,郭导行程安排细致周到，入园讲解生动清晰，对待小游客们的问题能耐心解答，是一次不错的首都旅行体验，强烈推荐！,2
9794,很棒的一次体验，，导游经验非常丰富，行程中认真负责，讲解的非常细致入微，更重要的是一直激发大家听讲解的兴趣，准备的图片更加深刻的还原了历史，报团就是冲着导游的讲解，但并不是所有导游都会讲的这么生动细致，讲解的非常精彩，让人回味，引人入胜，团队里的每位客人对导游都很满意，欢声笑语不断，万分感谢。,2
9795,很好很方便，讲解很到位。,2
9796,小郭导游，服务特别好，特别细心，也比较操心，讲解的也很有水准，一次美好的旅行计划，下次还选择你们，多多介绍客户和宣传！！！,2
9797,孟导服务细心、态度好！,2
9798,从后海一直往前走，走着走着就到烟袋斜街了。,1
9799,星期日的恭王府也是如此的人多。,1
9800,导游服务很到位，服务态度很好，值得表扬，讲解的很到位，也很专业，处理问题迅速，很好的一个导游，下次来北京希望能再次碰上他😁,2
9801,人较多，建议上午恭王府，下午故宫，完美避开人流。和珅的府邸，里面最出名的是康熙的“福”字碑，还有那块“送子观音”石，和大人之所以那么讨皇帝欢心据说是因为长得像皇帝喜欢的一个妃子，“男生女相”用来形容他再贴切不过了，看到他的画像与那位妃子的画像摆放在一起一开始还不明所以，别说，还真的挺秀气的！送子观音观音石前热闹得很哦终于一睹网红“福”。,2
9802,北京昌平区南口天寿陵园 扫墓的人 非常多 停车场都满了 这才上午九点半 看看姥姥姥爷 东华舅 来北京的心愿目的达到了 明天飞日本 北京比太原冷呀 我的羽绒服 可派上用场  一会儿坐车回去 喝豆汁儿 焦圈儿 暖和暖和,1
9803,在什刹海溜溜胡同，北京胡同似乎是老北京的标记之一，这里记下了历史的变迁，时代的风貌，并蕴含着浓郁的文化气息，好像一座座民俗风情的博物馆，烙下了人们各种社会生活的印记。漫步其中，细细品味北京。,2
9804,今天早上起的有点猛，早上5点就不想睡觉，不睡就遛弯，看看多年未见的清早的后海，小时候没有人告诉你什刹海什么的，这里都是游泳的地方。,2
9805,第一次来北京，比较盲目，时间又赶，选择了当地报团，玩的很好，全程没有购物，导游小杨热情，讲解到位！一天打卡了多个景点！虽然累点但很开心,2
9806,什刹海景色宜人，风景优美，空气清新，自然，舒适，纯天然自然风光，趣味性强，性价比超高的，值得推荐给大家，令人耳目一新的感觉。,2
9807,随着北京疫情的好转，现在可以去什刹海了，但是去北京在回到非疫区就比较麻烦。现在的生产生活都正常了，还是不错的，希望什刹海重新开放的那一天早日来临。,2
9808,吃吃逛逛必吃的糖葫芦网红舒芙蕾早餐标配豆汁是在不敢恭维北京烤鸭来一份,1
9809,现在这边的胡同都是封闭的，必须拿着小区的出入证才能进去，然后什刹海和对面的北海，都是提前一天预约才能行。大家只能在道路两旁拍个照片。,1
9810,什刹海北京市城区最大的水系公园，山地，湖泊，亭台，楼阁，湿地，庙宇俱全，公园北临二环路，南边是北海公园，东街地安门鼓楼，整个景观非常漂亮，而且免费。,2
9811,北京最美的一片海，也叫后海。夏天尤为热闹，泡吧，聊天，感受老北京胡同文化的好地方。在这你能看到五湖四海，全球各地的朋友们。形形色色，五光十色的人们。,2
9812,上海这儿给人感觉真的很不错，环境很优美啊，隔壁就是这个既是他们的一些公园和一些景点，再往前走的时候还有这边的一条街，呃，酒吧文化也非常盛行，看上去还真的很棒。,2
9813,冬天的什刹海，游客非常多，很多人都在什刹海上滑冰嘻戏，这也是我在电视中常见到的什刹海形象。真想下去和他们一起滑冰。可惜没带装备。,2
9814,什刹海的景色非常的美。不过我是冬天去的什刹海，所以是冰封的状态，可以看到上面很多的人，在滑冰。这也是我印象中老北京还有的模样。,2
9815,什刹海，是北京市历史文化旅游风景区、北京市历史文化保护区。位于市中心城区西城区，毗邻北京城中轴线，景区免费开放，交通非常方便，有很多公交车和地铁都可以到达，是北京内城唯一一处具有开阔水面的开放型景区，也是北京城内面积最大、风貌保存最完整的一片历史街区， 什刹海包括前海、后海和西海（又称积水潭）三个水域及临近地区，与“前三海”相呼应，俗称“后三海”。什刹海也写作“十刹海”，四周原有十座佛寺，故有此称...,1
9816,"什刹海景区历史文化积淀深厚，位置于市中心城区西城区，毗邻北京城中轴线。什刹海水域面积大概有34万平方米，水面十分自然地融入城市街区之中，依托水体，还有湖岸的垂柳、水中的荷花等也成为什刹海频具特色自然景观。号称""燕京小八景""之一的""银锭观山""在景区中具有典型意义。老北京的生活气息就在这胡同的角落里，在这四合院的一砖一瓦里，在居民之间的邻里之情里。只有身处其中才能得到最深的体会。",2
9817,什刹海是北京历史文化旅游 风景区，属于开放性公园，不收门票，旧时因周围有十座寺庙而得名，该公园风景优美，水面宽广，亭台长廊，点缀在水周围，很是漂亮，四面还有很多具有老北京悠久文化的胡同，很值得一去。,2
9818,什刹海的魅力… 什刹海记录着学生时代的美好时光， 曾经的青葱岁月，飞扬的笑声， 轻快地踏着单车， 放学路上，永远洒满阳光， 无忧无虑的快乐纵享， 同学间最真挚的话语，耳边回响… 而今，景物依然，故人已天各一方……,2
9819,在北京，什刹海是我非常喜欢去的地方！这里地方有湖，有胡同，景色非常不错，融合了历史与人文，在当今社会真实地展示了老北京风情！,2
9820,早上坐上高铁来到了北京，昨天爬山累到了，今天不得先来一顿涮羊肉犒劳下自己么。吃完之后到故宫边溜达了一圈，今天星期一，闭馆，不过还好闭馆哦，要不我要后悔死。,2
9821,北京有个什刹海，是经典的老北京风情区域！这里有个大型湖泊，湖泊上有桥，周边有老北京胡同，可以欣赏湖景的同时逛胡同，确实是不错！,2
9822,什刹海因四周原有十座佛寺而得名，古典与现代相容，传统与前卫契合，什刹海酒吧街相当热闹，很多明星成名前都曾在这里驻唱，比较出名的酒吧有胡同写意、甲丁坊等。,2
9823,冬天的什刹海湖面结冰，各种滑冰，冰车等冰上运动全都开展了，岸上各种咖啡厅也可以来一杯热乎乎的咖啡欣赏冬日的什刹海，。但是来这里滑冰一定不要在无人管理的地方滑野冰。,2
9824,体验老北京风情的最佳地方！这个地方有湖泊，有古胡同，有古建筑，有树木等，这里的游客很多，在这里体验了黄包车游胡同，走走停停，感受什刹海的魅力！,2
9825,晚膳毕去后海的路上穿过了烟袋斜街,1
9826,冬天的什刹海，可以冰嬉，孩子们的乐园啊。有冰车坐，滑冰也行，冰是天然加人工冻上的，很厚很结实很安全，逛逛附近的烟袋斜街，尝尝烤肉季同和居，滑滑冰，参观一下附近的名人故居，一天满满的收获,2
9827,逛完恭王府，已是下午五点了。在恭王府外头有许多蹬三轮儿的小哥，可以坐在车上环恭王府一圈，同时还会讲解关于这一带的历史。,2
9828,故宫非常的宏大壮观，导游还讲解了很多我们不了解的知识，很专业，非常棒的出游，满意哦,2
9829,纯玩，无购物，路线安排得合理，玩起来不累，太满意了，值得推荐,2
9830,东挑西选，头都晕了，最后还是选择了这家吧，没有想到真的很意外，特别的棒，会推荐朋友来的，开心😁,2
9831,以前来过故宫游玩，走马观花看个热闹，这次报旅行团跟着家人再次来故宫游览，在导游的渊博，耐心幽默的讲解下，对故宫有了更深入的认识，这次行程很满意，景色很美，冬天的故宫人比夏天少很多，值得推荐给朋友，赞,2
9832,很棒，来北京旅游还是推荐跟团游，导游讲解的生动形象，自由行有好多历史是不懂的，跟团游推荐这家旅行社，导游一路上贴心照顾！！,2
9833,环境还是挺不错的 还有小吃 鼓楼 南锣鼓巷什刹海北海都离得挺近的,2
9834,大家肯定不知道什刹海也叫十刹海吧，因为原来这里四周有十座佛寺，所以称为十刹海。这里白天还是比较安静的在晚上就会非常的热闹，特别是酒吧一条街，路边有许多摆摊的全是人在这里游玩，酒吧里面也非常的热闹。,2
9835,恭王府是我出发前就比较期待的，也是我花费很多时间了解的一个地方！而且恭王府是配有免费导游讲解的，不需要自己去请导游！说个小插曲，之前在B站搜恭王府讲解，有一个博主全程跟拍导游，这个导游姐姐一口京腔，讲解的非常到位，可以说是提起了我想了解更多恭王府历史的兴趣，这次去恭王府给我们讲解的导游就是视频里的导游姐姐！！真的是冥冥之中自由安排，缘分呐！,2
9836,荷花市场牌楼是什刹海景区的南大门，湖边小广场也是放风筝的好地方。京城所有的湖泊都是收门票的公园，只有什刹海这处水域开阔的景点，是内城唯一一处开放型的景区。冬日什刹海的水面结冰后，就成了京城人最喜欢的溜冰场所，《血色浪漫》的溜冰情节就是发生在这里的故事。,2
9837,深秋时节的早晨，什刹海沐浴着暖暖的阳光，一切都刚刚开始复苏，行人顾不上路边的风景，游客们都还没到这里，适合美美的自拍美颜起来,2
9838,什刹海是北京内城唯一一处具有开阔水面的开放型景区，包括前海、后海和西海（又称积水潭）三个水域及临近地区，与“前三海”相呼应，俗称“后三海”。,1
9839,晚上的什刹海也别有味道，各种颜色的灯光，倒映在水中，配合着京剧票友们的唱腔，配合着酒吧驻唱的歌声，非常小资呢，完全褪去了白天的喧嚣。,2
9840,前海，后海和西海一共三个湖泊组成了什刹海风景区，白天可以在这里看看风景，走走逛逛，买买小吃，街上的小吃，还有小饰品，小摆件真的很多，晚上的什刹海更热闹，有很多酒吧在这里，驻唱歌手的歌声真的好听，特别喜欢民谣，感觉每个北漂的人都是有故事的,2
9841,什刹海其实可以归纳为一公园，环境不错，而且可以免费游览，两旁都是种满了柳树，水也是清澈见底，周边都是北京味道的建筑，什么王族显贵的府邸，老胡同，很有游客也会选择泛舟湖上，或者是坐着北京的三轮车逛上一圈，人还是挺多的，很多附近的居民也会选择在那里晒晒太阳，地方很大，随意走上一圈可是不容易，到了晚上可以去到附近的酒吧街，感受一下北京的夜生活。,2
9842,"沿街外而行，穿过曲径通幽处的巷子亦可见禅房花木深的寺庙。寺庙的门口放着好几盆的放生池？鱼儿盆中游，我不知道它们会不会产生久在盆子里,复得返湖中的渴望。四周的光景好像为这座寺庙而设，绿树红墙黄瓦，一看就是寺庙的标配呀。",2
9843,远行客贪味着这风景的清幽，花草香、鸽子叫，宜摄影。墙上的故事廊，诉说着过往的人文风采。窗外景，窗外静，窗外佳景收历历。一件件物品陈列在此处，我猜墙上的钟每过一个小时就会发出叮咚、叮咚的响声。我们也不知是哪位园艺爱好者，在这些植物真是有心呀。这普通的鸡蛋壳还能变身为环保艺术呢。,2
9844,里面有个小展馆,1
9845,坐了一下人力游览车,1
9846,都说什刹海景区风光秀丽，被誉为“北方的水乡”，我是在寒冷之夜来到这里，我们从烟袋斜街走过来的，出来就到了什刹海，问路的时候，别人告诉我没过桥之前属于前海，过了桥就到了后海，后海部分最有名的就是后海酒吧一条街，隔着玻璃看到酒吧里面已经开始了表演，热闹的夜晚即将到来。,2
9847,静静的，心情不错，睡眠平静，风清气爽，沿途酒吧声声传来，感觉不错,2
9848,一座恭王府，半部清代史。话说和珅大佬做贪官也可以做到名败清史，留下这么一座狗大宅，是不是也算是实现个人人生价值了？直觉上，他的园子我感觉比皇帝的御花园逼格高几倍。所谓皇家辉煌富贵，民间清稚素雅，这个宅子完美的结合了这两点。狗望说，和珅白天在宫里逼逼朝政狗腿皇帝，下班回家提个鸟笼哼个曲逛园子。现代人的梦想也不过如此，事业有成，家有豪宅，内外皆收，当然，取之有道。乡里人感慨一下这个讲解器，带地图，还定...,1
9849,大白话说，这里是一个小公园，中间有一个湖还是河，两边分别是酒吧一条街和小吃一条街，适合饭后遛弯，在有花花草草汤汤水水的地方散步总归是一种诗情画意，就是有点冷…台阶上有一线的垂钓老头，排排坐，分果果，眼痴痴的盯着他们的鱼竿子。人行道上有很多写生小摊，价格比店里便宜一半，然而画出来相似度也便宜一大半咯，搞不清画的是谁，除了发型眉毛到位了，其他可能整容了(⊙v⊙)时间说快也慢，缘分奇奇妙妙，万物因果循环，...,2
9850,就是城市里的湖波，载了些杨柳树，杨树高大，垂柳依依，加上一些酒吧，特包小吃沒有什么值得观看的，不过有钱没处花的人可以散散步还可以的,1
9851,逛了主干道，我俩就往西边的小胡同里溜达了，准备去后海和烟袋斜街走一圈。百度地图真心好用又贴心后海是北京人儿的老公园，大伙都爱在这儿寻找休闲的乐趣。沿途有不少小吃店饮品店酒吧，还有唱京剧的老人们，放风筝的小孩儿。边歇边逛，我俩准备晚上回到南锣鼓巷吃炸酱面。胡同里的四合院有不少不起眼的私家小店，我们在美团上找到了一家评分较高的，但遗憾的是去了以后刚好不营业。后来我们在南锣鼓巷的巷口往西不远的路边找到一...,2
9852,故宫博物院附近，不知道为什么，有这些海，北海，后海，什刹海，这里最出名的就是一排排的酒吧，还是夜晚到这里来比较舒适和安逸。,2
9853,十一前夕的什刹海，蓝天碧水绿荷花坛，逛完北海公园过马路到这里逛逛，免费的。附近还有郭沫若故居、鼓楼、烟袋斜街、荷花市场，还有各种风味的饭馆。,2
9854,什刹海景区是指前海、后海和西海及其周边地区146.7公顷的范围，以什刹海命名，平日里这都是人山人海，今天正好路过，可能不是周末，没有往日的喧嚣，走累了饿了来盘烤肉和烧拼。,2
9855,跟着老炮儿去什刹海撒欢喽，大冬天的什刹海可以在上面溜冰，有几种溜冰车可以选择，湖面上竟然还有没结冰的水，副武装，冰上还有卡拉ok可以唱。,2
9856,什刹海是北京的一个非常接地气的公园。这里有很多老爷爷，老奶奶来早锻炼。这里曾经是皇家的地方，来这里参观的游客也很多。什刹海附近还有酒吧一条街。很适合来过夜生活。,2
9857,什刹海，是前海，后海和西海的统称，前海和后海是一片湖面，西海是另一面湖面，中间隔着一条马路，由一条小河道相连，步行只需要5分钟。体力好的，可以绕着整个什刹海包括西海走一圈，什刹海有大片的荷花，夏季应该是很漂亮。周边有不少历史建筑，最有名的是恭亲王府。后海是北京有名的酒吧区，我感觉在这里泡吧以游客为主。另外还有多个游船码头，可以坐船游什刹海。天气好，这里看晚霞还是挺漂亮的。,2
9858,这里很久前来过一次，因为和西海有墙隔着所以游客也就小猫两三只。现在再来，和西海没有了围墙，又背靠着世界遗产大运河，游客一下子就变的多了起来。,1
9859,什刹海的荷花还是很漂亮的.小楼吹这小柳树.走走停停一圈正好去银锭街吃个小吃.刚刚好,2
9860,D5   北京西—广州  Z201   17:54—15.43 +1天    买了硬卧下铺456元 。   宿火车,1
9861,夏日微风习习，走在杨柳依依的什刹海景区并不觉得炎热。一路不时地有红色顶棚的三轮车经过，司机一边载着游客在景区四处逛逛，一边热情地导游和讲述景点历史沿革和小故事，也成为一道风景。,2
9862,什刹海的景色非常漂亮，尤其是夜景。来北京玩的游人，一般人都到什刹海看看，毕竟名声很大，周围吃饭的地方很多，也是比较方便的。,2
9863,难得北京的天气这么好蓝天，白云那么好天气来这里逛一下，还是一个非常不错的选择。最美的地方什刹海大鼓楼。还是特别的宏伟壮观，整个历史建筑保存的还是特别的完好，建议大家去北京旅行可以有空去那里看看吧。,2
9864,什刹海公园（包括前海和后海）这条路线最适合下午出发，然后一直逛到晚上。下午可以逛逛老北京的胡同，傍晚的时候可以赶到银锭桥，感受一下燕京八景之一的“银锭观山”的魅力，晚上可以去酒吧一条街走走，吃点老北京小吃，喝杯燕京啤酒，和朋友聊聊天、散散步，都是非常美好的体验。,2
9865,什刹海原本是老北京风情的最佳展示地点，现已成为小资白领和文艺青年的代名词。它是北京市历史文化旅游风景区，也是北京市历史文化保护区。在行政区的划分上，什刹海属于西城区，比邻北京城正中心的长安街。,2
9866,什刹海。第二次来，仍然被震撼。 什刹海风景甚好，一大片荷花池，虽然只有几朵坚挺，后海的胡同里找了家私房菜馆，环境不错，味道更是不错，皮皮虾强推～饭后沿着后海散散步，吹吹风，看看夜景。完美的一天呀～,2
9867,什刹海是每一位前来北京游玩的游客必不可少的理想选择。这里是北京文化积淀最深厚的所在，无论是胡同文化，还是饮食文化，都独具特色，精彩纷呈。,2
9868,"一早来到京味十足的什刹海景区，由什刹海（又名前海）、后海和西海（积水潭）三个相连的湖泊组成。素有""九庵一庙""之说，因此得名""什刹海""。",1
9869,取票方便，恭王府和故宫没法比呀,1
9870,恭王府很有名，来北京的基本上都要来看看，主要是看看当年和珅的宅院，本来想在网上购票，发现网上购票总是要另外带一个讲解，我就没买，到现场买票，其实人也不多。然后就发现了下面这两张图，发出来，给要去恭王府的人看看，警惕！恭王府为清代规模最大的一座王府，曾先后作为和珅、永璘的宅邸。1851年恭亲王奕訢成为宅子的主人，恭王府的名称也因此得来。,2
9871,挺好的，悠闲自在，适合漫步,2
9872,立秋之后，来逛逛后海，绝对是个享受的事情。荷花开的正当时，天气也不算太热，凉风习习。要是没吃晚饭，可以在后海全聚德来套烤鸭。,2
9873,风景不错，小桥流水，还有小船也可以观光乘坐，树木很多，很茂盛。亭台楼阁也很多，周末闲暇之余带上孩子家人来走走，还是挺惬意的。,2
9874,很方便，进去速度很快，,2
9875,什刹海距离恭王府很近，可以一起游览。 它是是北京内城唯一一处具有开阔水面的开放型景区，什刹海包括前海、后海和西海。 都是可以步行的景点，人流较多，相连的还有一条酒吧街，全聚德在这里有一家店，等候的人太多就没有排队了。 附近还有几条老胡同，非常北京味，是个饭后散步的好地方。,2
9876,什刹海是个散步纳凉的好地方，冬天没啥人气，夏天还可以划船。晚上的酒吧街这几年没啥人气，吃得还是不少，夜景非常好看，停车难。,2
9877,虽比不上故宫，但里面的奢侈精致大饱眼福…………值得一去！！！,2
9878,导游把人丢恭王府就请恭王府讲解员带了 几个团拼起来50-60人 听都听不到 感觉很差 还不如自己看看了,0
9879,直接刷身份证入园，很方便。儿童票包含自动讲解，手机下载个app，走到哪就会开始解说。,2
9880,恭王府位于中国北京前海西街17号，是清朝后期恭亲王奕䜣的府邸及花园，现在是全国重点文物保护单位。恭王府花园现作为旅游景点对外开放。,1
9881,同样的王公府邸，北京的讲究方方正正，房间数量多，占地大，气派最重要！南京那个詹园就另一种风格，精致，古典园林美犹为明显。,2
9882,北京什刹海附近的恭王府是非常值得游玩的地方，经典的清代王府，历史上他的主人最有名的当属和珅，整个恭王府的建筑，园林景观等非常不错！,2
9883,还行吧！好多名人的故居在此！包括中国最后一个皇帝溥仪的出生地！,2
9884,恭王府真的很大气  和大人是真的有钱啊  皇帝有的他都有 皇帝没有的他也有  整个园子里到处都是福  不虚此行  就是没有请到导游有点可惜了,2
9885,#写点评拿旅行基金#,1
9886,王导很给力，再一次购买她们家的旅游产品！给我们炎热的夏天带来一丝清凉！,2
9887,位于北京市西城区，具有浓厚北京历史文化底蕴的北京文化旅游景区和历史街区，是北京内城唯一的一处具有开放水面的风景区，有恭王府、醇王府等不少历史文化古迹。,2
9888,恭王府还是值得去看看的，导游的讲解会让人更了解，小故事也让人游得更开心。,2
9889,露天开放的区域  没有门票  有很少的停车位 还是建议选择公共交通前往  整片湖非常大  能沿着湖完整绕一圈的是大神……当然  也可以选择划船  沿湖开了不少店铺  酒吧 饭店都有  晚上应该非常热闹,2
9890,正好在太阳落山的时候来逛的什刹海，站在一个桥墩上，一批游客都在拍落日，湖上落日确实很好看。 湖边很多餐厅和酒吧，有现场驻唱，气氛非常好。落日之后我们租了艘小船在湖中划船，绕湖一周，周围有钓鱼的，放带电子灯的风筝的，卖各种玩具的，非常热闹。,2
9891,记录了元代北京城变迁的一座湖，据说最早是元朝著名数学家郭守敬设计大都城的时候，引北京西山泉水汇聚于此形成湖泊，然后大运河开凿到此处，使得江南米盐可直接送入京城。,2
9892,傍晚时分，什刹海游人熙熙攘攘，荷花市场岸边的荷花快开了，老字号“全聚德”、烤肉季、马凯餐厅、南门涮肉的人气比较旺，游船码头可以租电动船和脚踏船畅游湖面。,2
9893,很好游胡同.坐船都非常好.喜欢这里大家都很热情.,2
9894,恭王府在北京后海，特别有名的大四合院。里面别有洞天，特别的美，简直就是富丽堂皇的世外桃源，这里曾经是琼瑶电视剧梅花烙的拍摄地！,2
9895,恭王府原是清乾隆朝和珅的府邸，后恭亲王奕訢成为宅子的主人，是现存清代王府中规模最大、保护最完好的一座。正所谓“一座恭王府，半部清朝史”。恭王府里有一块福字碑，被誉为“天下第一福”，康熙御笔。,2
9896,说是海，其实就是一个小湖，但是湖边有很多四合院，都是历史感很强的，而且应该房价惊人。这也不足为奇，皇城帝都，有一个四合院那是什么地位的人。,1
9897,恭王府是我国保存最为完整的王府建筑。原本是和坤的府邸，主要景观西洋门，大戏楼，后罩楼堪称三绝，秘云洞更值得-看。是到北京必游之地。,2
9898,由于下雨天，人不是特别多，天气也不热，景区很值得去参观！里面非常多的东西看，听讲解就更能懂得其中的知识！,2
9899,这是一次很愉快的旅行、导游小姐姐讲解太好了、恭王府的讲解太太专业了,2
9900,到北京恭王府是一定要去的，景色宜人，设计精巧，有时间的可以坐在湖心亭好好欣赏美景。买了带导游的门票，结果导游带着100多号游客浩浩荡荡的，啥也听不见，也跟不上，不如自己买门票进去，租个听讲器好一些。,2
9901,我是散客自由行，出发前买的讲解，到地方现扫码买票，买40块钱那个就行。遇到好多旅行团，年纪大的人为主，乌央乌央的，吵的头有点大，听不清耳机里的讲解...我买的那个自动讲解不好，不带地图自动定位功能，一开始曾一度我把自己逛懵圈了里面景色非常漂亮，就是有一少部分房屋和走廊真的需要重新漆一下了，都斑驳的快看不清了。里面能拜佛的地方很多，大概有四五处～很喜欢大戏楼那个地方。福字碑那里只让隔着玻璃摸一下，不允许...,1
9902,记得儿时每每回姥姥家，都是从东直门坐107路电车在宝钞胡同下车，再穿过烟袋斜街沿后海南沿儿，经过徐帅故居来到羊房胡同。那是烟袋斜街清清静静，小巷中基本没有商户，但烤肉季的松木劈材躱和书画裱糊作坊似乎还在眼前。如今的后海………变了！,1
